Position[0],Position[1],Position[2],ID,FileDataID,Index,Type,BoneID,Radius
-0.13763477,-6.6024177E-06,1.5328269,3,122866,0,1,29,0
-0.18061121,0.047637474,3.1670597,4,126006,0,1,16,0
-0.18061121,0.047637474,3.1670597,5,126012,0,1,20,0
-0.18061121,0.047637474,3.1670597,6,126013,0,1,17,0
-0.05650013,0.047702212,1.6049981,7,126016,0,1,4,0
-0.05650013,0.047702212,1.6049981,8,254704,0,1,4,0
29.713129,1.9406382,36.499447,9,386003,0,1,40,0
18.475431,16.255594,19.139902,10,386003,1,1,41,0
-0.0062142983,0.31463304,2.0061495,11,880123,0,1,163,0
0.015559468,-0.33453295,2.005345,12,880123,1,1,164,0
-6.607485,2.9410925,0.0022239345,13,131921,0,0,28,0
-2.1324685,-0.01626428,0.0022239345,14,131921,1,0,29,0
1.2998755,0.19524176,3.0686312,15,131934,0,1,21,0
9.598588,2.030479,0.0044263205,16,131934,1,0,22,0
3.9020853,1.7121404,2.7627199,17,131934,2,1,23,0
-8.027883,4.20143,4.3654337,18,131940,0,0,54,0
-1.2956562,2.130528,-0.3718052,19,131940,1,1,55,0
-1.8425783,1.3085328,-0.45467123,20,131940,2,1,56,0
-0.45977443,1.9236103,3.7771454,21,131948,0,1,54,0
-5.301171,-1.2127506,3.1340802,22,131948,1,1,55,0
1.3797057,1.550613,2.611036,23,131948,2,0,56,0
-3.119311,0.43410698,0.871927,24,131970,0,1,23,0
2.718969,4.714658,-2.052197,25,131970,1,1,24,0
-6.61122,7.864529,0,26,131970,2,0,25,0
-1.6390254,0.054291237,1.020797,27,131982,0,1,94,0
1.2947558,5.789495,10.15626,28,131982,1,1,95,0
-2.4991825,-5.2600036,12.428479,29,131982,2,1,96,0
-2.156518,0.1923985,4.9620123,30,131993,0,1,19,0
7.5218234,11.483998,4.9620123,31,131993,1,0,20,0
-5.9531174,-2.1474428,8.130849,32,131993,2,1,21,0
-2.206693,-2.0290277,3.2428327,33,132003,0,1,30,0
4.6744933,-1.1757201,-0.13922374,34,132003,1,0,31,0
1.6872853,0.6191147,1.8809649,35,132003,2,1,32,0
1.1158625,-0.7179011,1.431051,36,132035,0,1,88,0
1.1782159,0.7425867,1.4434954,37,132035,1,0,89,0
-2.1210232,2.351165,1.7258085,38,132035,2,1,90,0
1.3149658,-1.3262205,1.1665252,39,132046,0,0,42,0
1.8116444,0.1400422,0.9746463,40,132046,1,1,43,0
-0.892515,-0.84618485,1.6147721,41,132046,2,1,44,0
0.57651645,0.00011795097,0.0034696977,42,145304,0,1,9,0
0.56163263,0.0068953093,-0.003470062,43,145308,0,1,12,0
0.0002651868,-0.0018205438,-0.22246954,44,147001,0,1,1,0
-0.001076377,0.00011833606,-0.3111365,45,147003,0,1,3,0
-0.0010763811,0.00011833609,-0.39130297,46,147139,0,1,5,0
0.85067886,0.0008864843,0.024215616,47,147491,0,1,2,0
0.67763454,0,0,48,147860,0,1,1,0
0.47997394,0.00036855895,-0.0013078531,49,148603,0,1,7,0
0.5149733,0.00011021037,0.014885277,50,148652,0,1,1,0
0.5149733,0.001176466,-0.0021278376,51,148657,0,1,7,0
-0.007405599,-0.005460583,1.6382734,52,165768,0,1,10,0
-0.0003628651,0.0025419807,-0.0076671154,53,166074,0,1,2,0
-0.0003628651,0.0025419807,-0.0076671154,54,166127,0,1,4,0
-0.0003628651,0.0025419807,-0.0076671154,55,166128,0,1,2,0
0,0.0025836602,-0.0077732056,56,166159,0,1,6,0
0,0,2.777778,57,166191,0,1,13,0
0,-0.040400486,0.9167245,58,166457,0,1,8,0
0,-0.0010173057,0.487525,59,166465,0,1,17,0
0,-0.0010173057,0.487525,60,166508,0,1,6,0
0,-0.0010173057,0.487525,61,166510,0,1,6,0
0.44034395,0.00011795079,0.0008001612,62,166595,0,1,1,0
0,0,2.777778,63,166610,0,1,9,0
0,-0.0010173057,0.487525,64,166698,0,1,17,0
0,0,0,65,166918,0,1,3,0
0,-0.0010173057,0.487525,66,166934,0,1,17,0
0.440344,0.00011795079,0.003469706,67,167128,0,1,4,0
-0.0003628651,0.0025419807,-0.0076671154,68,167158,0,1,4,0
-0.0003628651,0.0025419807,-0.0076671178,69,167163,0,1,2,0
-4.1671414,0.14357252,4.1313953,70,189375,0,1,1,0
7.989635,-2.3284578,3.8309925,71,189632,0,1,91,0
7.989635,2.8550072,3.8309925,72,189632,1,1,92,0
-0.58130795,5.072035,30.343489,73,189632,2,1,93,0
-0.28502682,-5.1200023,30.343489,74,189632,3,1,94,0
0.045683436,0.012121837,0.36720487,75,189706,0,1,1,0
0.00212426,-0.00271878,3.29469,76,189910,0,1,2,0
-0.05631417,-0.2150307,1.2480782,77,189983,0,1,1,0
-0.05631417,-0.2150307,1.2852767,78,189984,0,1,1,0
-0.05631417,-0.2150307,1.2480782,79,189985,0,1,1,0
-0.0029573508,0.0005727079,3.797397,80,191448,0,1,1,0
-0.0029573408,0.0005727079,3.1973026,81,191450,0,1,1,0
-0.0029573508,0.0005727079,3.2959402,82,191451,0,1,1,0
-0.0029573508,0.0005727079,3.797397,83,191452,0,1,1,0
-0.0029573508,0.0005727079,3.3308074,84,191453,0,1,1,0
-1.0531226,4.4139776,12.629878,85,191706,0,1,8,0
0.045683436,0.012121837,0.6806911,86,191971,0,1,1,0
0.045683436,0.012121837,0.6806911,87,191973,0,1,1,0
-10.51489,-0.70036,2.6257381,88,192782,0,1,8,0
-0.0030434397,-0.45007792,0.6073745,89,192783,0,1,3,0
-10.51489,-0.70036,2.6257381,90,192811,0,1,8,0
1.6582716,-1.4504904,5.8429403,91,192812,0,1,7,0
-0.0030434397,-0.45007792,0.6073745,92,192813,0,1,3,0
-1.6924473,-0.2623664,0,93,192814,0,1,5,0
0,0,0,94,193039,0,1,1,0
0.014573811,0.0021989048,3.4622383,95,193634,0,1,21,0
0,0.0045855185,2.0058343,96,194163,0,1,1,0
0.045683783,-0.0017886923,8.2658615,97,194468,0,1,2,0
0.045683462,-0.0017886923,0.97551984,98,194470,0,1,2,0
0.045683436,0.012121837,0.36720487,99,195041,0,1,1,0
0.045683436,0.012121837,0.36720487,100,195042,0,1,1,0
0.045683436,0.012121837,0.36720487,101,195048,0,1,1,0.9722222
-0.03284047,0.13591921,3.129329,102,196539,0,1,8,0
-0.03979132,0.13900079,3.1293285,103,196540,0,1,6,0
1.3449233,-1.8117651,-0.44419235,104,197210,0,1,1,0
1.3498472,1.8951136,-0.44419235,105,197210,1,1,2,0
-0.00016816286,0.011961091,1.1186873,106,197292,0,1,2,0
-0.91095734,2.4294903,3.8273613,107,197635,0,1,32,0
0.045683436,0.012121837,0.36720487,108,198193,0,1,1,0
3.9200232,-0.2912325,4.1313953,109,198288,0,1,1,0
-278.5146,2.076633,361.00272,110,198379,0,1,1,0
124.66256,-442.6399,53.18913,111,198379,1,1,2,0
175.78104,619.2981,361.00272,112,198379,2,1,3,0
-0.01711389,-0.003557536,0,113,199040,0,1,1,0
0.04568355,0.020004697,2.5256505,114,199129,0,1,2,0
0.04568349,0.1427019,1.0923206,115,199136,0,1,2,0
0.033627737,-0.029138353,1.8045275,116,199141,0,1,1,0
0.05870374,0.035352487,1.1263834,117,199155,0,1,2,0
0.043708596,0.0098160375,0.7955026,118,199155,1,1,3,0
0.043708596,0.0098160375,0.7955026,119,199155,2,1,4,0
0.010094834,-0.0038054485,0.8950759,120,199355,0,1,1,0
0.045683436,0.012121837,128.32637,121,199972,0,1,0,0
1.103167,-0.010938924,11.232151,122,199976,0,1,3,0
-1.1018094,-0.01093902,11.232151,123,199976,1,1,4,0
0.93469167,-0.021349616,2.9469998,124,201619,0,1,33,0
0.03338623,-0.01479382,-0.14418305,125,201765,0,1,1,0
2.9763188,1.0582192,2.4290264,126,202064,0,1,13,0
5.1259108,0.1353442,3.0565488,127,202064,1,1,14,0
-278.5146,2.076633,361.00272,128,202355,0,1,1,0
124.66256,-442.6399,53.18913,129,202355,1,1,2,0
175.78104,619.2981,361.00272,130,202355,2,1,3,0
-278.5146,2.076633,361.00272,131,202356,0,1,1,0
124.66256,-442.6399,53.18913,132,202356,1,1,2,0
175.78104,619.2981,361.00272,133,202356,2,1,3,0
-0.13140754,-2.7033882,2.375178,134,202367,0,1,1,0
-0.13140754,2.8799617,2.375178,135,202367,1,1,2,0
-1.7584771,-1.7222227,0.55836123,136,203241,0,1,1,0
1.9484016,-1.7271465,0.55836123,137,203241,1,1,2,0
-8.381125,4.12078,0.0022239345,138,236082,0,0,53,0
-1.5477833,0.8601919,0.229265,139,236122,0,0,145,0
0,-0.0010173057,0.487525,140,240947,0,1,17,0
0.28233814,0.0015844612,2.3505585,141,243187,0,1,1,0
0.2210894,0.8788979,2.2748163,142,243187,1,1,2,0
5.035838,-0.006125842,4.54262,143,244199,0,1,1,0
-222.85808,66.24465,295.2157,144,254264,0,1,1,0
-259.28403,-281.47842,-68.188675,145,254264,1,1,2,0
114.75005,74.902176,338.7678,146,254264,2,1,3,0
150.01604,66.24465,-127.50242,147,254264,3,1,4,0
-56.41036,146.87393,-127.50242,148,254264,4,1,5,0
-56.41036,-118.94584,-223.77438,149,254264,5,1,6,0
50.627728,-28.821177,-5.7173147,150,254264,6,1,7,0
50.627728,29.541603,90.954666,151,254264,7,1,8,0
-30.321194,29.541603,202.0008,152,254264,8,1,9,0
5.678779,-29.74609,277.97647,153,254264,9,1,10,0
27.279541,54.500885,378.1134,154,254264,10,1,11,0
-92.30294,-27.17099,378.1134,155,254264,11,1,12,0
-31.103205,-149.21521,114.61993,156,254264,12,1,13,0
69.94602,-126.9619,114.61993,157,254264,13,1,14,0
137.8864,94.74606,189.54842,158,254264,14,1,15,0
0,0,0.08382667,159,303585,0,1,1,0
-5.902095,0.08389255,7.392569,160,304416,0,1,38,0.9722222
-0.45822272,0.4515246,3.0281851,161,304416,1,1,39,1.1287501
-0.4709228,-1.6544214,1.1058917,162,304922,0,1,1,0
-0.4709228,1.7624811,1.1058917,163,304922,1,1,2,0
0,0,2.777778,164,306878,0,1,13,0
-0.73295313,-1.7141726,7.292111,165,309145,0,1,41,0
-1.2540251,-0.7683647,1.9376482,166,313254,0,0,135,0
1.0237005,-0.019586489,27.031843,167,318846,0,1,1,0
-1.2071887,-0.85529655,1.9376482,168,319097,0,0,201,0
0.17455073,-0.0874602,1.3647043,169,322516,0,1,1,0
0,-0.0010173057,0.487525,170,340883,0,1,17,0
2.3572004,0.6527125,0.4395742,171,343630,0,0,7,0
0.78067684,0.50391454,1.7513024,172,343630,1,1,8,0
-0.56682,-1.2109326,1.7513024,173,343630,2,1,9,0
-0.0003628651,0.0025419807,-0.0076671154,174,367434,0,1,2,0
-0.0003628651,0.0025419807,-0.0076671154,175,382336,0,1,2,0
-1.530753,-2.2240212,1.9376482,176,429097,0,0,123,0
-0.061540287,-0.8636175,1.544295,177,429097,1,1,124,0
-1.1847318,-1.1565174,2.2058346,178,429097,2,1,125,0
0.028713651,-4.663427,-22.120907,179,429367,0,1,3,0
0.08665551,-11.561067,-22.120907,180,429367,1,1,4,0
7.6511025,-5.1832376,-22.120907,181,429367,2,1,5,0
7.6511025,-10.781896,-22.120907,182,429367,3,1,6,0
3.8513157,-8.065685,-22.120907,183,429367,4,1,7,0
-6.044303,-11.992041,-22.120907,184,429367,5,1,8,0
3.9542804,-10.781896,-22.120907,185,429367,6,1,9,0
3.9542804,-5.1832376,-22.120907,186,429367,7,1,10,0
-1.7444578,0.70126706,-0.37468806,187,430171,0,1,20,0
-0.54288185,-1.1145259,-1.2050831,188,430171,1,0,21,0
-3.291486,-0.21410222,0.553168,189,430171,2,1,22,0
17.389675,-0.02221595,11.750818,190,466614,0,1,99,0
-1.5384316,-12.17826,8.762977,191,466614,1,1,100,0
2.1457345,0.08494947,7.085091,192,466614,2,1,101,0
-2.7062082,11.447774,8.327215,193,466614,3,1,102,0
0.91592854,-0.0010562473,0.0076671178,194,467590,0,1,11,0
3.1522496,-2.238738,1.2873808,195,574549,0,0,36,0
-1.5762016,-0.6903435,0.22042656,196,574549,1,1,37,0
-4.8982925,1.1053443,0.525053,197,574549,2,1,38,0
0,0.004665348,0,198,590264,0,1,1,0
0,0,0,199,603664,0,1,1,0
-0.03538576,0.00041976047,0.89616257,200,615030,0,1,8,0
-0.0003628651,0.0025419807,-0.0076671154,201,615510,0,1,2,0
1.2498894,-2.2761054,2.1454911,202,623712,0,0,105,0
3.9326105,-1.813324,2.5517192,203,623712,1,1,106,0
0.36310044,0.27392298,2.1984875,204,623712,2,1,107,0
1.8927159,-1.1045195,2.5704515,205,623714,0,1,80,0
-0.54809505,-1.1365969,4.016126,206,623714,1,0,81,0
4.753508,-1.8682989,2.7201538,207,623714,2,1,82,0
-2.496737,-1.5182215,2.7634404,208,623716,0,0,112,0
1.1377523,1.7768701,2.174886,209,623716,1,1,113,0
-1.2071887,-0.85529655,1.9376482,210,631713,0,0,192,0
0.95588875,3.2330925,2.174886,211,631713,1,1,193,0
0.57651645,0.00011795097,0.0034696977,212,651003,0,1,9,0
0.41228232,0.31102583,2.4962728,213,651555,0,1,1,0
4.4498835,-2.0675805,2.3386414,214,651555,1,1,2,0
1.4191872,-2.584404,2.5730488,215,651555,2,0,3,0
4.774634,-0.7829946,1.6409277,216,651558,0,1,1,0
-1.2071887,-0.85529655,1.9376482,217,651558,1,0,2,0
1.1588652,-0.68198866,1.6464081,218,651558,2,1,3,0
-1.2071887,-0.85529655,1.9376482,219,651561,0,0,1,0
0.95588875,3.2330925,2.174886,220,651561,1,1,2,0
0,0,0,221,654238,0,1,3,0
-0.007405599,-0.005460583,1.6382734,222,794790,0,1,13,0
-0.022886986,0.013149102,0.6248291,223,850512,0,1,2,0
-0.022886988,0.013149102,0.5352677,224,879812,0,1,2,1.6666666
-0.007405599,-0.0054605803,1.6382735,225,1011671,0,1,13,0
0,0,0,226,1083712,0,1,0,0
0.09558786,-0.01639693,-14.195981,227,1097012,0,1,3,0
0.05073399,-0.016926104,2.9211798,228,1097014,0,1,2,0
0.95815235,-0.029881055,2.6956096,229,1097015,0,1,2,0
0.05073399,-0.029881055,2.4220097,230,1107165,0,1,2,0
-0.001275093,-0.008169015,-3.8690789,231,1109027,0,1,1,0
0.94451374,0.025524352,3.2469356,232,1114439,0,1,1,0
-6.330385E-05,-0.0508567,3.7561166,234,1133123,0,1,4,0
-1.0148929,0.29607272,-8.300742,235,1260601,0,1,3,0
-1.5613297,0.9513677,-14.188058,236,1260602,0,1,6,0
1.2470312,0,3.4803646,240,1138112,0,1,9,0
-1.2076746,0,3.4803648,241,1138112,1,1,10,0
0,0,0,242,1250693,0,1,1,0
4.0887475,0,14.794661,247,1268729,0,1,16,0
-0.34087542,0.032895725,1.2394952,248,1115928,0,1,2,0
29.713129,1.9406382,36.499447,249,1273301,0,1,52,0
18.475431,16.255594,19.139902,250,1273301,1,1,53,0
2.508019E-05,0.0077386475,1.1404803,251,1279259,0,1,1,0
0.6222355,-0.009535379,0.6661742,252,1279732,0,1,1,0
0,0,0,253,1282263,0,1,0,0
13.709271,0.16755083,29.39403,254,1278310,0,1,13,0
0,0,4.817858,260,1125326,0,1,6,0
0,0.009481219,-0.011476547,261,1303476,0,1,0,0
-11.387799,6.5202975,0.0022239345,262,1305036,0,0,17,0
-3.2733872,0.11371401,2.1968317,263,1305036,1,1,18,0
0,0,0,268,1307060,0,1,1,0
-1.1073194,0.1658259,20.01272,283,1310474,0,1,2,0
-1.1073194,0.1658259,8.770466,284,1310474,1,1,3,0
-1.1073194,0.1658259,-8.772754,285,1310474,2,1,4,0
-1.1073194,0.1658259,-16.790436,286,1310474,3,1,5,0
-9.125058,0.16582584,20.48234,287,1310474,4,1,6,0
-32.82497,0.16582528,23.498224,288,1310474,5,1,7,0
6.7568784,-6.834476,15.319813,289,1310474,6,1,8,0
5.859682,7.8375297,15.319813,290,1310474,7,1,9,0
8.463268,0.16582584,20.48234,291,1310474,8,1,10,0
3.7709117,0.16582584,9.914849,292,1310474,9,1,11,0
-2.696096,-3.083415,10.63961,293,1310474,10,1,12,0
-2.696096,3.6239634,10.63961,294,1310474,11,1,13,0
-1.1242666,7.8375297,19.675728,295,1310474,12,1,14,0
-1.1242666,-6.834476,19.675728,296,1310474,13,1,15,0
0,0,0,298,1313911,0,1,1,0
-0.60507894,0.42182106,-7.4073257,299,1313910,0,1,4,0
0.5491711,-0.0048622424,1.1172196,300,1313697,0,1,1,0
-1.3807333,0.6441307,24.48263,301,1314658,0,1,9,0
-1.2313449,0.4132001,8.752851,302,1314658,1,1,10,0
-12.014585,0.41320005,18.865217,303,1314658,2,1,11,0
11.157108,0.41320005,18.865217,304,1314658,3,1,12,0
-1.9524418,-21.296944,23.870413,305,1314658,4,1,13,0
-1.9524418,19.868887,23.870413,306,1314658,5,1,14,0
-27.93526,-10.890125,-8.863076,307,1314658,6,1,15,0
3.2937796,0,1.3511344,310,1315487,0,1,2,0
-1.2533777,0.010400662,21.659262,311,1316096,0,1,8,0
-1.2533777,0.010400662,10.417006,312,1316096,1,1,9,0
-1.2533777,0.010400662,-7.126213,313,1316096,2,1,10,0
-1.2533777,0.010400662,-15.143894,314,1316096,3,1,11,0
-7.363388,5.201925,24.221018,315,1316096,4,1,12,0
-25.424175,20.54773,25.144766,316,1316096,5,1,13,0
6.0399976,-6.1866,24.221018,317,1316096,6,1,14,0
2.464134,-3.148277,11.56139,318,1316096,7,1,15,0
-4.5680223,-1.4369799,12.286151,319,1316096,8,1,16,0
-0.22496277,3.6744542,12.286151,320,1316096,9,1,17,0
3.7011719,5.8676834,23.414406,321,1316096,10,1,18,0
-5.7990212,-5.3132863,23.414406,322,1316096,11,1,19,0
-1.2613837,-0.06364188,21.657816,325,1316095,0,1,8,0
-1.2613837,-0.06364188,10.415561,326,1316095,1,1,9,0
-1.2613837,-0.06364188,-7.1276584,327,1316095,2,1,10,0
-1.2613837,-0.06364188,-15.14534,328,1316095,3,1,11,0
-7.220886,5.2999825,22.127436,329,1316095,4,1,12,0
5.852335,-6.466075,22.127436,330,1316095,5,1,13,0
3.8581574,5.649993,21.320822,331,1316095,6,1,14,0
-5.9569707,-5.2555566,21.320822,332,1316095,7,1,15,0
2.7844577,4.4570103,24.515818,333,1316095,8,1,16,0
-2.0067945,0.17475806,13.440671,339,1278310,1,1,14,0
-2.4830446,0.3816666,23.013802,340,1278310,2,1,15,0
-17.364943,0.16755083,28.567295,341,1278310,3,1,16,0
-2.277676,54.169086,11.981892,342,1278310,4,1,17,0
-2.277676,-57.564533,11.981892,343,1278310,5,1,18,0
-5.301081,11.985416,-0.69914246,344,1278310,6,1,19,0
0.71442634,8.04131,-1.6498057,345,1278310,7,1,20,0
-3.4373136,-9.304386,-0.08230379,346,1278310,8,1,21,0
1.9443089,-9.304386,0.66257393,347,1278310,9,1,22,0
-4.280276E-05,-1.5819494,0.60654956,348,1315074,0,1,2,5.555556
-4.280276E-05,1.5992736,0.60654956,349,1315074,1,1,3,5.555556
-1.1073194,0.16582589,20.01272,358,1321135,0,1,7,0
-1.1073194,0.16582589,8.770464,359,1321135,1,1,8,0
-1.1073194,0.16582589,-8.772756,360,1321135,2,1,9,0
-1.1073194,0.16582589,-16.790436,361,1321135,3,1,10,0
-9.125058,0.16582583,20.48234,362,1321135,4,1,11,0
-32.82497,0.16582526,23.498224,363,1321135,5,1,12,0
8.463268,0.16582583,20.48234,364,1321135,6,1,13,0
3.7709117,0.16582583,9.914847,365,1321135,7,1,14,0
-2.696096,-3.083415,10.639608,366,1321135,8,1,15,0
-2.696096,3.6239634,10.639608,367,1321135,9,1,16,0
-1.1242666,7.8375287,19.675726,368,1321135,10,1,17,0
-1.1242666,-6.834476,19.675726,369,1321135,11,1,18,0
2.508019E-05,-0.005803655,1.1404803,370,1325572,0,1,1,0
2.5124393E-05,0.17279816,25.54613,371,1279258,0,1,12,0
-0.0013677015,-0.0011366738,2.1517458,372,1325684,0,1,1,0
-0.219719,0.008659469,4.158256,373,1325685,0,1,1,0
-0.0013085273,0.024720961,6.808755,374,1325714,0,1,1,0
-0.19568253,0.21861437,0.66975826,384,1334663,0,1,1,0
0.11666775,-0.09825468,1.0032043,385,1337199,0,1,1,0
0.08231142,0.08897209,1.2751524,386,1337197,0,1,1,0
0.22294235,6.6556144,10.041723,387,1338423,0,1,1,0
0,-0.0010274492,0.61153054,388,1338593,0,1,3,0
0.050646257,0.014066649,3.6280148,389,1338500,0,1,2,0
0.061075527,0.019897256,3.7081673,391,1338587,0,1,2,5.5777774
0,-0.0010274492,4.0522356,392,1338605,0,1,2,0
-3.4057207,-2.4208727,24.515818,393,1316095,9,1,17,0
0,0,12.974154,394,1316551,0,1,73,0
-1.1073194,0.16582589,20.01272,395,1339803,0,1,1,0
-1.1073194,0.16582589,-8.772756,396,1339803,1,1,2,0
-1.1073194,0.16582589,-16.790436,397,1339803,2,1,3,0
-9.125058,0.16582583,20.48234,398,1339803,3,1,4,0
8.463268,0.16582583,20.48234,399,1339803,4,1,5,0
-1.1242666,7.8375287,19.675726,400,1339803,5,1,6,0
-1.1242666,-6.834476,19.675726,401,1339803,6,1,7,0
-0.96545655,0.17475817,-21.419857,403,1278310,10,1,23,0
16.209324,13.368979,-8.704138,404,1278310,11,1,24,0
2.4442673,-0.0048622424,7.032686,405,1097418,0,1,2,0
0.01994443,-0.0076257437,-2.449661,406,1118033,0,1,2,0
-0.01063935,-0.0048622424,1.2792324,407,1124117,0,1,2,0
4.3239746,-0.0076257437,9.344602,408,1124125,0,1,2,0
16.209324,13.368979,-8.704137,409,1314658,7,1,16,0
-4.8154936,12.097711,-9.981572,410,1314658,8,1,17,0
12.339195,2.4190974,-4.6410217,411,1314658,9,1,18,0
-12.888762,7.480895,-10.680491,412,1314658,10,1,19,0
0.77584964,-12.320395,-8.66403,413,1314658,11,1,20,0
-6.254351,3.42686,-12.927263,414,1314658,12,1,21,0
11.303002,-5.61887,-10.759267,415,1314658,13,1,22,0
-5.301081,11.985416,-0.6991412,416,1314658,14,1,23,0
35.884155,-3.0237856,-11.915784,417,1278310,12,1,25,0
-27.93526,-10.890125,-8.863077,418,1278310,13,1,26,0
0.71442634,8.04131,-1.6498045,421,1314658,15,1,24,0
-3.4373136,-9.304386,-0.08230252,422,1314658,16,1,25,0
5.852335,-6.466075,32.763382,424,1316095,10,1,18,0
-8.614071,6.553866,32.763382,425,1316095,11,1,19,0
0,0,5.897205,426,1354920,0,1,2,0
0,0,5.9269977,427,1354951,0,1,4,0
1.9443089,-9.304386,0.6625752,428,1314658,17,1,26,0
-0.96545655,0.17475817,-21.419857,429,1314658,18,1,27,0
-39.331593,7.6237507,-11.915784,430,1278310,14,1,27,0
-4.8154936,12.097711,-9.981573,431,1278310,15,1,28,0
12.339195,2.4190974,-4.6410227,432,1278310,16,1,29,0
-12.888762,7.480895,-10.680492,433,1278310,17,1,30,0
0.77584964,-12.320395,-8.664031,434,1278310,18,1,31,0
-6.254351,3.42686,-12.927264,435,1278310,19,1,32,0
11.303002,-5.61887,-10.759268,436,1278310,20,1,33,0
0,0,2.4422607,438,1360973,0,1,6,0
0,-2.5557147E-05,1.0462306,439,1360975,0,1,1,0
0.34472325,0,1.1337343,440,243133,0,1,2,0
0.36029053,0,1.3387493,441,243134,0,1,2,0
0.71402746,0,0.85103333,442,243135,0,1,2,2.9926243
-0.015728498,-0.013534546,4.4577317,448,1363078,0,1,1,0
-2.5707836,1.3741239,37.826263,455,1373136,0,1,9,0
-0.2934316,-0.055759005,4.594672,456,1372700,0,1,1,0
-2.5707836,1.3741239,68.47597,457,1373136,1,1,10,0
-2.5707836,1.3741239,71.732895,458,1373136,2,1,11,0
0.0026166192,-0.0027993056,3.8723526,459,1307112,0,1,2,0
0,0,0,460,1375444,0,1,0,0
-23.386353,47.28425,7.174147,462,1374340,0,1,1,0
0,0,8.05658,463,1376075,0,1,3,0
0,0,0,465,1376386,0,1,0,0
0,0,0,466,1376353,0,1,0,0
0.01411641,0.008700457,4.384978,467,1377264,0,1,1,0
0.01411641,0.008700457,3.5711796,468,1377265,0,1,1,0
22.439173,-6.0145617E-06,-45.737984,470,1375844,0,1,24,0
-23.223005,0,-57.33556,471,1375844,1,1,25,0
-137.04733,3.5317887E-06,-79.95315,472,1375844,2,1,26,0
212.22037,1.3919667E-05,-1.5258528,473,1375844,3,1,27,0
-201.93338,0,0.46498093,474,1375844,4,1,28,0
45.542225,-45.089375,33.20675,475,1375892,0,1,1,0
0.0058653536,-0.013089523,2.1443741,476,1321783,0,1,6,3.6055558
0,-0.0025438932,1.0702351,477,1376395,0,1,5,0
0.002417455,-6.864495E-05,-0.618382,478,1083162,0,1,2,0
0,0,-0.3578878,479,1033051,0,1,3,0
0.22388043,0,-0.3541564,480,793674,0,1,9,0
0.025502563,0,-0.2624587,481,651831,0,1,1,0
0,0,-0.35975474,482,147145,0,1,5,0
0,0,-0.35415646,483,147147,0,1,3,0
0,0,-0.35415646,484,147149,0,1,3,0
0.5491711,-0.0048622424,1.1172196,488,1388126,0,1,1,0
0.20624818,0.0009772015,0.48992062,492,1310293,0,1,1,0
-0.007405599,-0.005460583,1.6382734,493,1398364,0,1,13,0
35.60453,-11.475507,4.39409,494,1398613,0,1,6,0
-32.576675,-11.498184,4.7229624,495,1398613,1,1,7,0
0.007080502,-58.2335,18.026957,496,1398612,0,1,1,0
-10.891157,48.43068,-10.948546,498,1398675,0,1,37,0
33.53156,36.37212,-10.948546,499,1398675,1,1,38,0
0,0,0,500,1398894,0,1,0,0
0,0,0,501,1398893,0,1,0,0
0,0,0,502,1398885,0,1,0,0
0,0,0,503,1398890,0,1,0,0
0,0,0,504,1398891,0,1,0,0
0,0,0,505,1398892,0,1,0,0
10.049205,0.011672974,-0.002454016,506,1400197,0,1,3,0
0.0032378302,0.011673821,-0.0024535921,507,1400197,1,1,4,0
8.197398,-17.080034,-0.032781176,508,1400197,2,1,5,0
10.049205,0.011672974,-0.002454016,509,1400196,0,1,3,0
0.0032378302,0.011673821,-0.0024535921,510,1400196,1,1,4,0
8.954076,19.667048,0.30736202,511,1400196,2,1,5,0
3.9039323,0.53591406,11.714399,535,1245268,0,1,1,0
-0.035557617,-0.16280639,8.841283,536,1444269,0,1,1,0
-21.452723,13.865079,13.832029,537,1396280,0,1,239,0
-7.921558,18.997177,19.250175,538,1396280,1,1,240,0
-15.663557,-22.06823,48.367718,539,1396280,2,1,241,0
-9.178027,-0.069205165,8.1902685,541,1452787,0,1,1,0
-0.012735367,-0.031527467,1.9730479,543,1465598,0,1,19,0
-0.012735354,-0.031527467,12.884653,544,1465598,1,1,20,0
-0.016470645,-0.009220653,0,545,1311755,0,1,0,0
-0.016470645,-0.009220653,0,546,1472493,0,1,0,0
-0.016470645,-0.009220653,0,547,1472494,0,1,0,0
8.515954,-0.2583979,2.6049504,548,1312884,0,1,1,0
0.99261624,0.7161788,0.7954621,549,236082,1,0,54,0
-3.7432947,3.4785357,2.1968317,550,1305036,2,1,19,0
3.1063073,-0.8219475,2.174886,551,623716,2,1,114,0
0.00030150017,0.00227189,-0.0024535921,552,1398613,2,1,8,0
10.925434,48.4886,-10.948546,553,1398675,2,1,39,0
-33.471405,36.38268,-10.948546,554,1398675,3,1,40,0
47.557255,-13.608148,-10.948546,555,1398675,4,1,41,0
47.547115,13.591446,-10.948546,556,1398675,5,1,42,0
33.547802,-36.4021,-10.948546,557,1398675,6,1,43,0
-10.711497,-48.460503,-10.948546,558,1398675,7,1,44,0
10.701786,-48.56429,-10.948546,559,1398675,8,1,45,0
-33.41164,-36.483772,-10.948546,560,1398675,9,1,46,0
-47.516094,13.40143,-10.948546,561,1398675,10,1,47,0
-47.5418,-13.611038,-10.948546,562,1398675,11,1,48,0
-1.3869578,25.346169,-12.877739,563,1398675,12,1,49,0
-1.3869578,-28.789629,-12.877739,564,1398675,13,1,50,0
19.843494,-16.278624,-12.877739,565,1398675,14,1,51,0
19.843494,14.819236,-12.877739,566,1398675,15,1,52,0
-26.985476,14.868944,-12.877739,567,1398675,16,1,53,0
-26.985476,-16.241167,-12.877739,568,1398675,17,1,54,0
0.00030150017,-38.407642,18.063091,569,1398613,3,1,9,0
0,0.006342928,1.3935852,570,1514044,0,1,16,0
0.2727354,0.038261626,1.1886469,572,198197,0,1,2,0
0,0.006342928,1.3935852,575,200307,0,1,5,12.5
0,0,0.44081202,576,1525053,0,1,3,4.030722
1.9003029,0.296072,-7.01378,577,1526121,0,1,2,0
-0.27915716,0.29607213,1.4565238,578,1526122,0,1,2,0
-11.411574,19.402187,74.1726,580,1538690,0,1,1,0
-1.7819372,0.9749625,36.966587,581,1538367,0,1,1,0
0,0,0.61712456,582,1522967,0,1,0,0
0.6915368,-16.765974,85.60433,583,1538745,0,1,1,0
-8.381125,4.12078,0.0022239345,585,1560617,0,0,1,0
0.99261624,0.7161788,0.7954621,586,1560617,1,0,2,0
-3.2733872,0.11371401,2.1968317,587,1560446,0,1,1,0
-3.7432947,3.4785357,2.1968317,588,1560446,1,1,2,0
-11.387799,6.5202975,0.0022239345,589,1560446,2,0,3,0
0.0049595837,0.014881134,5.29648,593,1580240,0,1,3,0
-213.07503,-1.8152093,296.1797,594,1589394,0,1,1,0
-213.07503,44.81367,296.1797,595,1589394,1,1,2,0
-213.07503,44.81367,287.7638,596,1589394,2,1,3,0
-230.99742,22.46597,296.17963,597,1589394,3,1,4,0
-213.07503,-1.8152059,287.7638,598,1589394,4,1,5,0
-187.81863,60.64148,298.89468,599,1589394,5,1,6,0
-188.22266,21.501215,300.38937,600,1589394,6,1,7,0
-188.21051,59.640247,286.02295,601,1589394,7,1,8,0
-163.37029,-1.8152127,287.7638,602,1589394,8,1,9,0
-163.37029,-1.8152161,296.1797,603,1589394,9,1,10,0
-163.37029,44.813656,287.7638,604,1589394,10,1,11,0
-163.37029,44.813663,296.17963,605,1589394,11,1,12,0
-144.10617,19.725119,296.17963,606,1589394,12,1,13,0
-163.37029,44.813652,287.7638,607,1589463,0,1,1,0
-163.37027,44.813663,296.1796,608,1589463,1,1,2,0
-230.99742,22.46597,296.1796,609,1589463,2,1,3,0
-144.10617,19.725119,296.1796,610,1589463,3,1,4,0
-163.37029,-1.8152127,287.7638,611,1589463,4,1,5,0
-163.37029,-1.8152161,296.1797,612,1589463,5,1,6,0
-213.07503,-1.8152059,287.7638,613,1589463,6,1,7,0
-213.07503,-1.8152093,296.1797,614,1589463,7,1,8,0
-213.07503,44.813667,296.1797,615,1589463,8,1,9,0
-213.07503,44.813667,287.7638,616,1589463,9,1,10,0
-188.2105,59.640247,286.02292,617,1589463,10,1,11,0
-187.81862,60.64148,298.89468,618,1589463,11,1,12,0
-7.704708E-06,0.00015124092,1.387659,619,1569347,0,1,6,0
-7.714003E-06,0.00015124092,0.014431317,620,1569347,1,1,9,0
1.828804,0,3.4177873,622,1593046,0,1,2,0
2.8074434,0,4.2273917,623,1593047,0,1,2,0
0.12218656,0.0038058858,0.31866524,624,1590853,0,1,3,0
0,0,1.2080723,627,1575087,0,1,3,0
-0.5321561,0.15142356,8.811227,628,1602560,0,1,1,0
0.009860781,-0.017614713,18.142557,629,1568140,0,1,10,0
-26.21022,-26.438929,11.185932,630,1568140,1,1,13,0
26.63244,-26.438936,11.185932,631,1568140,2,1,14,0
-0.082837,-37.383003,11.222377,632,1568140,3,1,15,0
26.632439,26.403723,11.185932,633,1568140,4,1,16,0
-26.210215,26.40372,11.185932,634,1568140,5,1,17,0
-0.08281157,37.347794,11.222377,635,1568140,6,1,18,0
37.282574,-0.017614732,11.222377,636,1568140,7,1,19,0
0.45282105,-0.017614732,-86.90938,637,1568140,8,1,11,0
0.08502144,-0.017614732,-115.24501,638,1568140,9,1,12,0
1.7464937,2.0957515,2.586442,639,1608292,0,1,2,0
1.8442875,2.0297596,2.7970898,640,1608298,0,1,2,0
1.9118928,2.0086462,2.7048883,641,1608290,0,1,2,0
-1.8699795,-0.6313887,3.2237022,642,1608299,0,1,2,0
-0.00010257297,0.0048967996,31.992575,644,1615622,0,1,1,0
0.053493924,-0.35838023,5.087595,645,1589184,0,1,2,0
3.6394947,0,6.876002,646,1623444,0,1,76,0
3.0657527,0,6.8569083,647,1623445,0,1,76,0
0,0,5.165442,649,1624347,0,1,1,0
0.40958744,1.8094679,-19.987606,650,1609010,0,1,146,0
-139.02501,111.60331,111.18644,651,1608769,0,1,191,0
0,0,0,652,1624135,0,1,1,0
0.72991276,0.0036297904,2.4859197,653,1625172,0,1,2,0
0,0,1.0808318,654,1630836,0,1,5,0
0,0,0.66232204,656,1658530,0,1,1,0
0,0,0.7826784,657,1658522,0,1,8,0
-2.0618904,0.37501273,1.1444825,658,1662242,0,1,12,0
1.4648066,0.89294606,1.5201459,659,1662242,1,1,13,0
1.6735524,0.5138567,1.6683108,660,1662240,0,1,25,0
1.3149658,-1.3262205,1.1665252,661,1662240,1,0,26,0
1.3149658,-1.3262205,1.1665252,662,1662239,0,0,49,0
-0.017143462,0.8911458,1.8440615,663,1662239,1,1,50,0
2.7426066,-3.5427935,1.6147721,664,1662239,2,1,51,0
-0.8251725,0.20357224,1.7014621,665,1662241,0,1,16,0
-0.80107075,-0.99138093,0.74719083,666,1662241,1,1,17,0
1.568776,-1.756537,1.7495795,667,1662241,2,1,18,0
-0.023385303,0.014868138,0.6495555,668,1659639,0,1,2,1.9333333
-0.01721067,-1.0380741,1.922341,669,1661568,0,1,2,5.555556
-0.017210849,-0.035392974,-2.1864774,670,1668078,0,1,2,5.555556
2.9515295E-06,-1.565199E-05,-49.27604,673,1675013,0,1,2,0
-0.023385303,0.014868138,0.6495555,674,1661557,0,1,2,0
19.505367,0,3.2673578,682,1659370,0,1,2,0
-22.23863,0,3.2673578,690,1659373,0,1,3,0
0,0,1.350669,698,1659739,0,1,0,0
7.512292,-0.023659104,17.656153,706,1686752,0,1,4,0
0,0,16.361624,729,1632820,0,1,2,0
-0.24475108,0,1.8085306,734,1675691,0,1,1,0
-0.24475108,-0.014716851,1.8085306,739,1675689,0,1,1,0
-0.24475108,0,1.8085306,744,1675684,0,1,1,0
0,0,1.350669,752,1696562,0,1,0,0
0.4919371,-0.01804924,5.150493,757,1697823,0,1,4,0
0.7251573,1.42092,3.433812,758,1697823,1,1,5,0
0.7251573,-1.3025169,3.293433,759,1697823,2,1,6,0
11.401478,-0.0050822366,24.586472,775,1675008,0,1,6,0
1.641995,0,0,783,1706714,0,1,1,0
1.641995,0,0,791,1706691,0,1,1,0
1.641995,0,0,799,1706717,0,1,1,0
1.641995,0,0,807,1706720,0,1,1,0
2.7048366,0.0070616403,0.26485613,820,1712574,0,1,2,0
-3.1646662,-0.60413194,2.1557338,821,1712574,1,1,3,0
0,0,1.350669,857,1715596,0,1,0,0
0,0,1.350669,873,1717383,0,1,0,0
0,0,1.350669,881,1717460,0,1,0,0
-0.42472184,0.06864929,7.46084,886,1685301,0,1,4,0
-2.005237,0.00052558054,12.771164,894,1624616,0,1,15,0
0,0,1.350669,902,1718620,0,1,12,0
0,0,0.26575723,910,1715046,0,1,0,0
0,0,2.4526634,923,1720166,0,1,4,0
-0.22312927,-0.023659104,7.98583,931,1686752,1,1,5,0
0,0,0.9761077,936,1720321,0,1,3,0
0,0,2.4526634,944,1720177,0,1,4,0
-1.3702501,-1.015055,1.4366995,950,1662240,2,1,27,0
9.450511,0,11.167979,967,1722970,0,1,2,0
0,0,1.350669,974,1724802,0,1,0,0
0,0,1.350669,982,1728666,0,1,0,0
11.702579,-7.692481,3.2673578,990,1729524,0,1,8,0
-0.94311523,-4.4107738,4.237025,996,1634967,0,1,11,0
55.377792,0.45435756,3.483866,1006,1759945,0,1,10,0
2.3089802,0,11.190972,1012,1775991,0,1,19,0
9.825982,0,-1.6998698,1018,1757395,0,1,29,0
9.825982,0,-1.6998698,1024,1778087,0,1,28,0
55.377792,0.45435756,3.483866,1032,1778189,0,1,10,0
0,0,1.350669,1040,1778195,0,1,0,0
0,0,1.350669,1048,1778192,0,1,0,0
0,0,0.9761077,1058,1720323,0,1,3,0
0,0,0.9761077,1064,1721089,0,1,3,0
0.53209096,0,3.748971,1072,1777615,0,1,6,0
0.053493924,-0.35838023,5.087595,1090,1779334,0,1,3,0
11.702579,-7.692481,3.2673578,1100,1780682,0,1,8,0
0,0,1.1047312,1111,1695191,0,1,5,0
0,0,0.330229,1116,1800070,0,1,2,0
0,0,0.330229,1121,1800071,0,1,2,0
0,0,0.330229,1126,1801637,0,1,2,0
0,0,0.330229,1131,1802010,0,1,1,0
0,0,0.330229,1136,1802054,0,1,1,0
-0.11229327,-0.054930475,2.0429862,1141,1696757,0,1,1,1.7024
-0.029343076,0.7243512,0.018367449,1148,1662242,2,1,14,0
-0.007405599,-0.005460583,1.6382734,1153,1815385,0,1,13,0
-0.0034962797,0.007977969,0.7253831,1270,1674748,0,1,2,0
-0.1745622,-56.08771,0,1278,1846814,0,1,2,0
0.42580667,-0.26518652,4.45904,1285,1851971,0,1,86,0
1.7302492,2.0999804,4.7191563,1298,1857374,0,1,25,0
-2.3911903,-0.49038586,3.3060856,1299,1857374,1,1,26,0
2.6090493,-0.54295677,9.116277,1300,1857374,2,1,27,0
-1.1498704,-0.88376796,9.484674,1301,1857374,3,1,28,0
0.42580667,-0.26518652,4.45904,1409,1800373,0,1,85,0
2.8040733,0.05891926,3.3071222,1416,1861616,0,1,8,0
0,0,0,1421,1864484,0,1,3,0
0,0,-0.009840669,1426,1859184,0,1,4,0
3.2438173,0,4.3272486,1433,1861600,0,1,10,0
3.4959843,0,2.998455,1440,1861620,0,1,1,5.7777777
0.9608205,0,3.128122,1447,1861450,0,1,1,0
0,0,26.50137,1452,1874775,0,1,4,0
0,0,1.1513337,1462,1888463,0,1,5,0
-1.6667801,2.808431,2.3042989,1467,1890687,0,1,24,0
-2.907348,-1.7431687,2.3960195,1468,1890687,1,1,25,0
1.694689,-2.99894,2.4384875,1469,1890687,2,1,26,0
2.9632692,1.5759138,2.278953,1470,1890687,3,1,27,0
0,0,1.8634139,1487,1893721,0,1,6,0
0,0,1.8634139,1492,1893722,0,1,4,0
0,0,2.4309726,1497,1893726,0,1,1,0
0,0,0.97562325,1502,1901155,0,1,1,0
0.05073399,-0.016926104,3.4133272,1517,1931963,0,1,2,0
-0.24475108,0,1.8085306,1522,1779187,0,1,1,0
-0.24475108,0,1.8085306,1527,1779234,0,1,1,0
-0.24475108,0,1.8085306,1532,1780694,0,1,1,0
0,0,0.14938313,1537,1940771,0,1,0,0
0,0,0.14938313,1542,1940811,0,1,1,0
0,0,0.9275022,1547,1940826,0,1,2,0
1.5459832,0,3.0713027,1552,1951615,0,1,5,0
1.5459832,0,0.14938313,1557,1951621,0,1,6,0
0,0,0.14938313,1562,1953988,0,1,0,0
0,0,0.14938313,1567,1953990,0,1,1,0
0,0,0.9275022,1572,1953991,0,1,2,0
0,0,8.761156,1577,1953996,0,1,3,0
1.7302492,2.0999804,4.7191563,1602,1959101,0,1,25,0
-2.3911903,-0.49038586,3.3060856,1603,1959101,1,1,26,0
2.6090493,-0.54295677,9.116277,1604,1959101,2,1,27,0
-1.1498704,-0.88376796,9.484674,1605,1959101,3,1,28,0
0,0,1.8634139,1622,1965863,0,1,4,0
0,0,1.8634139,1627,1965864,0,1,3,0
0,-0.001025041,20.277235,1637,1967910,0,1,1,0
0,0,1.9930588,1642,1968940,0,1,3,0
0.07664028,0.02550357,1.382719,1647,1970909,0,1,2,0
0,0,0.9275022,1652,1979967,0,1,16,0
0.0054790634,0,2.3737755,1657,1979984,0,1,3,0
0.07664028,0.02550357,1.382719,1662,1982838,0,1,3,0
0.0054790624,-0.12421548,3.2832053,1667,1983600,0,1,3,0
0,0,13.072158,1672,2002046,0,1,3,0
-2.4597156,3.3185792,-0.4224402,1677,2005930,0,1,4,0
-1.0850813,1.1231668,0.26657042,1678,2005930,1,1,5,0
-8.878626,4.20143,3.8644342,1679,2005930,2,0,6,0
-4.9231668,2.8774123,1.4073492,1692,2005932,0,1,18,0
-3.8862925,0.9448326,0.18618011,1693,2005932,1,1,19,0
-8.878626,4.20143,3.8644342,1694,2005932,2,0,20,0
0,0,1.350669,1707,1958436,0,1,0,0
-0.0034962797,0.007977969,0.7253831,1712,2013143,0,1,2,0
-0.017283758,-3.9537218,12.376344,1717,1857375,0,1,57,0
-1.7782584,-0.8518393,12.724495,1718,1857375,1,1,58,0
2.4358215,-1.5816166,5.179545,1719,1857375,2,1,59,0
-1.0282184,2.457111,5.179545,1720,1857375,3,1,60,0
-0.017283758,-3.9537218,12.376344,1737,1959097,0,1,57,0
-1.7782584,-0.8518393,12.724495,1738,1959097,1,1,58,0
2.4358215,-1.5816166,5.179545,1739,1959097,2,1,59,0
-1.0282184,2.457111,5.179545,1740,1959097,3,1,60,0
11.09866,0,5.757636,1758,2023656,0,1,6,0
0,0,0,1765,2026168,0,1,1,0
-0.062993154,-13.02359,7.671848,1892,1958268,0,1,2,0
-0.062993154,13.137526,7.671848,1893,1958268,1,1,3,0
-15.291813,33.516315,7.2519093,1894,1958268,2,1,4,0
-15.291813,-32.701073,7.2519093,1895,1958268,3,1,5,0
-28.138254,-19.95883,4.6229653,1896,1958268,4,1,6,0
-28.138254,19.484394,4.6229653,1897,1958268,5,1,7,0
-44.88692,-16.234951,7.11499,1898,1958268,6,1,8,0
-44.451588,16.030132,7.11499,1899,1958268,7,1,9,0
-17.008081,-29.24659,3.8710988,1900,1958268,8,1,10,0
-16.792921,29.193695,3.8710988,1901,1958268,9,1,11,0
-13.445165,-36.483356,5.2030125,1902,1958268,10,1,12,0
-17.738825,-41.265152,5.2030125,1903,1958268,11,1,13,0
-22.241592,-45.80093,5.2030125,1904,1958268,12,1,14,0
-26.611765,-50.4193,5.2030125,1905,1958268,13,1,15,0
-13.255988,36.22175,5.2030125,1906,1958268,14,1,16,0
-16.922878,40.463207,5.2030125,1907,1958268,15,1,17,0
-21.425646,44.90447,5.2030125,1908,1958268,16,1,18,0
-25.79582,49.531605,5.2030125,1909,1958268,17,1,19,0
-30.438013,-27.402155,5.2030125,1910,1958268,18,1,20,0
-34.94078,-31.937935,5.2030125,1911,1958268,19,1,21,0
-39.310955,-36.5563,5.2030125,1912,1958268,20,1,22,0
-39.45989,36.375156,5.2030125,1913,1958268,21,1,23,0
-34.92411,31.872389,5.2030125,1914,1958268,22,1,24,0
-30.305742,27.502213,5.2030125,1915,1958268,23,1,25,0
-11.760732,29.176203,5.2030125,1916,1958268,24,1,26,0
-7.2249513,24.673437,5.2030125,1917,1958268,25,1,27,0
-2.6065836,20.30326,5.2030125,1918,1958268,26,1,28,0
-2.427688,-20.249619,5.2030125,1919,1958268,27,1,29,0
-6.9304547,-24.785398,5.2030125,1920,1958268,28,1,30,0
-11.300629,-29.403769,5.2030125,1921,1958268,29,1,31,0
-26.05415,-22.94469,5.2030125,1922,1958268,30,1,32,0
-25.988926,22.750044,5.2030125,1923,1958268,31,1,33,0
-49.455654,-20.887135,5.2030125,1924,1958268,32,1,34,0
-53.82583,-25.505503,5.2030125,1925,1958268,33,1,35,0
-49.455654,20.885302,5.2030125,1926,1958268,34,1,36,0
-53.82583,25.388418,5.2030125,1927,1958268,35,1,37,0
5.9491773,-13.137223,5.2030125,1928,1958268,36,1,38,0
12.07926,-13.137223,5.2030125,1929,1958268,37,1,39,0
5.9491773,13.306225,5.2030125,1930,1958268,38,1,40,0
12.07926,13.306225,5.2030125,1931,1958268,39,1,41,0
-0.5784785,-6.6016006,5.2030125,1932,1958268,40,1,42,0
-0.62196815,-0.2772158,5.2030125,1933,1958268,41,1,43,0
-0.440272,6.0848413,5.2030125,1934,1958268,42,1,44,0
-32.640476,-56.51836,3.6581013,1935,1958268,43,1,45,0
-24.965523,15.357047,5.2030125,1936,1958268,44,1,46,0
-21.70884,9.522357,5.2030125,1937,1958268,45,1,47,0
-24.965523,-15.325097,5.2030125,1938,1958268,46,1,48,0
-21.70884,-8.151166,5.2030125,1939,1958268,47,1,49,0
-32.92837,-18.673828,5.2030125,1940,1958268,48,1,50,0
-38.801235,-18.673828,5.2030125,1941,1958268,49,1,51,0
-32.92837,18.574667,5.2030125,1942,1958268,50,1,52,0
-38.801235,18.574667,5.2030125,1943,1958268,51,1,53,0
-51.245415,15.985221,5.2030125,1944,1958268,52,1,54,0
-57.429653,21.290651,5.2030125,1945,1958268,53,1,55,0
-51.862465,-16.302773,5.2030125,1946,1958268,54,1,56,0
-56.51854,-20.800219,5.2030125,1947,1958268,55,1,57,0
-45.31817,-42.75784,3.6581013,1948,1958268,56,1,58,0
-58.319954,-29.48174,3.6581013,1949,1958268,57,1,59,0
-58.248047,29.559256,3.6581013,1950,1958268,58,1,60,0
-44.928707,42.679466,3.6581013,1951,1958268,59,1,61,0
-31.762533,55.752274,3.6581013,1952,1958268,60,1,62,0
32.3801,-27.009443,-18.831997,2203,2030716,0,1,1,0
-32.38284,-27.009443,-18.831997,2204,2030716,1,1,2,0
-0.32892525,6.894745,-1.8495077,2205,2030716,2,1,3,0
-9.1057825,37.178223,5.203013,2242,2023189,0,1,2,0
-9.141541,32.70448,5.203013,2243,2023189,1,1,3,0
-10.241618,44.394432,5.203013,2244,2023189,2,1,4,0
-3.3722878,33.666065,5.203013,2245,2023189,3,1,5,0
1.3662161,33.666065,5.203013,2246,2023189,4,1,6,0
1.2898432,27.917416,5.203013,2247,2023189,5,1,7,0
1.1679722,-27.894299,5.203013,2248,2023189,6,1,8,0
1.1679722,-33.879086,5.203013,2249,2023189,7,1,9,0
-3.1050487,-33.879086,5.203013,2250,2023189,8,1,10,0
-8.292278,-33.73155,5.203013,2251,2023189,9,1,11,0
-9.552953,-40.28413,5.203013,2252,2023189,10,1,12,0
-10.515503,-45.998043,5.203013,2253,2023189,11,1,13,0
0.5402459,24.17561,4.3508134,2332,1970432,0,1,10,0
33.127693,2.2335796,0.4287296,2333,1970432,1,1,11,0
4.743876,29.644754,0.4287296,2334,1970432,2,1,12,0
3.8257785,-30.10437,0.4287296,2335,1970432,3,1,13,0
0.5402459,-24.68235,4.3508134,2336,1970432,4,1,14,0
27.096018,-0.59969074,4.3508134,2337,1970432,5,1,15,0
11.646466,-0.59969074,0.41331992,2338,1970432,6,1,16,0
-0.07677714,-11.679766,0.41331992,2339,1970432,7,1,17,0
0.09728156,10.750168,0.41331992,2340,1970432,8,1,18,0
-0.0006137424,-30.712172,0.17145963,2341,1970432,9,1,19,0
0.69495815,29.644754,0.4287296,2342,1970432,10,1,20,0
-3.8763394,-30.10437,0.4287296,2343,1970432,11,1,21,0
33.127693,-3.965332,0.4287296,2344,1970432,12,1,22,0
-3.3850436,29.644754,0.4287296,2345,1970432,13,1,23,0
1.400994,-6.1616015,2.201076,2411,1965910,0,1,6,0
1.400994,5.748871,2.201076,2412,1965910,1,1,7,0
0,0,5.5096893,2423,2061888,0,1,2,0
0.07343939,-0.016926104,0.52648175,2530,2103262,0,1,1,0
0,0,11.420227,2537,2121123,0,1,0,0
6.591302,-1.6476151,1.261171,2544,2123961,0,1,7,0
0,0,2.0032425,2551,2132887,0,1,65,0
0.51646847,0,0,2601,2036178,0,1,1,0
1.1759652,0.10307053,3.3318,2609,1675557,0,1,5,0
0,11.109741,10.329091,2620,2143993,0,1,0,0
0,-12.339095,10.329091,2621,2143993,1,1,1,0
0,0,2.269672,2649,2160669,0,1,3,0
0,0,0,2657,2165639,0,1,5,0
0,0,0.37944666,2665,1847723,0,1,0,0
-0.42472184,0.06864929,7.46084,2673,2167540,0,1,4,0
0,-0.015720155,0.06831874,2681,2168243,0,1,7,0
0,0,-11.972036,2692,2062370,0,1,103,0
0,-0.9949883,-66.46129,2693,2062370,1,1,104,0
0.07683129,0.027018653,2.1342356,2705,2174093,0,1,11,0
0,0,0,2713,2175354,0,1,0,0
1.5008259,-19.767807,18.974411,2724,2167377,0,1,7,0
2.4176056,16.316456,16.860147,2725,2167377,1,1,8,0
3.5238616,0.10927097,9.5075035,2737,2143626,0,1,1,0
0,0,0.62851036,2745,2175569,0,1,3,0
0,0,2.8068407,2767,2176395,0,1,7,0
0.07683129,0.027018653,2.1342356,2775,2202403,0,1,12,0
0,0,16.756435,2783,2167509,0,1,35,0
0,0,3.329385,2791,2140444,0,1,2,0
0,0,13.072158,2799,2205621,0,1,1,0
0.64062274,0,0,2808,2318716,0,1,2,0
0,0,0.32938427,2817,2318717,0,1,0,0
0,0,0,2826,2318718,0,1,0,0
0.13777246,-0.0062243706,2.449307,2837,2341263,0,1,2,0
0.42275652,0,0,2858,2357505,0,1,2,0
0.42275658,0,0,2868,2357506,0,1,2,0
0,0,8.603518,2877,2353378,0,1,3,0
-0.0028345843,0.10175497,-0.56778693,2888,2367017,0,1,10,0
0.068080045,-0.002216975,13.000827,2897,2353377,0,1,12,0
0,0,2.7987683,2923,2387302,0,1,13,0
0.64062274,0,10.944101,2924,2387302,1,1,10,0
-11.40364,6.5253534,2.7778983,2964,2394241,0,1,4,0
-11.634538,16.61278,2.8985257,2965,2394241,1,1,5,0
9.296747,16.50381,2.858556,2966,2394241,2,1,6,0
9.514471,6.2093973,2.6680305,2967,2394241,3,1,7,0
1.8444525,-8.103871,3.9572852,2994,2394243,0,1,3,0
-3.8122075,-8.141587,3.8369632,2995,2394243,1,1,4,0
0,0,1.1833115,3010,2398189,0,1,0,0
88.40063,-11.730682,-42.287537,3171,2406702,0,1,8,0
88.40063,-11.730682,-42.016712,3172,2406702,1,1,9,0
88.40063,13.254756,-42.263355,3173,2406702,2,1,10,0
57.74229,-9.251477,-36.553276,3174,2406702,3,1,11,0
57.74229,-9.251477,-11.808594,3175,2406702,4,1,12,0
39.94646,-16.080694,-36.553276,3176,2406702,5,1,13,0
39.94646,-16.080694,-11.808594,3177,2406702,6,1,14,0
57.74229,10.379071,-36.553276,3178,2406702,7,1,15,0
39.94646,17.957047,-36.553276,3179,2406702,8,1,16,0
39.94646,17.957047,-11.808594,3180,2406702,9,1,17,0
21.482557,-24.175348,-36.553276,3181,2406702,10,1,18,0
21.482557,-24.175348,-11.808594,3182,2406702,11,1,19,0
21.482557,24.482721,-36.553276,3183,2406702,12,1,20,0
21.482557,24.482721,-11.808594,3184,2406702,13,1,21,0
21.482557,0.95925564,-36.553276,3185,2406702,14,1,22,0
21.482557,0.95925564,-11.808594,3186,2406702,15,1,23,0
39.94646,1.3933852,-36.553276,3187,2406702,16,1,24,0
39.94646,1.3933852,-11.808594,3188,2406702,17,1,25,0
88.40063,13.254756,-42.002735,3189,2406702,18,1,26,0
57.74229,10.536752,-11.808594,3190,2406702,19,1,27,0
83.63628,-13.027043,-11.808594,3191,2406702,20,1,28,0
83.63628,14.265444,-11.808594,3192,2406702,21,1,29,0
83.63628,-34.817036,-11.808594,3193,2406702,22,1,30,0
83.63628,36.90444,-11.808594,3194,2406702,23,1,31,0
88.40063,-11.730682,-42.524563,3195,2406702,24,1,32,0
88.40063,13.254756,-42.524563,3196,2406702,25,1,33,0
39.94646,1.3933852,-36.553276,3457,2406703,0,1,1,0
39.94646,-16.080694,-36.553276,3458,2406703,1,1,2,0
39.94646,-16.080694,-11.808594,3459,2406703,2,1,3,0
57.74229,-9.251477,-11.808594,3460,2406703,3,1,4,0
57.74229,-9.251477,-36.553276,3461,2406703,4,1,5,0
57.74229,10.379071,-36.553276,3462,2406703,5,1,6,0
39.94646,17.957047,-36.553276,3463,2406703,6,1,7,0
39.94646,17.957047,-11.808594,3464,2406703,7,1,8,0
21.482557,-24.175348,-36.553276,3465,2406703,8,1,9,0
21.482557,-24.175348,-11.808594,3466,2406703,9,1,10,0
21.482557,24.482721,-36.553276,3467,2406703,10,1,11,0
21.482557,24.482721,-11.808594,3468,2406703,11,1,12,0
21.482557,0.95925564,-36.553276,3469,2406703,12,1,13,0
21.482557,0.95925564,-11.808594,3470,2406703,13,1,14,0
39.94646,1.3933852,-11.808594,3471,2406703,14,1,15,0
57.74229,10.536752,-11.808594,3472,2406703,15,1,16,0
83.63628,-13.027043,-11.808594,3473,2406703,16,1,17,0
83.63628,14.265444,-11.808594,3474,2406703,17,1,18,0
83.63628,-34.817036,-11.808594,3475,2406703,18,1,19,0
83.63628,36.90444,-11.808594,3476,2406703,19,1,20,0
88.40063,-11.730682,-42.524563,3477,2406703,20,1,21,0
88.40063,13.254756,-42.524563,3478,2406703,21,1,22,0
88.40063,-11.730682,-42.016712,3479,2406703,22,1,23,0
88.40063,13.254756,-42.002735,3480,2406703,23,1,24,0
88.40063,13.254756,-42.263355,3481,2406703,24,1,25,0
88.40063,-11.730682,-42.287537,3482,2406703,25,1,26,0
-34.485657,0.17479283,12.337542,3593,2416365,0,1,10,0
3.144917,0,4.8074603,3604,2342243,0,1,2,0
0,0,0.32938427,3615,2429610,0,1,0,0
-0.20138931,0.14627118,1.6159294,3624,2428711,0,1,1,0
-0.252954,-0.26132956,1.5006915,3633,2428712,0,1,1,0
0.022921298,-0.26132956,1.9651775,3642,2428713,0,1,1,0
-0.09096135,-0.11520831,0.9761786,3651,2428714,0,1,1,0
3.144917,0,4.8074603,3662,2342257,0,1,2,0
3.144917,0,4.8074603,3673,2342259,0,1,2,0
3.144917,0,4.8074603,3684,2342263,0,1,2,0
3.144917,0,4.8074603,3695,2342265,0,1,2,0
3.144917,0,4.8074603,3706,2342272,0,1,2,0
-46.226402,0.9303436,9.259442,3729,2416365,1,1,11,0
-28.430573,0.68692356,8.681166,3730,2416365,2,1,12,0
-28.430573,0.685201,9.259442,3731,2416365,3,1,13,0
-64.69029,0.45773485,9.259442,3768,2416365,4,1,14,0
-64.69029,0.23739794,9.259442,3769,2416365,5,1,15,0
-46.226402,0.67152745,9.259442,3770,2416365,6,1,16,0
-28.430573,0.685201,9.259442,3771,2416365,7,1,17,0
0,0,3.2458844,3805,2429902,0,1,7,0
0,0,0,3816,2438980,0,1,9,0
2.607379,0,1.6333245,3827,2429611,0,1,6,0
0.13777246,-0.0062243706,2.449307,3838,2445841,0,1,3,0
0,-0.0615,-0.071329966,3849,2457483,0,1,2,0
0,-0.040400486,0.26727486,3866,2457546,0,1,18,0
0,-0.0615,0.26727486,3867,2457546,1,1,19,0
0,-0.0615,0.26727486,3882,2457553,0,1,24,0
0,-0.015720155,0.2269543,3893,2457688,0,1,0,0
0,0,0,3904,2457706,0,1,18,0
-1.1606728,-0.061499655,3.6788068,3915,2457737,0,1,31,0
0,-0.015720157,0.06831874,3926,2457749,0,1,4,0
1.3518058,0,1.9445528,3935,2459324,0,1,10,0
0.2876482,0.014247298,0.045469385,3946,2457760,0,1,4,0
-6.479029,0,3.2673578,3957,2464023,0,1,3,0
0.2876482,0.014247298,1.0157927,3968,2466520,0,1,6,0
0,0,3.2458844,3979,2450951,0,1,7,0
26.010157,-367.5541,-364.31802,4020,2460057,0,1,1,0
26.804743,-364.19968,-363.6372,4021,2460057,1,1,2,0
21.095936,-361.468,-366.04108,4022,2460057,2,1,3,0
24.452354,-359.35495,-368.76804,4023,2460057,3,1,4,0
27.374504,-376.38718,-367.31668,4024,2460057,4,1,5,0
27.301973,-378.43997,-363.9276,4025,2460057,5,1,6,0
30.158478,-379.33167,-363.6585,4026,2460057,6,1,7,0
42.167892,-378.71573,-365.79904,4027,2460057,7,1,8,0
44.304325,-374.09116,-363.70596,4028,2460057,8,1,9,0
14.287028,-327.46457,-365.9354,4237,2460058,0,1,1,0
31.573067,-324.76602,-365.49515,4238,2460058,1,1,2,0
25.534906,-327.15445,-364.8634,4239,2460058,2,1,3,0
14.198379,-342.39087,-367.3218,4240,2460058,3,1,4,0
11.920598,-339.57767,-364.31366,4241,2460058,4,1,5,0
19.541964,-352.5229,-369.60672,4242,2460058,5,1,6,0
21.206556,-351.38113,-369.26797,4243,2460058,6,1,7,0
16.90192,-352.59695,-366.58118,4244,2460058,7,1,8,0
14.957408,-325.72543,-362.5276,4245,2460058,8,1,9,0
23.594795,-326.82162,-361.61606,4246,2460058,9,1,10,0
30.357111,-323.7015,-370.4528,4247,2460058,10,1,11,0
33.896706,-321.76352,-367.44858,4248,2460058,11,1,12,0
34.411007,-320.84518,-370.58804,4249,2460058,12,1,13,0
36.938374,-320.4066,-371.2473,4250,2460058,13,1,14,0
39.10132,-319.18414,-372.8003,4251,2460058,14,1,15,0
37.871204,-316.90863,-370.64417,4252,2460058,15,1,16,0
39.88187,-315.54916,-370.4349,4253,2460058,16,1,17,0
42.697487,-316.0084,-370.3447,4254,2460058,17,1,18,0
43.56601,-315.44223,-370.23923,4255,2460058,18,1,19,0
41.79343,-316.11914,-366.41946,4256,2460058,19,1,20,0
38.729137,-318.13297,-366.7643,4257,2460058,20,1,21,0
36.246407,-318.56076,-365.7883,4258,2460058,21,1,22,0
33.87193,-320.26462,-362.0143,4259,2460058,22,1,23,0
36.956844,-317.57825,-362.8797,4260,2460058,23,1,24,0
41.623947,-316.59317,-363.31995,4261,2460058,24,1,25,0
40.376827,-315.12326,-362.2109,4262,2460058,25,1,26,0
43.911427,-315.779,-362.7208,4263,2460058,26,1,27,0
41.961983,-313.96213,-361.08765,4264,2460058,27,1,28,0
41.961983,-311.96457,-358.91028,4265,2460058,28,1,29,0
44.404743,-313.01685,-359.72787,4266,2460058,29,1,30,0
43.75623,-313.82596,-365.7799,4267,2460058,30,1,31,0
47.375435,-312.75058,-366.11148,4268,2460058,31,1,32,0
48.639877,-312.0837,-366.34473,4269,2460058,32,1,33,0
50.04449,-312.0837,-360.53342,4270,2460058,33,1,34,0
54.70882,-313.36526,-368.2338,4271,2460058,34,1,35,0
53.354904,-313.36526,-367.24524,4272,2460058,35,1,36,0
52.06922,-314.5351,-371.18808,4273,2460058,36,1,37,0
48.659782,-314.72107,-371.03174,4274,2460058,37,1,38,0
47.337776,-313.29236,-370.74216,4275,2460058,38,1,39,0
56.41449,-312.38126,-369.35416,4276,2460058,39,1,40,0
57.36901,-313.5389,-365.63345,4277,2460058,40,1,41,0
55.364815,-312.3055,-365.63345,4278,2460058,41,1,42,0
58.079884,-311.53122,-372.10538,4279,2460058,42,1,43,0
65.57385,-309.21048,-361.6124,4460,2460059,0,1,1,0
64.15482,-309.77643,-364.6479,4461,2460059,1,1,2,0
96.54811,-344.1948,-362.54196,4478,2460060,0,1,1,0
98.57843,-346.06937,-362.17288,4479,2460060,1,1,2,0
73.02591,-303.9389,-362.08902,4530,2460059,2,1,3,0
74.61543,-304.7922,-366.2089,4531,2460059,3,1,4,0
82.748116,-313.72025,-362.5817,4532,2460059,4,1,5,0
84.50281,-316.20532,-362.16107,4533,2460059,5,1,6,0
82.66974,-317.67734,-365.6296,4534,2460059,6,1,7,0
97.89573,-348.16974,-366.05807,4575,2460060,2,1,3,0
86.812416,-338.44846,-361.26743,4576,2460060,3,1,4,0
85.46374,-337.5989,-364.54388,4577,2460060,4,1,5,0
94.64652,-356.40933,-362.73465,4578,2460060,5,1,6,0
92.19779,-358.76294,-362.49423,4579,2460060,6,1,7,0
-0.41666666,0,4.8913054,4608,2352152,0,1,23,0
0.41666666,0,4.8913054,4609,2352152,1,1,24,0
0,-0.015720155,0.2269543,4646,2493888,0,1,0,0
-0.5734931,0,2.371571,4657,2499918,0,1,3,0
-0.5734931,0,2.371571,4668,2499919,0,1,3,0
-0.5734931,0,2.371571,4679,2499921,0,1,2,0
0,0,7.036416,4690,2487228,0,1,12,0
0,0,2.293699,4701,2493151,0,1,5,0
0,0,0.2726411,4734,2494963,0,1,0,0
-2.9856005,1.0684824,3.7357533,4749,2531740,0,1,3,0
2.6710598,1.1061983,3.8560753,4750,2531740,1,1,4,0
-10.377274,-4.9817624,3.7927449,4779,2531741,0,1,5,0
10.540837,-5.2977195,3.6828706,4780,2531741,1,1,6,0
10.323113,4.996695,3.8733962,4781,2531741,2,1,7,0
-10.608171,5.105664,3.9133446,4782,2531741,3,1,8,0
3.546903,1.5182076,1.9106977,4805,2500382,0,1,129,0
0,0,11.480321,4816,2499900,0,1,14,0
0,0,0.2237622,4827,1571477,0,1,58,0
-0.41666666,0,4.8913054,4840,2576508,0,1,22,0
0.41666666,0,4.8913054,4841,2576508,1,1,23,0
0,16.094856,2.0032425,4855,2617187,0,1,15,0
-3.9169705,0.30849352,3.392005,4880,2575493,0,1,35,0
-10.391215,8.559163,12.555337,4881,2575493,1,0,36,0
-45.969353,-20.128016,-0.91847485,4882,2575493,2,1,37,0
-13.027051,3.9327571,-1.0245204,4883,2575493,3,1,38,0
3.5098057,0.3305985,2.4350312,4905,2735676,0,1,54,0
3.5098066,0.3305984,2.4350314,4915,1518073,0,1,58,0
3.5098057,0.3305985,2.4350312,4925,2735678,0,1,53,0
0.64062274,0,0,4934,2739808,0,1,2,0
-10.391215,8.559163,12.555337,4951,2743642,0,0,109,0
-13.69603,3.7036564,-0.8312942,4952,2743642,1,1,110,0
-5.2621713,-0.11154853,1.3375494,4953,2743642,2,1,111,0
0.011464304,0.010790401,14.549066,4971,2373405,0,1,2,0
0.011464304,0.010790401,2.3160632,4981,2746853,0,1,8,0
0.011464304,0.010790401,2.3160632,4991,2746854,0,1,8,0
0.011464304,0.010790401,2.3160632,5001,2746855,0,1,8,0
0.011464304,0.010790401,2.3160632,5011,2746856,0,1,8,0
0.011464304,0.010790401,2.3160632,5021,2746857,0,1,8,0
0.011464304,0.010790401,2.3160632,5031,2746858,0,1,8,0
0.011464304,0.010790401,2.3160632,5041,2746859,0,1,8,0
0.011464304,0.010790401,2.3160632,5051,2746860,0,1,8,0
0.011464304,0.010790401,2.3160632,5061,2746861,0,1,8,0
0,0,0,5071,2756884,0,1,2,0
0,0,0,5081,2756891,0,1,2,0
0,0,0,5090,2764219,0,1,1,0
0.011464304,0.010790401,14.549066,5100,2394711,0,1,4,0
0,0,0,5115,2820065,0,1,0,0
0.7186074,0.014066649,1.1527013,5232,896450,0,1,2,0
3.4382493,-10.260393,0.2354028,5475,2828019,0,1,13,0
8.176644,-7.7371063,1.0946304,5484,2828020,0,1,13,0
10.83522,-1.70502,0.29965094,5493,2828021,0,1,13,0
3.3388352,-0.23469236,3.6604357,5514,2828171,0,1,1,0
-3.2089994,-0.23469236,3.6604357,5515,2828171,1,1,2,0
0.06491788,3.0392249,3.6604357,5516,2828171,2,1,3,0
0.06491788,-3.5086098,3.6604357,5517,2828171,3,1,4,0
7.106379,0,53.459705,5547,2736613,0,1,117,0
0,0,-4.135197,5556,2829852,0,1,3,0
-0.02381242,-1.1509862,0.08387976,5565,2829845,0,1,3,0
2.124874,0,2.1114693,5574,2829850,0,1,1,0
0.00439722,0.034243267,2.3355675,5583,1097417,0,1,2,0
0.0032770766,0.034243267,1.2710853,5592,1118878,0,1,2,0
-0.005899509,0.034243267,5.279677,5601,1253406,0,1,3,2.2222223
2.9843132,0.034243267,-10.201765,5610,1253698,0,1,2,2.2222223
0,0,0.32938427,5622,2833950,0,1,0,0
0,0,0.32938427,5631,2833953,0,1,0,0
0,0,2.371571,5649,2835426,0,1,4,0
0,0,0,5658,2821753,0,1,5,0
0,0,2.5133991,5667,2833991,0,1,36,0
0,0,0,5676,2838948,0,1,1,0
0.3368117,-0.081171356,1.3377382,5697,2843110,0,1,145,0
0.2648858,0,1.0480366,5722,2835918,0,1,15,0
0.2648858,0,1.0480366,5732,2835920,0,1,13,0
0.2648858,0,1.0480366,5742,2835922,0,1,10,0
0.2648858,0,1.0480366,5752,2835924,0,1,12,0
0.2648858,0,1.0480366,5762,2835926,0,1,7,0
0.042268224,0.06944021,1.9636396,5771,2845766,0,1,3,0
0,0,0,5825,2823391,0,1,7,0
1.2887665,-0.009137684,0.7239638,5848,2902481,0,1,10,0
1.5817498,0.008010653,13.112266,5857,2829699,0,1,24,0
1.2887665,-0.009137684,0.7239638,5866,2902482,0,1,11,0
0.23293206,-0.010921096,1.3131142,5883,2816738,0,1,12,4.1280003
4.5623918,-0.010921096,1.3189133,5884,2816738,1,1,13,5.0439
-2.0060246,-3.4434404,2.3385842,5885,2816738,2,1,14,3.781412
0.23293206,-0.010921096,0.8862851,5906,2888594,0,1,9,0
3.264927,-0.010921096,1.1565582,5907,2888594,1,1,10,0
1.2887665,-0.009137684,0.7239638,5920,2902483,0,1,12,0
1.2887665,-0.009137684,0.7239638,5929,2902484,0,1,12,0
0.09077464,-0.009418347,2.932087,5956,2903634,0,1,25,0
0.23588912,-0.009418347,2.2798762,5965,2903636,0,1,24,0
1.491194,2.0799763,-8.023215,5974,2903898,0,1,2,0
1.491194,2.0799763,-8.023215,5983,2903899,0,1,2,0
5.537378,-12.595137,-0.86893207,6010,2903902,0,1,2,0
29.713129,1.9406382,36.499447,6036,2907396,0,1,50,0
18.475431,16.255594,19.139902,6037,2907396,1,1,51,0
0.92739743,-0.8772893,0.8895052,6086,2911923,0,1,6,0
0.26031104,-0.04270388,-0.18266848,6122,2901408,0,1,2,0
1.4020555,0.019277785,4.0679994,6131,2913327,0,1,6,0
0.22978343,-0.24095556,-1.4034011,6140,2907391,0,1,89,0
42.448956,-0.062494185,9.413862,6149,2913472,0,1,2,0
1.2590806,-0.040400486,-14.833878,6158,2913479,0,1,38,0
0,0,-4.135197,6167,2913482,0,1,3,0
-0.0063591013,-0.010972819,2.1342075,6176,2918341,0,1,2,0
0.26031104,-0.17650093,0.23297797,6185,2901408,1,1,3,0
0,0,0,6194,2921515,0,1,1,0
0.12574698,0.07279205,4.1116476,6203,2922494,0,1,15,0
0.003016914,-0.02770905,3.5985663,6212,2922504,0,1,10,0
0.43576798,0.04360326,1.4826663,6221,2924091,0,1,30,0
0,0.009977136,0.12590694,6230,2924121,0,1,9,0
0,0.009977136,0.0438491,6239,2924122,0,1,9,0
0,-0.040400486,1.3199983,6248,2924123,0,1,16,0
0,-0.040400486,1.3199983,6257,2924124,0,1,17,0
0,-0.040400486,1.3199983,6266,2924130,0,1,23,0
0,0,1.9297502,6275,2907376,0,1,24,0
0.5986728,0.059686515,4.4670515,6284,2924924,0,1,19,0
0,0,1.458492,6302,2924310,0,1,7,0
0.8673151,-0.0069819293,1.1954225,6311,2924315,0,1,9,0
2.0979283,-0.0069819293,2.4764683,6320,2924316,0,1,1,0
0,0,0.9503653,6329,2924317,0,1,8,0
0,0,0.5555556,6338,2924319,0,1,2,0
0,0,1.0114436,6347,2924324,0,1,0,0
0,0,1.1954225,6356,2924326,0,1,14,0
4.59719,0,0,6377,2924330,0,1,10,0
8.315414,0,0,6378,2924330,1,1,11,0
12.884282,0,0,6379,2924330,2,1,12,0
17.220257,0,0,6380,2924330,3,1,13,0
0,0,1.1954225,6401,2924332,0,1,2,0
0,0,1.3374603,6410,2924334,0,1,2,0
0,0,1.3374603,6419,2924336,0,1,4,0
-0.26571086,0.013577676,1.4464657,6440,2929686,0,1,22,1.25
0.2759277,-0.018713925,1.4464657,6441,2929686,1,1,23,1.25
0,0,1.458492,6464,2958031,0,1,1,0
0,0,0.96257997,6473,2958033,0,1,6,0
0,0,1.458492,6482,2958035,0,1,5,0
6.457644,-0.31612816,1.366882,6491,2958724,0,1,40,0
6.457644,-0.31612813,3.7910733,6500,2958725,0,1,14,0
0,0,0,6509,2958794,0,1,5,0
-0.01353689,0.0044566263,0.37607986,6518,2959005,0,1,3,0
0,0,4.4508157,6527,2956972,0,1,6,0
0.011464304,0.010790401,2.3160632,6536,2962309,0,1,8,0
2.6031244,-0.16348553,1.1136943,6549,2817037,0,1,27,0
2.6031244,1.1789101,1.1136943,6550,2817037,1,1,28,0
-0.79310536,0.22270764,0.34536034,6571,2967732,0,1,13,0
2.420544,-2.2636645,1.6946776,6598,2967733,0,1,18,2.777778
2.420544,1.9668988,1.6946776,6599,2967733,1,1,19,2.777778
-1.6897262,0,2.5268314,6600,2967733,2,1,20,2.2222223
0.082531266,-0.15039387,7.5422654,6617,2929757,0,1,12,0
0.082531266,-0.15039387,7.5422654,6626,2929758,0,1,12,0
0.14060448,-0.1233139,7.5422654,6635,2929759,0,1,12,0
0.10525408,-0.0879635,7.5422654,6644,2956971,0,1,12,0
0,0,-0.17841668,6653,2960027,0,1,4,0
0,0,1.4025265,6662,2958798,0,1,3,0
0.34096506,0.40578356,0.8940165,6675,2973067,0,1,3,0
1.565634,1.054519,0.90049976,6676,2973067,1,1,4,0
0.36034098,-0.5836987,9.5740795,6689,2924091,1,1,31,0
0.8682988,0,2.0090656,6702,2843110,1,1,135,0
0.8682988,0,2.0090656,6703,2843110,2,1,136,0
0.12425683,-9.8701515,0.10337599,6728,2981999,0,1,9,0
0.12425666,-5.0865245,9.112571,6729,2981999,1,1,10,0
0.12425629,5.3516917,9.112571,6730,2981999,2,1,11,0
0.1242561,10.057312,0.022414949,6731,2981999,3,1,12,0
2.163081,0,0.24482186,6755,2261947,0,1,1,0
0,0,1.7750554,6764,2984262,0,1,15,0
17.760986,-0.040400486,0.26727486,6773,2990579,0,1,5,0
0.9018642,0,0,6782,2924322,0,1,1,0
0,0,2.4696329,6791,2974000,0,1,19,0
0,0,2.6431398,6796,2991598,0,1,1,0
0,0,2.6431398,6801,2991599,0,1,1,4.135435
-0.037923325,0.0028422277,2.9273431,6810,2918341,1,1,3,0
-2.6818128,3.3858438,7.8604364,6819,2918356,0,1,2,0
-0.019794956,-3.5500815,1.5707859,6840,2918623,0,1,5,0
0.078660145,-3.1949968,2.5423574,6841,2918623,1,1,6,0
1.1309935,3.840847,2.5136862,6842,2918623,2,1,7,0
0.8346633,4.023851,2.1189117,6843,2918623,3,1,8,0
2.0034182,1.4913865,2.6683667,6864,2918624,0,1,5,0
0,0,0.96257997,6873,2970100,0,1,6,0
0.4498787,-1.4592576,2.594603,6898,2957039,0,1,40,0
-1.2480494,-0.91938716,2.3332098,6899,2957039,1,1,41,0
0.6584286,-0.1036342,1.1901987,6900,2957039,2,1,42,0
-0.897089,1.3453548,1.3907106,6901,2957039,3,1,43,0
0,0,1.2054964,6902,2957039,4,1,44,0
-0.018123759,-0.00032797127,0.21431848,6927,2994778,0,1,24,0
0,0,1.1954225,6936,2995491,0,1,8,0
0,0,0.6472022,6950,2972996,0,1,1,0
0.9018642,0,0,6959,2997453,0,1,1,0
0,0,3.5595315,6978,3004267,0,1,4,0
0,0,3.5595315,6987,3005229,0,1,5,0
0,0,3.5595315,6996,3006991,0,1,5,0
0,0,3.5595315,7005,3006994,0,1,5,0
0,0,3.5595315,7014,3006992,0,1,5,0
8.5275205E-05,0,0.020478759,7023,3008535,0,1,1,0
0,0,0,7032,3008536,0,1,1,0
0.5223747,-1.3654277,3.6800673,7053,2819965,0,1,144,0
5.5746274,-1.8528448,4.3476963,7054,2819965,1,1,145,0
0.52391696,1.3913285,3.6800673,7055,2819965,2,1,146,0
5.574627,1.9553735,4.347697,7056,2819965,3,1,147,0
0,0,0.91896427,7077,3007480,0,1,7,0
0,0,0,7098,3015729,0,1,3,0
0.04837672,0,0,7107,3015730,0,1,0,0
0.09070071,0.24355671,0.15413393,7125,2924741,0,1,69,0
4.653947,-0.014923913,0.20643468,7134,2915208,0,1,63,0
0.5869597,-0.013863469,3.6177835,7143,2915210,0,1,37,0
0,0,0,7152,2820831,0,1,1,0
0.28415808,0.033997048,5.6054587,7165,2823397,0,1,71,0
0.28415814,0.033997048,2.885182,7166,2823397,1,1,54,0
0.23588912,-0.009418347,2.2798762,7179,3037230,0,1,24,0
-1.5422829,-0.025911583,2.0458052,7185,3044946,0,1,63,0
0,0,3.357978,7191,3045022,0,1,8,0
0.22565553,-0.021652408,3.1715035,7199,3045307,0,1,76,0
0.28415814,0.033997048,7.521869,7200,3045307,1,1,61,0
0,-0.015720155,0.2269543,7209,3046623,0,1,0,0
1.2911793,0,3.52131,7215,3053060,0,1,17,0
-1.2516209,-0.040400486,1.214731,7221,3053592,0,1,1,0
0.22259098,-0.040400486,0.79819745,7227,3053593,0,1,1,0
0,-0.0010274492,1.1108816,7231,2835361,0,1,3,0
0.10744129,-0.075997666,0.33335024,7235,3056785,0,1,4,0
0.16997367,0.05126598,2.5649638,7239,3056531,0,1,3,0
0,0,0,7247,3058995,0,1,8,0
0,-0.12660562,0,7252,3062393,0,1,6,0
0.13223533,-1.0655686,1.2563607,7270,3016206,0,1,102,0
0.15777239,1.0640296,1.40194,7271,3016206,1,1,103,0
-4.8584833,-1.5874276,3.681203,7278,3067421,0,1,42,0
-4.9056954,1.4976276,3.348246,7279,3067421,1,1,43,0
-2.0638192,1.9943491,1.4514176,7280,3067421,2,1,44,0
-2.0638192,-2.380794,1.4514176,7281,3067421,3,1,45,0
0.59240705,0,0.4162285,7329,3071342,0,1,11,0
1.9244114,0,1.3845814,7336,2202419,0,1,62,0
0,0,0.16638644,7343,3073471,0,1,54,0
0,0,0,7349,3074416,0,1,1,0
0,0,0.61207676,7355,3073160,0,1,5,0
0,0,0.41666666,7359,3081208,0,1,4,0
0,0,0.4300198,7365,3084503,0,1,2,0
0,0,0.027852667,7371,3088467,0,1,1,0
0,0,0.58806473,7377,3089882,0,1,0,0
0,0,0.027852667,7383,3090080,0,1,1,0
-0.07427952,0.07438726,0.14859913,7389,3081552,0,1,11,0
0.04882728,-1.563311,10.246231,7393,3095195,0,1,44,0
0.04882728,1.5656239,10.246231,7394,3095195,1,1,45,0
-0.003999657,0.004336609,2.3638196,7403,3095194,0,1,25,0
0,0,0.05244075,7409,3108010,0,1,1,0
0.01649443,-0.006474283,4.014935,7413,3095195,2,1,46,0
0.01649443,-0.006474283,3.0641682,7417,3095196,0,1,5,0
0.04882728,-1.5936636,6.644661,7418,3095196,1,1,6,0
0.04882728,1.8215601,6.644661,7419,3095196,2,1,7,0
0.69872046,0,0.0024262005,7429,3151157,0,1,9,0
0,0.0003126572,0,7434,3152115,0,1,17,0
0.17783864,1.388889,0.8333333,7440,3149722,0,1,13,0
0.17783864,-1.388889,0.8333333,7441,3149722,1,1,14,0
0,0,2.2232137,7448,3038197,0,1,26,0
0,0,8.7754345,7449,3038197,1,1,27,0
0,0,0.2777778,7456,3153842,0,1,4,0
0,0,4.121512,7465,3149721,0,1,30,0
0.06775774,0,0,7469,3155220,0,1,2,0
0.027465317,0,0,7473,3155221,0,1,0,0
-0.15056415,0,2.2945073,7477,3058051,0,1,123,0
1.6154501,0,0.18424286,7485,3164509,0,1,18,0
0.3089151,0,-1.4407204,7489,3164510,0,1,14,0
0,-0.12660562,0,7493,3164512,0,1,1,0
1.5284202,0,0.18424286,7497,3164513,0,1,16,0
0.25364175,0,0.18424283,7498,3164513,1,1,25,0
0.03720887,0,0.073360525,7505,3164514,0,1,18,0
0.33617133,0,0,7509,3164515,0,1,2,0
0.59240705,0,0.4162285,7513,3164517,0,1,11,0
0.41357622,0,0.38739312,7517,3164518,0,1,9,0
0,0,0.2467699,7521,3166253,0,1,5,0
0,0,0.41666666,7525,3166254,0,1,3,0
6.6420984,0,0.47704738,7530,3154539,0,1,7,0
0.9018642,0,0,7535,3174181,0,1,3,0
0,0,0.41666666,7540,3174183,0,1,2,0
0.3089151,0,1.2385916,7545,3180257,0,1,12,0
-0.02617377,0.021110095,0.13474661,7550,3056785,1,1,5,0
2.2529874,0.64500046,0,7570,3188839,0,1,56,0
-35.897663,9.89633,3.4811733,7571,3188839,1,1,57,0
-15.943248,-8.931722,0,7572,3188839,2,1,58,0
-36.78823,-8.040421,3.4811733,7573,3188839,3,1,59,0
-0.6630486,-0.2465015,-0.10315704,7574,3188839,4,1,60,0
-0.8464373,-2.1494253,0.948881,7575,3188839,5,1,61,0
-0.8464373,2.7255242,-0.6859029,7576,3188839,6,1,62,0
-37.3435,-8.24106,1.8823429,7577,3188839,7,1,63,0
-0.523524,3.8971493,0,7610,3188841,0,1,17,0
-4.142646,0.85566926,0.90712994,7611,3188841,1,1,18,0
-1.1124827,-1.1554205,0,7612,3188841,2,1,19,0
-2.8880162,0.43345758,-1.4731123,7613,3188841,3,1,20,0
0,0,3.4963717,7626,3089984,0,1,94,0
0,0,0.2777778,7633,3191985,0,1,1,0
-1.7723185,6.243711,4.1786604,7643,3188841,4,1,21,0
-4.3029556,-6.0069313,-1.4910259,7644,3188841,5,1,22,0
-4.7366004,-7.514145,-1.4910259,7645,3188841,6,1,23,0
0,0,0,7657,3195531,0,1,3,0
0,0,0,7663,3195631,0,1,2,0
0,0,1.0114435,7669,3196050,0,1,1,0
1.1214458,-3.751625,0.948881,7675,3188839,8,1,64,0
-21.266647,6.621181,6.5504813,7681,3188841,7,1,24,0
0.9018642,0,0,7687,3196360,0,1,7,0
0,0,0,7693,3196362,0,1,5,0
-0.5065587,1.3859204,1.1838193,7699,3196774,0,1,14,0
0.011464304,0.010790401,4.6843314,7705,3197116,0,1,2,0
0,0,0.97474015,7711,3199060,0,1,1,0
0,-0.12660562,0,7715,3208921,0,1,4,0
0.09043232,0,0.13335378,7719,3208922,0,1,10,0
0.09043232,0,0.13335378,7723,3208923,0,1,7,0
0,0,0,7727,3208924,0,1,8,0
0.8193415,0,0.13335377,7731,3208925,0,1,28,0
0.8193415,0,0.13335377,7735,3208926,0,1,19,0
0,-0.12660562,0,7739,3208927,0,1,4,0
0.061476894,0.28984436,1.2774361,7751,3208998,0,1,41,0
1.3301946,-0.35221735,0.6067513,7752,3208998,1,1,42,0
1.6472443,0.5750242,0.67250484,7753,3208998,2,1,43,0
-1.7426946,-0.21286112,0.7332408,7754,3208998,3,1,44,0
1.443082,-0.4071134,0.67250484,7755,3208998,4,1,45,0
-0.38425487,0,1.4002129,7779,3154192,0,1,70,0
5.323912,0,3.067962,7783,3036177,0,1,3,0
0.7313755,0.14794546,0.37760893,7787,3154975,0,1,4,0
0,-0.12660562,0,7791,3208920,0,1,2,0
0.65653604,0,0,7795,3234476,0,1,15,0
0.3089151,0,-1.4623362,7799,3234477,0,1,14,0
1.5630791,0,0.18424286,7803,3234478,0,1,6,0
0.3045637,0,1.4636389,7807,3234479,0,1,16,0
1.2345738,-0.0021231438,0.052383672,7811,3234481,0,1,4,0
0.3089151,0,1.2388359,7815,3234482,0,1,19,0
-0.74343616,0.93433976,0.78881997,7835,3235641,0,1,9,0
-0.87849545,-0.88470876,0.63707334,7836,3235641,1,1,10,0
0,0,0.4284394,7843,3235644,0,1,1,0
0,0,0.5203853,7847,3235645,0,1,2,0
0.00681069,-0.012400781,0.27779332,7848,3235645,1,1,10,0
0.005647782,0.006766838,0.25804222,7849,3235645,2,1,11,0
-0.03515734,-0.015346696,0.2720054,7863,3235645,3,1,12,0
0.0219943,-0.01687294,0.14207406,7867,3241180,0,1,1,0
0.29247886,-0.0011724677,1.2011193,7871,3187916,0,1,32,0
0.20811519,0.0010083796,1.3637035,7875,3187917,0,1,17,0
0.29079083,-0.00089008734,0.6063361,7879,3187918,0,1,13,0
-0.003267423,0,-0.5170514,7883,3191966,0,1,6,0
0.95216054,0.003211765,0.0050090584,7887,3257381,0,1,5,0
1.178226,0.0075486065,1.9112202,7891,3036571,0,1,3,0
-0.8941626,0.0075486065,1.1080886,7892,3036571,1,1,4,0
-0.069802515,0,2.237537,7903,2834279,0,1,193,0
-0.17554638,-1.720334,-3.8222058,7907,2991260,0,1,4,0
0,-0.12660562,0,7911,3259340,0,1,5,0
1.2020673,0.05816256,2.8087697,7915,2835333,0,1,3,0
-1.2095822,0.05816256,2.8087697,7916,2835333,1,1,4,0
-159.52,5.5777454,52.26949,7924,3260580,0,1,8,0
0.09077464,-0.009418347,2.932087,7929,3279746,0,1,25,0
-0.06648854,0,2.083592,7937,3287387,0,1,68,0
1.1478455,-0.0052112285,-4.135232,7941,3056535,0,1,64,0
1.8308353,-0.0052112285,-0.19513078,7942,3056535,1,1,65,0
2.5113177,-0.0052112285,3.7587717,7943,3056535,2,1,66,0
0.30685923,-1.1891483,3.486825,7953,3067421,4,1,46,0
0.3885905,1.3874953,3.2907462,7954,3067421,5,1,47,0
0.490935,-0.0021231438,0,7961,3288083,0,1,5,0
0.490935,-0.0021231438,0,7965,3288084,0,1,5,0
0,0,0.41666666,7969,3306057,0,1,2,0
0,0,0,7977,3306818,0,1,1,0
0,0,0,7981,3306819,0,1,0,0
0.9406369,3.2841785,0.8333333,7985,3307732,0,1,2,0
0,0,7.9408436,7989,3307974,0,1,56,0
0,-3.390842E-06,0,7997,3308379,0,1,9,0
0.59240705,0,0.4162285,8001,3308380,0,1,10,0
0,-0.12660562,0,8005,3308381,0,1,4,0
0.05464349,-0.33117595,1.4691806,8009,3384392,0,1,6,0
1.5045593,3.1614964,0.8333333,8013,3384901,0,1,2,0
0,0,0,8033,3386208,0,1,0,0
0,0,1.841765,8041,3386214,0,1,3,0
1.1751168,0.007528676,2.0967937,8053,3036727,0,1,3,0
-0.891803,0.007528676,1.2156805,8054,3036727,1,1,4,0
0.59240705,0,1.282787,8061,3387985,0,1,3,0
0.6879012,0.2765808,3.8505309,8065,3387986,0,1,23,0
0,-3.390842E-06,0,8069,3387987,0,1,9,0
0,0,0.4284394,8074,3387668,0,1,3,0
0,0,0,8079,3390954,0,1,0,0
0.95237756,0.24717055,0,8087,3260552,0,1,3,0
0.95237756,0.0018060473,0.26623473,8088,3260552,1,1,4,0
0.95237756,-0.23488607,0,8089,3260552,2,1,5,0
0.95237756,0.0073251724,-0.28939417,8090,3260552,3,1,6,0
0.49950442,0.0034876834,0.020319149,8105,3307325,0,1,47,0
0,0,0.61761135,8114,3386212,0,1,3,0
0,-0.040400486,7.5864434,8119,3447640,0,1,5,0
0,0,0,8124,3447650,0,1,3,0
0,0,0,8129,3447648,0,1,0,0
0,0,0,8134,3447652,0,1,5,0
0,0,0,8144,3454651,0,1,0,0
0,0,0,8149,3454652,0,1,4,0
0.15989633,-0.7211736,-0.0022400883,8159,3454654,0,1,9,0
1.6644398,0,0.062300365,8170,3454657,0,1,23,0
0.15989654,0,-0.0022401016,8179,3454658,0,1,2,0
0,0,0.74680454,8189,3454662,0,1,47,0
0,0,0.74680454,8194,3454663,0,1,19,0
0,0,0.22116937,8199,3454665,0,1,21,0
0,0,0,8204,3461698,0,1,8,0
0,0,0,8270,3476729,0,1,4,0
0,0,0,8282,3483466,0,1,0,0
0,0,0.2777778,8288,3483468,0,1,0,0
0,0,0.2777778,8294,3483472,0,1,0,0
0.25568283,0,1.4250985,8300,3483474,0,1,9,0
0,-0.12660562,0,8306,3486620,0,1,13,0
0.20467609,0,0.24215879,8312,3486621,0,1,8,0
-0.12788752,0,1.1090044,8318,3488284,0,1,72,0
-10.816322,17.493202,36.416843,8344,3450621,0,1,12,0
24.81815,9.61478,46.771748,8345,3450621,1,1,13,0
19.413273,-18.667233,32.709682,8346,3450621,2,1,14,0
-24.45121,-6.252547,35.9646,8347,3450621,3,1,15,0
25.630411,-16.192163,12.64677,8348,3450621,4,1,16,0
-22.776096,-25.965702,12.309045,8349,3450621,5,1,17,0
-19.946114,10.721244,20.433294,8350,3450621,6,1,18,0
13.574827,25.11806,46.47378,8351,3450621,7,1,19,0
10.429315,-14.700245,50.92633,8352,3450621,8,1,20,0
-4.3746324,7.6752763,75.18804,8353,3450621,9,1,21,0
-11.547261,-32.246475,31.388773,8354,3450621,10,1,22,0
0.085294,0.03869094,0.45975983,8390,3486887,0,1,17,0
0.64767116,-0.11588584,0.33523667,8396,3486888,0,1,4,0
0.08529401,-0.023939027,0.40975633,8402,3486889,0,1,1,0
-0.34396425,0.032950144,0.41734144,8408,3486890,0,1,1,0
0.21185306,0.12899745,0.44307244,8420,3486892,0,1,6,0
0.7205722,0,0,8426,3487815,0,1,35,0
-1.5948453,0,0,8432,3487816,0,1,35,0
0,0,0.6524514,8438,3487817,0,1,3,0
0,-0.040400486,7.5864434,8444,3489769,0,1,7,0
1.4118584,0,0,8450,3454653,0,1,15,0
0.59240705,0,0.4162285,8456,3490108,0,1,16,0
0,-0.12660562,0,8462,3490420,0,1,19,0
0.3334179,0,0.29336104,8468,3490421,0,1,14,0
-0.71459717,0,2.946385,8474,3490644,0,1,46,0
0.1013021,-0.07083886,2.8087618,8480,3036107,0,1,1,0
0.9816535,0,0,8486,3492058,0,1,7,0
0,0,0,8492,3500238,0,1,0,0
0,0,0,8498,3500239,0,1,0,0
0.9816535,0,0,8504,3500240,0,1,14,0
0,0,0,8510,3501762,0,1,6,0
0,0,0,8516,3501803,0,1,2,0
-0.73280054,1.122903,257.88492,8522,3014378,0,1,70,0
0,0,0,8528,3454655,0,1,4,0
0.31210008,0,0,8534,3502077,0,1,9,0
0,0,0,8540,3502078,0,1,0,0
0,0,0.1323782,8552,3510681,0,1,4,0
-1.0080912,0.003211765,-0.013419417,8558,3511043,0,1,5,0
0,0,0.2777778,8564,3511228,0,1,28,0
-0.012502883,0,3.7667491,8594,3514168,0,1,12,0
-0.2900495,0.050179668,-0.11591742,8600,3515059,0,1,11,0
0,0,0,8606,3515060,0,1,1,0
5.6980023,7.956959E-06,1.2293562,8612,3516963,0,1,3,0
0,0,0,8618,3522396,0,1,1,0
20.675606,-2.4101055,680.53687,8624,3152481,0,1,25,0
0,0,0.97474015,8630,3525405,0,1,0,0
19.838062,-0.03810938,33.845768,8636,3486911,0,1,52,0
19.838062,-0.03810938,33.845768,8642,3525400,0,1,52,0
6.971335,47.623188,72.98161,8648,3525402,0,1,23,0
0,0,0,8654,3526880,0,1,0,0
-0.29004955,0.050179675,-0.11591742,8660,3526881,0,1,2,0
0,0,0,8666,3526882,0,1,3,0
0.04607427,-4.725339,1.1831342,8672,3036722,0,1,4,0
0,0,0,8678,3531930,0,1,3,0
5.6980023,7.956959E-06,1.2293562,8684,3533244,0,1,3,0
1.8872899,0,1.3903215,8690,3522547,0,1,3,0
0,1.2053934,40.612656,8698,3534058,0,1,43,0
-0.0031573144,-1.1892378,40.612656,8699,3534058,1,1,44,0
1.9259095,0.10733923,10.389437,8716,3509617,0,1,6,0
1.5340216,-0.053215027,14.031508,8717,3509617,1,1,7,0
8.325033,-1.714625,3.3471446,8718,3509617,2,1,8,0
8.325033,1.7176003,2.8220952,8719,3509617,3,1,9,0
12.166177,0.094728045,4.485217,8720,3509617,4,1,10,0
-0.40101436,0,2.4875576,8738,3535914,0,1,7,0
0,0,1.1647865,8744,3535916,0,1,3,0
0,0,0.45553747,8750,3536044,0,1,6,0
0.5434593,0,2.1271873,8756,3500354,0,1,174,0
1.0638613,0,0.78372127,8762,3522548,0,1,3,0
0,1.2053933,40.612656,8770,3536439,0,1,43,0
0,-1.1307657,40.612656,8771,3536439,1,1,44,0
0,0,0.10143414,8780,3540150,0,1,24,0
0,1.2053934,40.612656,8788,3540683,0,1,52,0
0,-1.1421372,40.612656,8789,3540683,1,1,53,0
0,0,2.1852262,8798,3540722,0,1,24,0
-0.5683992,0,0,8804,3386210,0,1,10,0
0.20467609,0,0.32225657,8812,3544802,0,1,4,0
0.20467609,0,0.32225657,8813,3544802,1,1,5,0
0,-0.00088712905,1.4652168,8822,3536974,0,1,1,0
0,-0.00088712905,1.4652168,8828,3536975,0,1,1,0
0,0,0,8834,3546660,0,1,6,0
-0.3483768,0,0.33425802,8840,3546661,0,1,3,0
0,-1.5355684,0.3829618,8848,3546663,0,1,16,0
0,1.5277778,0.3829618,8849,3546663,1,1,17,0
0,0,0,8858,3546665,0,1,1,0
-0.07972387,0.72893226,1.02972,8864,3546736,0,1,2,0
0,0,0.9085524,8870,3550746,0,1,0,0
0,0,0,8876,3550747,0,1,0,0
0,0,1.6312693,8882,3554199,0,1,24,0
-0.023115052,-1.296951,6.9412937,8890,2972423,0,1,3,0
-0.023115052,1.4342009,6.9412937,8891,2972423,1,1,4,0
-0.023115052,-1.296951,6.9412937,8900,2991258,0,1,2,0
-0.015736474,0.041331187,6.9412937,8906,3028653,0,1,4,0
-0.5918438,0.013562561,0.7932866,8912,3509688,0,1,2,0
-2.988811,-0.003151953,-0.97869533,8918,3481103,0,1,1,0
-0.73502773,1.1209488,257.8582,8926,3555905,0,1,45,0
-0.73279995,1.1229028,257.8849,8927,3555905,1,1,46,0
0,0,0.15126885,8936,3556380,0,1,49,0
0.6666688,0,0,8942,3556463,0,1,12,0
0,0,0,8948,3556464,0,1,3,0
0.6666688,0,0,8954,3556465,0,1,9,0
0.10571353,1.2607316,41.282295,8968,3564330,0,1,49,0
0.10571353,-1.1400942,41.282295,8969,3564330,1,1,50,0
0,0,1.8634139,8979,3565383,0,1,6,0
-0.5683992,0,0,8986,3483470,0,1,7,0
0.59240705,0,0.4162285,9000,3566571,0,1,15,0
0,0,0.15126885,9007,3566573,0,1,3,0
0.59240705,0,0.4162285,9014,3566759,0,1,9,0
0,0,0,9021,3566574,0,1,0,0
0,0,-0.19783528,9028,3566575,0,1,3,0
0,0,0.13562436,9035,3567945,0,1,5,0
0.20467609,0,0.24215879,9042,3567971,0,1,1,0
-0.86151695,1.1024725,0.22772391,9052,3566445,0,1,34,0
-0.86151695,-1.12143,0.22772391,9053,3566445,1,1,35,0
0,0,0,9063,3566447,0,1,3,0
0,0.96443164,-0.011468341,9076,3566448,0,1,20,0
0,-0.9722222,-0.011468341,9077,3566448,1,1,21,0
0,0,0.28323236,9078,3566448,2,1,0,0
0,0,0.46697256,9091,3571662,0,1,0,0
-0.17554638,-1.720334,-3.8222058,9098,2991261,0,1,4,0
1.158763,2.5283759,0.12075821,9105,3578437,0,1,5,0
-0.069802515,0,2.237537,9119,3049899,0,1,182,0
0,0,0.27159956,9126,3454664,0,1,14,0
-0.042058904,0,0,9133,3580901,0,1,7,0
0,0,0.74680454,9140,3580905,0,1,7,0
0.3089151,0,1.5272484,9147,3581780,0,1,13,0
0,-0.12660562,0,9154,3581781,0,1,4,0
1.5284202,0,0.18424286,9161,3579916,0,1,16,0
1.5073174,-0.12660562,0.19596833,9168,3579917,0,1,7,0
-0.7480994,1.0736203,0.6952793,9178,3582017,0,1,10,0
-0.11635537,0.07570092,0.94850713,9179,3582017,1,1,3,0
0,0,0.41257784,9189,3582018,0,1,0,0
0,0,0,9196,3582019,0,1,0,0
1.1163514,0,1.630726,9203,3181766,0,1,2,0
0,0,0,9210,3589670,0,1,2,0
0,0,0,9217,3589671,0,1,9,0
0,0,0.46697256,9224,3589674,0,1,2,0
2.6876748,-0.000688138,4.2420087,9231,3542680,0,1,37,0
0.41089597,0,3.1144376,9238,3192168,0,1,79,0
0,0,0,9245,3580399,0,1,2,0
0,0,0,9252,3580400,0,1,2,0
0,0,0,9259,3595319,0,1,19,0
-0.5894286,0,0.83066785,9266,3595320,0,1,9,0
0,0,0.97474015,9273,3595321,0,1,0,0
0,0,0,9280,3595323,0,1,0,0
-0.0044926605,0.0011602377,3.2953358,9287,3311515,0,1,10,0
0,0.015245097,4.763334,9294,3158890,0,1,45,0
0,0.015245097,3.9406884,9301,3196754,0,1,24,0
0,0.015245097,3.9406884,9308,3204690,0,1,25,0
0,0.015245097,4.543592,9315,3204691,0,1,26,0
0,0,0,9322,3604184,0,1,0,0
0,0,0.56043816,9329,3604185,0,1,2,0
0,0,0.56043816,9336,3604186,0,1,3,0
0,0,0.56043816,9343,3604187,0,1,1,0
0,0,0.56043816,9350,3604188,0,1,2,0
0.17593093,-1.7980504,1.8442606,9357,3605026,0,1,3,0
0,0,0,9364,3605027,0,1,0,0
-0.22688124,0,0,9371,3605028,0,1,2,0
0,0,0.49784803,9378,3605029,0,1,5,0
-33.254063,-35.627777,2.6297615,9388,3601357,0,1,38,0
33.871902,35.627777,2.6297615,9389,3601357,1,1,39,0
0,0,0,9399,3609351,0,1,5,0
2.2233944,0.005699079,37.13148,9409,3536439,2,1,45,0
-2.2296188,0.005699079,37.13148,9410,3536439,3,1,46,0
0,0,0.6721783,9420,3612502,0,1,5,0
2.2233942,0.0056990786,37.13148,9430,3540683,2,1,54,0
-2.229619,0.0056990786,37.13148,9431,3540683,3,1,55,0
2.2233944,0.005699079,37.13148,9444,3534058,2,1,45,0
-2.2296188,0.005699079,37.13148,9445,3534058,3,1,46,0
2.3291082,0.005698867,37.80112,9458,3564330,2,1,51,0
-2.123905,0.005698867,37.80112,9459,3564330,3,1,52,0
0.043822065,0,1.7881925,9469,3038702,0,1,247,0
0.011464304,0.010790401,2.3160632,9476,3613783,0,1,5,0
0.011464304,0.010790401,2.3160632,9483,3613784,0,1,5,0
0.011464304,0.010790401,2.3160632,9490,3613785,0,1,5,0
-0.60577875,0.0011602377,3.2953358,9497,3616659,0,1,17,0
0,0,0.6745878,9504,3616943,0,1,1,0
7.260215,-2.563163,21.16193,9540,3577911,0,1,29,0
-6.0803986,2.1762538,20.693398,9541,3577911,1,1,30,0
1.4819162,8.684882,21.123749,9542,3577911,2,1,31,0
-3.046708,-5.342829,20.734467,9543,3577911,3,1,32,0
-2.7047265,6.8684106,33.223217,9544,3577911,4,1,33,0
1.5978385,-6.3915505,34.09022,9545,3577911,5,1,34,0
0,0,0.6524514,9567,3620244,0,1,1,0
0,0,0,9574,3620608,0,1,2,0
-5.547155,4.4968276,30.61431,9608,3577911,6,1,35,0
-1.7774045,9.384212,30.673906,9609,3577911,7,1,36,0
-0.9036736,-4.839955,31.724396,9610,3577911,8,1,37,0
5.219511,-6.6667047,31.157373,9611,3577911,9,1,38,0
-10.015484,-7.486325,38.97602,9612,3577911,10,1,39,0
-3.992133,-10.84906,38.97602,9613,3577911,11,1,40,0
-8.457011,-2.3930364,38.97602,9614,3577911,12,1,41,0
-8.096105,-6.6065288,43.155937,9615,3577911,13,1,42,0
-12.942581,8.897093,26.885567,9616,3577911,14,1,43,0
-5.901185,-8.669649,31.098497,9617,3577911,15,1,44,0
0.44179025,0,-0.010116366,9654,3621065,0,1,23,0
0.7919874,0,-0.010116366,9655,3621065,1,1,2,0
0.7919874,0,-0.010116366,9668,3621066,0,1,1,0
-1.2248764,0,-0.010116366,9669,3621066,1,1,2,0
-0.002821181,-8.138021E-05,2.9759111,9727,3610995,0,1,1,0
21.574219,-35.927856,-6.4781904,9728,3610995,1,1,2,0
-21.574219,-35.927856,-6.4781904,9729,3610995,2,1,3,0
21.574219,35.927856,-6.4781904,9730,3610995,3,1,4,0
-21.574219,35.927856,-6.4781904,9731,3610995,4,1,5,0
-0.002821181,-49.389675,6.47819,9732,3610995,5,1,6,0
-0.002821181,49.389675,6.47819,9733,3610995,6,1,7,0
49.38965,-0.0028211805,6.47819,9734,3610995,7,1,8,0
-49.38965,-0.0028211805,6.47819,9735,3610995,8,1,9,0
35.472004,21.85157,-6.4781904,9736,3610995,9,1,10,0
35.472004,-21.851572,-6.4781904,9737,3610995,10,1,11,0
-35.472004,21.85157,-6.4781904,9738,3610995,11,1,12,0
-35.472004,-21.851572,-6.4781904,9739,3610995,12,1,13,0
-53.183758,52.064182,-1.0046661,9740,3610995,13,1,14,0
-53.183758,-52.064182,-1.0046661,9741,3610995,14,1,15,0
53.183758,52.064182,-1.0046661,9742,3610995,15,1,16,0
53.183758,-52.064182,-1.0046661,9743,3610995,16,1,17,0
-17.19355,0.005699079,1.3889955,9798,3622458,0,1,1,0
-22.603777,0.005699079,1.3889955,9805,3622459,0,1,2,0
-22.603777,0.005699079,1.3889955,9812,3622460,0,1,2,0
-17.19355,0.005699079,1.3889955,9819,3622485,0,1,1,0
-0.24503548,-0.12660562,0,9833,3621949,0,1,3,0
0.5112644,0,0.055555556,9840,3638187,0,1,3,0
-0.37298274,0,0.95961064,9847,3641045,0,1,3,0
-1.6550506,0.015245495,1.9195815,9854,3598955,0,1,91,0
0.8232475,0,0.58433145,9861,3642555,0,1,1,0
0,0,0.45553747,9868,3642556,0,1,5,0
0,0,0,9875,3642557,0,1,0,0
0,0,0,9882,3669920,0,1,3,0
0,0,0,9889,3669921,0,1,6,0
0,0,0.9583842,9896,851878,0,1,1,0
0,0,0.9583842,9903,942547,0,1,1,0
0.10430096,-0.010336025,1.3256606,9910,972312,0,1,5,0
0,0,1.7327226,9924,1113727,0,1,2,0
0,0,1.6776378,9931,1269802,0,1,3,0
0,0,0.98439544,9938,2341263,1,1,3,0
0,0,1.5603622,9945,2445841,1,1,4,0
-0.99161965,-0.7038605,2.8274908,9955,3063197,0,1,72,0
-0.99161965,0.7066939,2.8274908,9956,3063197,1,1,73,0
0,0,2.2063181,9966,3656198,0,1,2,0
0,0,0.15126885,9973,3671588,0,1,0,0
1.1753069,-0.012617324,3.8481212,9977,3308585,0,1,6,0
2.249097,0.11903585,1.9468352,9981,3580603,0,1,40,0
0,0,0.9275022,9985,3671299,0,1,52,0
0.5112644,0,0.16666667,10026,3671940,0,1,5,0
0,0,0,10033,3677421,0,1,1,0
0.2071869,-0.06063055,1.8497845,10040,3196574,0,1,161,0
0,0,1.060475,10047,3692300,0,1,2,0
-0.4903518,0,0,10054,3692301,0,1,8,0
0,0,1.2961913,10061,3155215,0,1,2,0
0.0017038981,-0.032689624,2.1729047,10068,3257513,0,1,2,0
0.34378636,0,0.1842429,10075,3700896,0,1,18,0
0,0,1.1647865,10082,3701818,0,1,3,0
0,0,0,10089,3671301,0,1,4,0
0,0,0,10096,3671303,0,1,3,0
3.1177614,0.021736529,8.133865,10106,3233661,0,1,85,0
4.269081,0.046738546,7.7749186,10107,3233661,1,1,86,0
0,0,0.45553747,10117,3718884,0,1,5,0
0,0,0.41666666,10124,3719039,0,1,2,0
7.031557,-1.7984883,3.2560475,10134,3534289,0,1,1,0
7.031557,2.0516777,3.661323,10135,3534289,1,1,2,0
1.1031464,-4.361304,3.050267,10148,3721093,0,1,3,0
1.1031464,4.095871,3.050267,10149,3721093,1,1,4,0
3.3050156,0.10733923,6.2665296,10159,3509617,5,1,11,0
0.09043233,0,1.2444649,10166,3516965,0,1,23,0
4.2719684,4.9710016,-1.2272221,10173,3534291,0,1,5,0
-0.07249323,6.6529336,-1.2272221,10180,3534292,0,1,5,0
-3.992574,4.36574,-1.2272221,10187,3534293,0,1,5,0
-6.3814435,-0.19970568,-1.8426772,10194,3534294,0,1,5,0
-5.0851474,-5.223553,-0.36666912,10201,3534295,0,1,5,0
-0.40462652,-5.2235527,0.06573571,10208,3534296,0,1,5,0
4.0889335,-4.6707597,-1.1632118,10215,3534297,0,1,5,0
0,-6.257326,0,10225,3516964,0,1,24,0
0,4.445747,0.077111155,10226,3516964,1,1,43,0
0,0,3.4963717,10236,3676575,0,1,94,0
0,0,0,10243,3732776,0,1,2,0
-0.03384047,0.034243267,0.42867815,10250,987238,0,1,3,0
0,0,0.26909277,10257,987242,0,1,3,0
0,0,0.26909277,10264,987244,0,1,3,0
0.10744129,-0.075997666,0.33335024,10274,3744980,0,1,4,0
-0.02617377,0.021110095,0.13474661,10275,3744980,1,1,5,0
0.22463661,-3.390842E-06,0,10297,3756362,0,1,8,0
0.22463661,-3.390842E-06,0,10303,3756363,0,1,6,0
0,0,0.2423159,10310,1815222,0,1,2,0
0.25568283,0,1.4250985,10317,3794665,0,1,13,0
0.20811519,0.0010083796,1.3637035,10323,3806780,0,1,17,0
0,0,0,10333,3793507,0,1,1,0
0,0,0,10338,3819777,0,1,17,0
0.490935,-0.0021231438,0,10368,3819874,0,1,5,0
0.490935,-0.0021231438,0,10373,3819887,0,1,5,0
0,0,0,10393,3819910,0,1,16,0
-0.0056989165,-2.7608998,-12.497771,10437,3851831,0,1,1,0
0.22463651,0,0.8646974,10443,3852269,0,1,4,0
0.22463661,-3.6027698E-06,0.73213434,10449,3852346,0,1,3,0
0.192136,0.0043117204,0.627755,10455,3855982,0,1,16,0
0.09049902,0.034307,0.32852855,10459,3857131,0,1,5,2.5796623
0.90571564,-0.07441756,2.0890293,10469,3743312,0,1,175,0
0.34453517,-0.0059878295,0.42388248,10477,3866273,0,1,25,0
-0.18479367,-0.0059878295,0.54242516,10478,3866273,1,1,26,0
0,0,-0.036209635,10487,3870744,0,1,18,0
0,0,0.03620963,10493,3870750,0,1,1,0
0,0,0.2777778,10499,3870753,0,1,3,0
0.023254124,-0.30652633,0.31059343,10505,3866274,0,1,29,0
0,0,0,10511,3885987,0,1,16,0
-0.0044926605,0.0011602377,4.3249044,10517,3846111,0,1,11,0
0.3383925,-0.00029400323,0.41560093,10523,3866275,0,1,31,0
-0.004626675,-0.00819951,1.7767023,10567,3921762,0,1,5,0
0.013803052,-0.91289735,3.8175828,10568,3921762,1,1,6,0
0.013803052,1.0337801,3.8175828,10569,3921762,2,1,7,0
-0.0702727,0.12941644,1.2344393,10579,3857129,0,1,5,0
-0.0020103094,0.008163706,0.7948535,10594,3931002,0,1,17,0
3.0219295,-0.051199052,3.4080331,10614,3857123,0,1,4,0
-0.057714675,0,0.17848036,10640,3937755,0,1,6,0
1.037588,-0.02400901,0.8262771,10650,3851424,0,1,130,0
-19.957819,0.005699079,-86.73064,10657,3946044,0,1,1,0
0.4543459,0.032480102,0.5913672,10663,3025282,0,1,15,0
0,0,0.19897634,10669,3948564,0,1,25,0
5.437851,0.1254893,-0.81568295,10675,3948798,0,1,5,0
0,3.872439E-06,0,10681,3948799,0,1,7,0
0,3.8724393E-06,0,10687,3948800,0,1,7,0
-2.603834,-4.7896028,-0.25361317,10693,3948801,0,1,5,0
0,3.872439E-06,0,10699,3948802,0,1,7,0
-2.8935263,5.016867,0.00045375412,10705,3948817,0,1,5,0
0,0,0.41666666,10711,3952538,0,1,4,0
0,0,0,10717,3952539,0,1,14,0
0,0,0.41666666,10723,3952540,0,1,4,0
0,0,0.41666666,10729,3952541,0,1,3,0
0.44810116,0.009977118,0.008390946,10749,3980280,0,1,11,0
0.44810116,0.009977118,0.008390946,10755,3980281,0,1,13,0
-4.3933673,0,0.5555556,10761,3987147,0,1,18,0
0.03030763,0,0.33265677,10770,4005146,0,1,9,0
-0.069802515,0,2.237537,10776,4005939,0,1,181,0
0.05100018,0.07488707,0.04117033,10780,4006618,0,1,1,0
0.05100019,0.07488707,0.041170333,10784,4006621,0,1,2,0
0.05100018,0.07488707,0.04117033,10785,4006621,1,1,6,0
0.30997968,0,0,10792,4006622,0,1,1,0
0.30997968,0,0,10796,4006623,0,1,9,0
0,0,0,10797,4006623,1,1,1,0
0,0,0.41666666,10823,4008202,0,1,2,0
0,0,0,10830,4008203,0,1,4,0
0,0,0.41666666,10837,4008204,0,1,3,0
0,0,0.2777778,10844,4008208,0,1,27,0
0.32946807,0,2.936544,10854,4015814,0,1,80,0
2.8608174,0,2.3581612,10855,4015814,1,1,81,0
5.744181,0,1.6944242,10856,4015814,2,1,82,0
0,0,0,10868,4025150,0,1,0,0
0,-0.040400486,7.5864434,10874,4025152,0,1,6,0
0,0,0.61761135,10880,4025153,0,1,0,0
-0.13949482,0.055146325,5.579833,10884,4034319,0,1,20,0
0.3373999,0.013272045,5.4051466,10892,4034321,0,1,21,0
-0.038893037,0.04269478,5.4597354,10896,4034322,0,1,20,0
-0.069802515,0,2.237537,10902,4034985,0,1,174,0
-0.37298274,0,0.95961064,10909,4035281,0,1,3,0
0,0,0.2777778,10915,4035002,0,1,0,0
-0.5683992,0,0,10921,4036992,0,1,11,0
0.7652337,0,0.3543618,10927,4036880,0,1,12,0
0,0,4.2034416,10935,4037579,0,1,5,0
0,0,12.931492,10936,4037579,1,1,6,0
0.13414595,0.00054232095,4.203442,10947,4037580,0,1,5,0
0.13414595,0.00054232095,12.931493,10948,4037580,1,1,6,0
0,3.8724393E-06,-0.02761646,10956,3923432,0,1,7,0
-0.21287505,0.005798407,0,10961,3923433,0,1,8,0
0,3.8724393E-06,1.0028814,10966,4039280,0,1,8,0
-0.0016200489,0.00032929363,1.1571537,10971,4039282,0,1,8,0
0,3.8724393E-06,1.0028814,10976,4039284,0,1,7,0
0,3.8724393E-06,-0.02761646,10981,4039286,0,1,7,0
0,3.8724393E-06,-0.02761646,10986,4039288,0,1,7,0
0,0,1.1111112,10992,3987162,0,1,2,0
0,0,1.1111112,10998,4005281,0,1,3,0
-4.4182076,-7.652576,0.42844364,11004,4044312,0,1,38,0
0.44810116,0.009977118,0.008390946,11010,4050772,0,1,7,0
0.44810116,0.009977118,0.008390946,11016,4050773,0,1,1,0
1.6107864,0,2.5722184,11024,4046563,0,1,14,0
1.1834527,0.18342283,4.4903398,11025,4046563,1,1,15,0
0,0,3.4935303,11034,4058680,0,1,9,0
0,0,0.2777778,11040,4058681,0,1,3,0
0,0,0,11046,4058685,0,1,2,0
0,0,0.6458863,11052,4056275,0,1,3,0
0,0,0.6458863,11058,4056276,0,1,4,0
0,0,0.6458863,11064,4056277,0,1,3,0
0,0,0.6458863,11070,4056278,0,1,6,0
0,0,0.6458863,11076,4056285,0,1,5,0
3.3913612,0.078111,0.12333325,11088,4061154,0,1,107,0
0.45954058,0,0,11100,4061731,0,1,5,0
-0.05543603,0.069001384,3.756807,11106,4034966,0,1,4,0
-3.1964839,0.35597935,3.4407427,11107,4034966,1,1,5,0
3.1964839,0.35597935,3.5614166,11108,4034966,2,1,6,0
0,0,2.4352074,11120,4069552,0,1,0,0
0,3.872439E-06,0,11126,4069553,0,1,12,0
0.22365329,-3.390842E-06,0.05010467,11132,4070281,0,1,7,0
0.21783777,-3.390842E-06,0.11002652,11138,4070282,0,1,9,0
0.35367966,-0.12534066,0.60652524,11144,4070283,0,1,7,0
-0.0053054756,-3.390842E-06,0.0727599,11150,4070285,0,1,7,0
0.21783777,-3.390842E-06,0.11002652,11156,4070286,0,1,9,0
-0.0053054756,-3.390842E-06,0.0727599,11162,4070287,0,1,7,0
0.22365329,-0.15817858,0.11486266,11168,4070288,0,1,7,0
0.22365329,0.1630015,0.11486266,11174,4070289,0,1,7,0
0.21783777,-3.390842E-06,0.11002652,11180,4070284,0,1,9,0
-0.0012698174,-0.005490303,0.8338916,11194,3760793,0,1,67,0
-0.07006271,0.2840989,0.78285074,11204,3936826,0,1,3,0
-0.025367806,0.12237786,1.0712532,11208,3936827,0,1,2,0
0.41089624,0,3.114438,11215,4061154,1,1,87,0
0,0,0.37402853,11219,4078534,0,1,5,0
0,0,0.37402853,11223,4078535,0,1,2,0
-0.057714675,0,4.1038213,11227,4078536,0,1,4,0
0,3.872439E-06,0.046296764,11234,4079148,0,1,8,0
-0.30932066,0,0,11238,4078531,0,1,0,0
0.90571564,-0.07441756,2.2888567,11245,3846310,0,1,153,0
0.33246136,0,0.6732436,11252,4050665,0,1,75,0
0.92199063,0.3821798,5.7472596,11253,4050665,1,1,52,0
5.251423,2.8266518,0.19132964,11254,4050665,2,1,53,0
-0.30932066,0,0,11264,4078532,0,1,1,0
0.09166818,0.11647563,0.11887787,11268,4184657,0,1,4,0
0.09166818,0.11647563,0.1462384,11269,4184657,1,1,5,0
360.9746,-0.040359177,0.26727483,11284,4068727,0,1,14,0
239.09985,-0.04041357,0.26727483,11285,4068727,1,1,15,0
-360.9746,0.040359177,0.26727483,11286,4068727,2,1,16,0
-239.09985,0.04041357,0.26727483,11287,4068727,3,1,17,0
0.04015356,0,0.7298146,11326,4184656,0,1,9,0
0,0,5.6876965,11332,4186245,0,1,9,0
0,0,4.1967263,11336,4034972,0,1,3,0
0.2071869,-0.06063055,1.8497845,11348,4207517,0,1,157,0
0.3469137,0,0,11352,4208669,0,1,2,0
0,0,0,11356,4208670,0,1,1,0
0,0.0951889,7.4762106,11360,4034973,0,1,5,0
0,0,0,11364,4208667,0,1,4,0
0,0,0,11365,4208667,1,1,11,0
0.34691358,0,0,11372,4208668,0,1,6,0
0,0,0,11373,4208668,1,1,7,0
0,0.0951889,7.4762106,11380,4211361,0,1,3,0
0,0.0951889,7.4762106,11384,4211362,0,1,3,0
0.12434133,0,1.0712823,11388,4212008,0,1,11,0
0.21185306,0.06815253,0.48300055,11396,3486891,0,1,6,0
0,0,-10.604475,11400,4214321,0,1,3,0
0,0,-6.215912,11404,4214322,0,1,3,0
2.7072136,0,-3.7796853,11408,4214323,0,1,3,0
0,-0.12434133,1.0712823,11412,4214664,0,1,10,0
0.11806169,0,0,11416,4215761,0,1,1,0
0.34691358,0,0,11420,4215762,0,1,3,0
0.34691358,0,0,11424,4215763,0,1,6,0
-0.36730897,0,0,11425,4215763,1,1,7,0
0.11713595,0,0,11432,4215764,0,1,4,0
0.11806169,0,0,11433,4215764,1,1,7,0
0,0,0.2777778,11442,4215778,0,1,6,0
-0.018123759,-0.00032797127,0.002741769,11453,2994778,1,1,25,0
0,-0.12434133,1.0712823,11457,4218917,0,1,19,0
0,0,0,11463,3819947,0,1,8,0
-0.0044926605,0.0011602377,3.2953358,11469,4224813,0,1,10,0
0.44304386,-0.028148195,1.6393105,11476,4061989,0,1,68,0
0.95822906,1.18457,1.2689996,11488,2618874,0,1,74,2.0833333
0.9270808,-1.201002,1.2675825,11489,2618874,1,1,75,2.0833333
-0.7069928,1.1980255,1.2669866,11490,2618874,2,1,76,2.0833333
-0.73752975,-1.1814942,1.2682095,11491,2618874,3,1,77,2.0833333
0,0,0.13562436,11506,4226687,0,1,2,0
0,-0.1243414,0.84814423,11513,4096364,0,1,138,0
0,3.8724393E-06,0.0024804417,11525,4224814,0,1,7,0
0,3.8724393E-06,0.09356605,11531,4224815,0,1,7,0
0,0,0,11544,4235302,0,1,3,0
0.10744131,-0.0426527,0.79805535,11552,4236950,0,1,7,0
-0.02617375,0.05445506,0.5994517,11553,4236950,1,1,8,0
0,0,0,11568,4236870,0,1,14,0
0.055507343,-0.06654482,0.33335024,11576,4238519,0,1,1,0
-0.07810773,0.030562958,0.13474661,11577,4238519,1,1,2,0
6.457644,-0.31612816,3.7910733,11588,4235327,0,1,5,0
0,0,-0.07662303,11596,4259620,0,1,6,0
0,0,0,11602,4272468,0,1,0,0
0,0,0.59288704,11608,4272469,0,1,2,0
0,0,0,11614,4272470,0,1,0,0
0.9687802,-3.390842E-06,0.23309824,11622,4274735,0,1,17,0
-0.04586888,-30.366175,80.648315,11642,4238839,0,1,16,0
-18.551947,0.005699079,1.3889955,11643,4238839,1,1,10,0
-0.04586888,30.711708,80.648315,11644,4238839,2,1,17,0
18.551947,-0.0056974576,1.3889955,11645,4238839,3,1,11,0
0,0,0,11662,4279451,0,1,2,0
-0.05543603,0.08767984,3.1035607,11668,4034975,0,1,2,0
-0.05543603,0.08767984,3.1035607,11674,4280249,0,1,4,0
0,0,-4.1651597,11682,4284022,0,1,18,0
0,0,7.9408436,11690,4288526,0,1,52,0
0,0,0.44910923,11696,4293100,0,1,2,0
0,0,0,11702,4295709,0,1,0,0
0.9687802,-3.390842E-06,0.6356904,11710,4298393,0,1,16,0
0,0,1.1455841,11722,4322414,0,1,70,0
0,0,0,11728,4322798,0,1,6,0
0,0,0,11734,4324479,0,1,8,0
0,0,0,11740,4325273,0,1,0,0
0,0,0,11746,4325274,0,1,0,0
0,0,0.29448107,11752,4329687,0,1,0,0
0.30997968,0,0.9954259,11758,4329982,0,1,13,0
0.30997968,0,0.9954259,11764,4329983,0,1,7,0
0.30997968,0,0,11772,4329984,0,1,8,0
0,0,0,11773,4329984,1,1,0,0
0.6117216,-11.422397,1.400519,11788,4331836,0,1,15,0
0.6117216,12.340215,1.400519,11789,4331836,1,1,16,0
-0.8208517,0.8820444,1.4006488,11802,4329582,0,1,53,0
-0.8208605,-0.8820556,1.4006393,11803,4329582,1,1,54,0
0,0,0,11824,4332092,0,1,0,0
0,0,0,11831,4334639,0,1,1,0
0.57488334,0,1.8591546,11838,4335918,0,1,2,0
0,-0.040400486,0.26727486,11852,4336011,0,1,19,0
0,-0.0615,0.26727486,11853,4336011,1,1,20,0
0.37739557,-0.0615,0,11865,4336012,0,1,24,0
0,0,0,11872,4381157,0,1,5,0
0,0,0,11879,4381158,0,1,5,0
0,0,0,11886,4381159,0,1,5,0
0,0,0,11893,4381160,0,1,5,0
0,0,0,11900,4381161,0,1,5,0
0,0,0,11943,165816,0,1,4,0
0,0,0,11950,165817,0,1,4,0
0,0,0,11957,165953,0,1,3,0
0,0,0,11964,165954,0,1,4,0
0,0,0,11971,165988,0,1,3,0
0,0,0,11978,165989,0,1,4,0
0.05100019,0.07488707,0.041170333,11988,4390035,0,1,10,0
0.05100018,0.07488707,0.04117033,11989,4390035,1,1,16,0
0.39692274,0,0.98331434,11999,4390036,0,1,4,0
0.39692274,0,0.98331434,12006,4390037,0,1,3,0
0.05100019,0.07488707,0.041170333,12016,4391198,0,1,3,0
0.05100018,0.07488707,0.04117033,12017,4391198,1,1,7,0
6.2410073,0.009127225,7.2439303,12027,4391202,0,1,38,0
3.8177774,0.06956481,-0.2727045,12034,4391203,0,1,10,0
0.30997968,0,0.9954259,12041,4391866,0,1,4,0
0,-0.12434133,1.0712823,12048,4393209,0,1,63,0
4.0594397,0,1.1455841,12055,4395087,0,1,2,0
0.055507343,-0.06654482,0.33335024,12065,4238197,0,1,3,0
-0.07810773,0.030562958,0.13474661,12066,4238197,1,1,4,0
0,0,1.2385973,12076,4397271,0,1,18,0
1.5284202,0,0.18424286,12085,4416947,0,1,16,0
0,3.872439E-06,0,12094,3948799,1,1,8,0
0,3.448584E-06,0,12103,3948800,1,1,8,0
0,3.872439E-06,0,12112,3948802,1,1,8,0
0,-0.16321465,1.0294377,12119,166493,0,1,3,0
0,0,0.14938313,12126,166496,0,1,0,0
-0.0011813252,0,2.9720352,12133,4034982,0,1,18,0
-0.0011813386,0,-0.30725202,12140,4419133,0,1,18,0
0,0,0,12147,4419438,0,1,4,0
-7.0783826E-05,0,0,12154,4419710,0,1,3,0
0,0,0,12161,4419711,0,1,4,0
0,0,0.94586164,12168,4419714,0,1,2,0
0.1171359,0,0.69444424,12178,4419715,0,1,12,0
0.34691355,0,0.70531756,12179,4419715,1,1,17,0
-0.21945713,0,0,12192,4417909,0,1,0,0
0.30997968,0,0,12193,4417909,1,1,7,0
0,0,0,12206,4417910,0,1,2,0
0.05555555,0,0,12207,4417910,1,1,6,0
0.05555555,0,0,12217,4417911,0,1,2,0
0.30997968,0,0,12227,4417914,0,1,8,0
-0.21945713,0,0,12228,4417914,1,1,0,0
0,0,0,12238,4422395,0,1,0,0
0,0,0.05244075,12264,254262,0,1,0,0
0,0,0.05244075,12272,522087,0,1,0,0
0,0,0.05244075,12280,522089,0,1,0,0
0,3.872439E-06,0,12352,4478729,0,1,7,0
0,3.872439E-06,0,12353,4478729,1,1,8,0
0,0,0.4162285,12366,4425910,0,1,11,0
0,0,0.4162285,12380,4478714,0,1,4,0
0.34691364,0,0,12381,4478714,1,1,5,0
0.57189846,0.027891448,7.8468003,12394,4484375,0,1,96,0
-1.1453692,0.027891414,7.652056,12395,4484375,1,1,88,0
0,0,0,12405,4492658,0,1,3,0
0,0,0,12412,4492660,0,1,6,0
0.8857582,0,0.89742404,12422,4493297,0,1,14,0
-0.9718365,0,0.89742404,12423,4493297,1,1,15,0
0,0,0,12433,4495295,0,1,5,0
0.57189846,0.027891448,7.1995654,12443,4496325,0,1,87,1.118902
-1.1453692,0.027891414,7.004822,12444,4496325,1,1,78,1.118902
1.5187899,0,1.6191355,12457,4497525,0,1,17,0
-1.6663864,0,1.6191355,12458,4497525,1,1,18,0
0,0,1.2385916,12468,4497552,0,1,10,0
3.2318962E-06,0,2.0032423,12476,4497519,0,1,65,5.555556
3.8177774,0.06956481,-0.2727045,12484,4498264,0,1,2,0
0.55569863,0,2.4559703,12492,4498644,0,1,53,0
0.0016370349,0.0079762675,1.3554001,12500,4498646,0,1,9,0
1.4553111,0.18011104,1.9092911,12508,4498647,0,1,6,0
1.1409991,-0.008403861,2.9342074,12516,4498651,0,1,12,0
0.72587174,0,2.8646038,12524,4498652,0,1,5,0
0.26692498,-0.008845237,2.0519893,12532,4498653,0,1,1,0
0.6958042,-0.008845237,1.7737799,12540,4498654,0,1,5,0
0,-0.12434133,1.0712823,12548,4500295,0,1,9,0
0.11111111,0,0,12564,4498052,0,1,2,0
0,-0.12434133,1.0712823,12572,4500963,0,1,1,0
-1.8011643,7.8695407,7.7037745,12596,4501238,0,1,91,0
-1.8011652,-7.8695273,7.7037735,12597,4501238,1,1,92,0
-12.908265,0,6.2075486,12598,4501238,2,1,105,0
0.51392436,0.036590565,2.2607656,12612,4298402,0,1,5,0
0,0,0.1323782,12620,4499235,0,1,2,0
0.02422672,0.075554945,1.9127895,12628,4498649,0,1,26,0
0,-0.12660562,0,12636,4507691,0,1,3,0
0.21825224,0,0,12644,4507693,0,1,7,0
0,-0.12434133,1.0712823,12652,4507695,0,1,16,0
0,0,0,12660,4507703,0,1,3,0
0,0,0,12668,4507706,0,1,0,0
-0.057714675,0,4.1038213,12681,4511786,0,1,4,0
2.3569233,2.354867,1.5534853,12689,4381790,0,1,51,0
0.00014449008,0.031715248,2.0925987,12701,4438971,0,1,39,0
0,0.0037672254,2.0606432,12702,4438971,1,1,27,0
0.015224556,-0.009845906,0.8535419,12713,4280664,0,1,21,0
0,-0.004814201,1.9518926,12729,4466555,0,1,26,0
0.13442096,0.000519809,1.9407555,12730,4466555,1,1,27,0
0.13569601,0.00051978725,1.9407555,12731,4466555,2,1,38,0
0,0.0012228754,1.9119865,12745,4466556,0,1,25,0
0,0.0053707496,2.025276,12761,4466554,0,1,25,0
-0.28414136,0.041375596,10.720578,12773,4008156,0,1,52,0
-0.28428572,0.036294725,10.749481,12774,4008156,1,1,42,0
-0.13949458,0.055146325,10.791245,12785,4008157,0,1,40,0
0.3374001,0.013272045,10.772466,12801,4008158,0,1,41,0
0.3415848,0.013271979,10.772466,12802,4008158,1,1,51,0
-0.051936243,0.007937935,10.783604,12803,4008158,2,1,42,0
6.457644,-0.3161282,1.366882,12817,4523273,0,1,24,0
-0.24392973,0.037025083,10.78006,12833,4008159,0,1,40,0
0.362573,0,0.26501888,12841,4507709,0,1,12,0
0,0,1.5919427,12849,4524613,0,1,1,0
-15.195563,0.06979714,13.358213,12865,4526464,0,1,6,0
-17.618038,0.06979624,8.068295,12866,4526464,1,1,7,0
-21.495226,4.272418,3.7279358,12867,4526464,2,1,8,0
0,0,0.1323782,12881,4527715,0,1,3,0
0.21825224,0,0,12899,4507699,0,1,6,0
0.11713595,0,0,12911,4516615,0,1,4,0
0.11806169,0,0,12912,4516615,1,1,6,0
0,0,0.5556037,12939,4529351,0,1,4,0
-0.27945566,0,1.1455841,12963,4529355,0,1,2,0
0.11806169,0,0,12971,4529357,0,1,7,0
0.11806169,0,0,12979,4529356,0,1,1,0
0.09049902,0.034307,0.32852855,12987,4530704,0,1,5,0
1.7495713,-0.020182293,7.498687,13003,4532422,0,1,27,0
0,0,0,13019,4533314,0,1,0,0
0,0,1.6631557,13027,4533315,0,1,1,0
0.8632134,0,0.99388146,13035,4505146,0,1,7,0
0,0,0,13044,4499245,0,1,0,0
0,0,0.19364946,13052,4544400,0,1,29,0
-0.007976203,0.0030585395,12.421008,13060,4545939,0,1,7,0
-0.010193375,0.06931649,5.0842805,13068,4484677,0,1,22,0
-0.010193375,0.06931649,5.0842805,13076,4484906,0,1,14,0
-0.010193375,0.06931649,5.0842805,13084,4484907,0,1,14,0
-0.010193375,0.06931649,5.0842805,13092,4484908,0,1,22,0
-0.010193375,0.06931649,5.0842805,13100,4484909,0,1,22,0
-0.010193375,0.06931649,5.0842805,13108,4484910,0,1,14,0
-0.010193375,0.06931649,5.0842805,13116,4484911,0,1,14,0
-0.010193375,0.06931649,5.0842805,13124,4484912,0,1,22,0
0,0,0,13132,4547482,0,1,4,0
0,0,0,13140,4547483,0,1,4,0
0,0,0,13148,4547484,0,1,1,0
0,0,0,13156,4547485,0,1,1,0
0.34691358,0,0,13164,4547486,0,1,1,0
0.34691358,0,0,13172,4547487,0,1,1,0
0,0,-6.622738E-06,13180,4547489,0,1,16,0
0,0,-6.622738E-06,13192,4547490,0,1,12,0
0,0,-6.622738E-06,13193,4547490,1,1,13,0
0,0,1.1455841,13204,4548448,0,1,6,0
-1.5326021,0,0,13220,4550062,0,1,2,0
-1.5326021,0,0,13228,4550063,0,1,2,0
-1.5326021,0,0,13236,4550064,0,1,2,0
-1.5326021,0,0,13244,4550065,0,1,2,0
-1.5326021,0,0,13252,4550066,0,1,2,0
-1.5326021,0,0,13260,4550067,0,1,2,0
0,-0.4156377,22.79583,13268,4551526,0,1,7,0
0,0,0,13276,4550331,0,1,4,0
0,0.012844158,0.56480294,13284,4555851,0,1,4,0
0,0.013247407,0.56480294,13292,4555852,0,1,3,0
0.30997968,0,0,13306,4529358,0,1,6,0
-0.21945713,0,0,13307,4529358,1,1,1,0
0,-0.75410676,0.11111111,13326,4558003,0,1,14,0
0.5555556,-0.14299555,0.11800321,13327,4558003,1,1,15,0
-0.5555556,-0.14299555,0.11111111,13328,4558003,2,1,16,0
-0.040557664,0.033901613,6.0542746,13342,4570246,0,1,6,0
0,0,0,13354,4550334,0,1,0,0
0.18770762,0.034243267,-5.285852,13362,4568767,0,1,3,0
0.0019429127,-0.008343829,0.0019524893,13370,4508234,0,1,4,0
0.389606,0.013272045,0.06577292,13386,4508235,0,1,5,0
0.39379066,0.013271979,0.065773,13387,4508235,1,1,12,0
0.00026963817,0.007937935,0.07691044,13388,4508235,2,1,6,0
0.0048640836,0.00876326,-0.0010238223,13402,4508236,0,1,4,0
0.55569863,0,2.4559703,13410,4541191,0,1,53,0
1.4553111,0.18011104,2.4454463,13418,4541192,0,1,5,0
0.02422672,0.075554945,1.9127895,13426,4541193,0,1,26,0
1.1409991,-0.008403861,2.9342074,13434,4541196,0,1,12,0
0.72587174,0,2.8646038,13442,4541197,0,1,5,0
0.6958042,-0.008845223,1.7737799,13450,4541198,0,1,5,0
-0.011454963,0.008382546,-0.015109858,13462,4508233,0,1,12,0
-0.011599329,0.00330168,0.01379225,13463,4508233,1,1,6,0
-10.391215,8.559163,12.555337,13482,4620425,0,0,1,0
-3.164505,3.7036564,-0.8312942,13483,4620425,1,1,2,0
-5.2621713,-0.11154853,1.3375494,13484,4620425,2,1,3,0
0,-0.16666669,20.555555,13498,4419451,0,1,4,0
0,-0.16666669,20.555555,13506,4419452,0,1,4,0
0,-0.16666666,20.555553,13514,4419453,0,1,4,0
0,-0.16666669,20.555555,13522,4419454,0,1,4,0
0,-0.16666667,20.555555,13530,4419455,0,1,4,0
-21.495226,-4.0684733,3.7279358,13538,4526464,3,1,9,0
0,0,0,13546,4629522,0,1,0,0
-22.62582,0.06979624,6.023336,13582,4526464,4,1,10,0
-14.688775,5.6252203,10.676606,13583,4526464,5,1,11,0
-14.688775,-4.9356747,10.676606,13584,4526464,6,1,12,0
-6.3677945,8.804747,12.35593,13585,4526464,7,1,13,0
-6.3677945,-7.446945,12.35593,13586,4526464,8,1,14,0
-3.3769314,7.065904,20.922628,13587,4526464,9,1,15,0
-3.3769314,-6.573012,20.922628,13588,4526464,10,1,16,0
-13.005528,0.33489144,19.975275,13589,4526464,11,1,17,0
0,-0.16666666,24.677427,13618,4505417,0,1,7,0
0,0,4.5670614,13626,4631248,0,1,1,0
1.3242544,-17.143356,0,13638,4581082,0,1,2,0
1.4922417,18.447168,0,13639,4581082,1,1,3,0
0.10557969,0.07488706,0.041170344,13650,4637329,0,1,9,0
0,0,3.357978,13658,4640870,0,1,6,0
0,0,0.1323782,13666,4642660,0,1,3,0
0.011464304,0.010790401,2.3160632,13674,4640543,0,1,5,0
1.1111112,0,-1.50533,13682,4524612,0,1,3,0
0,0,0,13690,4644400,0,1,2,0
1.0340865,0.031945217,2.9289649,13698,4504453,0,1,1,0
0.31345695,0.031760078,0.11725,13710,4663428,0,1,53,0
0.28415814,0.033997048,7.521869,13711,4663428,1,1,45,0
-0.27945566,0,1.1455841,13722,4529153,0,1,10,0
0,0,0,13730,4662856,0,1,2,0
1.3636019,0,14.922455,13738,4628620,0,1,1,0
0.8857582,0,0.89742404,13750,4572369,0,1,11,3.019729
-0.9718365,0,0.89742404,13751,4572369,1,1,12,3.019729
2.4142087,0.008043916,2.4224503,13758,4673751,0,1,11,0
-2.5703397,0.008043916,2.4224503,13759,4673751,1,1,12,0
-0.13386154,0.2564173,0.9237667,13770,4438970,0,1,5,0
-0.13386154,0.2564173,2.0714471,13778,4485603,0,1,5,0
-0.13386154,0.2564173,2.0714471,13786,4485604,0,1,5,0
-0.13386154,0.2564173,2.0714471,13794,4485605,0,1,5,0
-0.9005823,2.2515912,3.8518872,13818,4675519,0,1,93,0
-0.90058285,-2.0156872,3.8518867,13819,4675519,1,1,94,0
-5.5832996,0,3.1037743,13820,4675519,2,1,112,0
0.13405256,-0.04772881,6.1358356,13835,4238197,2,1,5,0
-0.05543603,0.08767984,2.5945222,13844,4517624,0,1,1,0
-0.33358088,-1.9440087,0.6792111,13858,4438968,0,1,3,0
-0.17195638,0.38982984,0.6792111,13859,4438968,1,1,4,0
-0.17195638,-1.7470807,0.6792111,13876,4466548,0,1,4,0
-0.17195638,-0.06765292,0.6792111,13877,4466548,1,1,5,0
-0.17195638,0.38982984,0.6792111,13894,4466549,0,1,3,0
-0.17195638,-1.7470807,0.6792111,13895,4466549,1,1,4,0
-0.33358088,-1.9440081,0.6792111,13912,4466550,0,1,3,0
-0.17195638,0.3898273,0.6792111,13913,4466550,1,1,4,0
-4.4104114,0,0.30273438,13931,4282607,0,1,18,0
1.8476723,0,2.6612973,13945,4034971,0,1,3,0
-0.97375995,0,1.6867485,13946,4034971,1,1,4,0
1.8476723,0,2.6612973,13963,4221196,0,1,4,0
-0.97375995,0,1.6867485,13964,4221196,1,1,5,0
1.8476723,0,2.6612973,13981,4221198,0,1,1,0
-0.97375995,0,1.6867485,13982,4221198,1,1,2,0
-0.10378692,0.041375596,5.6818547,13999,4034320,0,1,31,0
-0.10393129,0.036294725,5.710757,14000,4034320,1,1,22,0
0.3415846,0.013271979,5.4051466,14017,4034321,1,1,31,0
-0.05193648,0.007937935,5.4162846,14018,4034321,2,1,22,0
0,-0.12660562,12.123705,14030,4389123,0,1,8,0
0,-0.12660562,12.123705,14039,4530715,0,1,8,0
0.05100019,0.07488707,0.041170333,14047,4687143,0,1,2,0
0.05100018,0.07488707,0.04117033,14048,4687143,1,1,3,0
0.05100018,0.07488707,0.04117033,14057,4687144,0,1,1,0
0,0,0,14065,4687145,0,1,0,0
0.30997968,0,0,14066,4687145,1,1,8,0
0.30997968,0,0,14075,4687146,0,1,1,0
0,0,0.16600432,14081,4688126,0,1,2,0
0.8811718,-1.5634325,12.270506,14103,4566480,0,1,13,0
0.8811718,-1.5634325,12.270506,14113,4566481,0,1,13,0
0.8811718,-1.5634325,12.270506,14123,4566482,0,1,13,0
0.8811718,-1.5634325,12.270506,14133,4566483,0,1,13,0
0.5036719,-0.035085626,3.6995554,14149,4216958,0,1,18,4.2777777
4.903381,-0.035085626,3.5333378,14150,4216958,1,1,19,2.5238888
0.13405256,-0.04772881,6.1358356,14163,4695276,0,1,3,4.6798167
0.30997968,0,0.9954259,14177,4695282,0,1,14,0
0.30997968,0,0.9954259,14184,4695283,0,1,8,0
0,0,0.3058454,14191,4696137,0,1,5,0
0.37975428,0,0,14198,4696733,0,1,20,0
0.5105389,0,0,14205,4696736,0,1,1,0
0.5272486,0,1.0398319,14212,4696740,0,1,14,0
0.11713595,0,0,14219,4696995,0,1,3,0
0.11806169,0,0,14226,4696997,0,1,1,0
-0.36730897,0,0,14233,4696999,0,1,4,0
0.34691358,0,0,14240,4697000,0,1,2,0
0,0,0.94586164,14247,4697003,0,1,2,0
0.11713595,0,0,14254,4696996,0,1,3,0
-0.36730897,0,0,14261,4696998,0,1,4,0
0.34691358,0,0,14268,4697001,0,1,1,0
0,0,0.94586164,14275,4697002,0,1,2,0
0.39692274,0,0.98331434,14283,4703498,0,1,4,0
0.05100019,0.07488707,0.041170333,14295,4703497,0,1,10,0
0.05100018,0.07488707,0.04117033,14296,4703497,1,1,16,0
0,0,2.8922417,14311,4699390,0,1,4,0
0,0,1.7706156,14312,4699390,1,1,5,0
0.29202053,0,0,14323,4709122,0,1,22,0
0,0,1.2385973,14331,4710534,0,1,19,0
-1.3807667,-0.0009837241,2.623397,14341,4696155,0,1,79,0
0.37975428,0,0,14349,4699060,0,1,10,0
0.37975428,0,0,14357,4699061,0,1,8,0
0.30997968,0,0.9954259,14373,4703527,0,1,9,0
0.30997968,0,0.9954259,14381,4703528,0,1,15,0
0.05100019,0.07488707,0.041170333,14393,4703530,0,1,2,0
0.05100018,0.07488707,0.04117033,14394,4703530,1,1,3,0
0.05100018,0.07488707,0.04117033,14405,4703532,0,1,1,0
0,0,0,14417,4703534,0,1,0,0
0.30997968,0,0,14418,4703534,1,1,8,0
0.30997968,0,0,14429,4703535,0,1,1,0
-7.0783826E-05,0,0,14437,4731642,0,1,3,0
0,0,0,14445,4731643,0,1,4,0
0,0,0,14453,4731644,0,1,5,0
0.37975428,0,0,14461,4732281,0,1,19,0
0.37975428,0,0,14469,4732282,0,1,4,0
0.29202053,0,1.2550638,14477,4741731,0,1,23,0
0,0,0,14485,4737026,0,1,16,0
-0.23829985,0.031024072,2.4575195,14497,4742885,0,1,154,0
0.030854741,0,0.32685366,14503,4725392,0,1,6,0
-0.009167443,0,0.25799382,14509,4725393,0,1,6,0
0.08378756,0,0.34128988,14515,4725394,0,1,6,0
-0.0076418584,0,0.3206667,14521,4725395,0,1,6,0
0.022605473,0,0.27185854,14527,4725396,0,1,6,0
-0.026202718,0,0.26910877,14533,4725397,0,1,6,0
0.008856694,0,0.32479134,14539,4725398,0,1,6,0
0.06247695,0,0.4581546,14545,4725399,0,1,6,0
-0.0035172172,0,0.2952315,14551,4725400,0,1,6,0
0.07553829,0,0.385286,14557,4725401,0,1,6,0
0.037041698,0,0.34266475,14563,4725402,0,1,6,0
0.024667794,0,0.33510295,14569,4725403,0,1,6,0
0.04324581,0,0.35849303,14575,4725404,0,1,6,0
0.0342405,0,0.35094842,14581,4725405,0,1,6,0
-0.006105211,0,0.32324114,14587,4725406,0,1,6,0
0.07899269,0,0.46160895,14593,4725407,0,1,6,0
0.002050956,0,0.2884098,14599,4725409,0,1,6,0
-0.0061983136,0,0.32553145,14605,4725410,0,1,6,0
0.10241707,0,0.3667778,14611,4725412,0,1,6,0
-0.009167443,0,0.25799382,14617,4725413,0,1,6,0
-0.00069880486,0,0.3887759,14623,4725414,0,1,6,0
-0.011697835,0,0.387401,14629,4725415,0,1,6,0
0.22597404,0,0.53546417,14635,4725416,0,1,6,0
0.20944962,0,0.40361825,14641,4725417,0,1,8,0
-0.08883662,0,0.41062996,14647,4725418,0,1,6,0
0.0046551623,0,0.3377614,14653,4725419,0,1,6,0
0.025423884,0,0.3227817,14659,4725420,0,1,6,0
0.062545605,0,0.2169161,14665,4725421,0,1,6,0
-0.00221923,0,0.3253875,14671,4725422,0,1,6,0
-0.013218258,0,0.26076823,14677,4725423,0,1,6,0
0.00463796,0,0.34530607,14683,4725424,0,1,6,0
0.015654191,0,0.33088702,14689,4725425,0,1,6,0
-0.037297096,0,0.3484217,14695,4725426,0,1,6,0
0,0,0.41666666,14733,4754510,0,1,12,0
0,0,0.16666667,14741,4754513,0,1,11,0
1.0344851,0,1.7441479,14749,4754512,0,1,6,0
1.4644467,0.75848466,0.007961273,14844,4201175,0,1,1,0
1.4644467,-0.7382168,0.007961273,14845,4201175,1,1,2,0
-0.018123759,-0.00032797127,0.21431848,14866,4776730,0,1,26,0
-0.018123759,-0.00032797127,0.002741769,14867,4776730,1,1,27,0
1.9711672,0.07112878,6.2307496,14879,4853510,0,1,1,0
0,0,0,14888,4861458,0,1,13,0
-182.18832,-12.914884,80.21986,14932,4684877,0,1,131,0
-63.17859,11.569715,73.47721,14933,4684877,1,1,132,0
-185.48366,-65.779594,67.62002,14934,4684877,2,1,133,0
9.068305,8.62464,0.7786187,14935,4684877,3,1,134,0
0,0,0.3058454,14957,4882682,0,1,7,0
0.15292269,0,0.2648699,14966,4882683,0,1,7,0
0.0012394324,0,1.2550638,14975,4898573,0,1,14,0
0,0,3.1195116,14981,4861816,0,1,1,0
0,0,3.1195116,14987,4861817,0,1,1,0
0,0,0.94586164,14996,4867006,0,1,3,0
0.1171359,0,0.69444424,15005,4867007,0,1,11,0
0,0,0,15014,4867008,0,1,8,0
0,0,0.91420704,15023,4867015,0,1,2,0
0,0,0.91420704,15032,4867016,0,1,2,0
0,-0.1666667,20.555555,15053,4996263,0,1,5,0
0,0,0.41666666,15082,5011958,0,1,178,0
0,0,0.94586164,15092,5013747,0,1,1,0
0,0,0,15102,5045778,0,1,0,0
0,0,1.1455841,15112,5045780,0,1,21,0
0.29202053,0,0,15122,5049184,0,1,19,0
0.01869808,0.0006154927,2.0050879,15132,5045780,1,1,35,0
7.287772,0,-1.1483644,15142,5054976,0,1,32,0
0.0050724098,0,27.356594,15152,5060873,0,1,42,0
3.6425633,0,0,15172,5046037,0,1,24,0
0,0,1.2385973,15183,5094793,0,1,19,0
0,-0.12434133,1.0712823,15194,5058498,0,1,63,0
-0.37711215,-9.083375,14.795942,15251,4901346,0,1,285,0
-0.15930764,9.28306,14.889594,15252,4901346,1,1,286,0
4.4603963,-1.5058508,6.569923,15253,4901346,2,1,245,0
38.36391,61.59552,0.034645397,15254,4901346,3,1,217,0
0.16176909,-40.431755,-9.043339,15255,4901346,4,1,218,0
-8.5099,-35.413246,-11.008374,15256,4901346,5,1,219,0
0.00093423,0.0006334898,0.30975676,15282,5046364,0,1,4,0
-0.0011813266,0,2.9720352,15293,5098904,0,1,10,0
-0.0011813386,0,-0.30725202,15304,5098905,0,1,21,0
0.025641138,-0.0034304888,0.7231208,15312,4895056,0,1,2,0
0.025641138,-0.0034304888,0.7231208,15320,5098695,0,1,2,0
0,0,1.4067156,15331,5049392,0,1,5,0
0,0,1.1455841,15342,5104041,0,1,71,0
0,-1.777562,-0.70171463,15353,5115234,0,1,8,0
1.0598,-5.3935582E-05,1.0256277,15409,5064153,0,1,79,0
-1.3394428,0,1.4710963,15410,5064153,1,1,80,0
-2.0948246,0,2.5721936,15411,5064153,2,1,97,0
-2.1741931,0,3.1865172,15412,5064153,3,1,98,0
-0.41334614,0,1.4710963,15413,5064153,4,1,81,0
-2.0414085,0,3.97877,15414,5064153,5,1,82,0
-2.2785504,0,3.9693422,15415,5064153,6,1,83,0
0,0,0,15451,5142696,0,1,9,0
0,0,0.9288807,15498,5149867,0,1,15,0
-0.21945713,0,0,15580,5153911,0,1,5,0
1.111981,0,-0.29180887,15596,5155294,0,1,35,0
1.4024751,-0.12434133,1.0712823,15607,5155295,0,1,131,0
1.4024751,-0.12434133,1.0712823,15618,5155296,0,1,131,0
1.4024751,-0.12434133,1.0712823,15629,5155297,0,1,132,0
0,0,0.73284084,15640,5156888,0,1,24,0
0.4726163,0,0.73284084,15651,5156890,0,1,17,0
0,0,0.26909277,15657,5163306,0,1,0,0
0,-0.12434133,1.0712823,15668,5153642,0,1,1,0
0,0,0.7105184,15679,5064157,0,1,5,0
0,0,0.7105184,15690,5064160,0,1,3,0
0,0,0.7105184,15701,5064165,0,1,3,0
0,0,0.7105184,15712,5064169,0,1,5,0
0,0,0.7105184,15723,5064173,0,1,3,0
0,0,0.7105184,15734,5064178,0,1,3,0
0,0,0.7105184,15745,5064184,0,1,3,0
0.29202053,0,1.2550638,15756,5174590,0,1,19,0
0.9018642,0,0,15767,5172570,0,1,2,0
0.9018642,0,0,15778,5172571,0,1,3,0
0,0,0.41666666,15789,5172572,0,1,8,0
0,0,1.2385973,15800,5185047,0,1,19,0
-0.040557664,0.033901613,6.0542746,15817,5189860,0,1,5,0
0.12398142,-0.72239834,1.4858407,15828,5177559,0,1,3,0
0.33246136,0,0.6732436,15851,5076250,0,1,72,0
0.92199063,0.3821798,5.7472596,15852,5076250,1,1,49,0
5.251423,2.8266518,0.19132964,15853,5076250,2,1,50,0
0.09070071,0.24355671,0.15413387,15872,5203832,0,1,69,0
0.31345695,0.031760078,0.11725,15889,5205167,0,1,53,0
0.28415814,0.033997048,7.521869,15890,5205167,1,1,45,0
0,0,0.97474015,15905,5205973,0,1,0,0
0,0,0,15916,5205974,0,1,7,0
-0.05543603,0.10540716,3.449326,15936,5128437,0,1,7,0
3.1926372,0.11080795,3.9430401,15937,5128437,1,1,8,0
3.6079407,0.11080795,2.7786124,15938,5128437,2,1,9,0
0,0,0,15957,5225929,0,1,7,0
-0.7480994,1.0736203,0.6952793,15968,5243671,0,1,10,0
-0.11635537,0.07570092,0.94850713,15969,5243671,1,1,3,0
0,0,1.350669,15981,5243681,0,1,0,0
0,0,1.5919427,15989,5244002,0,1,1,0
0.19584218,0,0,16018,5319071,0,1,3,0
0.47286925,0,0.9275021,16028,5323460,0,1,6,0
0.19584218,0,0,16038,5323461,0,1,5,0
1.0313238,0,0,16048,5333672,0,1,9,0
1.0313238,0,0,16058,5333676,0,1,8,0
0.53603214,0.27773467,1.0634297,16067,5347499,0,1,12,0
0,0,0.9288807,16076,5352357,0,1,8,0
9.804489,-0.030325996,3.739465,16085,5319116,0,1,20,0
0.79463136,0.026730249,-0.03232259,16102,5357723,0,1,17,0
0.11806182,0,0,16103,5357723,1,1,10,0
0.34691364,0,0.010878936,16104,5357723,2,1,18,0
0,0,0.94586164,16121,5358847,0,1,4,0
-0.9586101,-0.048310068,3.5442057,16131,4498647,1,1,7,0
0,0,0.9524442,16137,5360226,0,1,5,0
1.3165756,0.0066892835,16.444239,16143,5342670,0,1,83,0
0,11.109741,10.329091,16156,5368703,0,1,0,0
0,-12.339095,10.329091,16157,5368703,1,1,1,0
0.18919797,0.027420912,1.1072667,16167,5360227,0,1,3,0
0.099312045,-0.04638015,0.9367809,16173,5360228,0,1,3,0
0.015119976,0.29085383,1.8674384,16179,5360229,0,1,2,0
-0.06551848,0.16602495,2.7671509,16185,5360230,0,1,2,0
-0.06551848,0.031867135,3.1113493,16191,5360233,0,1,2,0
0.33589616,0.16734822,7.1772604,16198,5360234,0,1,2,0
-0.8315894,0.29999077,7.2073374,16209,5360235,0,1,2,0
0,-0.022094078,1.3277556,16215,5360236,0,1,2,0
0,0.014719645,1.4933625,16221,5360237,0,1,2,0
0,0,8.5452175,16228,5369379,0,1,3,0
0,0,2.137169,16229,5369379,1,1,4,0
2.5522125,0,8.753315,16240,5369380,0,1,3,0
1.8325535,0,3.6415966,16241,5369380,1,1,4,0
-0.36730897,0,0,16254,5370809,0,1,4,0
-0.10863526,0,-2.77392,16263,5370810,0,1,3,0
0,-0.12434133,1.0712823,16272,5368702,0,1,8,0
9.804489,-0.030325996,3.739465,16299,5371641,0,1,14,0
0,-0.43113127,22.165455,16308,5280361,0,1,1,0
0,0,-8.831487,16314,5385885,0,1,2,0
0.43715307,0,0,16320,5209586,0,1,1,0
0.33058807,0,0,16326,5209585,0,1,1,0
0.60650384,0,0,16332,5209587,0,1,1,0
0,0.07804911,-0.4595817,16338,5209589,0,1,5,0
0.31055123,0.039358445,0.11013014,16344,5358918,0,1,1,0
-0.007676757,-3.390842E-06,0.35273728,16353,5372441,0,1,6,0
0,0,0,16363,5394113,0,1,3,0
0.81329006,0,1.4376763,16370,5242267,0,1,19,0
0.29202053,0,1.2550638,16377,5280323,0,1,14,0
0.3300647,0,1.3421178,16384,5280323,1,1,15,0
-0.21945713,0,0,16391,5409274,0,1,4,0
0.19584218,0,0.13319118,16398,5422378,0,1,2,0
0,0,0,16408,5456574,0,1,0,0
0,-0.027616926,1.7404709,16419,5002687,0,1,2,0
0,0,0,16429,5464738,0,1,1,0
0,0,0.5169223,16663,5489503,0,1,2,0
0.0218757,-0.005877601,0.69813263,16673,5143681,0,1,2,0
0.041144755,-2.3133037,0.011009561,16682,2565090,0,1,43,0
0.04114491,2.3676999,0.011009587,16683,2565090,1,1,44,0
0.021875702,-0.0058776108,0.6981328,16697,5512783,0,1,2,0
0.011464304,0.010790401,2.3160632,16710,5545934,0,1,5,0
0.3300648,0,0,16717,5549480,0,1,1,0
0.81329006,0,1.4376763,16724,5550643,0,1,15,0
-3.9169705,0.30849352,3.392005,16807,5582785,0,1,68,0
-10.391215,8.559163,12.555337,16808,5582785,1,0,69,0
-13.027051,3.9327571,-1.0245204,16809,5582785,2,1,70,0
-23.71903,13.432228,0.6438597,16810,5582785,3,1,71,0
-68.792755,14.366063,0.10710601,16811,5582785,4,1,72,0
-68.792755,-26.903566,1.5705593,16812,5582785,5,1,73,0
-69.431046,-18.561712,3.9322035,16841,5582785,6,1,74,0
0.23293205,-0.010921108,1.3131142,16858,5607443,0,1,12,0
4.5623918,-0.010921108,1.3189133,16859,5607443,1,1,13,0
-2.0060246,-3.4434404,2.3385842,16860,5607443,2,1,14,0
0.33589616,0.16734822,11.251364,16882,5360234,1,1,3,0
0,-0.12434133,1.0712823,16891,5549494,0,1,7,0
-0.21945713,0,0,16900,5659599,0,1,3,0
0.162217,0.00028200904,0.2166118,16909,5684283,0,1,1,0
0.20207067,-0.0006749651,0.22686376,16918,5684285,0,1,1,0
0.25986508,-0.00044075234,0.21109392,16927,5684286,0,1,1,0
0.18607627,-0.0007071218,0.21344164,16936,5684287,0,1,1,0
0.17770752,-0.00031813566,0.17934318,16945,5684288,0,1,1,0
0.24242578,-0.0037947567,0.31273583,16954,5684289,0,1,1,0
0.22804661,-0.0022824344,0.25508997,16963,5684291,0,1,1,0
0.20568793,-0.0016822538,0.26047108,16972,5684292,0,1,1,0
0.27365395,0.00042168258,0.16119902,16981,5684314,0,1,1,0
0.17455935,0.00028200904,0.20445012,16990,5684284,0,1,1,0
0.25776404,-0.0014908252,0.34483084,16999,5684290,0,1,1,0
0.17373455,0.00028200904,0.22667217,17008,5684293,0,1,1,0
0.23188536,0.00017421652,0.13829161,17017,5684315,0,1,1,0
0.22567016,0.0006985263,0.26619714,17026,5684317,0,1,1,0
0.29202053,0,0,17188,5758102,0,1,16,1.5277778
0.12434133,0,1.0712823,17197,5763807,0,1,3,0
0.22085603,0.00028200904,0.20903037,17206,5684294,0,1,1,0
0.19919112,0.0011292887,0.24596885,17215,5684295,0,1,1,0
0.22290124,-0.0012161654,0.25698134,17224,5684296,0,1,1,0
0.17633913,0.00028200904,0.25688592,17233,5684300,0,1,1,0
0.22196597,0.00028200904,0.21033287,17242,5684301,0,1,1,0
0.15197948,-0.00031813566,0.19527073,17251,5684302,0,1,1,0
0.29355526,-0.002274022,0.21304183,17260,5684303,0,1,1,0
0.26007405,-0.004582558,0.3428666,17269,5684304,0,1,1,0
0.2795646,0.0022160944,0.3076501,17278,5684305,0,1,1,0
0.15704046,0.00021567238,0.18897961,17287,5684306,0,1,1,0
0.23892705,0.00075748604,0.13984914,17296,5684307,0,1,1,0
0.3482324,0.00048824027,0.13844827,17305,5684308,0,1,1,0
0.40300795,-0.00037773245,0.18044472,17314,5684309,0,1,1,0
0.23583116,0.0003772829,0.20064162,17323,5684311,0,1,1,0
0.16137552,0.000625369,0.28638893,17332,5684312,0,1,1,0
0.16149211,0.000625369,0.2875251,17341,5684313,0,1,1,0
0.16609414,0.00028200904,0.19189653,17350,5779261,0,1,1,0
0.17186715,0.00028200904,0.2236946,17359,5779262,0,1,1,0
-0.025367806,0.15375814,2.5666325,17366,5788649,0,1,2,3.5633135
0.23293206,-0.010921096,0.8862851,17379,5791614,0,1,9,0
3.264927,-0.010921096,1.1565582,17380,5791614,1,1,10,0
0.0054790634,0,2.3737755,17393,5791615,0,1,3,0
0.09983434,-1.4638737,4.9039235,17406,4901380,0,1,3,0
0.09983434,1.4770786,4.9039235,17407,4901380,1,1,4,0
0.09983434,-0.008403861,4.9039235,17420,4901381,0,1,2,0
0.09983434,-0.008403861,4.9039235,17429,4903095,0,1,2,0
-1.0850813,1.1231668,0.26657042,17457,5797525,0,1,26,0
-8.878626,4.20143,3.8644342,17458,5797525,1,0,27,0
-1.7836399,0.24075,7.154058,17479,5828243,0,1,22,0
1.7592738,0.24075,7.154058,17480,5828243,1,1,23,0
0,0.013247407,0.56480294,17506,5827949,0,1,3,0
0.011464304,0.010790401,2.3160632,17517,5847056,0,1,5,0
0.0050724098,0,27.356594,17528,5852181,0,1,41,0
2.2455554,2.7398427,1.1167028,17539,5868077,0,1,2,0
-0.047014568,0.02943276,0.9408452,17552,5340386,0,1,15,0
2.3634334,2.870374,1.5208373,17574,5876190,0,1,2,0
-2.2791183,0.26750004,4.747629,17591,5869465,0,1,16,0
2.3888733,0.26750004,4.747629,17592,5869465,1,1,17,0
0,0,0.91420704,17607,5877693,0,1,2,0
0,0,0.26909277,17618,5890520,0,1,0,0
0.43576798,0.04360326,1.4826663,17635,5899250,0,1,15,0
0.36034098,-0.5836987,9.5740795,17636,5899250,1,1,16,0
-0.05543603,0.10540716,3.449326,17657,5152462,0,1,1,0
3.833697,0.11080795,2.7786124,17658,5152462,1,1,2,0
0.0046990276,-2.1628094,-0.17359503,17673,5889428,0,1,42,0
0.0031032027,2.1686015,-0.17359546,17674,5889428,1,1,43,0
-2.2618947,-0.51800305,2.7532823,17689,5900847,0,1,78,0
0.29202053,0,0,17702,5932321,0,1,15,0
0.0015794513,-2.2293627,0.3107577,17724,5882504,0,1,85,0
-9.89789E-06,2.2366848,0.31072593,17725,5882504,1,1,86,0
0.23252214,0.3047247,0.6816741,17738,6008448,0,1,9,2.5
0.1785422,-4.3782922E-05,0.26070008,17743,5684310,0,1,1,0
-0.024068499,0,14.01825,17757,5928062,0,1,62,2.777778
-1.3361375,0,0.3058454,17773,5770793,0,1,132,0
0.11503305,-0.052329652,0.5595932,17784,4904631,0,1,4,0
1.7626237,0.0395443,1.2847887,17813,5199470,0,1,3,0
-1.7726563,-0.14957836,1.312396,17814,5199470,1,1,4,0
0,0,0.7044152,17829,6076909,0,1,16,0
0,0,0,17840,6076910,0,1,0,0
-0.8442064,0,0,17863,6188893,0,1,6,0
-2.8781912,0,0,17874,6188894,0,1,6,0
0.22920366,0.10311471,0.8239317,17885,6156070,0,1,19,0
3.1944444,0,1.25,17896,6194753,0,1,2,0
0,0.009977136,0.0438491,17907,6211618,0,1,0,0
0,0,0,17918,6226211,0,1,18,0
0,0,1.6999528,17923,6033615,0,1,3,2.2222223
0.08098022,-0.08762812,2.2793708,17933,6225683,0,1,6,2.7440002
2.7440636,0.030560842,1.4634501,17934,6225683,1,1,7,1.4225596
0.33333334,0,0,17950,6316087,0,1,4,0
0.95822906,1.18457,1.2689996,17983,6211972,0,1,96,2.0833333
0.9270808,-1.201002,1.2675825,17984,6211972,1,1,97,2.0833333
-0.7069928,1.1980255,1.2669866,17985,6211972,2,1,98,2.0833333
-0.73752975,-1.1814942,1.2682095,17986,6211972,3,1,99,2.0833333
0.11713595,0,0,18010,6371014,0,1,3,0
0,0,0,18022,6371015,0,1,5,0
0,0,1.0566471,18034,6371224,0,1,5,0
1.630796,0,1.3529835,18040,6033663,0,1,1,9.722222
2.298261,0,1.4182487,18042,6033664,0,1,8,9.722222
0,0,0,18050,6372071,0,1,29,0
0,0,0,18062,6372072,0,1,14,0
0,0,0,18074,6372070,0,1,35,0
27.673431,5.761614,15.916639,18114,6385709,0,1,15,0
7.18949,26.245535,15.916638,18115,6385709,1,1,16,0
3.6522489,24.476185,4.7809315,18116,6385709,2,1,17,0
23.962074,-0.034622192,4.0349545,18117,6385709,3,1,18,0
2.205671,1.0371581,21.865566,18118,6385709,4,1,19,0
5.5410514,0,6.0410438,18146,5876723,0,1,97,0
4.89599,0,5.0012574,18158,6118823,0,1,62,0
1.0286186,0.0077724457,0.045073643,18170,5882504,2,1,96,0
0,0.06599188,1.4949709,18188,6216373,0,1,1,0
0.17478439,0.9409896,1.3611325,18252,6658771,0,1,17,0
7.733963,1.5266505,14.090004,18257,6648659,0,1,4,0
7.733963,-1.8727735,14.090004,18258,6648659,1,1,5,0
1.4420937,0,1.1808779,18274,6008945,0,1,3,11.111112
0,0,-2.3699229,18280,6712076,0,1,2,9.722222
0,0,3.1642587,18286,6008939,0,1,8,8.333333
0.17478439,-1.0454649,1.3611325,18301,6658771,1,1,18,0
0,0.014378018,1.6782892,18302,6658771,2,1,19,0
0,-0.0069819293,2.826757,18315,6703761,0,1,9,0
0,-0.0069819293,2.4764683,18324,6728238,0,1,12,0
-0.06979336,0,0.33304638,18344,6431408,0,1,2,6.9444447
0,0,1.1313158,18356,6431409,0,1,3,7.638889
8.786476,2.3888736,19.903503,18366,6783773,0,1,26,0
-10.238573,2.3888729,19.903503,18367,6783773,1,1,27,0
8.786476,2.3888736,19.903503,18376,6783775,0,1,26,0
-10.238573,2.3888729,19.903503,18377,6783775,1,1,27,0
-0.15057014,0,2.2945065,18390,6403219,0,1,156,0
0,0,0,18395,6789105,0,1,29,0
3.9193947,0.019497879,2.133218,18405,6798783,0,1,16,0
5.7076286E-06,104.58693,147.66025,18422,6798965,0,1,30,0
5.7158554E-06,-102.80413,147.71075,18423,6798965,1,1,31,0
-0.79840094,0.16540824,2.4320543,18432,6783776,0,1,5,0
0.79183584,0.16540824,2.4320543,18433,6783776,1,1,6,0
0.68472373,0.16540824,2.30041,18442,6783777,0,1,5,0
-0.87463635,0.16540824,2.30041,18443,6783777,1,1,6,0
0,0,0.38095602,18452,6796713,0,1,2,5.555556
0.914402,0,1.7088937,18458,6653374,0,1,2,6.9444447
0.6167835,0,0.9287401,18464,6653375,0,1,2,11.111112
-0.025367806,0.12237786,1.1116387,18469,6701007,0,1,2,3.5633135
0.050646257,0.014066649,-2.8321288,18475,668856,0,1,2,2.2222223
4.653947,-0.014923913,0.20643468,18480,6247428,0,1,53,0
0.5869597,-0.013863469,3.6177835,18485,6247430,0,1,30,0
-0.4137559,0,0,18490,6740070,0,1,5,0
-0.025367806,0.12237786,1.0712532,18495,6867137,0,1,2,0
-0.025367806,0.12237786,1.0712532,18500,6867138,0,1,2,0
0,0,0.41666666,18509,6872669,0,1,3,0
-0.4137559,0,0,18515,6740074,0,1,5,0
0,0,4.1998267,18528,6254129,0,1,65,0
-55.217365,1.5625514,3.390842E-06,18540,6758305,0,1,15,0
-45.842537,1.5625514,3.390842E-06,18552,6892802,0,1,12,0
0.5860663,1.5625541,30.807442,18564,6892803,0,1,1,0
0.32950258,-0.0029173451,1.0156375,18573,6905475,0,1,1,9.027778
2.2823088,0,0.58768314,18593,6390441,0,1,1,3.3333333
2.553246,0,2.187673,18594,6390441,1,1,2,5
0,135.0378,3.390842E-06,18612,6915104,0,1,58,0
-0.024068499,0,14.01825,18633,6927677,0,1,62,0
0.32950258,-0.0029173451,0.6703318,18642,6905474,0,1,1,15.833333
3.5098057,0.3305985,2.4350312,18653,6983731,0,1,58,0
0,-0.040400486,7.5864434,18662,6983733,0,1,10,0
0,-0.040400486,7.5864434,18671,6983734,0,1,7,0
0.622403,0,-0.13451968,18689,6924249,0,1,1,11.111112
1.1670434,0,1.4114338,18698,6924250,0,1,1,11.111112
0.77124256,0,1.1808777,18707,6924251,0,1,1,11.111112
0.78145766,0,1.4038329,18716,6924252,0,1,1,11.111112
0.78145766,0,1.4038329,18725,6924253,0,1,1,11.111112
1.4388967,0,0.0026750565,18734,6988296,0,1,1,11.111112
0,0,-2.3699229,18743,6008933,0,1,4,9.722222
0.87395996,0,0.89620644,18763,6980179,0,1,1,3.3333333
1.5440744,0,2.4961963,18764,6980179,1,1,2,5
2.119973,0.24163505,6.236652,18783,6941861,0,1,50,0
-1.8939084,0.24163505,6.237087,18784,6941861,1,1,51,0
1.5560796,-3.7087334E-06,0.1915421,18812,6435041,0,1,2,11.111112
1.7597233,0,0.19266844,18813,6435041,1,1,3,11.111112
0,0,0.16666667,18834,7114933,0,1,12,0
0.12291406,0.002038495,1.861976,18845,7134869,0,1,2,4.3565598
0.24647099,0.06474267,2.6106906,18855,7132477,0,1,6,3.3610668
2.7668314,0,1.2533063,18866,6905476,0,1,1,3.3333333
0.084645666,-0.01884374,0.8011001,18877,936393,0,1,4,4.1666665
0.0020092065,0.002668235,-0.11259206,18888,960094,0,1,1,5.555556
0.0020092065,0.002668235,3.510894,18899,960215,0,1,1,5.555556
0.07960316,0,1.8429085,18910,1018949,0,1,2,5.555556
0,0,0.9907356,18921,2493893,0,1,2,4.1666665
0.24173029,0.0024097231,-1.7248878,18932,2493894,0,1,2,5.555556
0,0,2.1538956,18943,2622609,0,1,2,7.638889
-0.045071024,0,2.585857,18954,4239021,0,1,7,7.638889
0,0,-1.9332057,18965,6431407,0,1,1,6.9444447
0,0,1.3653955,18976,6905328,0,1,3,9.027778
-45.842537,1.5625514,3.390842E-06,18990,7164040,0,1,12,0
0.5272486,0,0.7664921,19010,7164041,0,1,29,0
0,0,1.1455841,19011,7164041,1,1,28,0
0.007431838,-0.05876334,0.8215899,19029,311598,0,1,2,6.9444447
-0.029299373,0,0.24490315,19040,792633,0,1,2,4.1666665
0.05864845,-0.17316802,0.25665805,19051,917996,0,1,2,9.722222
3.7535112E-06,-0.8254235,3.0572095,19062,1108749,0,1,1,10.416667
0,0,0.44610512,19073,1114215,0,1,3,6.9444447
0.07388065,0.089617945,2.553898,19084,1313217,0,1,3,3.3333333
3.1820867,0,2.4584348,19095,1696757,1,1,2,7.638889
0.002904492,0,0.3290542,19106,2353882,0,1,2,4.1666665
0.25559074,0,-1.2932432,19117,2470997,0,1,2,6.9444447
0.690548,0,0.45740053,19128,2503603,0,1,2,5.555556
0.70150214,0,0.47722638,19139,2510482,0,1,2,5.555556
0,0,2.1134303,19150,2622608,0,1,2,7.638889
0.01406967,0,0.78518134,19161,4381789,0,1,2,4.1666665
-0.040516574,-0.06696235,4.7433734,19172,5689822,0,1,3,5.555556
0.009445482,0.0011657609,2.6552706,19183,5788649,1,1,3,8.333333
0.0796032,0,3.0262432,19194,6938369,0,1,1,7.638889
0.9016071,0,1.1182349,19205,6980565,0,1,3,5.555556
0.001393032,0,0.45883974,19216,7014376,0,1,1,9.722222
0.021267334,0,5.4927583,19238,1096777,0,1,3,9.722222
0.07960316,0,1.6304754,19249,979934,0,1,1,5.555556
-0.00206795,0,0.33648664,19260,979936,0,1,1,5.555556
-0.0020986397,0,-9.464284,19271,197430,0,1,2,25
-0.010809713,0,0.81236154,19282,6930894,0,1,2,4.1666665
0.07960316,0,2.7569706,19293,6431404,0,1,7,9.722222
0.079603165,0,1.1745136,19304,6794419,0,1,3,7.638889
0,-1.7939947,3.898826,19315,6794423,0,1,3,8.333333
1.2480829,0.017731657,-3.9330416,19326,7194087,0,1,2,2.2222223
-0.007911818,-0.009028022,0.65379786,19337,6379086,0,1,4,4.1666665
0.079603165,0,1.5484742,19348,6379087,0,1,3,8.333333
0.009393066,0,1.1228377,19359,6390548,0,1,4,4.1666665
-0.00039324496,-0.0011031595,4.5289435,19370,6699745,0,1,3,9.722222
-0.0060568587,0,2.4360206,19381,6711645,0,1,2,7.638889
0.4514281,0.16125494,0.71406853,19392,7130714,0,1,4,5.555556
0.5248521,0,3.041594,19406,6795857,0,1,77,0
1.4064589,0,4.1180096,19407,6795857,1,1,93,0
0.07960315,-2.5030136,2.5766711,19426,2316619,0,1,6,6.9444447
0,0,0.05536143,19438,6431407,1,1,2,6.9444447
-0.0014785727,0,4.6799088,19450,379433,0,1,2,7.638889
-0.045071058,0,1.8041848,19462,520142,0,1,1,7.638889
-0.045071024,0,6.326154,19474,1253406,1,1,4,9.722222
-0.045071024,0,0.9327386,19486,1309258,0,1,3,4.1666665
0.2539081,0,0.99072564,19498,1360655,0,1,3,7.638889
-0.045070946,0,4.4087534,19510,1410429,0,1,6,8.333333
-0.04507103,1.7010478,3.5521889,19526,1841735,0,1,5,8.333333
-0.04507103,-1.7692592,3.5521889,19527,1841735,1,1,6,8.333333
0,-1.894813,0.61278343,19546,2316618,0,1,4,9.722222
2.9379303,0,2.9414563,19558,2765473,0,1,6,9.722222
2.311445,0,-2.1135647,19570,2765475,0,1,2,9.722222
3.4168804,0,-2.6303678,19582,2765483,0,1,2,9.722222
-0.045071024,0,0.946949,19594,3886996,0,1,2,9.722222
-0.04507116,0,-0.5182632,19606,4290181,0,1,1,11.805555
-0.045071024,1.4164319,2.2360146,19618,6431405,0,1,3,7.638889
0.50056213,-0.0031865735,0.7111956,19630,6995868,0,1,1,6.388889
0.079603165,0,0.5206507,19686,6225709,0,1,2,1.0555556
0.079603165,-0.014784244,1.3784027,19698,965876,0,1,5,4.1666665
0.079603165,0,1.5884252,19710,1315103,0,1,2,5.555556
0.0181333,0.012833973,0.8707131,19722,7240009,0,1,2,3.3333333
-0.080781154,0,3.7868717,19782,1313217,1,1,4,8.333333
1.6220483,0,-2.2441568,19794,1005503,0,1,3,7.638889
1.2459538,0.09212104,1.394959,19818,1119129,0,1,6,7.809009
0,0,-1.6244961,19830,6379085,0,1,2,5.555556
0.07960315,0,1.0911636,19842,7240009,1,1,3,8.333333
0,0,5.010159,19854,6794422,0,1,3,8.333333
1.3022801,-0.074450284,-1.2242063,19882,7048164,0,1,6,9.722222
0.3978834,-1.3091335,-1.1766464,19883,7048164,1,1,7,9.722222
-1.0738198,-0.76233804,-1.1697766,19884,7048164,2,1,8,9.722222
-1.1081842,0.7707342,-1.173164,19885,7048164,3,1,9,9.722222
0.41573516,1.2376622,-1.0633837,19886,7048164,4,1,10,9.722222
0.079603165,0,-1.6349984,19937,6225710,0,1,2,6.9444447
-0.04614939,0,-5.30718,19948,6225711,0,1,2,6.9444447
0,0,-1.3015066,19959,6435837,0,1,13,4.1666665
0.003760275,-0.00508821,2.5123985,19970,6435839,0,1,10,4.1666665
3.8691378,0.18880208,12.139443,19981,7297354,0,1,16,0
0.20289946,0,0.9275022,19996,7083790,0,1,172,0
0.69381493,0,0.7546552,20020,1602483,0,1,9,6.25
-0.69246346,0,0.7546552,20021,1602483,1,1,10,6.25
0.010682014,0.6819093,0.7546552,20022,1602483,2,1,11,6.25
0.010682014,-0.6868022,0.7546552,20023,1602483,3,1,12,6.25
0.8193187,0,0.7680469,20056,1852119,0,1,1,8.333333
-0.69947195,0,0.5204084,20080,1939942,0,1,9,6.25
0.69068277,-0.007895152,0.5204084,20081,1939942,1,1,10,6.25
-0.0022180874,-0.6904656,0.5204084,20082,1939942,2,1,11,6.25
0.0028161474,0.6833461,0.5204084,20083,1939942,3,1,12,6.25
0,0,2.6850317,20116,6794420,0,1,3,5.9722223
0.37912136,0,-0.14790535,20128,7301013,0,1,2,8.333333
0,0,1.5311807,20140,7213464,0,1,12,0
-0.5914343,-0.10045878,0.40893343,20156,5389584,0,1,1,6.25
0.5628931,-0.10045878,0.40893343,20157,5389584,1,1,2,6.25
1.7652966,2.1658797,0.58529115,20188,5389585,0,1,11,6.25
-1.3077286,2.1658797,0.58529115,20189,5389585,1,1,12,6.25
1.7652966,-2.2199132,0.58529115,20190,5389585,2,1,13,6.25
-1.3077286,-2.2199132,0.58529115,20191,5389585,3,1,14,6.25
0,0,0,20223,7317261,0,1,4,0
1.5841408,0,0.025781631,20239,6379084,0,1,3,11.111112
1.6070518,0,0.025781631,20240,6379084,1,1,4,11.111112
0,0,3.0912895,20259,6794421,0,1,3,5.9722223
0.016800761,0,0.74055946,20271,4860713,0,1,2,8.333333
0.009636534,0,2.0536501,20283,4906427,0,1,2,8.333333
0.65827996,0,-3.6506135,20307,5140152,0,1,2,6.25
-0.71592104,0,-3.6506135,20308,5140152,1,1,3,6.25
0.004574246,-0.68050134,-3.6506135,20309,5140152,2,1,4,6.25
0.004574246,0.67975765,-3.6506135,20310,5140152,3,1,5,6.25
1.2798595,0,-1.4371927,20355,5149702,0,1,2,6.25
-0.12385241,0,-1.4371927,20356,5149702,1,1,3,6.25
0.544505,-0.70649236,-1.4371927,20357,5149702,2,1,4,6.25
0.544505,0.7011946,-1.4371927,20358,5149702,3,1,5,6.25
0.07960315,0,4.0489793,20391,5248936,0,1,2,8.333333
0.5168374,0,0,20402,7307220,0,1,9,0
0,0,0,20413,7317262,0,1,4,0
0,0,0,20424,7317263,0,1,4,0
0.07960316,0,0.605208,20436,195048,1,1,2,8.333333
7.441309E-05,0.015987813,0.41495484,20448,1598111,0,1,3,6.25
0.07960315,0,6.9660926,20460,5636650,0,1,3,6.25
0,0,1.6531317,20471,7315562,0,1,5,2.2032852
1.7025747,-0.030760739,1.0790472,20484,3857139,0,1,4,8.333333
0.913111,0.033692677,0.5188587,20496,3857142,0,1,3,8.333333
-0.053329464,-0.0039167935,0.21754874,20508,3857143,0,1,3,8.333333
4.1834674,0.031492762,2.0849147,20522,7334608,0,1,3,2.4938889
-4.19857,0.031492762,2.0849147,20523,7334608,1,1,4,2.4938889
0.011464304,0.010790401,2.3160632,20541,7290030,0,1,5,0
1.4650048,0,1.1808779,20564,6008945,1,1,4,11.111112
1.6628239,-0.053242367,0.8126617,20575,6730400,0,1,59,4.1666665
0.00032950193,-2.899435E-05,0.2457338,20597,6435838,0,1,5,4.1666665
0.14072773,-0.29574975,1.094991,20608,6654750,0,1,5,3.1944444
0.028569413,0.22692855,1.3150953,20619,6654751,0,1,7,3.1944444
0.01977588,0.04409032,-1.4446553,20631,6938171,0,1,3,6.9444447
0.01977588,0.04409032,-3.110486,20643,7375399,0,1,3,6.9444447
-0.045071024,0,3.4418237,20657,7385423,0,1,1,7.638889
1.1836478,0,1.6679838,20669,4075131,0,1,9,6.25
1.4540073,0.04141992,1.2436574,20686,7080315,0,1,3,11.111112
1.4540073,0.04141992,1.2436574,20687,7080315,1,1,4,11.111112
0,0,0,20705,7362298,0,1,1,0
0.079603165,0,0.654853,20717,7414772,0,1,3,0
-0.08906887,0,0.9247585,20728,6225707,0,1,3,6.9444447
0.8947006,0,3.3202677,20739,6930892,0,1,54,8.333333
0,0,-12.035725,20751,197168,0,1,1,27.777779
1.4908974,0,-2.4856226,20763,7048161,0,1,3,7.638889
0,0,0.9578652,20775,7277021,0,1,39,8.333333
0.014135699,-0.0027604038,0.63676095,20787,317822,0,1,3,6.25
0.07095999,0.008622302,0.9704898,20807,5169939,0,1,4,6.25
4.024958,-1.527793,4.573867,20855,5169960,0,1,11,6.25
3.7699623,-3.163197,4.9178686,20856,5169960,1,1,12,6.25
-0.07048367,-2.7580228,5.789933,20857,5169960,2,1,13,6.25
3.470402,1.6918069,5.0389733,20858,5169960,3,1,14,6.25
3.532737,1.993305,4.963637,20859,5169960,4,1,15,6.25
3.169894,-2.980345,4.8968396,20860,5169960,5,1,16,6.25
0,0,0.5128215,20914,6118548,0,1,2,8.333333
0,0,1.7771312,20926,5916221,0,1,3,8.333333
-0.00043738552,0.00014460749,2.3390377,20938,7280688,0,1,7,8.333333
0.006789638,0,2.236132,20950,7280689,0,1,15,11.111112
-0.0060167005,0,3.504563,20978,7280690,0,1,66,2.777778
0.079603225,1.8969165,3.633335,20979,7280690,1,1,34,11.111112
0.079603225,-2.005439,3.633335,20980,7280690,2,1,35,11.111112
-0.00028224787,-9.146002E-05,1.8309517,20981,7280690,3,1,36,11.111112
0.13715264,0,3.512646,20982,7280690,4,1,37,6.25
0.07960316,0,0.7734498,21021,6654785,0,1,2,5.9722223
1.4170929,0,0.012214449,21035,7096219,0,1,3,11.111112
1.4170929,0,0.012214449,21036,7096219,1,1,4,11.111112
0.29957545,0.028554507,1.5416816,21055,965917,0,1,2,8.333333
0.19774191,-0.26451153,0.6220235,21079,7277024,0,1,1,6.25
0.41677925,0,3.7647808,21091,7277026,0,1,3,8.333333
0.079603165,0.23235565,-0.10883442,21103,7280678,0,1,28,8.333333
0.07960308,-2.046135,0,21119,7280680,0,1,42,8.333333
0.07960308,1.9010972,0,21120,7280680,1,1,43,8.333333
0.079603165,0,-0.17939621,21139,7280634,0,1,44,11.111112
0.07960308,-0.9969007,0,21151,7280686,0,1,20,8.333333
0.011464304,0.010790401,2.3160632,21163,7436992,0,1,5,0
0.011464304,0.010790401,2.3160632,21175,7436993,0,1,5,0
-1.5326021,0,0,21187,7444046,0,1,2,0
-1.5326021,0,0,21199,7444047,0,1,0,0
-1.5326021,0,0,21211,7444048,0,1,2,0
-1.5326021,0,0,21223,7444049,0,1,0,0
0.079603165,-0.08506706,0.07680872,21235,7280676,0,1,16,8.333333
0,0,2.3305326,21247,7446443,0,1,15,0
0.03892861,-0.11087879,1.8448198,21258,6654752,0,1,3,7.638889
0.079603165,0,-0.43437746,21269,7096217,0,1,3,4.1666665
1.5560796,0,0.1915421,21281,6435041,2,1,4,11.111112
0,0,2.3305326,21293,7442190,0,1,1,0
0.41866755,0.10117401,0.26655647,21305,7096210,0,1,11,5.9722223
0.34691364,0,1.3406101,21319,7106882,0,1,28,0
-0.94625187,-0.8463375,1.3175485,21348,192441,0,1,6,6.25
-0.9562467,0.8610425,1.3175485,21349,192441,1,1,7,6.25
0.9435881,0.8731277,1.3175485,21350,192441,2,1,8,6.25
0.9435881,-0.85201937,1.3175485,21351,192441,3,1,9,6.25
2.0395534,0,4.871886,21389,192446,0,1,4,8.333333
1.3264842,0,1.2454993,21403,193369,0,1,1,8.333333
0.010109233,0,4.029835,21417,193371,0,1,23,8.333333
1.9712075,-1.0798994,4.94989,21436,666489,0,1,7,8.333333
-1.9640961,-1.0798994,4.94989,21437,666489,1,1,8,8.333333
0.49761623,0,0.54812455,21459,7048166,0,1,3,7.638889
-1.0850813,1.1231668,0.26657042,21477,7446723,0,1,89,0
-8.878626,4.20143,3.8644342,21478,7446723,1,0,90,0
0,0,1.793921,21499,7467210,0,1,45,0
-4.8253036,0,0,21524,7467212,0,1,50,0
4.825306,0,0,21525,7467212,1,1,51,0
-4.0777397,0,12.19074,21526,7467212,2,1,52,0
4.0777497,0,12.19074,21527,7467212,3,1,53,0
-0.008266767,0.01153875,3.0425785,21585,1267052,0,1,10,6.25
-0.52189034,0.01153875,2.6170938,21586,1267052,1,1,11,6.25
0.517,0.01153875,2.5985065,21587,1267052,2,1,12,6.25
-0.008266767,-0.5165315,2.5352376,21588,1267052,3,1,13,6.25
-0.008266767,0.51913357,2.6204026,21589,1267052,4,1,14,6.25
0.00049280457,0,1.8448198,21635,7216248,0,1,3,8.333333
0.34691364,0,1.3406101,21649,7303271,0,1,28,0
0.34691364,0,1.3406101,21663,7303272,0,1,28,0
-0.0009810925,-0.005916258,0.42119488,21677,2026782,0,1,2,6.25
0.010822237,-1.9477136,0.32273865,21696,192430,0,1,9,8.333333
0.010822237,1.9303017,0.32273865,21697,192430,1,1,10,8.333333
-2.599125,0,0.32301658,21724,192433,0,1,5,8.333333
2.5745778,0,0.32301658,21725,192433,1,1,6,8.333333
0.0002846453,0.0029676126,2.3536339,21747,203845,0,1,7,8.333333
0.0026921828,0,0.053395167,21766,243044,0,1,1,6.25
0.0796032,0,2.7316248,21789,591464,0,1,1,8.333333
2.1195073,3.9635718,3.9017487,21803,1345395,0,1,2,6.25
0,-0.15226789,2.734209,21816,7476464,0,1,1,5.555556
0.079603165,0,-7.22193,21830,538415,0,1,2,11.111112
0.005453785,0,-3.2652028,21844,243016,0,1,1,8.333333
0.8022431,0,-2.0381951,21858,7048159,0,1,3,7.638889
-0.12552221,0,1.4858714,21871,6700989,0,1,12,1.388889
0.17437743,0,11.747424,21885,7377837,0,1,33,0
0.007545235,0,1.4615233,21899,538413,0,1,5,8.333333
0.17437743,0,11.747424,21913,7454245,0,1,33,0
0.016115163,0,1.3395345,21926,6654747,0,1,3,7.638889
1.4170929,0,0.012214449,21939,7096219,2,1,5,11.111112
-4.8253036,0,0,21964,7484876,0,1,42,0
4.825306,0,0,21965,7484876,1,1,43,0
-4.0777397,0,12.19074,21966,7484876,2,1,44,0
4.0777497,0,12.19074,21967,7484876,3,1,45,0
-4.8253036,0,0,22016,7484878,0,1,47,0
4.825306,0,0,22017,7484878,1,1,48,0
-4.0777397,0,12.19074,22018,7484878,2,1,49,0
4.0777497,0,12.19074,22019,7484878,3,1,50,0
-4.8253036,0,0,22068,7484880,0,1,50,0
4.825306,0,0,22069,7484880,1,1,51,0
-4.0777397,0,12.19074,22070,7484880,2,1,52,0
4.0777497,0,12.19074,22071,7484880,3,1,53,0
0,0.0010258713,0.04075222,22109,5661242,0,1,4,3.1944444
-0.079119205,-5.7985277,22.923695,22150,7442258,0,1,60,0
-0.07912455,9.404355,31.090322,22151,7442258,1,1,61,0
0.056889005,-0.15659629,39.91018,22152,7442258,2,1,62,0
-7.97037,-0.15659629,11.285675,22153,7442258,3,1,63,0
7.2752695,-0.15659629,11.285675,22154,7442258,4,1,64,0
0,0,39.612614,22155,7442258,5,1,65,0
-8.738905,0,32.828236,22156,7442258,6,1,66,0
7.112734,0,32.828236,22157,7442258,7,1,67,0
2.1296017,0,2.28481,22236,6730460,0,1,139,0
1.3393936,0,2.2848103,22237,6730460,1,1,140,0
1.4420937,0,1.1808779,22259,6008945,2,1,5,11.111112
0.04059622,0,2.2141392,22276,6075561,0,1,1,8.333333
2.6472294,0,1.784544,22277,6075561,1,1,2,8.333333
1.057079,0,0.03354173,22298,7349994,0,1,3,11.111112
1.07999,0,0.03354173,22299,7349994,1,1,4,11.111112
0,0,2.3097637,22329,6654746,0,1,3,11.805555
0,0,4.861111,22330,6654746,1,1,4,8.333333
0.13364632,-0.057145,1.2596784,22351,6654749,0,1,3,3.1944444
0.039310686,0.14780398,1.2611799,22364,6654750,1,1,6,3.1944444
-0.025569823,-0.33301604,1.4961169,22381,6654751,1,1,8,3.1944444
0.32451668,-0.15777913,1.1279848,22382,6654751,2,1,9,3.1944444
0,0,2.3097637,22407,6697874,0,1,3,11.805555
0,0,4.861111,22408,6697874,1,1,4,8.333333
0.32266557,0.03276976,2.7529042,22429,7277154,0,1,14,4.5277777
0.32266557,0.03276976,2.7529042,22442,7277155,0,1,1,4.5277777
1.5841408,0,0.025781631,22456,6379084,2,1,5,11.111112
0.06885586,-0.016178718,0.9021918,22467,7349993,0,1,3,3.1944444
0.25178137,2.1100044E-05,1.0550665,22480,7464615,0,1,10,5.871139
0.01406967,1.4086624,3.3679423,22494,304027,0,1,5,8.333333
0.01406967,0,0.23359807,22508,522294,0,1,3,4.1666665
-0.049592726,-0.07682831,0.98706406,22522,3184576,0,1,3,6.25
0,0,1.2005337,22536,7048168,0,1,3,7.638889
1.4420937,0,1.1808779,22551,7297702,0,1,3,11.111112
1.4650048,0,1.1808779,22552,7297702,1,1,4,11.111112
1.4420937,0,1.1808779,22553,7297702,2,1,5,11.111112
-0.96377116,0,4.21019,22588,3564033,0,1,1,6.25
0.96907765,0,4.21019,22589,3564033,1,1,2,6.25
0.079603195,0,-2.9521244,22610,6075573,0,1,2,5.9722223
0.09925546,0.008333312,-4.552817,22623,6075575,0,1,2,5.9722223
0.09925546,0.008333312,-6.587125,22636,6075577,0,1,2,0
0,0,14.750034,22653,7303280,0,1,62,0
0,0,6.042853,22654,7303280,1,1,63,0
0.079603195,0,6.911734,22681,6163862,0,1,2,5.9722223
0,0,297.90643,22694,7495475,0,1,1,0
0,0,297.90643,22707,7495476,0,1,1,0
-0.21945713,0,0,22724,7524290,0,1,5,0
0.73214674,0,-1.1235548,22744,7338170,0,1,2,8.333333
0.4868696,0,0.56732684,22755,7349992,0,1,2,8.333333
0.003289726,0,2.7014754,22770,192707,0,1,1,8.333333
0.5615051,-0.044126414,-0.4797272,22784,6436480,0,1,2,6.25
0.0010259947,0,2.6282854,22798,6438667,0,1,2,6.25
0.07960315,0,1.8448198,22812,7209758,0,1,1,8.333333
2.0201235,0,3.8192754,22826,7273283,0,1,3,6.25
0.07960316,0,-5.3440576,22840,5657266,0,1,3,8.333333
0.07960316,3.1910312,-2.7741988,22854,6008895,0,1,3,8.333333
0.0017805762,0,0.26058075,22868,942495,0,1,4,6.25
-0.006176836,0,2.3101704,22882,4690349,0,1,3,8.333333
6.265937,-0.077962615,4.0104876,22911,6023435,0,1,5,6.25
-6.255376,-0.077962615,4.0104876,22912,6023435,1,1,6,6.25
-0.08034282,6.2685103,3.853391,22913,6023435,2,1,7,6.25
-0.08034282,-6.2905364,3.853391,22914,6023435,3,1,8,6.25
1.1220462,0,0.7441334,22952,6210870,0,1,2,6.25
0.016071076,-0.049749427,0.6928157,22966,311599,0,1,3,6.25
0.664763,-0.65532887,6.113051,22985,311627,0,1,5,6.25
-0.6737089,-0.6161165,6.113051,22986,311627,1,1,6,6.25
0.007108106,0,1.0525604,23008,668854,0,1,1,8.333333
-0.0024121818,0.020806912,2.1133978,23022,668858,0,1,1,2.2222223
-0.00046675737,0,0.38747576,23036,1711709,0,1,2,6.25
0.07960337,-1.3490028,6.5676475,23050,3036110,0,1,3,8.333333
0,0,0,23063,7550589,0,1,29,0
-0.0026627514,0,-2.3518345,23077,526372,0,1,2,8.333333
0.13130872,-0.12283906,1.0950352,23091,1323033,0,1,2,8.333333
-0.0012865849,0,1.5809599,23105,1332984,0,1,1,11.111112
-0.0026234868,0,5.581458,23119,3952854,0,1,2,8.333333
1.057079,0,0.03354173,23130,7349994,2,1,5,11.111112
0.27662423,0.14241031,0.89178604,23143,6796710,0,1,1,6.25
0.079603165,0,0.78814274,23154,7297708,0,1,4,3.1944444
-0.00010440747,0,1.030148,23167,3883458,0,1,2,8.333333
2.2070284,0.021047566,4.1359115,23180,6224357,0,1,2,0
0,0,0,23193,7536886,0,1,2,0
4.80763,0.18207958,8.208916,23206,6224356,0,1,13,0
0.98823017,0,0.8546613,23219,7506483,0,1,2,5.555556
-0.049490817,-0.036974378,3.5542307,23232,6075581,0,1,2,3.1944444
0.079603165,0,-2.7672398,23245,6153830,0,1,2,3.1944444
0,0,0.6766157,23258,7080289,0,1,3,7.638889
0.0279013,-0.020823294,0.43222216,23271,7048170,0,1,5,4.1666665
0,0,2.733775,23282,7345174,0,1,9,5.138889
0,0,1.5173308,23293,7345175,0,1,9,5.138889
0,0,-0.06581889,23304,7345176,0,1,9,5.138889
0.003760275,-0.00508821,0.889758,23315,7554186,0,1,4,4.1666665
1.6509633,0,-1.0208975,23328,7583306,0,1,4,8.333333
0.025641123,0,0.7231208,23339,7643997,0,1,2,5.555556
0.34691358,0,0,23356,7644706,0,1,5,0
-0.36730897,0,0,23357,7644706,1,1,6,0
0,0,0,23376,7649379,0,1,3,1.6
0.036810983,-0.22589503,7.245295,23390,6929053,0,1,15,0
0,0,6.042853,23407,7463999,0,1,58,0
0,0,10.579675,23408,7463999,1,1,57,0
-1.3640275,-0.10045878,0.40893343,23433,7660918,0,1,1,6.25
-0.20970011,-0.10045878,0.40893343,23434,7660918,1,1,2,6.25
0.5187368,-0.00508821,0.458672,23453,7554181,0,1,7,4.1666665
0.49755517,-2.899435E-05,-0.65898466,23480,7554185,0,1,8,4.1666665
0.00032950193,-2.899435E-05,0.37274495,23491,7554195,0,1,5,4.1666665
0,0,4.203442,23538,7644491,0,1,5,0
0,0,12.931493,23539,7644491,1,1,6,0
0,0,4.203442,23560,7644492,0,1,5,0
0,0,12.931493,23561,7644492,1,1,6,0
0,0,4.203442,23582,7644493,0,1,5,0
0,0,12.931493,23583,7644493,1,1,6,0
0,0,4.203442,23604,7644494,0,1,5,0
0,0,12.931493,23605,7644494,1,1,6,0
0,0,4.203442,23626,7644495,0,1,5,0
0,0,12.931493,23627,7644495,1,1,6,0
0,0,4.203442,23648,7644496,0,1,5,0
0,0,12.931493,23649,7644496,1,1,6,0
0.13414595,0.00054232095,4.203442,23670,7644497,0,1,5,0
0.13414595,0.00054232095,12.931493,23671,7644497,1,1,6,0
0.13414595,0.00054232095,4.203442,23692,7644498,0,1,5,0
0.13414595,0.00054232095,12.931493,23693,7644498,1,1,6,0
0.13414595,0.00054232095,4.203442,23714,7644499,0,1,5,0
0.13414595,0.00054232095,12.931493,23715,7644499,1,1,6,0
0.13414595,0.00054232095,4.203442,23736,7644500,0,1,5,0
0.13414595,0.00054232095,12.931493,23737,7644500,1,1,6,0
0.13414595,0.00054232095,4.203442,23758,7644501,0,1,5,0
0.13414595,0.00054232095,12.931493,23759,7644501,1,1,6,0
0.13414595,0.00054232095,4.203442,23780,7644502,0,1,5,0
0.13414595,0.00054232095,12.931493,23781,7644502,1,1,6,0
1.5542351,-0.022003332,0.013137606,23821,7554187,0,1,3,11.111112
1.5771462,-0.022003332,0.013137606,23822,7554187,1,1,4,11.111112
1.5542351,-0.022003332,0.013137606,23823,7554187,2,1,5,11.111112
0,0,-1.2461103,23850,7554194,0,1,13,4.1666665
0.15799609,0.0027375752,3.4230902,23889,7745840,0,1,10,0.8333333
0.15799609,0.0027375752,3.4230902,23900,7745841,0,1,10,0.8333333
0.15799609,0.0027375752,3.4230902,23911,7745842,0,1,10,0.8333333
0.15799609,0.0027375752,3.4230902,23922,7745843,0,1,10,0.8333333
0,0,0.2423159,23931,7658588,0,1,12,0
0.079603165,0,2.5285313,23952,7277208,0,1,4,11.805555
1.5348157,0,2.2458751,23975,3855975,0,1,2,8.333333
0,0,3.6638684,23986,3855976,0,1,2,8.333333
0.49854273,0.008402824,0.5858481,24001,1025521,0,1,2,8.333333
0.6170372,0.012153378,1.48578,24014,1244078,0,1,2,2.2222223
0.67820007,0,1.6434422,24015,1244078,1,1,3,8.333333
0.71335596,0,2.4047666,24034,1246952,0,1,2,8.333333
0.938129,-0.018497732,1.6058443,24045,1247769,0,1,1,8.333333
0.00032950193,-2.899435E-05,0.2457338,24059,7509685,0,1,5,4.1666665
1.1492829,0.6888579,1.1999999,24082,7804770,0,1,8,3.1944444
1.1897297,-1.2725538,1.0925462,24083,7804770,1,1,9,3.1944444
1.1492829,-0.8372544,1.1523149,24084,7804770,2,1,10,3.1944444
1.1492829,-0.71755487,1.1999999,24085,7804770,3,1,11,3.1944444
1.1897297,1.2975622,1.0925462,24086,7804770,4,1,12,3.1944444
1.172505,1.1946021,1.1492394,24087,7804770,5,1,13,3.1944444
1.1492829,0.8121,1.1523149,24088,7804770,6,1,14,3.1944444
-0.6079045,-1.2468374,1.1458346,24157,7804772,0,1,20,4.1666665
-0.56591064,1.2369095,1.1458346,24158,7804772,1,1,21,4.1666665
-1.1170832,1.115883,2.3965702,24159,7804772,2,1,22,4.1666665
-2.0294366,0.957398,2.3965702,24160,7804772,3,1,23,4.1666665
-1.1170832,-1.1019858,2.3965702,24161,7804772,4,1,24,4.1666665
-2.0294366,-0.9599841,2.3965702,24162,7804772,5,1,25,4.1666665
0,0,4.3849664,24211,7277208,1,1,5,8.333333
-0.12610728,0.008622302,0.8018228,24253,7761091,0,1,7,1.388889
-0.32732534,-0.6674407,1.7159394,24254,7761091,1,1,8,1.25
-0.12610728,0.008622302,0.8018228,24273,7761099,0,1,2,1.388889
-0.00507723,-0.0028663476,1.7159394,24284,7815449,0,1,3,1.25
0.079603165,0,1.2973007,24303,7789439,0,1,3,5.9722223
0.00032950193,-0.20022982,0.96572316,24338,7804771,0,1,6,4.1666665
0.04059622,0,2.7948358,24369,4324622,0,1,2,8.333333
0.079603165,0,1.1061639,24411,7789436,0,1,3,7.638889
2.7276,0,1.3923849,24421,7810779,0,1,2,5.2222223
2.7276,0,1.3923849,24431,7810781,0,1,1,5.2222223
2.7276,0,1.3923849,24441,7810783,0,1,1,5.2222223
0,-0.00026247403,-1.39858,24455,7789432,0,1,3,9.722222
0.10717276,-0.06399637,4.007676,24465,7277207,0,1,3,5.9722223
0.079603165,0,-5.7467823,24476,7277209,0,1,3,11.805555
0,0,-3.8903475,24477,7277209,1,1,4,8.333333
0.079603165,0,-8.222212,24498,7277210,0,1,3,11.805555
0,0,-6.3657775,24499,7277210,1,1,4,8.333333
0.079603165,0,-12.529824,24520,7277211,0,1,3,11.805555
0,0,-10.67339,24521,7277211,1,1,4,8.333333
0.021945212,-0.042159513,3.2162435,24542,7354106,0,1,3,5.9722223
6.6167745E-06,-1.0082698E-05,21.144953,24561,7850887,0,1,29,13.888889
1.4650048,0,-0.0035175749,24576,7874166,0,1,24,11.111112
0.15040796,0,3.942454,24587,7274446,0,1,69,5.555556
1.045551,0,3.3328872,24612,7739381,0,1,29,3.1096
-0.6806116,0,0.75670594,24624,7896767,0,1,10,2.0108817
0.079603165,0,2.5285313,24635,7881320,0,1,3,11.805555
0,0,4.3849664,24636,7881320,1,1,4,8.333333
1.6189764,-0.026887888,2.5920632,24669,7914427,0,1,2,3.1944444
1.6189764,-0.036974378,2.5449147,24680,7914429,0,1,2,3.1944444
0.29202053,0,0,24691,7930061,0,1,8,1.5277778
0,0,2.514769,24702,6050863,0,1,4,7.638889
0,0,1.7426325,24713,6050864,0,1,2,5.555556
0.079603165,0,1.2175658,24724,6356232,0,1,3,3.1944444
0.079603165,0,1.2175658,24735,6356233,0,1,3,3.1944444
0,0,0.6959686,24746,6684643,0,1,2,4.1666665
0.69483244,1.6864929,7.9101496,24763,7940395,0,1,28,3.194112
-0.75610757,-1.7070495,2.1432703,24764,7940395,1,1,29,3.194112
-0.011869255,-0.059942476,4.1959467,24765,7940395,2,1,25,3.194112
-0.011868632,-0.059942618,7.126588,24766,7940395,3,1,26,3.194112
-0.45104828,-1.2111356,9.3541565,24767,7940395,4,1,27,3.194112
-0.034169845,-0.028189024,2.0737288,24768,7940395,5,1,22,5.6854005
-0.042104084,-0.034734514,2.5552487,24835,7851713,0,1,24,5.6854005
0.8561705,2.078097,9.746885,24836,7851713,1,1,48,3.194112
-0.93167603,-2.1034265,2.6409378,24837,7851713,2,1,49,3.194112
-0.01462625,-0.07386088,5.1702456,24838,7851713,3,1,35,3.194112
-0.014626343,-0.07386085,8.781381,24839,7851713,4,1,36,3.194112
-0.55578417,-1.4923607,11.52619,24840,7851713,5,1,37,3.194112
6.6167745E-06,-1.0082698E-05,21.144953,24948,7938149,0,1,29,13.888889
0.079603165,0,0.7312425,25029,7793022,0,1,21,3.1944444
0,0.029552037,0.98715276,25041,7958104,0,1,67,5.423247
-5.44654E-05,0.015309651,2.3082807,25059,7958104,1,1,68,5.555556
1.9541997,0.07799484,2.8867753,25092,7536799,0,1,148,5.555556
0,0,0,25105,8023123,0,1,3,5.555556
0,0,8.972132,25144,1724029,0,1,1,5.9722223
0,0,3.187962,25156,5975164,0,1,2,5.9722223
0,0,0.99622643,25168,7515872,0,1,2,4.1666665
0,0,1.5919427,25180,7836462,0,1,1,8.722222
0,0,0.27909723,25196,1667789,0,1,2,5.555556
0,0,0.7206315,25208,7515871,0,1,4,4.1666665
0,-1.0504379,2.6850317,25220,1661568,1,1,3,5.9722223
0,0.029552037,4.4305787,25233,7958104,2,1,69,5.3556733
0,0,4.193875,25265,307788,0,1,16,5.9722223
0.46067074,-0.3648274,8.114542,25292,8062019,0,1,22,6.25
0,0,-3.6989398,25304,526368,0,1,2,9.722222
0.46719244,0,2.7481008,25321,7866654,0,1,4,9.722222
0.8947006,0,3.3202677,25333,8116229,0,1,54,8.333333
0.079603165,0,-0.67415905,25345,7967691,0,1,10,3.1944444
1.4420937,0,0.4046223,25357,8035585,0,1,1,11.111112
1.4650048,0,0.4046223,25358,8035585,1,1,2,11.111112
0.016115163,0,1.0356592,25381,8117126,0,1,3,7.638889
0,0,4.193875,25393,7833482,0,1,30,5.9722223
0.079603165,0.11688072,3.4609456,25405,7967689,0,1,7,3.1944444
0.66669947,-1.34419,2.156288,25406,7967689,1,1,8,3.1944444
-0.5029552,-1.34419,2.156288,25407,7967689,2,1,9,3.1944444
0,0,8.839386,25441,6794582,0,1,2,8.333333
0,0,6.2880387,25442,6794582,1,1,3,11.805555
0,0,9.443665,25475,8129030,0,1,57,22.222223
1.4420937,0,0.4046223,25597,8035586,0,1,1,11.111112
-13.888889,13.888889,8.333333,25853,8199056,0,1,35,27.777779
13.888889,13.888889,8.333333,25877,8199057,0,1,49,27.777779
13.888889,-13.888889,9.166667,25889,8199058,0,1,41,27.777779
-13.888889,-13.888889,8.333333,25901,8199059,0,1,39,27.777779
0.079603165,0,4.9696603,26003,1573324,0,1,29,11.111112
0,0,-0.013503605,26042,6005281,0,1,2,5.9722223
0.079603165,0,-3.0577004,26054,7205469,0,1,2,5.9722223
0.079603165,0,-7.217491,26066,7205470,0,1,2,8.333333
0.079603165,0,-11.233758,26078,7205471,0,1,2,8.333333
0.079603165,0,-6.129084,26090,7550546,0,1,2,7.638889
0.079603165,0,-7.8084183,26102,7550547,0,1,2,7.638889
0.079603165,0,-9.949191,26114,7550548,0,1,2,7.638889
1.1921654,0,-0.86198145,26126,7583307,0,1,3,5.9722223
1.0054308,0.00018272136,2.8014288,26148,6388933,0,1,2,8.333333
0.07960316,0,0.15525861,26160,6402434,0,1,2,5.9722223
0.07960317,0,2.1490064,26172,6985813,0,1,4,5.138889
0,0,-3.4083333,26184,7079626,0,1,2,5.9722223
0.07960317,0,1.2956511,26196,7280505,0,1,4,6.1666665
