ID,Tablename,Object_ID,Flags,PushID
235,SPELLMISC,837892,0,109884
236,AI_TRIGGERACTION,223833,0,109885
237,ENCOUNTEREVENT,684,0,109885
238,SPELLMISC,857471,0,109885
239,SPELLMISC,857472,0,109885
240,SPELLSCRIPTTEXT,28410,0,109885
241,SPELLSCRIPTTEXT,28411,0,109885
242,SPELLSCRIPTTEXT,28412,0,109885
243,SPELLSCRIPTTEXT,29014,0,109885
244,SPELLSCRIPTTEXT,29025,0,109885
245,SPELLSCRIPTTEXT,29367,0,109885
246,SPELLSCRIPTTEXT,29411,0,109885
247,SPELLSCRIPTTEXT,29437,0,109885
248,SPELLSCRIPTTEXT,29438,0,109885
249,SPELLSCRIPTTEXT,29538,0,109885
250,SPELLSCRIPTTEXT,29539,0,109885
251,SPELLSCRIPTTEXT,29540,0,109885
252,SPELLSCRIPTTEXT,29609,0,109885
253,SPELLSCRIPTTEXT,29610,0,109885
254,SPELLSCRIPTTEXT,29653,0,109885
255,SPELLSCRIPTTEXT,29670,0,109885
256,SPELLVISUALKITDECALATTACH,90,0,109885
257,UNITCONDITION,9802,0,109885
258,SPELLEFFECT,1345362,0,109890
259,SPELLEFFECT,1345363,0,109890
260,SPELLMISC,852623,0,109890
261,SPELLSCRIPT,132834,0,109890
262,SPELLVISUAL,190170,0,109890
263,SPELLVISUALEVENT,561316,0,109890
264,SPELLVISUALKIT,278338,0,109890
265,SPELLVISUALKITDECALATTACH,492,0,109890
266,SPELLVISUALKITEFFECT,786328,0,109890
267,SPELLVISUALKITEFFECT,787859,0,109890
268,SPELLVISUALKITEFFECT,787860,0,109890
269,SPELLVISUALKITEFFECT,787861,0,109890
270,SPELLVISUALKITEFFECT,787862,0,109890
271,SPELLVISUALKITEFFECT,787863,0,109890
272,SPELLVISUALKITEFFECT,787865,0,109890
273,SPELLVISUALKITMODELATTACH,636776,0,109890
274,SPELLVISUALKITMODELATTACH,637394,0,109890
275,SPELLVISUALKITMODELATTACH,637395,0,109890
276,SPELLVISUALKITMODELATTACH,637396,0,109890
277,SPELLVISUALKITMODELATTACH,637398,0,109890
278,SPELLXSPELLVISUAL,530543,0,109890
279,SPELLXSPELLVISUAL,531239,0,109890
280,CREATURE,273791,0,109892
281,CREATUREDIFFICULTY,357583,0,109892
282,CREATUREDIFFICULTYTREASURE,255966,0,109892
283,CREATUREDIFFICULTYTREASURE,255967,0,109892
284,CREATUREDIFFICULTYTREASURE,255968,0,109892
285,CREATUREDIFFICULTYTREASURE,255969,0,109892
286,CREATURELABEL,94128,0,109892
287,CREATUREXDISPLAYINFO,681400,0,109892
288,CREATUREXDISPLAYINFO,681401,0,109892
289,CREATUREXDISPLAYINFO,681402,0,109892
290,CREATUREXDISPLAYINFO,681403,0,109892
291,CREATUREXDISPLAYINFO,681404,0,109892
292,CREATUREXDISPLAYINFO,681405,0,109892
293,CREATUREXDISPLAYINFO,681406,0,109892
294,CREATUREXDISPLAYINFO,681407,0,109892
295,CREATUREXDISPLAYINFO,681408,0,109892
296,CREATUREXDISPLAYINFO,681409,0,109892
297,CRITERIATREE,222811,0,109892
298,CRITERIATREE,222816,0,109892
299,CRITERIATREEXEFFECT,10996,0,109892
300,SPAWNGROUP,3177719,0,109892
301,SPAWNOBJECT,8022176,0,109892
302,SPELLMISC,834193,0,109892
303,AI_GROUPACTION,1090849,0,109898
304,AI_GROUPACTIONSET,1209197,0,109898
305,AI_TRIGGERACTION,218565,0,109898
306,ANIMREPLACEMENT,5167,0,109898
307,ANIMREPLACEMENT,5168,0,109898
308,SPELL,1313909,0,109898
309,SPELLEFFECT,1307132,0,109898
310,SPELLEFFECT,1335472,0,109898
311,SPELLEFFECT,1345417,0,109898
312,SPELLEFFECT,1345419,0,109898
313,SPELLEFFECT,1345425,0,109898
314,SPELLEFFECT,1345427,0,109898
315,SPELLEFFECT,1345448,0,109898
316,SPELLEFFECT,1345478,0,109898
317,SPELLMISC,836578,0,109898
318,SPELLMISC,853874,0,109898
319,SPELLMISC,856045,0,109898
320,SPELLMISC,860267,0,109898
321,SPELLSCRIPT,125966,0,109898
322,SPAWNREGION,182023,0,109913
323,ITEM,270160,0,109886
324,SOUNDKIT,367479,0,109886
325,SOUNDKIT,367480,0,109886
326,SOUNDKIT,367483,0,109886
327,SOUNDKIT,367487,0,109886
328,SOUNDKIT,367488,0,109886
329,SOUNDKITADVANCED,331077,0,109886
330,SOUNDKITADVANCED,331078,0,109886
331,SOUNDKITADVANCED,331081,0,109886
332,SOUNDKITADVANCED,331085,0,109886
333,SOUNDKITADVANCED,331086,0,109886
334,SOUNDKITCHILD,48989,0,109886
335,SOUNDKITCHILD,48990,0,109886
336,SOUNDKITENTRY,1687293,0,109886
337,SOUNDKITENTRY,1687294,0,109886
338,SOUNDKITENTRY,1687295,0,109886
339,SOUNDKITENTRY,1687296,0,109886
340,SOUNDKITENTRY,1687306,0,109886
341,SOUNDKITENTRY,1687307,0,109886
342,SOUNDKITENTRY,1687308,0,109886
343,SOUNDKITENTRY,1687343,0,109886
344,SOUNDKITENTRY,1687344,0,109886
345,SOUNDKITENTRY,1687345,0,109886
346,SOUNDKITENTRY,1687346,0,109886
347,SOUNDKITENTRY,1687347,0,109886
348,SOUNDKITENTRY,1687348,0,109886
349,SOUNDKITENTRY,1687349,0,109886
350,SOUNDKITENTRY,1687350,0,109886
351,SOUNDKITENTRY,1687351,0,109886
352,SOUNDKITENTRY,1687352,0,109886
353,SOUNDKITENTRY,1687353,0,109886
354,SOUNDKITENTRY,1687354,0,109886
355,SOUNDKITENTRY,1687355,0,109886
356,SOUNDKITENTRY,1687356,0,109886
357,SOUNDKITENTRY,1687357,0,109886
358,SOUNDKITENTRY,1687358,0,109886
359,SOUNDKITENTRY,1687359,0,109886
360,SOUNDKITENTRY,1687360,0,109886
361,SOUNDKITENTRY,1687361,0,109886
362,SOUNDKITENTRY,1687362,0,109886
363,SOUNDKITENTRY,1687363,0,109886
364,SOUNDKITENTRY,1687364,0,109886
365,SOUNDKITENTRY,1687365,0,109886
366,SOUNDKITENTRY,1687366,0,109886
367,SOUNDKITENTRY,1687367,0,109886
368,SOUNDKITENTRY,1687368,0,109886
369,SOUNDKITENTRY,1687369,0,109886
370,SOUNDKITENTRY,1687370,0,109886
371,SOUNDKITENTRY,1687371,0,109886
372,SOUNDKITENTRY,1687372,0,109886
373,SPELLVISUALKITEFFECT,787840,0,109886
374,SPELLVISUALKITEFFECT,787879,0,109886
375,SPELLVISUALKITEFFECT,787883,0,109886
376,SPELLVISUALKITEFFECT,787884,0,109886
377,AREATRIGGERACTION,72346,0,109914
378,AREATRIGGERACTION,72347,0,109914
379,AREATRIGGERCREATEPROPERTIES,42058,0,109914
380,JOURNALENCOUNTERSECTION,34744,0,109914
381,JOURNALENCOUNTERSECTION,34924,0,109914
382,JOURNALENCOUNTERSECTION,35095,0,109914
383,JOURNALENCOUNTERSECTION,35405,0,109914
384,JOURNALENCOUNTERSECTION,35406,0,109914
385,JOURNALENCOUNTERSECTION,35415,0,109914
386,JOURNALENCOUNTERSECTION,35416,0,109914
387,JOURNALENCOUNTERSECTION,35419,0,109914
388,JOURNALENCOUNTERSECTION,35420,0,109914
389,JOURNALENCOUNTERSECTION,35429,0,109914
390,JOURNALENCOUNTERSECTION,36550,0,109914
391,JOURNALENCOUNTERSECTION,36583,0,109914
392,JOURNALENCOUNTERSECTION,36606,0,109914
393,JOURNALENCOUNTERSECTION,36607,0,109914
394,JOURNALENCOUNTERSECTION,37045,0,109914
395,JOURNALENCOUNTERSECTION,37046,0,109914
396,JOURNALENCOUNTERSECTION,37271,0,109914
397,JOURNALENCOUNTERSECTION,37272,0,109914
398,JOURNALENCOUNTERSECTION,37273,0,109914
399,JOURNALENCOUNTERSECTION,37274,0,109914
400,JOURNALENCOUNTERSECTION,37275,0,109914
401,JOURNALSECTIONXDIFFICULTY,19153,0,109914
402,JOURNALSECTIONXDIFFICULTY,19154,0,109914
403,JOURNALSECTIONXDIFFICULTY,19366,0,109914
404,SPELL,1277027,0,109914
405,SPELL,1285425,0,109914
406,SPELL,1285453,0,109914
407,SPELL,1297096,0,109914
408,SPELL,1297111,0,109914
409,SPELLCATEGORIES,181913,0,109914
410,SPELLCATEGORIES,181922,0,109914
411,SPELLCATEGORIES,184601,0,109914
412,SPELLCATEGORIES,184606,0,109914
413,SPELLEFFECT,1289161,0,109914
414,SPELLEFFECT,1289261,0,109914
415,SPELLEFFECT,1323912,0,109914
416,SPELLEFFECT,1329097,0,109914
417,SPELLEFFECT,1334268,0,109914
418,SPELLEFFECT,1340641,0,109914
419,SPELLEFFECT,1340642,0,109914
420,SPELLEFFECT,1342634,0,109914
421,SPELLEFFECT,1342909,0,109914
422,SPELLEFFECT,1345523,0,109914
423,SPELLEFFECT,1345548,0,109914
424,SPELLEFFECT,1345549,0,109914
425,SPELLEFFECT,1345550,0,109914
426,SPELLLABEL,211072,0,109914
427,SPELLMISC,825899,0,109914
428,SPELLMISC,833692,0,109914
429,SPELLMISC,833693,0,109914
430,SPELLMISC,850220,0,109914
431,SPELLMISC,852699,0,109914
432,SPELLMISC,857250,0,109914
433,SPELLSCRIPT,122519,0,109914
434,SPELLSCRIPT,127055,0,109914
435,SPELLSCRIPT,129217,0,109914
436,SPELLSCRIPT,132062,0,109914
437,SPELLSCRIPT,133327,0,109914
438,SPELLSCRIPTPACKAGE,77275,0,109914
439,SPELLSCRIPTPACKAGE,82283,0,109914
440,SPELLSCRIPTTEXT,29305,0,109914
441,SPELLSCRIPTTEXT,29306,0,109914
442,SPELLSCRIPTTEXT,29315,0,109914
443,SPELLSCRIPTTEXT,29316,0,109914
444,SPELLTARGETFILTERRULE,8410,0,109914
445,SPELLTARGETFILTERRULE,8661,0,109914
446,SPELLVISUAL,190189,0,109914
447,SPELLVISUALEVENT,561360,0,109914
448,SPELLVISUALKIT,278371,0,109914
449,SPELLVISUALKITEFFECT,787973,0,109914
450,SPELLVISUALKITEFFECT,787974,0,109914
451,SPELLVISUALKITMODELATTACH,637455,0,109914
452,SPELLXSPELLVISUAL,531275,0,109914
453,SPELL,1285447,0,109926
454,SPELLAURAVISIBILITY,5852,0,109926
455,SPELLCATEGORIES,181915,0,109926
456,SPELLCATEGORIES,182250,0,109926
457,SPELLCATEGORIES,188100,0,109926
458,SPELLMISC,833127,0,109926
459,SPELLSCRIPT,133326,0,109883
460,CREATUREDIFFICULTY,347704,0,109900
461,CREATUREDIFFICULTYTREASURE,252684,0,109900
462,SPELL,1313945,0,109893
463,SPELLEFFECT,1345526,0,109893
464,SPELLMISC,860304,0,109893
465,SPELLSCRIPT,127073,0,109893
466,SPELLSCRIPT,130839,0,109893
467,SPELLSCRIPT,133342,0,109893
468,SPELLSCRIPTPACKAGE,78472,0,109893
469,SPELLSCRIPTTEXT,28465,0,109893
470,SPELLSCRIPTTEXT,28466,0,109893
471,SPELLSCRIPTTEXT,28624,0,109893
472,SPELLSCRIPTTEXT,29080,0,109893
473,SPELLSCRIPTTEXT,29334,0,109893
474,SPELLSCRIPTTEXT,29335,0,109893
475,SPELLSCRIPTTEXT,29532,0,109893
476,SPELLSCRIPTTEXT,29548,0,109893
477,SPELLSCRIPTTEXT,29624,0,109893
478,SPELLTARGETRESTRICTIONS,355518,0,109893
479,SPELLXSPELLVISUAL,531288,0,109893
480,CONTENTTUNINGXEXPECTED,3372,0,109910
481,EXPECTEDSTATMOD,473,0,109910
482,AI_GROUPACTION,1090890,0,109911
483,AI_GROUPACTION,1090891,0,109911
484,AI_GROUPACTION,1090892,0,109911
485,AI_GROUPACTION,1090893,0,109911
486,AI_GROUPACTION,1090894,0,109911
487,AI_GROUPACTIONSET,1209249,0,109911
488,AI_GROUPACTIONSET,1209250,0,109911
489,AI_GROUPACTIONSET,1209251,0,109911
490,AI_GROUPACTIONSET,1209252,0,109911
491,AI_GROUPACTIONSET,1209253,0,109911
492,SPAWNEVENT,5190315,0,109911
493,SPAWNEVENT,5190316,0,109911
494,SPAWNEVENT,5190317,0,109911
495,SPAWNEVENT,5233536,0,109911
496,SPAWNEVENT,5233541,0,109911
497,ITEM,282425,0,109870
498,ITEM,282426,0,109870
499,ITEMBONUSTREENODE,30131,0,109870
500,ITEMBONUSTREENODE,30132,0,109870
501,ITEMBONUSTREENODE,30133,0,109870
502,ITEMXBONUSTREE,332010,0,109870
503,ITEMXBONUSTREE,332011,0,109870
504,QUESTV2,98587,0,109870
505,QUESTV2,98588,0,109870
506,TREASURE,141405,0,109870
507,TREASURE,141409,0,109870
508,TREASURE,143052,0,109870
509,TREASURE,143054,0,109870
510,TREASURE,143055,0,109870
511,TREASURE,143595,0,109870
512,TREASURE,143596,0,109870
513,TREASURE,143600,0,109870
514,TREASURE,143601,0,109870
515,TREASURE,143604,0,109870
516,TREASUREITEM,1537433,0,109870
517,TREASUREITEM,1537438,0,109870
518,TREASUREITEM,1537439,0,109870
519,TREASUREITEM,1537441,0,109870
520,TREASUREITEM,1537442,0,109870
521,TREASUREITEM,1539854,0,109870
522,TREASUREITEM,1539855,0,109870
523,TREASUREITEM,1546337,0,109870
524,TREASUREITEM,1546338,0,109870
525,TREASUREITEM,1546339,0,109870
526,TREASUREITEM,1546340,0,109870
527,TREASUREITEM,1546341,0,109870
528,TREASUREITEM,1546342,0,109870
529,TREASUREITEM,1546343,0,109870
530,TREASUREITEM,1546344,0,109870
531,TREASUREITEM,1546349,0,109870
532,TREASUREITEM,1546350,0,109870
533,TREASUREITEM,1546351,0,109870
534,TREASUREITEM,1546352,0,109870
535,TREASUREITEM,1546353,0,109870
536,TREASUREITEM,1546354,0,109870
537,TREASUREITEM,1546355,0,109870
538,TREASUREITEM,1546362,0,109870
539,TREASUREITEM,1546371,0,109870
540,TREASUREITEM,1546372,0,109870
541,TREASUREITEM,1546373,0,109870
542,TREASUREITEM,1546374,0,109870
543,TREASUREITEM,1546375,0,109870
544,TREASUREITEM,1546376,0,109870
545,TREASUREITEM,1546377,0,109870
546,TREASUREITEM,1546378,0,109870
547,TREASUREITEM,1546379,0,109870
548,TREASUREITEM,1546380,0,109870
549,TREASUREITEM,1546381,0,109870
550,TREASUREITEM,1546382,0,109870
551,TREASUREITEM,1548449,0,109870
552,TREASUREITEM,1548450,0,109870
553,TREASUREITEM,1548451,0,109870
554,TREASUREITEM,1548452,0,109870
555,TREASUREITEM,1548453,0,109870
556,TREASUREITEM,1548454,0,109870
557,TREASUREITEM,1548455,0,109870
558,TREASUREITEM,1548456,0,109870
559,TREASUREITEM,1548462,0,109870
560,TREASUREITEM,1548463,0,109870
561,TREASUREITEM,1548464,0,109870
562,TREASUREITEM,1548465,0,109870
563,TREASUREITEM,1548466,0,109870
564,TREASUREITEM,1548467,0,109870
565,TREASUREITEM,1548468,0,109870
566,TREASUREITEM,1548469,0,109870
567,TREASUREITEM,1548470,0,109870
568,TREASUREITEM,1548471,0,109870
569,TREASUREITEM,1548472,0,109870
570,TREASUREITEM,1548473,0,109870
571,TREASUREITEM,1548474,0,109870
572,TREASUREITEM,1548475,0,109870
573,TREASUREITEM,1548476,0,109870
574,TREASUREITEM,1548477,0,109870
575,TREASUREITEM,1548478,0,109870
576,TREASUREITEM,1548479,0,109870
577,TREASUREITEM,1548480,0,109870
578,TREASUREITEM,1548481,0,109870
579,TREASUREITEM,1548482,0,109870
580,TREASUREITEM,1548483,0,109870
581,TREASUREITEM,1548484,0,109870
582,TREASUREITEM,1548485,0,109870
583,TREASUREITEM,1548504,0,109870
584,TREASUREITEM,1548505,0,109870
585,TREASUREITEM,1548506,0,109870
586,SPELLEFFECT,1345605,0,109929
587,SPELLSCRIPT,125530,0,109929
588,WORLDSTATE,30772,0,109929
589,WORLDSTATE,32528,0,109929
590,MODIFIEDCRAFTINGSPELLSLOT,20029,0,109912
591,SPELL,1297585,0,109912
592,SPELLREAGENTS,39109,0,109912
593,SPELLREAGENTS,39251,0,109912
594,MODIFIEDCRAFTINGSPELLSLOT,19991,0,109923
595,MODIFIEDCRAFTINGSPELLSLOT,19992,0,109923
596,MODIFIEDCRAFTINGSPELLSLOT,19993,0,109923
597,MODIFIEDCRAFTINGSPELLSLOT,19994,0,109923
598,SPELL,1297647,0,109923
599,SPELLREAGENTS,39252,0,109923
600,SPELLEFFECT,1329754,0,109920
601,SPELLMISC,850609,0,109920
602,TOYCREDIT,527,0,109939
603,SPELLMISC,831233,0,109907
604,SPELLMISC,834594,0,109907
605,SPELLMISC,845269,0,109907
606,SPELLMISC,846578,0,109907
607,SPELLMISC,858690,0,109907
608,SPELLMISC,860301,0,109907
609,SPELLMISC,860302,0,109907
610,SPELLMISC,831189,0,109917
611,SPELLMISC,831251,0,109917
612,SPELLMISC,846671,0,109917
613,SPELLMISC,857377,0,109917
614,SPELLMISC,857380,0,109917
615,TREASURE,143603,0,109902
616,TREASUREITEM,1545055,0,109902
617,TREASUREITEM,1545056,0,109902
618,TREASUREITEM,1548495,0,109902
619,TREASUREITEM,1548496,0,109902
620,TREASUREITEM,1548497,0,109902
621,SPELLMISC,834094,0,109901
622,SPELLSCRIPT,125235,0,109901
623,AI_GROUPACTION,1090918,0,109924
624,AI_GROUPACTION,1090919,0,109924
625,AI_GROUPACTIONSET,1209278,0,109924
626,AI_GROUPACTIONSET,1209279,0,109924
627,AI_GROUPACTIONSET,1209280,0,109924
628,AI_GROUPACTIONSET,1209281,0,109924
629,AI_GROUPACTIONSET,1209282,0,109924
630,AI_GROUPACTIONSET,1209283,0,109924
631,AI_GROUPACTIONSET,1209284,0,109924
632,AI_TRIGGERACTION,221335,0,109924
633,AI_TRIGGERACTION,221338,0,109924
634,AI_TRIGGERACTION,222305,0,109924
635,AI_TRIGGERACTION,223022,0,109924
636,AI_TRIGGERACTION,223337,0,109924
637,AI_TRIGGERACTION,224404,0,109924
638,AI_TRIGGERACTIONSET,77793,0,109924
639,AREATRIGGERACTION,73267,0,109924
640,AREATRIGGERACTION,73269,0,109924
641,AREATRIGGERCREATEPROPERTIES,44081,0,109924
642,SPAWNEVENT,5342401,0,109924
643,SPAWNEVENT,5342402,0,109924
644,SPAWNEVENT,5342403,0,109924
645,SPAWNEVENT,5342404,0,109924
646,SPAWNEVENT,5342405,0,109924
647,SPAWNEVENT,5342406,0,109924
648,SPAWNEVENT,5342407,0,109924
649,SPAWNEVENT,5342408,0,109924
650,SPAWNEVENT,5342409,0,109924
651,SPAWNEVENT,5342410,0,109924
652,SPAWNEVENT,5342411,0,109924
653,SPAWNEVENT,5342412,0,109924
654,SPAWNEVENT,5342413,0,109924
655,SPAWNEVENT,5342414,0,109924
656,SPAWNGROUP,3246147,0,109924
657,SPAWNGROUP,3246152,0,109924
658,SPAWNGROUP,3337417,0,109924
659,SPAWNGROUP,3337418,0,109924
660,SPAWNGROUP,3337419,0,109924
661,SPAWNGROUP,3337420,0,109924
662,SPAWNGROUP,3337421,0,109924
663,SPAWNGROUP,3337422,0,109924
664,SPAWNGROUP,3337423,0,109924
665,SPAWNGROUP,3337424,0,109924
666,SPAWNLOC,5238830,0,109924
667,SPAWNLOC,5238831,0,109924
668,SPAWNLOC,5238832,0,109924
669,SPAWNLOC,5238833,0,109924
670,SPAWNLOC,5238834,0,109924
671,SPAWNLOC,5238835,0,109924
672,SPAWNLOC,5238836,0,109924
673,SPAWNLOC,5238837,0,109924
674,SPAWNOBJECT,8279519,0,109924
675,SPAWNOBJECT,8279520,0,109924
676,SPAWNOBJECT,8279521,0,109924
677,SPAWNOBJECT,8279522,0,109924
678,SPAWNOBJECT,8279523,0,109924
679,SPAWNOBJECT,8279524,0,109924
680,SPAWNOBJECT,8279525,0,109924
681,SPAWNOBJECT,8279526,0,109924
682,SPAWNSQUAD,5399096,0,109924
683,SPAWNSQUAD,5399101,0,109924
684,SPAWNSQUAD,5514652,0,109924
685,SPAWNSQUAD,5514653,0,109924
686,SPAWNSQUAD,5514654,0,109924
687,SPAWNSQUAD,5514655,0,109924
688,SPAWNSQUAD,5514656,0,109924
689,SPAWNSQUAD,5514657,0,109924
690,SPAWNSQUAD,5514658,0,109924
691,SPAWNSQUAD,5514659,0,109924
692,SPELL,1307942,0,109924
693,SPELL,1313965,0,109924
694,SPELL,1313966,0,109924
695,SPELLAURAOPTIONS,247928,0,109924
696,SPELLEFFECT,1336235,0,109924
697,SPELLEFFECT,1345563,0,109924
698,SPELLEFFECT,1345564,0,109924
699,SPELLEFFECT,1345565,0,109924
700,SPELLEFFECT,1345566,0,109924
701,SPELLMISC,853588,0,109924
702,SPELLMISC,855149,0,109924
703,SPELLMISC,860324,0,109924
704,SPELLMISC,860325,0,109924
705,SPELLSCRIPT,130024,0,109924
706,SPELLSCRIPT,131354,0,109924
707,SPELLSCRIPT,131384,0,109924
708,SPELLSCRIPT,133348,0,109924
709,SPELLSCRIPTPACKAGE,82293,0,109924
710,SPELLTARGETFILTER,4073,0,109924
711,SPELLTARGETFILTERRULE,8664,0,109924
712,SPELLTARGETRESTRICTIONS,355522,0,109924
713,SPELLTARGETRESTRICTIONS,355523,0,109924
714,SPELLTARGETRESTRICTIONS,355524,0,109924
715,STRINGID,118809,0,109924
716,UNITCONDITION,9779,0,109924
717,SPELLCATEGORIES,182431,0,109954
718,SPELLEFFECT,1305441,0,109954
719,SPELLEFFECT,1305442,0,109954
720,ENCOUNTEREVENT,977,0,109980
721,SPELL,1276710,0,109980
722,SPELLSCRIPTTEXT,27871,0,109980
723,SPELLSCRIPTTEXT,27872,0,109980
724,SPELLSCRIPTTEXT,28614,0,109980
725,SPELLMISC,843337,0,109918
726,CREATUREDIFFICULTY,342469,0,109927
727,CREATUREDIFFICULTY,342748,0,109927
728,CREATUREDIFFICULTY,343303,0,109927
729,CREATUREDIFFICULTY,343304,0,109927
730,CREATUREDIFFICULTY,348532,0,109927
731,CREATUREDIFFICULTY,348773,0,109927
732,CREATUREDIFFICULTY,350078,0,109927
733,CREATUREDIFFICULTY,352353,0,109927
734,SPAWNLOC,5043091,0,109927
735,SPAWNGROUP,3175632,0,109937
736,CREATUREDIFFICULTY,351743,0,109943
737,CREATUREDIFFICULTY,348945,0,109932
738,CREATUREDIFFICULTY,348956,0,109932
739,SPELLMISC,841988,0,109932
740,SPELLMISC,842182,0,109932
741,SPELLEFFECT,1305452,0,109960
742,AI_GROUPACTION,1091038,0,109965
743,AI_GROUPACTIONSET,1209434,0,109965
744,AI_TRIGGERACTION,222632,0,109965
745,SPELL,1287790,0,109965
746,SPELLINTERRUPTS,244690,0,109965
747,SPELLMISC,835455,0,109965
748,SPELLMISC,835456,0,109965
749,SPELLTARGETRESTRICTIONS,355540,0,109965
750,SPELLMISC,834859,0,109971
751,SPELLMISC,834959,0,109971
752,SPELLEFFECT,1051843,0,109978
753,SPELLMISC,812703,0,109979
754,SPELLMISC,813501,0,109979
755,SPELLMISC,813878,0,109979
756,SPELLMISC,819968,0,109979
757,SPELLMISC,822503,0,109979
758,SPELLMISC,823274,0,109979
759,SPELLMISC,828228,0,109979
760,SPELLMISC,829643,0,109979
761,BEAMEFFECT,8804,0,109975
762,BEAMEFFECT,9635,0,109975
763,BEAMEFFECT,9636,0,109975
764,BEAMEFFECT,9637,0,109975
765,BEAMEFFECT,9638,0,109975
766,BEAMEFFECT,9639,0,109975
767,SPELLCATEGORIES,182358,0,109975
768,SPELLEFFECT,1305334,0,109975
769,SPELLEFFECT,1305343,0,109975
770,SPELLINTERRUPTS,240433,0,109975
771,SPELLMISC,835343,0,109975
772,SPELLVISUAL,179210,0,109975
773,SPELLVISUAL,188015,0,109975
774,SPELLVISUALANIM,434805,0,109975
775,SPELLVISUALEVENT,561549,0,109975
776,SPELLVISUALEVENT,561552,0,109975
777,SPELLVISUALEVENT,561553,0,109975
778,SPELLVISUALEVENT,561554,0,109975
779,SPELLVISUALKIT,278535,0,109975
780,SPELLVISUALKIT,278537,0,109975
781,SPELLVISUALKIT,278538,0,109975
782,SPELLVISUALKIT,278539,0,109975
783,SPELLVISUALKITEFFECT,736051,0,109975
784,SPELLVISUALKITEFFECT,776295,0,109975
785,SPELLVISUALKITEFFECT,788384,0,109975
786,SPELLVISUALKITEFFECT,788385,0,109975
787,SPELLVISUALKITEFFECT,788386,0,109975
788,SPELLVISUALKITEFFECT,788387,0,109975
789,SPELLVISUALKITEFFECT,788393,0,109975
790,SPELLVISUALKITEFFECT,788394,0,109975
791,SPELLVISUALKITEFFECT,788395,0,109975
792,SPELLVISUALKITEFFECT,788396,0,109975
793,SPELLVISUALKITEFFECT,788397,0,109975
794,SPELLVISUALKITEFFECT,788400,0,109975
795,SPELLVISUALKITEFFECT,788401,0,109975
796,MODIFIERTREE,431190,0,109983
797,MODIFIERTREE,431191,0,109983
798,PLAYERCONDITION,162749,0,109983
799,QUESTV2,93935,0,109983
800,QUESTV2,93936,0,109983
801,QUESTV2,93937,0,109983
802,TREASURE,141114,0,109983
803,TREASURE,141115,0,109983
804,TREASURE,141116,0,109983
805,TREASURE,141117,0,109983
806,TREASUREITEM,1516245,0,109983
807,TREASUREITEM,1541850,0,109983
808,PLAYERCHOICERESPONSE,6144,0,109984
809,PLAYERCHOICERESPONSE,6145,0,109984
810,PLAYERCHOICERESPONSE,6146,0,109984
811,PLAYERCHOICERESPONSE,6147,0,109984
812,UIWIDGET,8332,0,109984
813,UIWIDGETCONSTANTSOURCE,62566,0,109984
814,UIWIDGETCONSTANTSOURCE,62567,0,109984
815,UIWIDGETCONSTANTSOURCE,62568,0,109984
816,UIWIDGETCONSTANTSOURCE,62569,0,109984
817,UIWIDGETCONSTANTSOURCE,62570,0,109984
818,UIWIDGETCONSTANTSOURCE,62571,0,109984
819,UIWIDGETCONSTANTSOURCE,62572,0,109984
820,UIWIDGETSET,2281,0,109984
821,UIWIDGETSTRINGSOURCE,23665,0,109984
822,UIWIDGETSTRINGSOURCE,23666,0,109984
823,UIWIDGETVISUALIZATION,4606,0,109984
824,UIWIDGETXWIDGETSET,23720,0,109984
825,SPELL,1307603,0,110034
826,SPELLMISC,854274,0,110034
827,SPELLMISC,186703,0,110035
828,CREATUREDIFFICULTY,343458,0,110027
829,CREATUREDIFFICULTY,342741,0,109993
830,CREATUREDIFFICULTY,342743,0,109993
831,CREATUREDIFFICULTY,342744,0,109993
832,CREATUREDIFFICULTY,350624,0,109993
833,CREATUREDIFFICULTY,350630,0,109993
834,CREATUREDIFFICULTY,350652,0,109993
835,CREATUREDIFFICULTY,350667,0,109993
836,CREATURE,259559,0,109997
837,CREATURE,259561,0,109997
838,CREATURE,259562,0,109997
839,CREATURE,267005,0,109997
840,CREATURE,267011,0,109997
841,CREATURE,267029,0,109997
842,CREATURE,267044,0,109997
843,SPELL,1283556,0,110000
844,GAMEOBJECTS,655159,0,110005
845,GAMEOBJECTS,677385,0,110005
846,SPAWNGROUP,3269462,0,110005
847,SPAWNLOC,5157893,0,110005
848,SPAWNLOC,5159261,0,110005
849,SPAWNLOC,5239529,0,110005
850,SPAWNLOC,5239530,0,110005
851,SPAWNOBJECT,8169322,0,110005
852,SPAWNOBJECT,8170868,0,110005
853,SPAWNOBJECT,8280382,0,110005
854,SPAWNOBJECT,8280383,0,110005
855,SPAWNEVENT,5161857,0,110023
856,SPAWNGROUP,3166894,0,110023
857,SPAWNLOC,5030283,0,110023
858,SPAWNOBJECT,8005434,0,110023
859,SPAWNSQUAD,5310655,0,110023
860,CRITERIATREE,232506,0,110032
861,DESIGNERCONTEXTFORBI,246,0,110065
862,DESIGNERCONTEXTFORBI,247,0,110065
863,SPELLSCRIPTTEXT,29555,0,110065
864,SPELLSCRIPTTEXT,29556,0,110065
865,SPELL,1290561,0,110046
866,SPELLREAGENTS,38664,0,110046
867,SPELLREAGENTS,38673,0,110046
868,SPELLREAGENTS,38682,0,110046
869,SPELLREAGENTS,38683,0,110046
870,SPELLREAGENTS,38685,0,110046
871,SPELLREAGENTS,38848,0,110046
872,SPELLREAGENTS,38849,0,110046
873,SPELLREAGENTS,38850,0,110046
874,SPELLREAGENTS,38854,0,110046
875,SPELLREAGENTS,39093,0,110046
876,SPELLREAGENTS,39109,0,110046
877,SPAWNLOC,5186886,0,110060
878,SPAWNLOC,5186889,0,110060
879,SPAWNLOC,5186895,0,110060
880,SPAWNLOC,5186911,0,110060
881,SPAWNLOC,5186912,0,110060
882,SPAWNLOC,5186913,0,110060
883,SPAWNLOC,5186916,0,110060
884,SPAWNLOC,5186917,0,110060
885,SPAWNLOC,5186918,0,110060
886,SPAWNLOC,5186922,0,110060
887,SPAWNLOC,5186923,0,110060
888,SPELLMISC,858953,0,109952
889,SPELLSCRIPT,133376,0,109968
890,SPELLSCRIPTPACKAGE,81648,0,109968
891,WORLDSTATEACTION,109031,0,109986
892,WORLDSTATEACTION,109032,0,109986
893,WORLDSTATEACTION,109033,0,109986
894,WORLDSTATEACTION,109034,0,109986
895,WORLDSTATEACTIONSET,33887,0,109986
896,SPELLVISUALKITEFFECT,764748,0,109987
897,SPELLVISUALKITEFFECT,775425,0,109987
898,SPELLVISUALKITEFFECT,788460,0,109987
899,SPELLVISUALKITMODELATTACH,631672,0,109987
900,SPELLVISUALKITMODELATTACH,637662,0,109987
901,SPELL,1291700,0,110013
902,SPELL,1310764,0,110013
903,SPELLAURAOPTIONS,247939,0,110013
904,SPELLCATEGORIES,188040,0,110013
905,MODIFIERTREE,461826,0,110033
906,MODIFIERTREE,461827,0,110033
907,SPELLMISC,849166,0,110033
908,SPELLAURAOPTIONS,247943,0,110042
909,AREATRIGGERBOX,4078,0,110045
910,AREATRIGGERCREATEPROPERTIES,44642,0,110045
911,AREATRIGGERCREATEPROPERTIES,44643,0,110045
912,AREATRIGGERCYLINDER,1650,0,110045
913,NAMEDPOINT,183961,0,110045
914,NAMEDPOINT,183962,0,110045
915,SPELL,1314193,0,110045
916,SPELL,1314196,0,110045
917,SPELLEFFECT,1345962,0,110045
918,SPELLEFFECT,1345965,0,110045
919,SPELLMISC,860552,0,110045
920,SPELLMISC,860555,0,110045
921,SPELLSCRIPT,124006,0,110045
922,SPELLSCRIPTTEXT,28890,0,110045
923,SPELLSCRIPTTEXT,28891,0,110045
924,SPELLTARGETRESTRICTIONS,355569,0,110045
925,SPELLTARGETRESTRICTIONS,355571,0,110045
926,STRINGID,118859,0,110045
927,AREATRIGGERACTION,72947,0,109921
928,CREATURE,270001,0,109921
929,SPELL,1297650,0,109921
930,SPELL,1305844,0,109921
931,SPELL,1314061,0,109921
932,SPELLCATEGORIES,186570,0,109921
933,SPELLCATEGORIES,188112,0,109921
934,SPELLEFFECT,1320947,0,109921
935,SPELLEFFECT,1345744,0,109921
936,SPELLINTERRUPTS,248145,0,109921
937,SPELLMISC,840228,0,109921
938,SPELLMISC,842842,0,109921
939,SPELLMISC,843613,0,109921
940,SPELLMISC,845015,0,109921
941,SPELLMISC,845095,0,109921
942,SPELLMISC,852590,0,109921
943,SPELLMISC,860421,0,109921
944,SPELLSCRIPT,133346,0,109921
945,SPELLSCRIPT,133381,0,109921
946,SPELLSCRIPTPACKAGE,82312,0,109921
947,AI_GROUPACTION,1091047,0,109981
948,AI_GROUPACTION,1091058,0,109981
949,AI_GROUPACTION,1091059,0,109981
950,AI_GROUPACTIONSET,1209457,0,109981
951,AI_GROUPACTIONSET,1209458,0,109981
952,AI_GROUPACTIONSET,1209459,0,109981
953,AI_GROUPACTIONSET,1209460,0,109981
954,AI_GROUPACTIONSET,1209461,0,109981
955,AI_GROUPACTIONSET,1209462,0,109981
956,AI_GROUPACTIONSET,1209463,0,109981
957,AI_GROUPACTIONSET,1209464,0,109981
958,AI_GROUPACTIONSET,1209465,0,109981
959,AI_GROUPACTIONSET,1209466,0,109981
960,AI_GROUPACTIONSET,1209467,0,109981
961,AI_GROUPACTIONSET,1209471,0,109981
962,AI_GROUPACTIONSET,1209473,0,109981
963,AI_GROUPACTIONSET,1209474,0,109981
964,AI_GROUPACTIONSET,1209475,0,109981
965,AI_GROUPACTIONSET,1209476,0,109981
966,AI_GROUPACTIONSET,1209477,0,109981
967,AI_GROUPACTIONSET,1209478,0,109981
968,AI_GROUPACTIONSET,1209479,0,109981
969,AI_GROUPACTIONSET,1209480,0,109981
970,AI_GROUPACTIONSET,1209483,0,109981
971,AI_GROUPACTIONSET,1209484,0,109981
972,AI_GROUPACTIONSET,1209485,0,109981
973,AI_GROUPACTIONSET,1209486,0,109981
974,AI_GROUPACTIONSET,1209487,0,109981
975,AI_GROUPACTIONSET,1209488,0,109981
976,AI_TRIGGERACTION,219597,0,109981
977,AI_TRIGGERACTION,219598,0,109981
978,AI_TRIGGERACTION,219599,0,109981
979,AI_TRIGGERACTION,220180,0,109981
980,AI_TRIGGERACTION,220703,0,109981
981,AI_TRIGGERACTION,220704,0,109981
982,AI_TRIGGERACTION,223656,0,109981
983,SPELLINTERRUPTS,241541,0,109981
984,SPELLSCRIPT,133384,0,109981
985,SPELLSCRIPT,133385,0,109981
986,SPELLSCRIPTTEXT,28765,0,109981
987,SPELLSCRIPTTEXT,28766,0,109981
988,SPELLSCRIPTTEXT,28767,0,109981
989,SPELLSCRIPTTEXT,28770,0,109981
990,SPELLSCRIPTTEXT,28772,0,109981
991,SPELLSCRIPTTEXT,29696,0,109981
992,SPELLSCRIPTTEXT,29697,0,109981
993,CREATUREDIFFICULTY,351037,0,109994
994,QUESTV2,97016,0,109994
995,PLAYERDATAELEMENTACCOUNT,504,0,110064
996,QUESTV2,97661,0,110064
997,QUESTV2,97662,0,110064
998,QUESTV2,97668,0,110064
999,QUESTV2,97669,0,110064
1000,SPELL,1314214,0,110064
1001,SPELLEFFECT,1345984,0,110064
1002,SPELLEFFECT,1345985,0,110064
1003,SPELLMISC,860572,0,110064
1004,SPELLSCRIPT,125915,0,110064
1005,SPELLSCRIPTPACKAGE,77878,0,110064
1006,SPELLXSPELLVISUAL,531464,0,110064
1007,CREATURE,271782,0,109942
1008,CRITERIATREE,231914,0,109942
1009,CONVERSATIONLINE,98098,0,109946
1010,SPELLSCRIPT,133348,0,109985
1011,SPELLSCRIPT,130795,0,109995
1012,BROADCASTTEXT,308552,0,109996
1013,MODIFIERTREE,461805,0,109996
1014,MODIFIERTREE,461806,0,109996
1015,PLAYERCONDITION,162760,0,109996
1016,SPELLEFFECT,68406,0,110019
1017,SPELL,1300219,0,110020
1018,SPELLINTERRUPTS,248179,0,110020
1019,SPELLSCRIPT,131562,0,110021
1020,SPELLSCRIPT,131562,0,110022
1021,LFGDUNGEONS,3316,0,110041
1022,LFGDUNGEONS,3317,0,110041
1023,LFGDUNGEONS,3318,0,110041
1024,LFGDUNGEONS,3319,0,110041
1025,SPELL,1307803,0,110049
1026,SPELL,1314186,0,110049
1027,SPELLEFFECT,1345954,0,110049
1028,SPELLMISC,854583,0,110049
1029,SPELLMISC,860545,0,110049
1030,SPELLVISUAL,187892,0,110049
1031,SPELLVISUALKITMODELATTACH,631852,0,110049
1032,SPELLVISUALKITMODELATTACH,631853,0,110049
1033,SPELLVISUALKITMODELATTACH,631854,0,110049
1034,SPELLVISUALKITMODELATTACH,631855,0,110049
1035,SPELLXSPELLVISUAL,527265,0,110049
1036,SPELLXSPELLVISUAL,531441,0,110049
1037,SOUNDKIT,301844,0,110050
1038,SOUNDKIT,367772,0,110050
1039,SOUNDKIT,367780,0,110050
1040,SOUNDKIT,367782,0,110050
1041,SOUNDKIT,367790,0,110050
1042,SOUNDKIT,367797,0,110050
1043,SOUNDKIT,367798,0,110050
1044,SOUNDKIT,367799,0,110050
1045,SOUNDKIT,367802,0,110050
1046,SOUNDKIT,367805,0,110050
1047,SOUNDKIT,367808,0,110050
1048,SOUNDKIT,367809,0,110050
1049,SOUNDKIT,367810,0,110050
1050,SOUNDKIT,367811,0,110050
1051,SOUNDKIT,367812,0,110050
1052,SOUNDKIT,367813,0,110050
1053,SOUNDKIT,367814,0,110050
1054,SOUNDKITADVANCED,331364,0,110050
1055,SOUNDKITADVANCED,331372,0,110050
1056,SOUNDKITADVANCED,331374,0,110050
1057,SOUNDKITADVANCED,331382,0,110050
1058,SOUNDKITADVANCED,331389,0,110050
1059,SOUNDKITADVANCED,331390,0,110050
1060,SOUNDKITADVANCED,331391,0,110050
1061,SOUNDKITADVANCED,331394,0,110050
1062,SOUNDKITADVANCED,331396,0,110050
1063,SOUNDKITADVANCED,331399,0,110050
1064,SOUNDKITADVANCED,331400,0,110050
1065,SOUNDKITADVANCED,331401,0,110050
1066,SOUNDKITADVANCED,331402,0,110050
1067,SOUNDKITADVANCED,331403,0,110050
1068,SOUNDKITADVANCED,331404,0,110050
1069,SOUNDKITADVANCED,331405,0,110050
1070,SOUNDKITCHILD,49097,0,110050
1071,SOUNDKITCHILD,49100,0,110050
1072,SOUNDKITCHILD,49101,0,110050
1073,SOUNDKITENTRY,1689188,0,110050
1074,SOUNDKITENTRY,1689219,0,110050
1075,SOUNDKITENTRY,1689220,0,110050
1076,SOUNDKITENTRY,1689221,0,110050
1077,SOUNDKITENTRY,1689225,0,110050
1078,SOUNDKITENTRY,1689284,0,110050
1079,SOUNDKITENTRY,1689285,0,110050
1080,SOUNDKITENTRY,1689286,0,110050
1081,SOUNDKITENTRY,1689341,0,110050
1082,SOUNDKITENTRY,1689342,0,110050
1083,SOUNDKITENTRY,1689343,0,110050
1084,SOUNDKITENTRY,1689344,0,110050
1085,SOUNDKITENTRY,1689345,0,110050
1086,SOUNDKITENTRY,1689346,0,110050
1087,SOUNDKITENTRY,1689349,0,110050
1088,SOUNDKITENTRY,1689350,0,110050
1089,SOUNDKITENTRY,1689351,0,110050
1090,SOUNDKITENTRY,1689352,0,110050
1091,SOUNDKITENTRY,1689353,0,110050
1092,SOUNDKITENTRY,1689354,0,110050
1093,SOUNDKITENTRY,1689355,0,110050
1094,SOUNDKITENTRY,1689356,0,110050
1095,SOUNDKITENTRY,1689357,0,110050
1096,SOUNDKITENTRY,1689358,0,110050
1097,SOUNDKITENTRY,1689359,0,110050
1098,SOUNDKITENTRY,1689360,0,110050
1099,SOUNDKITENTRY,1689361,0,110050
1100,SOUNDKITENTRY,1689362,0,110050
1101,SOUNDKITENTRY,1689363,0,110050
1102,SOUNDKITENTRY,1689364,0,110050
1103,SOUNDKITENTRY,1689365,0,110050
1104,SOUNDKITENTRY,1689366,0,110050
1105,SOUNDKITENTRY,1689367,0,110050
1106,SOUNDKITENTRY,1689388,0,110050
1107,SOUNDKITENTRY,1689389,0,110050
1108,SOUNDKITENTRY,1689390,0,110050
1109,SOUNDKITENTRY,1689391,0,110050
1110,SOUNDKITENTRY,1689396,0,110050
1111,SOUNDKITENTRY,1689397,0,110050
1112,SOUNDKITENTRY,1689398,0,110050
1113,SOUNDKITENTRY,1689399,0,110050
1114,SOUNDKITENTRY,1689400,0,110050
1115,SOUNDKITENTRY,1689408,0,110050
1116,SOUNDKITENTRY,1689409,0,110050
1117,SOUNDKITENTRY,1689410,0,110050
1118,SOUNDKITENTRY,1689411,0,110050
1119,SOUNDKITENTRY,1689412,0,110050
1120,SOUNDKITENTRY,1689413,0,110050
1121,SOUNDKITENTRY,1689414,0,110050
1122,SOUNDKITENTRY,1689415,0,110050
1123,SOUNDKITENTRY,1689416,0,110050
1124,SOUNDKITENTRY,1689417,0,110050
1125,SOUNDKITENTRY,1689418,0,110050
1126,SOUNDKITENTRY,1689419,0,110050
1127,SOUNDKITENTRY,1689420,0,110050
1128,SOUNDKITENTRY,1689421,0,110050
1129,SOUNDKITENTRY,1689422,0,110050
1130,SOUNDKITENTRY,1689423,0,110050
1131,SOUNDKITENTRY,1689424,0,110050
1132,SOUNDKITENTRY,1689425,0,110050
1133,SOUNDKITENTRY,1689426,0,110050
1134,SOUNDKITENTRY,1689427,0,110050
1135,SOUNDKITENTRY,1689428,0,110050
1136,SOUNDKITENTRY,1689429,0,110050
1137,SOUNDKITENTRY,1689430,0,110050
1138,SOUNDKITENTRY,1689431,0,110050
1139,SOUNDKITENTRY,1689432,0,110050
1140,SOUNDKITENTRY,1689433,0,110050
1141,SOUNDKITENTRY,1689434,0,110050
1142,SOUNDKITENTRY,1689435,0,110050
1143,SOUNDKITENTRY,1689436,0,110050
1144,SOUNDKITENTRY,1689437,0,110050
1145,SOUNDKITENTRY,1689438,0,110050
1146,SOUNDKITENTRY,1689439,0,110050
1147,SOUNDKITENTRY,1689440,0,110050
1148,SOUNDKITENTRY,1689441,0,110050
1149,SOUNDKITENTRY,1689442,0,110050
1150,SOUNDKITENTRY,1689443,0,110050
1151,SOUNDKITENTRY,1689444,0,110050
1152,SOUNDKITENTRY,1689445,0,110050
1153,SOUNDKITENTRY,1689446,0,110050
1154,SPELLVISUAL,190359,0,110050
1155,SPELLVISUALANIM,434837,0,110050
1156,SPELLVISUALEVENT,561702,0,110050
1157,SPELLVISUALEVENT,561703,0,110050
1158,SPELLVISUALKIT,278646,0,110050
1159,SPELLVISUALKITEFFECT,756568,0,110050
1160,SPELLVISUALKITEFFECT,756570,0,110050
1161,SPELLVISUALKITEFFECT,756866,0,110050
1162,SPELLVISUALKITEFFECT,756867,0,110050
1163,SPELLVISUALKITEFFECT,756874,0,110050
1164,SPELLVISUALKITEFFECT,756875,0,110050
1165,SPELLVISUALKITEFFECT,756882,0,110050
1166,SPELLVISUALKITEFFECT,756885,0,110050
1167,SPELLVISUALKITEFFECT,788640,0,110050
1168,SPELLVISUALKITEFFECT,788651,0,110050
1169,SPELLVISUALKITEFFECT,788696,0,110050
1170,SPELLVISUALKITEFFECT,788701,0,110050
1171,SPELLVISUALKITEFFECT,788706,0,110050
1172,SPELLVISUALKITEFFECT,788712,0,110050
1173,SPELLVISUALKITEFFECT,788713,0,110050
1174,SPELLVISUALKITEFFECT,788716,0,110050
1175,SPELLVISUALKITEFFECT,788727,0,110050
1176,SPELLVISUALKITEFFECT,788745,0,110050
1177,SPELLVISUALKITEFFECT,788746,0,110050
1178,SPELLVISUALKITEFFECT,788748,0,110050
1179,SPELLVISUALKITEFFECT,788753,0,110050
1180,SPELLVISUALMISSILE,29048,0,110050
1181,SPELLXSPELLVISUAL,519726,0,110050
1182,CURVE,113130,0,110051
1183,CURVEPOINT,337805,0,110051
1184,CURVEPOINT,337806,0,110051
1185,TRAITDEFINITIONEFFECTPOINTS,25102,0,110051
1186,MAPDIFFICULTY,6204,0,110061
1187,AI_GROUPACTION,632835,0,109887
1188,AI_GROUPACTION,1091050,0,109887
1189,AI_GROUPACTION,1091051,0,109887
1190,AI_GROUPACTION,1091060,0,109887
1191,AI_GROUPACTION,1091061,0,109887
1192,AI_GROUPACTION,1091062,0,109887
1193,AI_GROUPACTION,1091063,0,109887
1194,AI_GROUPACTIONSET,650679,0,109887
1195,AI_GROUPACTIONSET,1209453,0,109887
1196,AI_GROUPACTIONSET,1209454,0,109887
1197,AI_GROUPACTIONSET,1209470,0,109887
1198,AI_GROUPACTIONSET,1209489,0,109887
1199,AI_GROUPACTIONSET,1209490,0,109887
1200,AI_GROUPACTIONSET,1209491,0,109887
1201,AI_GROUPACTIONSET,1209492,0,109887
1202,AI_GROUPACTIONSET,1209493,0,109887
1203,AI_GROUPACTIONSET,1209494,0,109887
1204,AI_GROUPACTIONSET,1209495,0,109887
1205,AI_TRIGGERACTION,136795,0,109887
1206,AI_TRIGGERACTION,218556,0,109887
1207,AI_TRIGGERACTION,218559,0,109887
1208,AI_TRIGGERACTION,219385,0,109887
1209,AI_TRIGGERACTION,219392,0,109887
1210,AI_TRIGGERACTION,219393,0,109887
1211,AI_TRIGGERACTION,221489,0,109887
1212,AI_TRIGGERACTION,221491,0,109887
1213,AI_TRIGGERACTION,221840,0,109887
1214,AI_TRIGGERACTION,221911,0,109887
1215,AI_TRIGGERACTION,224424,0,109887
1216,AI_TRIGGERACTION,224425,0,109887
1217,AI_TRIGGERACTIONSET,47206,0,109887
1218,AI_TRIGGERACTIONSET,48220,0,109887
1219,ANIMKIT,38151,0,109887
1220,ANIMKITSEGMENT,73921,0,109887
1221,AREATRIGGERCREATEPROPERTIES,43599,0,109887
1222,AREATRIGGERCYLINDER,1626,0,109887
1223,BEAMEFFECT,9641,0,109887
1224,BEAMEFFECT,9642,0,109887
1225,BEAMEFFECT,9643,0,109887
1226,CAMERAEFFECTENTRY,2051,0,109887
1227,CAMERAEFFECTENTRY,2052,0,109887
1228,CREATUREDIFFICULTY,139413,0,109887
1229,CREATUREDIFFICULTY,139421,0,109887
1230,CREATUREDIFFICULTY,140453,0,109887
1231,CREATUREDIFFICULTY,140454,0,109887
1232,CREATUREDIFFICULTY,351943,0,109887
1233,CREATUREDIFFICULTY,352027,0,109887
1234,CREATUREDIFFICULTY,352111,0,109887
1235,CREATUREDIFFICULTY,352378,0,109887
1236,CREATURESPELLDATA,50194,0,109887
1237,CREATURESPELLDATA,50284,0,109887
1238,CREATURESPELLDATA,50608,0,109887
1239,CREATURESPELLDATA,50638,0,109887
1240,CURVE,112798,0,109887
1241,CURVEPOINT,337081,0,109887
1242,CURVEPOINT,337082,0,109887
1243,DISSOLVEEFFECT,3053,0,109887
1244,EDGEGLOWEFFECT,8414,0,109887
1245,JOURNALENCOUNTERSECTION,18196,0,109887
1246,SPELL,1288235,0,109887
1247,SPELL,1293307,0,109887
1248,SPELL,1300714,0,109887
1249,SPELL,1300869,0,109887
1250,SPELL,1303138,0,109887
1251,SPELL,1303446,0,109887
1252,SPELL,1314051,0,109887
1253,SPELL,1314074,0,109887
1254,SPELL,1314082,0,109887
1255,SPELL,1314090,0,109887
1256,SPELL,1314091,0,109887
1257,SPELL,1314092,0,109887
1258,SPELL,1314093,0,109887
1259,SPELL,1314094,0,109887
1260,SPELL,1314095,0,109887
1261,SPELL,1314158,0,109887
1262,SPELLAURAOPTIONS,247415,0,109887
1263,SPELLCATEGORIES,182513,0,109887
1264,SPELLCATEGORIES,183585,0,109887
1265,SPELLCATEGORIES,188111,0,109887
1266,SPELLCATEGORIES,188116,0,109887
1267,SPELLCHAINEFFECTS,9353,0,109887
1268,SPELLEFFECT,711801,0,109887
1269,SPELLEFFECT,1306235,0,109887
1270,SPELLEFFECT,1307491,0,109887
1271,SPELLEFFECT,1313868,0,109887
1272,SPELLEFFECT,1317823,0,109887
1273,SPELLEFFECT,1325647,0,109887
1274,SPELLEFFECT,1325733,0,109887
1275,SPELLEFFECT,1325926,0,109887
1276,SPELLEFFECT,1328247,0,109887
1277,SPELLEFFECT,1328248,0,109887
1278,SPELLEFFECT,1328421,0,109887
1279,SPELLEFFECT,1328430,0,109887
1280,SPELLEFFECT,1328513,0,109887
1281,SPELLEFFECT,1328631,0,109887
1282,SPELLEFFECT,1336447,0,109887
1283,SPELLEFFECT,1336494,0,109887
1284,SPELLEFFECT,1336495,0,109887
1285,SPELLEFFECT,1340995,0,109887
1286,SPELLEFFECT,1342943,0,109887
1287,SPELLEFFECT,1343671,0,109887
1288,SPELLEFFECT,1345730,0,109887
1289,SPELLEFFECT,1345732,0,109887
1290,SPELLEFFECT,1345742,0,109887
1291,SPELLEFFECT,1345754,0,109887
1292,SPELLEFFECT,1345763,0,109887
1293,SPELLEFFECT,1345779,0,109887
1294,SPELLEFFECT,1345793,0,109887
1295,SPELLEFFECT,1345794,0,109887
1296,SPELLEFFECT,1345795,0,109887
1297,SPELLEFFECT,1345796,0,109887
1298,SPELLEFFECT,1345797,0,109887
1299,SPELLEFFECT,1345798,0,109887
1300,SPELLEFFECT,1345799,0,109887
1301,SPELLEFFECT,1345800,0,109887
1302,SPELLEFFECT,1345801,0,109887
1303,SPELLEFFECT,1345802,0,109887
1304,SPELLEFFECT,1345803,0,109887
1305,SPELLEFFECT,1345918,0,109887
1306,SPELLINTERRUPTS,241021,0,109887
1307,SPELLINTERRUPTS,242185,0,109887
1308,SPELLINTERRUPTS,248143,0,109887
1309,SPELLINTERRUPTS,248144,0,109887
1310,SPELLINTERRUPTS,248158,0,109887
1311,SPELLINTERRUPTS,248166,0,109887
1312,SPELLINTERRUPTS,248167,0,109887
1313,SPELLMISC,826786,0,109887
1314,SPELLMISC,835748,0,109887
1315,SPELLMISC,835759,0,109887
1316,SPELLMISC,835761,0,109887
1317,SPELLMISC,835911,0,109887
1318,SPELLMISC,836512,0,109887
1319,SPELLMISC,840736,0,109887
1320,SPELLMISC,843354,0,109887
1321,SPELLMISC,843421,0,109887
1322,SPELLMISC,847569,0,109887
1323,SPELLMISC,848353,0,109887
1324,SPELLMISC,848358,0,109887
1325,SPELLMISC,849659,0,109887
1326,SPELLMISC,849782,0,109887
1327,SPELLMISC,849845,0,109887
1328,SPELLMISC,849900,0,109887
1329,SPELLMISC,854844,0,109887
1330,SPELLMISC,854878,0,109887
1331,SPELLMISC,856906,0,109887
1332,SPELLMISC,860411,0,109887
1333,SPELLMISC,860434,0,109887
1334,SPELLMISC,860442,0,109887
1335,SPELLMISC,860450,0,109887
1336,SPELLMISC,860451,0,109887
1337,SPELLMISC,860452,0,109887
1338,SPELLMISC,860453,0,109887
1339,SPELLMISC,860454,0,109887
1340,SPELLMISC,860455,0,109887
1341,SPELLMISC,860518,0,109887
1342,SPELLSCRIPT,127907,0,109887
1343,SPELLSCRIPT,129483,0,109887
1344,SPELLSCRIPT,130006,0,109887
1345,SPELLSCRIPT,131588,0,109887
1346,SPELLSCRIPT,131723,0,109887
1347,SPELLSCRIPT,133377,0,109887
1348,SPELLSCRIPTPACKAGE,82310,0,109887
1349,SPELLSCRIPTTEXT,17679,0,109887
1350,SPELLSCRIPTTEXT,17680,0,109887
1351,SPELLSCRIPTTEXT,17711,0,109887
1352,SPELLSCRIPTTEXT,29035,0,109887
1353,SPELLSCRIPTTEXT,29040,0,109887
1354,SPELLSCRIPTTEXT,29053,0,109887
1355,SPELLSCRIPTTEXT,29055,0,109887
1356,SPELLSCRIPTTEXT,29078,0,109887
1357,SPELLTARGETRESTRICTIONS,350790,0,109887
1358,SPELLTARGETRESTRICTIONS,354959,0,109887
1359,SPELLTARGETRESTRICTIONS,355539,0,109887
1360,SPELLTARGETRESTRICTIONS,355545,0,109887
1361,SPELLTARGETRESTRICTIONS,355546,0,109887
1362,SPELLTARGETRESTRICTIONS,355560,0,109887
1363,SPELLVISUAL,179470,0,109887
1364,SPELLVISUAL,181462,0,109887
1365,SPELLVISUAL,185008,0,109887
1366,SPELLVISUAL,185060,0,109887
1367,SPELLVISUAL,190275,0,109887
1368,SPELLVISUAL,190286,0,109887
1369,SPELLVISUAL,190291,0,109887
1370,SPELLVISUAL,190292,0,109887
1371,SPELLVISUAL,190293,0,109887
1372,SPELLVISUAL,190294,0,109887
1373,SPELLVISUAL,190295,0,109887
1374,SPELLVISUAL,190342,0,109887
1375,SPELLVISUALANIM,432291,0,109887
1376,SPELLVISUALANIM,434808,0,109887
1377,SPELLVISUALANIM,434809,0,109887
1378,SPELLVISUALEVENT,540565,0,109887
1379,SPELLVISUALEVENT,544646,0,109887
1380,SPELLVISUALEVENT,551495,0,109887
1381,SPELLVISUALEVENT,551539,0,109887
1382,SPELLVISUALEVENT,561526,0,109887
1383,SPELLVISUALEVENT,561555,0,109887
1384,SPELLVISUALEVENT,561565,0,109887
1385,SPELLVISUALEVENT,561566,0,109887
1386,SPELLVISUALEVENT,561567,0,109887
1387,SPELLVISUALEVENT,561568,0,109887
1388,SPELLVISUALEVENT,561569,0,109887
1389,SPELLVISUALEVENT,561570,0,109887
1390,SPELLVISUALEVENT,561671,0,109887
1391,SPELLVISUALKIT,260761,0,109887
1392,SPELLVISUALKIT,270000,0,109887
1393,SPELLVISUALKIT,276144,0,109887
1394,SPELLVISUALKIT,278540,0,109887
1395,SPELLVISUALKIT,278550,0,109887
1396,SPELLVISUALKIT,278551,0,109887
1397,SPELLVISUALKIT,278553,0,109887
1398,SPELLVISUALKIT,278554,0,109887
1399,SPELLVISUALKIT,278555,0,109887
1400,SPELLVISUALKIT,278556,0,109887
1401,SPELLVISUALKIT,278557,0,109887
1402,SPELLVISUALKIT,278558,0,109887
1403,SPELLVISUALKIT,278626,0,109887
1404,SPELLVISUALKITDECALATTACH,114,0,109887
1405,SPELLVISUALKITEFFECT,766801,0,109887
1406,SPELLVISUALKITEFFECT,766829,0,109887
1407,SPELLVISUALKITEFFECT,766855,0,109887
1408,SPELLVISUALKITEFFECT,766856,0,109887
1409,SPELLVISUALKITEFFECT,780931,0,109887
1410,SPELLVISUALKITEFFECT,780932,0,109887
1411,SPELLVISUALKITEFFECT,780951,0,109887
1412,SPELLVISUALKITEFFECT,780953,0,109887
1413,SPELLVISUALKITEFFECT,788055,0,109887
1414,SPELLVISUALKITEFFECT,788402,0,109887
1415,SPELLVISUALKITEFFECT,788420,0,109887
1416,SPELLVISUALKITEFFECT,788421,0,109887
1417,SPELLVISUALKITEFFECT,788422,0,109887
1418,SPELLVISUALKITEFFECT,788423,0,109887
1419,SPELLVISUALKITEFFECT,788424,0,109887
1420,SPELLVISUALKITEFFECT,788427,0,109887
1421,SPELLVISUALKITEFFECT,788428,0,109887
1422,SPELLVISUALKITEFFECT,788429,0,109887
1423,SPELLVISUALKITEFFECT,788430,0,109887
1424,SPELLVISUALKITEFFECT,788431,0,109887
1425,SPELLVISUALKITEFFECT,788433,0,109887
1426,SPELLVISUALKITEFFECT,788434,0,109887
1427,SPELLVISUALKITEFFECT,788435,0,109887
1428,SPELLVISUALKITEFFECT,788436,0,109887
1429,SPELLVISUALKITEFFECT,788437,0,109887
1430,SPELLVISUALKITEFFECT,788438,0,109887
1431,SPELLVISUALKITEFFECT,788439,0,109887
1432,SPELLVISUALKITEFFECT,788440,0,109887
1433,SPELLVISUALKITEFFECT,788441,0,109887
1434,SPELLVISUALKITEFFECT,788442,0,109887
1435,SPELLVISUALKITEFFECT,788443,0,109887
1436,SPELLVISUALKITEFFECT,788444,0,109887
1437,SPELLVISUALKITEFFECT,788445,0,109887
1438,SPELLVISUALKITEFFECT,788446,0,109887
1439,SPELLVISUALKITEFFECT,788604,0,109887
1440,SPELLVISUALKITEFFECT,788609,0,109887
1441,SPELLVISUALKITEFFECT,788610,0,109887
1442,SPELLVISUALKITMODELATTACH,613601,0,109887
1443,SPELLVISUALKITMODELATTACH,613621,0,109887
1444,SPELLVISUALKITMODELATTACH,614860,0,109887
1445,SPELLVISUALKITMODELATTACH,627285,0,109887
1446,SPELLVISUALKITMODELATTACH,627294,0,109887
1447,SPELLVISUALKITMODELATTACH,627315,0,109887
1448,SPELLVISUALKITMODELATTACH,627316,0,109887
1449,SPELLVISUALKITMODELATTACH,634303,0,109887
1450,SPELLVISUALKITMODELATTACH,634319,0,109887
1451,SPELLVISUALKITMODELATTACH,634630,0,109887
1452,SPELLVISUALKITMODELATTACH,634631,0,109887
1453,SPELLVISUALKITMODELATTACH,637495,0,109887
1454,SPELLVISUALKITMODELATTACH,637633,0,109887
1455,SPELLVISUALKITMODELATTACH,637637,0,109887
1456,SPELLVISUALKITMODELATTACH,637639,0,109887
1457,SPELLVISUALKITMODELATTACH,637640,0,109887
1458,SPELLVISUALKITMODELATTACH,637641,0,109887
1459,SPELLVISUALKITMODELATTACH,637642,0,109887
1460,SPELLVISUALKITMODELATTACH,637643,0,109887
1461,SPELLVISUALKITMODELATTACH,637644,0,109887
1462,SPELLVISUALKITMODELATTACH,637645,0,109887
1463,SPELLVISUALKITMODELATTACH,637646,0,109887
1464,SPELLVISUALKITMODELATTACH,637647,0,109887
1465,SPELLVISUALKITMODELATTACH,637648,0,109887
1466,SPELLVISUALKITMODELATTACH,637649,0,109887
1467,SPELLVISUALKITMODELATTACH,637650,0,109887
1468,SPELLVISUALKITMODELATTACH,637651,0,109887
1469,SPELLVISUALKITMODELATTACH,637652,0,109887
1470,SPELLVISUALKITMODELATTACH,637653,0,109887
1471,SPELLVISUALKITMODELATTACH,637654,0,109887
1472,SPELLVISUALKITMODELATTACH,637733,0,109887
1473,SPELLVISUALKITMODELATTACH,637734,0,109887
1474,SPELLVISUALMISSILE,29789,0,109887
1475,SPELLVISUALMISSILESET,24841,0,109887
1476,SPELLXSPELLVISUAL,517604,0,109887
1477,SPELLXSPELLVISUAL,522965,0,109887
1478,SPELLXSPELLVISUAL,524105,0,109887
1479,SPELLXSPELLVISUAL,531357,0,109887
1480,SPELLXSPELLVISUAL,531368,0,109887
1481,SPELLXSPELLVISUAL,531372,0,109887
1482,SPELLXSPELLVISUAL,531374,0,109887
1483,SPELLXSPELLVISUAL,531375,0,109887
1484,SPELLXSPELLVISUAL,531376,0,109887
1485,SPELLXSPELLVISUAL,531377,0,109887
1486,SPELLXSPELLVISUAL,531378,0,109887
1487,SPELLXSPELLVISUAL,531379,0,109887
1488,SPELLXSPELLVISUAL,531421,0,109887
1489,VIGNETTE,7862,0,109887
1490,WORLDSTATEEXPRESSION,52991,0,109887
1491,AI_GROUPACTIONSET,1209391,0,109922
1492,AI_GROUPACTIONSET,1209393,0,109922
1493,AI_GROUPACTIONSET,1209397,0,109922
1494,AI_TRIGGERACTION,223657,0,109922
1495,ANIMKITSEGMENT,71912,0,109922
1496,CREATUREDIFFICULTY,141116,0,109922
1497,CREATUREDIFFICULTY,147460,0,109922
1498,CREATUREDIFFICULTY,164829,0,109922
1499,CREATUREDIFFICULTY,318286,0,109922
1500,CREATUREDIFFICULTY,324578,0,109922
1501,CREATUREDIFFICULTY,324580,0,109922
1502,CREATURESPELLDATA,48051,0,109922
1503,CRITERIA,117123,0,109922
1504,CRITERIA,117124,0,109922
1505,CRITERIATREE,230028,0,109922
1506,CRITERIATREE,232752,0,109922
1507,CRITERIATREE,232753,0,109922
1508,JUMPCHARGEPARAMS,1653,0,109922
1509,MAPCHALLENGEMODE,584,0,109922
1510,MYTHICPLUSSEASONTRACKEDMAP,287,0,109922
1511,SPAWNEVENT,5314562,0,109922
1512,SPAWNEVENT,5314564,0,109922
1513,SPAWNEVENT,5314569,0,109922
1514,SPAWNEVENT,5314570,0,109922
1515,SPAWNGROUP,1462167,0,109922
1516,SPAWNGROUP,1541496,0,109922
1517,SPELLEFFECT,1231133,0,109922
1518,SPELLEFFECT,1242896,0,109922
1519,SPELLEFFECT,1321197,0,109922
1520,SPELLEFFECT,1334506,0,109922
1521,SPELLEFFECT,1345703,0,109922
1522,SPELLMISC,343116,0,109922
1523,SPELLMISC,777242,0,109922
1524,SPELLMISC,802283,0,109922
1525,SPELLMISC,802287,0,109922
1526,SPELLMISC,802292,0,109922
1527,SPELLMISC,802301,0,109922
1528,SPELLMISC,816922,0,109922
1529,SPELLMISC,817124,0,109922
1530,SPELLMISC,817127,0,109922
1531,SPELLMISC,830410,0,109922
1532,SPELLMISC,845056,0,109922
1533,SPELLSCRIPT,114707,0,109922
1534,SPELLTARGETRESTRICTIONS,354292,0,109922
1535,SPELLVISUALKITDECALATTACH,239,0,109922
1536,JOURNALENCOUNTERSECTION,17841,0,110062
1537,JOURNALENCOUNTERSECTION,17842,0,110062
1538,JOURNALENCOUNTERSECTION,18203,0,110062
1539,JOURNALENCOUNTERSECTION,18205,0,110062
1540,JOURNALENCOUNTERSECTION,18206,0,110062
1541,JOURNALENCOUNTERSECTION,18295,0,110062
1542,JOURNALENCOUNTERSECTION,18298,0,110062
1543,JOURNALENCOUNTERSECTION,18513,0,110062
1544,JOURNALENCOUNTERSECTION,18514,0,110062
1545,JOURNALENCOUNTERSECTION,18515,0,110062
1546,JOURNALENCOUNTERSECTION,36416,0,110062
1547,JOURNALENCOUNTERSECTION,36417,0,110062
1548,JOURNALENCOUNTERSECTION,36418,0,110062
1549,JOURNALENCOUNTERSECTION,36420,0,110062
1550,JOURNALENCOUNTERSECTION,36421,0,110062
1551,JOURNALENCOUNTERSECTION,36422,0,110062
1552,JOURNALENCOUNTERSECTION,36424,0,110062
1553,JOURNALENCOUNTERSECTION,36989,0,110062
1554,JOURNALENCOUNTERSECTION,36990,0,110062
1555,JOURNALENCOUNTERSECTION,37036,0,110062
1556,JOURNALENCOUNTERSECTION,37097,0,110062
1557,JOURNALENCOUNTERSECTION,37098,0,110062
1558,JOURNALENCOUNTERSECTION,37099,0,110062
1559,JOURNALENCOUNTERSECTION,37100,0,110062
1560,JOURNALENCOUNTERSECTION,37179,0,110062
1561,JOURNALENCOUNTERSECTION,37276,0,110062
1562,SPELL,1289229,0,110062
1563,SPELL,1300871,0,110062
1564,SPELL,1302761,0,110062
1565,SPELL,1310311,0,110062
1566,SPELLEFFECT,707459,0,110094
1567,SPELLEFFECT,999056,0,110094
1568,SPELLEFFECT,1016301,0,110094
1569,SPELLEFFECT,1036938,0,110094
1570,SPELLEFFECT,1039011,0,110094
1571,SPELLMISC,642734,0,110094
1572,SPELLVISUALMISSILE,19854,0,110094
1573,CREATUREDIFFICULTY,342627,0,109906
1574,CREATUREDIFFICULTY,342628,0,109906
1575,SPELLEFFECT,1321792,0,109906
1576,SPELLSCRIPT,132914,0,109906
1577,EDGEGLOWEFFECT,8509,0,109966
1578,EDGEGLOWEFFECT,8510,0,109966
1579,GAMEOBJECTS,676281,0,109966
1580,SPELLEFFECT,1345773,0,109966
1581,SPELLSCRIPT,131343,0,109966
1582,SPELLSCRIPTTEXT,29384,0,109966
1583,SPELLSCRIPTTEXT,29385,0,109966
1584,SPELLVISUAL,190274,0,109966
1585,SPELLVISUALEVENT,561525,0,109966
1586,SPELLVISUALKIT,278517,0,109966
1587,SPELLVISUALKITEFFECT,788315,0,109966
1588,SPELLVISUALKITEFFECT,788316,0,109966
1589,SPELLVISUALKITEFFECT,788317,0,109966
1590,SPELLVISUALKITEFFECT,788318,0,109966
1591,SPELLVISUALKITEFFECT,788319,0,109966
1592,SPELLVISUALKITEFFECT,788324,0,109966
1593,SPELLVISUALKITEFFECT,788346,0,109966
1594,SPELLVISUALKITMODELATTACH,632580,0,109966
1595,SPELLVISUALKITMODELATTACH,637602,0,109966
1596,SPELLVISUALKITMODELATTACH,637603,0,109966
1597,SPELLVISUALKITMODELATTACH,637604,0,109966
1598,SPELLXSPELLVISUAL,529044,0,109966
1599,SPELLXSPELLVISUAL,531358,0,109966
1600,UNITCONDITION,9893,0,109966
1601,UNITCONDITION,9894,0,109966
1602,AI_GROUPACTION,1091149,0,110024
1603,AI_GROUPACTION,1091150,0,110024
1604,AI_GROUPACTION,1091169,0,110024
1605,AI_GROUPACTIONSET,1199257,0,110024
1606,AI_GROUPACTIONSET,1209597,0,110024
1607,AI_GROUPACTIONSET,1209599,0,110024
1608,AI_GROUPACTIONSET,1209600,0,110024
1609,AI_GROUPACTIONSET,1209601,0,110024
1610,AI_GROUPACTIONSET,1209606,0,110024
1611,AI_GROUPACTIONSET,1209629,0,110024
1612,AI_GROUPACTIONSET,1209630,0,110024
1613,AI_GROUPACTIONSET,1209632,0,110024
1614,AI_GROUPACTIONSET,1209633,0,110024
1615,AI_GROUPACTIONSET,1209634,0,110024
1616,AI_GROUPACTIONSET,1209638,0,110024
1617,AI_GROUPACTIONSET,1209639,0,110024
1618,AI_TRIGGERACTION,216342,0,110024
1619,AI_TRIGGERACTION,224459,0,110024
1620,AI_TRIGGERACTION,224462,0,110024
1621,AI_TRIGGERACTION,224469,0,110024
1622,AI_TRIGGERACTIONSET,77232,0,110024
1623,AI_TRIGGERACTIONSET,78383,0,110024
1624,AI_TRIGGERACTIONSET,78384,0,110024
1625,COMBATCONDITION,7473,0,110024
1626,CREATUREDIFFICULTY,344812,0,110024
1627,CREATUREDIFFICULTY,351957,0,110024
1628,GAMEEVENTS,106591,0,110024
1629,GAMEOBJECTS,652017,0,110024
1630,SPAWNEVENT,5248954,0,110024
1631,SPAWNEVENT,5249363,0,110024
1632,SPAWNEVENT,5308623,0,110024
1633,SPAWNEVENT,5308629,0,110024
1634,SPAWNEVENT,5313777,0,110024
1635,SPAWNEVENT,5314770,0,110024
1636,SPAWNEVENT,5318598,0,110024
1637,SPAWNEVENT,5318609,0,110024
1638,SPAWNEVENT,5318615,0,110024
1639,SPAWNEVENT,5318621,0,110024
1640,SPAWNEVENT,5318636,0,110024
1641,SPAWNEVENT,5318638,0,110024
1642,SPAWNEVENT,5324752,0,110024
1643,SPAWNGROUP,3312274,0,110024
1644,SPAWNLOC,5127983,0,110024
1645,SPAWNLOC,5209919,0,110024
1646,SPAWNLOC,5209929,0,110024
1647,SPAWNLOC,5209944,0,110024
1648,SPAWNLOC,5209945,0,110024
1649,SPAWNLOC,5209946,0,110024
1650,SPAWNLOC,5209947,0,110024
1651,SPAWNLOC,5209948,0,110024
1652,SPAWNLOC,5209953,0,110024
1653,SPAWNPATHNODE,3554198,0,110024
1654,SPAWNPATHNODE,3554199,0,110024
1655,SPAWNPATHNODE,3554200,0,110024
1656,SPAWNPATHNODE,3554201,0,110024
1657,SPAWNPATHNODE,3554202,0,110024
1658,SPAWNPATHNODE,3554203,0,110024
1659,SPAWNPATHNODE,3554204,0,110024
1660,SPAWNPATHNODE,3554205,0,110024
1661,SPAWNPATHNODE,3554206,0,110024
1662,SPAWNPATHNODE,3554207,0,110024
1663,SPAWNPATHNODE,3554208,0,110024
1664,SPAWNPATHNODE,3577216,0,110024
1665,SPAWNPATHNODE,3577217,0,110024
1666,SPAWNPATHNODE,3577218,0,110024
1667,SPAWNPATHNODE,3577219,0,110024
1668,SPAWNPATHNODE,3577220,0,110024
1669,SPAWNPATHNODE,3577221,0,110024
1670,SPAWNPATHNODE,3577222,0,110024
1671,SPAWNPATHNODE,3577223,0,110024
1672,SPAWNPATHNODE,3577224,0,110024
1673,SPAWNPATHNODE,3577225,0,110024
1674,SPAWNPATHNODE,3577226,0,110024
1675,SPAWNREGION,182112,0,110024
1676,SPELLMISC,840847,0,110024
1677,UNITCONDITION,9904,0,110024
1678,VIGNETTE,8054,0,110024
1679,SPELLMISC,847158,0,110072
1680,AI_GROUPACTIONSET,1209841,0,110111
1681,AI_TRIGGERACTION,221339,0,110111
1682,AREATRIGGERACTION,72202,0,110111
1683,SPELLEFFECT,1322749,0,110111
1684,ITEMAPPEARANCE,130072,0,110038
1685,ITEMAPPEARANCE,130081,0,110038
1686,ITEMAPPEARANCE,130090,0,110038
1687,ITEMAPPEARANCE,130099,0,110038
1688,ITEMDISPLAYINFO,748633,0,110038
1689,ITEMDISPLAYINFO,748634,0,110038
1690,ITEMDISPLAYINFO,748635,0,110038
1691,ITEMDISPLAYINFO,748636,0,110038
1692,ITEMDISPLAYINFOMODELMATRES,235696,0,110038
1693,ITEMDISPLAYINFOMODELMATRES,235697,0,110038
1694,ITEMDISPLAYINFOMODELMATRES,235698,0,110038
1695,ITEMDISPLAYINFOMODELMATRES,235699,0,110038
1696,POINTSMODIFIER,6498,0,110093
1697,POINTSMODIFIER,6499,0,110093
1698,POINTSMODIFIER,6500,0,110093
1699,CREATUREDIFFICULTY,346278,0,110007
1700,CREATUREDIFFICULTYTREASURE,254962,0,110007
1701,SPELLSCRIPT,18452,0,110117
1702,SPELLTARGETFILTERRULE,4586,0,110117
1703,SPELLTARGETFILTERRULE,8642,0,110117
1704,JOURNALENCOUNTERSECTION,35060,0,109934
1705,JOURNALENCOUNTERSECTION,36271,0,109934
1706,JOURNALSECTIONXDIFFICULTY,19296,0,109934
1707,JOURNALSECTIONXDIFFICULTY,19297,0,109934
1708,JOURNALSECTIONXDIFFICULTY,19298,0,109934
1709,JOURNALSECTIONXDIFFICULTY,19357,0,109934
1710,SPELL,1310752,0,109934
1711,SPELLINTERRUPTS,248084,0,109959
1712,SPELLMISC,859467,0,109959
1713,SPELLMISC,859925,0,109959
1714,SPELLSCRIPT,125951,0,109959
1715,ANIMKIT,38149,0,109963
1716,ANIMKITSEGMENT,61445,0,109963
1717,ANIMKITSEGMENT,73919,0,109963
1718,LOCATION,526160,0,109963
1719,LOCATION,526161,0,109963
1720,LOCATION,526162,0,109963
1721,LOCATION,526163,0,109963
1722,LOCATION,530495,0,109963
1723,LOCATION,530496,0,109963
1724,LOCATION,530497,0,109963
1725,LOCATION,530498,0,109963
1726,SPELLEFFECT,1295299,0,109963
1727,SPELLEFFECT,1302816,0,109963
1728,SPELLINTERRUPTS,241805,0,109963
1729,SPELLMISC,832318,0,109963
1730,SPELLSCRIPTTEXT,28456,0,109963
1731,SPELLSCRIPTTEXT,28457,0,109963
1732,SPELLVISUAL,177972,0,109963
1733,SPELLVISUAL,177973,0,109963
1734,SPELLVISUAL,177974,0,109963
1735,SPELLVISUAL,188226,0,109963
1736,SPELLVISUALEVENT,561519,0,109963
1737,SPELLVISUALEVENT,561520,0,109963
1738,SPELLVISUALEVENT,561521,0,109963
1739,SPELLVISUALEVENT,561544,0,109963
1740,SPELLVISUALKIT,278511,0,109963
1741,SPELLVISUALKIT,278512,0,109963
1742,SPELLVISUALKIT,278513,0,109963
1743,SPELLVISUALKIT,278527,0,109963
1744,SPELLVISUALKITEFFECT,746458,0,109963
1745,SPELLVISUALKITEFFECT,788304,0,109963
1746,SPELLVISUALKITEFFECT,788305,0,109963
1747,SPELLVISUALKITEFFECT,788306,0,109963
1748,SPELLVISUALKITEFFECT,788307,0,109963
1749,SPELLVISUALKITEFFECT,788308,0,109963
1750,SPELLVISUALKITEFFECT,788309,0,109963
1751,SPELLVISUALKITEFFECT,788326,0,109963
1752,SPELLVISUALKITEFFECT,788327,0,109963
1753,SPELLVISUALKITEFFECT,788354,0,109963
1754,SPELLVISUALKITMODELATTACH,607005,0,109963
1755,SPELLVISUALKITMODELATTACH,608749,0,109963
1756,SPELLVISUALKITMODELATTACH,616291,0,109963
1757,SPELLVISUALKITMODELATTACH,617286,0,109963
1758,SPELLVISUALKITMODELATTACH,631859,0,109963
1759,SPELLVISUALKITMODELATTACH,637595,0,109963
1760,SPELLVISUALKITMODELATTACH,637596,0,109963
1761,SPELLVISUALKITMODELATTACH,637597,0,109963
1762,SPELLVISUALKITMODELATTACH,637598,0,109963
1763,SPELLVISUALKITMODELATTACH,637599,0,109963
1764,SPELLVISUALKITMODELATTACH,637600,0,109963
1765,SPELLVISUALKITMODELATTACH,637605,0,109963
1766,SPELLVISUALKITMODELATTACH,637606,0,109963
1767,SPELLVISUALKITMODELATTACH,637615,0,109963
1768,SPAWNGROUP,3337418,2,109976
1769,SPELLEFFECT,1345563,2,109976
1770,SPELLMISC,858630,0,109988
1771,SPELLSCRIPT,131053,0,109988
1772,SPELLSCRIPTTEXT,28465,0,109988
1773,SPELLSCRIPTTEXT,28466,0,109988
1774,SPELLSCRIPTTEXT,28624,0,109988
1775,SPELLSCRIPTTEXT,29080,0,109988
1776,SPELLSCRIPTTEXT,29334,0,109988
1777,SPELLSCRIPTTEXT,29335,0,109988
1778,SPELLSCRIPTTEXT,29532,0,109988
1779,SPELLSCRIPTTEXT,29548,0,109988
1780,SPELLSCRIPTTEXT,29624,0,109988
1781,SPELLEFFECT,1342882,0,109989
1782,SPELLEFFECT,1342884,0,109989
1783,SPELLEFFECT,1342885,0,109989
1784,SPELLEFFECT,1342886,0,109989
1785,SPELLEFFECT,1342889,0,109989
1786,SPELLEFFECT,1342890,0,109989
1787,SPELLEFFECT,1342891,0,109989
1788,GAMEOBJECTS,673342,0,110002
1789,SPELLSCRIPT,131943,0,110004
1790,CREATUREDISPLAYINFOEXTRA,164740,0,110009
1791,CREATUREDISPLAYINFOOPTION,1065916,0,110009
1792,CREATUREDISPLAYINFOOPTION,1065918,0,110009
1793,CREATUREDISPLAYINFOOPTION,1065919,0,110009
1794,CREATUREDISPLAYINFOOPTION,1065920,0,110009
1795,CREATUREDISPLAYINFOOPTION,1065923,0,110009
1796,ITEMDISPLAYINFO,748550,0,110009
1797,ITEMDISPLAYINFOMODELMATRES,235509,0,110009
1798,NPCMODELITEMSLOTDISPLAYINFO,1615738,0,110009
1799,AI_GROUPACTIONSET,1209610,0,110014
1800,AI_TRIGGERACTION,219406,0,110014
1801,CREATUREDIFFICULTY,344318,0,110014
1802,CREATUREDIFFICULTY,346803,0,110014
1803,CREATUREDIFFICULTY,347079,0,110014
1804,CREATUREDIFFICULTY,347293,0,110014
1805,CREATUREDIFFICULTY,348199,0,110014
1806,CREATUREDIFFICULTY,357538,0,110014
1807,SPELLMISC,836222,0,110014
1808,SPELLMISC,847442,0,110014
1809,SPELLSCRIPT,126420,0,110014
1810,SPELLSCRIPT,127018,0,110014
1811,SPELLSCRIPT,129513,0,110014
1812,SPELLSCRIPT,130088,0,110014
1813,SPELLSCRIPTTEXT,28429,0,110014
1814,SPELLSCRIPTTEXT,28430,0,110014
1815,SPELLSCRIPTTEXT,28500,0,110014
1816,SPELLSCRIPTTEXT,29363,0,110014
1817,SPELLVISUALKITMODELATTACH,611617,0,110014
1818,SPELLVISUALKITMODELATTACH,611724,0,110014
1819,SPELLVISUALKITMODELATTACH,612628,0,110014
1820,SPELLVISUALKITMODELATTACH,612645,0,110014
1821,SPELLVISUALKITMODELATTACH,631169,0,110014
1822,SPELLVISUALKITMODELATTACH,632611,0,110014
1823,SPELLSCRIPT,133342,0,110056
1824,CREATURE,244309,0,110059
1825,SPELLMISC,796754,0,110070
1826,SPELLSCRIPT,114361,0,110070
1827,SPELL,267257,0,110129
1828,SPELLMISC,339900,0,110129
1829,SPELLTARGETRESTRICTIONS,355619,0,110129
1830,ACHIEVEMENT,16110,0,110057
1831,ACHIEVEMENT,16281,0,110057
1832,ACHIEVEMENT,16282,0,110057
1833,ACHIEVEMENT,16296,0,110057
1834,ACHIEVEMENT,16320,0,110057
1835,ACHIEVEMENT,16330,0,110057
1836,ACHIEVEMENT,16331,0,110057
1837,ACHIEVEMENT,16337,0,110057
1838,ACHIEVEMENT,16402,0,110057
1839,ACHIEVEMENT,16404,0,110057
1840,ACHIEVEMENT,16426,0,110057
1841,ACHIEVEMENT,16427,0,110057
1842,ACHIEVEMENT,16430,0,110057
1843,ACHIEVEMENT,16432,0,110057
1844,ACHIEVEMENT,16438,0,110057
1845,ACHIEVEMENT,16440,0,110057
1846,ACHIEVEMENT,16441,0,110057
1847,ACHIEVEMENT,16445,0,110057
1848,ACHIEVEMENT,16447,0,110057
1849,ACHIEVEMENT,16453,0,110057
1850,ACHIEVEMENT,16456,0,110057
1851,ACHIEVEMENT,16517,0,110057
1852,ACHIEVEMENT,16602,0,110057
1853,ACHIEVEMENT,16620,0,110057
1854,ACHIEVEMENT,16762,0,110057
1855,ACHIEVEMENT,18539,0,110057
1856,ACHIEVEMENT,18556,0,110057
1857,ACHIEVEMENT,18589,0,110057
1858,ACHIEVEMENT,18612,0,110057
1859,ACHIEVEMENT,18703,0,110057
1860,ACHIEVEMENT,18704,0,110057
1861,ACHIEVEMENT,18706,0,110057
1862,JOURNALENCOUNTERSECTION,35941,0,110073
1863,NAMEDPOINT,183860,0,109992
1864,NAMEDPOINT,183861,0,109992
1865,NAMEDPOINT,183862,0,109992
1866,NAMEDPOINT,183863,0,109992
1867,NAMEDPOINT,183864,0,109992
1868,NAMEDPOINT,183865,0,109992
1869,SPELLSCRIPT,131726,0,109992
1870,SPELLSCRIPT,133394,0,109992
1871,SPELLSCRIPT,133395,0,109992
1872,SPELLSCRIPTPACKAGE,81337,0,109992
1873,SPELLSCRIPTPACKAGE,81338,0,109992
1874,STRINGID,118838,0,109992
1875,STRINGID,118839,0,109992
1876,STRINGID,118840,0,109992
1877,STRINGID,118841,0,109992
1878,STRINGID,118842,0,109992
1879,STRINGID,118843,0,109992
1880,SPAWNSQUAD,5512271,0,110071
1881,SPAWNSQUAD,5512272,0,110071
1882,SPELLEFFECT,1339033,0,110071
1883,AREATRIGGERACTION,73357,0,110119
1884,AREATRIGGERACTION,74095,0,110119
1885,AREATRIGGERACTIONSET,44745,0,110119
1886,AREATRIGGERCREATEPROPERTIES,44144,0,110119
1887,SPAWNEVENT,5324755,0,110119
1888,SPAWNLOC,5220448,0,110119
1889,UNITCONDITION,9911,0,110119
1890,AI_TRIGGERACTION,223353,0,110043
1891,CREATUREDIFFICULTY,355588,0,110043
1892,SPELLCATEGORIES,186430,0,110138
1893,AREATRIGGERACTIONSET,44834,0,110143
1894,AI_TRIGGERACTION,220781,0,109990
1895,AI_TRIGGERACTION,221685,0,109990
1896,AI_TRIGGERACTION,221687,0,109990
1897,CREATURE,253843,0,110118
1898,SPAWNEVENT,5192775,0,110118
1899,SPAWNGROUP,3196203,0,110118
1900,SPAWNLOC,5063737,0,110118
1901,SPAWNOBJECT,8046007,0,110118
1902,SPAWNSQUAD,5345435,0,110118
1903,AREAXAURAS,20093,0,110132
1904,AREATRIGGERACTION,71921,0,110044
1905,AREATRIGGERACTIONSET,43933,0,110044
1906,AREATRIGGERCREATEPROPERTIES,43241,0,110044
1907,SPAWNLOC,5177816,0,110044
1908,SPELLSCRIPT,132025,0,110148
1909,AREATRIGGERACTION,74090,0,110096
1910,AREATRIGGERACTIONSET,45163,0,110096
1911,AREATRIGGERCREATEPROPERTIES,44655,0,110096
1912,EDGEGLOWEFFECT,8519,0,110096
1913,SPAWNLOC,5037387,0,110096
1914,SPAWNLOC,5240384,0,110096
1915,SPAWNOBJECT,8281758,0,110096
1916,SPELL,1314345,0,110096
1917,SPELLAURAOPTIONS,247950,0,110096
1918,SPELLEFFECT,1346151,0,110096
1919,SPELLEFFECT,1346152,0,110096
1920,SPELLEFFECT,1346157,0,110096
1921,SPELLMISC,860683,0,110096
1922,SPELLVISUAL,190443,0,110096
1923,SPELLVISUALEVENT,561865,0,110096
1924,SPELLVISUALKIT,278770,0,110096
1925,SPELLVISUALKITEFFECT,788928,0,110096
1926,SPELLXSPELLVISUAL,531557,0,110096
1927,SPELLEFFECT,1342089,0,109991
1928,SPELLTARGETFILTER,3881,0,109991
1929,DUNGEONENCOUNTERTRIGGER,2088,0,110040
1930,DUNGEONENCOUNTERXCREATURE,4129,0,110040
1931,SPELLCATEGORIES,187133,0,110124
1932,SPELLCATEGORIES,187926,0,110124
1933,SPELLMISC,855568,0,110124
1934,SPELLMISC,859356,0,110124
1935,SPELL,1300876,0,110136
1936,SPELLCASTINGREQUIREMENTS,233135,0,110136
1937,SPELLSCRIPTPACKAGE,79951,0,110136
1938,AREATRIGGERACTION,72633,0,110113
1939,AREATRIGGERACTION,74110,0,110113
1940,AREATRIGGERACTIONSET,44316,0,110113
1941,AREATRIGGERACTIONSET,45175,0,110113
1942,AREATRIGGERBOX,4079,0,110113
1943,AREATRIGGERCREATEPROPERTIES,43675,0,110113
1944,AREATRIGGERCREATEPROPERTIES,44670,0,110113
1945,AREATRIGGERCYLINDER,1691,0,110113
1946,SPAWNEVENT,5344434,0,110113
1947,SPAWNGROUP,3339286,0,110113
1948,SPAWNLOC,5200524,0,110113
1949,SPAWNLOC,5240925,0,110113
1950,SPAWNOBJECT,8282526,0,110113
1951,SPAWNSQUAD,5517153,0,110113
1952,SPELLSCRIPTTEXT,29105,0,110159
1953,SPELLSCRIPTTEXT,29106,0,110159
1954,SPELLMISC,837715,0,109973
1955,SPELLSCRIPT,129691,0,109982
1956,AI_GROUPACTIONSET,1209658,0,110048
1957,AI_TRIGGERACTION,220862,0,110048
1958,SPELL,1297943,0,110048
1959,SPELLAURARESTRICTIONS,25001,0,110048
1960,SPELLEFFECT,1321568,0,110048
1961,SPELLEFFECT,1321569,0,110048
1962,SPELLMISC,845408,0,110048
1963,SPELLSCRIPT,128657,0,110048
1964,AREATRIGGER2DPOLYGON,1040,0,110139
1965,SPELLMISC,848611,0,109956
1966,SPELLMISC,852623,0,109957
1967,AREATRIGGERACTION,74062,0,110053
1968,AREATRIGGERACTIONSET,41633,0,110053
1969,SPELL,1314439,0,110053
1970,SPELL,1314443,0,110053
1971,SPELLEFFECT,1346304,0,110053
1972,SPELLEFFECT,1346316,0,110053
1973,SPELLMISC,658962,0,110053
1974,SPELLMISC,860774,0,110053
1975,SPELLMISC,860778,0,110053
1976,SPELLTARGETFILTER,4078,0,110053
1977,SPELLTARGETFILTERRULE,8672,0,110053
1978,SPELLTARGETFILTERRULE,8673,0,110053
1979,SPELLTARGETRESTRICTIONS,355628,0,110053
1980,SPELLTARGETRESTRICTIONS,355629,0,110053
1981,PLAYERCHOICERESPONSE,6046,0,110116
1982,QUESTV2,98232,0,110116
1983,SOUNDKIT,367951,0,110120
1984,SOUNDKIT,367952,0,110120
1985,SOUNDKITADVANCED,331542,0,110120
1986,SOUNDKITADVANCED,331543,0,110120
1987,SOUNDKITCHILD,49160,0,110120
1988,SOUNDKITENTRY,1690416,0,110120
1989,SOUNDKITENTRY,1690417,0,110120
1990,SOUNDKITENTRY,1690418,0,110120
1991,SOUNDKITENTRY,1690419,0,110120
1992,SOUNDKITENTRY,1690420,0,110120
1993,SOUNDKITENTRY,1690421,0,110120
1994,SOUNDKITENTRY,1690422,0,110120
1995,SOUNDKITENTRY,1690423,0,110120
1996,SOUNDKITENTRY,1690424,0,110120
1997,SPELLVISUALKITEFFECT,789028,0,110120
1998,CREATUREDIFFICULTY,141595,0,110141
1999,SPELLEFFECT,1319079,0,110142
2000,SPELLMISC,338940,0,110142
2001,SPAWNEVENT,5344436,0,110149
2002,SPAWNGROUP,3339287,0,110149
2003,SPAWNLOC,5195715,0,110149
2004,SPAWNLOC,5240926,0,110149
2005,SPAWNOBJECT,8282527,0,110149
2006,SPAWNSQUAD,5517154,0,110149
2007,AREATRIGGERACTION,74112,0,110150
2008,AREATRIGGERACTION,74113,0,110150
2009,AREATRIGGERACTIONSET,45176,0,110150
2010,AREATRIGGERCREATEPROPERTIES,44671,0,110150
2011,SPAWNEVENT,5344443,0,110150
2012,SPAWNEVENT,5344462,0,110150
2013,SPAWNEVENT,5344463,0,110150
2014,SPAWNGROUP,3339293,0,110150
2015,SPAWNLOC,5240932,0,110150
2016,SPAWNOBJECT,8282533,0,110150
2017,SPAWNSQUAD,5517160,0,110150
2018,WORLDSAFELOCS,11649,0,110150
2019,SPELLMISC,337127,0,110154
2020,SPELLMISC,337133,0,110154
2021,SPELLSCRIPT,126295,0,110154
2022,SPELLSCRIPT,133509,0,110154
2023,SPELLSCRIPTPACKAGE,34301,0,110154
2024,WORLDSTATEACTION,109059,0,110155
2025,WORLDSTATEACTION,109060,0,110155
2026,WORLDSTATEACTIONSET,33942,0,110155
2027,AI_GROUPACTIONSET,1210020,0,110161
2028,AI_GROUPACTIONSET,1210021,0,110161
2029,AI_GROUPACTIONSET,1210022,0,110161
2030,AI_GROUPACTIONSET,1210023,0,110161
2031,AI_GROUPACTIONSET,1210024,0,110161
2032,AI_GROUPACTIONSET,1210026,0,110161
2033,DUNGEONENCOUNTERTRIGGER,2090,0,110161
2034,GAMEEVENTS,106653,0,110161
2035,SPAWNEVENT,5344508,0,110161
2036,SPAWNEVENT,5344509,0,110161
2037,SPAWNEVENT,5344510,0,110161
2038,SPAWNEVENT,5344513,0,110161
2039,SPAWNEVENT,5344514,0,110161
2040,SPAWNEVENT,5344515,0,110161
2041,WORLDSTATE,30553,0,109935
2042,CREATUREDISPLAYINFO,143518,0,110085
2043,RTPC,7598,0,110085
2044,SOUNDEMITTERPILLPOINTS,21113,0,110085
2045,SOUNDEMITTERPILLPOINTS,21114,0,110085
2046,SOUNDEMITTERPILLPOINTS,21115,0,110085
2047,SOUNDEMITTERPILLPOINTS,21116,0,110085
2048,SOUNDEMITTERPILLPOINTS,21117,0,110085
2049,SOUNDEMITTERPILLPOINTS,21118,0,110085
2050,SOUNDEMITTERPILLPOINTS,21119,0,110085
2051,SOUNDEMITTERPILLPOINTS,21120,0,110085
2052,SOUNDEMITTERPILLPOINTS,21121,0,110085
2053,SOUNDEMITTERPILLPOINTS,21122,0,110085
2054,SOUNDEMITTERPILLPOINTS,21123,0,110085
2055,SOUNDEMITTERPILLPOINTS,21124,0,110085
2056,SOUNDEMITTERPILLPOINTS,21125,0,110085
2057,SOUNDEMITTERPILLPOINTS,21126,0,110085
2058,SOUNDEMITTERPILLPOINTS,21127,0,110085
2059,SOUNDEMITTERPILLPOINTS,21128,0,110085
2060,SOUNDEMITTERPILLPOINTS,21129,0,110085
2061,SOUNDEMITTERS,34950,0,110085
2062,SOUNDEMITTERS,34951,0,110085
2063,SOUNDEMITTERS,34952,0,110085
2064,SOUNDEMITTERS,34953,0,110085
2065,SOUNDEMITTERS,34954,0,110085
2066,SOUNDEMITTERS,34955,0,110085
2067,SOUNDEMITTERS,34956,0,110085
2068,SOUNDKIT,327403,0,110085
2069,SOUNDKIT,364774,0,110085
2070,SOUNDKIT,364775,0,110085
2071,SOUNDKIT,367901,0,110085
2072,SOUNDKIT,367903,0,110085
2073,SOUNDKITADVANCED,331493,0,110085
2074,SOUNDKITADVANCED,331495,0,110085
2075,SOUNDKITENTRY,1420370,0,110085
2076,SOUNDKITENTRY,1690111,0,110085
2077,SOUNDKITENTRY,1690112,0,110085
2078,SOUNDKITENTRY,1690113,0,110085
2079,SOUNDKITENTRY,1690114,0,110085
2080,SOUNDKITENTRY,1690115,0,110085
2081,SOUNDKITENTRY,1690116,0,110085
2082,SOUNDKITENTRY,1690122,0,110085
2083,SOUNDKITENTRY,1690123,0,110085
2084,SOUNDKITENTRY,1690124,0,110085
2085,SOUNDKITENTRY,1690125,0,110085
2086,SOUNDKITENTRY,1690126,0,110085
2087,SOUNDKITENTRY,1690190,0,110085
2088,SOUNDKITENTRY,1690191,0,110085
2089,SOUNDKITENTRY,1690192,0,110085
2090,SOUNDKITENTRY,1690193,0,110085
2091,SOUNDKITENTRY,1690194,0,110085
2092,SOUNDKITENTRY,1690195,0,110085
2093,SOUNDKITENTRY,1690196,0,110085
2094,SOUNDKITENTRY,1690197,0,110085
2095,SCHEDULEDWORLDSTATEGROUP,2363,0,110145
2096,SCHEDULEDWORLDSTATEGROUP,2364,0,110145
2097,SCHEDULEDWORLDSTATEGROUP,2365,0,110145
2098,SCHEDULEDWORLDSTATEGROUP,2367,0,110145
2099,SCHEDULEDWORLDSTATEGROUP,2368,0,110145
2100,SCHEDULEDWORLDSTATEGROUP,2373,0,110145
2101,SCHEDULEDWORLDSTATEGROUP,2374,0,110145
2102,SCHEDULEDWORLDSTATEGROUP,2375,0,110145
2103,SCHEDULEDWORLDSTATEGROUP,2376,0,110145
2104,SCHEDULEDWORLDSTATEGROUP,2377,0,110145
2105,SCHEDULEDWORLDSTATEGROUP,3490,0,110145
2106,SCHEDULEDWORLDSTATEGROUP,3491,0,110145
2107,WORLDSTATEACTION,77674,0,110164
2108,WORLDSTATEACTIONSET,23748,0,110164
2109,CREATUREDISPLAYINFO,84202,0,110187
2110,SPELLMISC,844064,0,110194
2111,AREATRIGGERCREATEPROPERTIES,44689,0,110195
2112,SPELLEFFECT,1342579,0,110195
2113,SPELL,1306517,0,110205
2114,SPELLMISC,853227,0,110205
2115,SPELLTARGETRESTRICTIONS,355662,0,110205
2116,AREATRIGGER2DPOLYGON,1132,0,110212
2117,ACHIEVEMENT,42768,0,109998
2118,ACHIEVEMENT,61490,0,109998
2119,ACHIEVEMENT,61808,0,109998
2120,ACHIEVEMENT,62905,0,109998
2121,ACHIEVEMENT,62909,0,109998
2122,ACHIEVEMENT,63529,0,109998
2123,ACHIEVEMENT,63669,0,109998
2124,ADVENTUREJOURNAL,918,0,109998
2125,ADVENTUREJOURNAL,919,0,109998
2126,ADVENTUREJOURNAL,920,0,109998
2127,BROADCASTTEXT,37948,0,109998
2128,BROADCASTTEXT,170929,0,109998
2129,BROADCASTTEXT,224989,0,109998
2130,BROADCASTTEXT,254582,0,109998
2131,BROADCASTTEXT,303051,0,109998
2132,BROADCASTTEXT,303377,0,109998
2133,BROADCASTTEXT,304624,0,109998
2134,BROADCASTTEXT,304867,0,109998
2135,BROADCASTTEXT,305873,0,109998
2136,BROADCASTTEXT,307367,0,109998
2137,BROADCASTTEXT,307376,0,109998
2138,BROADCASTTEXT,307377,0,109998
2139,BROADCASTTEXT,307379,0,109998
2140,BROADCASTTEXT,307646,0,109998
2141,BROADCASTTEXT,307667,0,109998
2142,BROADCASTTEXT,307747,0,109998
2143,BROADCASTTEXT,307748,0,109998
2144,BROADCASTTEXT,307753,0,109998
2145,BROADCASTTEXT,307891,0,109998
2146,BROADCASTTEXT,308043,0,109998
2147,BROADCASTTEXT,308371,0,109998
2148,BROADCASTTEXT,309165,0,109998
2149,BROADCASTTEXT,309540,0,109998
2150,BROADCASTTEXT,309825,0,109998
2151,BROADCASTTEXT,309826,0,109998
2152,BROADCASTTEXT,310494,0,109998
2153,BROADCASTTEXT,311605,0,109998
2154,BROADCASTTEXT,311615,0,109998
2155,BROADCASTTEXT,311762,0,109998
2156,BROADCASTTEXT,311769,0,109998
2157,BROADCASTTEXT,311779,0,109998
2158,BROADCASTTEXT,311893,0,109998
2159,BROADCASTTEXT,311938,0,109998
2160,BROADCASTTEXT,311940,0,109998
2161,BROADCASTTEXT,312774,0,109998
2162,BROADCASTTEXT,312775,0,109998
2163,BROADCASTTEXT,312896,0,109998
2164,BROADCASTTEXT,312957,0,109998
2165,BROADCASTTEXT,313036,0,109998
2166,BROADCASTTEXT,313039,0,109998
2167,BROADCASTTEXT,313066,0,109998
2168,BROADCASTTEXT,313073,0,109998
2169,BROADCASTTEXT,313178,0,109998
2170,BROADCASTTEXT,313191,0,109998
2171,BROADCASTTEXT,313265,0,109998
2172,BROADCASTTEXT,313623,0,109998
2173,BROADCASTTEXT,313745,0,109998
2174,BROADCASTTEXT,314352,0,109998
2175,BROADCASTTEXT,314356,0,109998
2176,BROADCASTTEXT,314872,0,109998
2177,BROADCASTTEXT,315002,0,109998
2178,BROADCASTTEXT,315085,0,109998
2179,BROADCASTTEXT,315214,0,109998
2180,BROADCASTTEXT,315706,0,109998
2181,BROADCASTTEXT,315951,0,109998
2182,BROADCASTTEXT,315953,0,109998
2183,BROADCASTTEXT,315955,0,109998
2184,BROADCASTTEXT,315957,0,109998
2185,BROADCASTTEXT,315958,0,109998
2186,BROADCASTTEXT,316473,0,109998
2187,BROADCASTTEXT,316837,0,109998
2188,BROADCASTTEXT,316933,0,109998
2189,BROADCASTTEXT,316943,0,109998
2190,BROADCASTTEXT,317350,0,109998
2191,BROADCASTTEXT,317371,0,109998
2192,BROADCASTTEXT,317685,0,109998
2193,BROADCASTTEXT,317686,0,109998
2194,BROADCASTTEXT,317687,0,109998
2195,BROADCASTTEXT,317689,0,109998
2196,BROADCASTTEXT,317690,0,109998
2197,BROADCASTTEXT,317957,0,109998
2198,BROADCASTTEXT,317991,0,109998
2199,BROADCASTTEXT,318238,0,109998
2200,BROADCASTTEXT,318297,0,109998
2201,BROADCASTTEXT,318352,0,109998
2202,BROADCASTTEXT,318353,0,109998
2203,BROADCASTTEXT,318356,0,109998
2204,BROADCASTTEXT,318403,0,109998
2205,BROADCASTTEXT,320494,0,109998
2206,BROADCASTTEXT,321061,0,109998
2207,BROADCASTTEXT,321873,0,109998
2208,BROADCASTTEXT,322449,0,109998
2209,BROADCASTTEXT,324160,0,109998
2210,BROADCASTTEXT,324161,0,109998
2211,BROADCASTTEXT,324281,0,109998
2212,BROADCASTTEXT,324310,0,109998
2213,BROADCASTTEXT,324312,0,109998
2214,BROADCASTTEXT,324313,0,109998
2215,BROADCASTTEXT,324314,0,109998
2216,BROADCASTTEXT,324315,0,109998
2217,CREATURE,142941,0,109998
2218,CREATURE,168268,0,109998
2219,CREATURE,168497,0,109998
2220,CREATURE,168624,0,109998
2221,CREATURE,169263,0,109998
2222,CREATURE,170244,0,109998
2223,CREATURE,170331,0,109998
2224,CREATURE,170395,0,109998
2225,CREATURE,170397,0,109998
2226,CREATURE,244730,0,109998
2227,CREATURE,244942,0,109998
2228,CREATURE,247451,0,109998
2229,CREATURE,253756,0,109998
2230,CREATURE,253757,0,109998
2231,CREATURE,253760,0,109998
2232,CREATURE,257295,0,109998
2233,CREATURE,257303,0,109998
2234,CREATURE,257321,0,109998
2235,CREATURE,260474,0,109998
2236,CREATURE,261915,0,109998
2237,CREATURE,263942,0,109998
2238,CREATURE,265209,0,109998
2239,CREATURE,273791,0,109998
2240,CRITERIATREE,211149,0,109998
2241,CRITERIATREE,232506,0,109998
2242,GAMEOBJECTS,543139,0,109998
2243,GAMEOBJECTS,668044,0,109998
2244,GAMEOBJECTS,676281,0,109998
2245,GROUPFINDERACTIVITY,2031,0,109998
2246,HOLIDAYDESCRIPTIONS,516,0,109998
2247,HOLIDAYDESCRIPTIONS,517,0,109998
2248,HOLIDAYDESCRIPTIONS,518,0,109998
2249,HOUSEDECOR,19197,0,109998
2250,HOUSEDECOR,19198,0,109998
2251,HOUSEDECOR,19252,0,109998
2252,HOUSEDECOR,25765,0,109998
2253,HOUSEDECOR,25895,0,109998
2254,HOUSEDECOR,25896,0,109998
2255,HOUSEDECOR,26703,0,109998
2256,HOUSEDECOR,26704,0,109998
2257,HOUSEDECOR,26705,0,109998
2258,HOUSEDECOR,26706,0,109998
2259,HOUSEDECOR,26707,0,109998
2260,HOUSEDECOR,26708,0,109998
2261,HOUSEDECOR,26875,0,109998
2262,HOUSEDECOR,26876,0,109998
2263,HOUSEDECOR,26877,0,109998
2264,HOUSEDECOR,26940,0,109998
2265,HOUSEDECOR,27045,0,109998
2266,HOUSEDECOR,27973,0,109998
2267,HOUSEEXTERIORWMODATA,250,0,109998
2268,HOUSEEXTERIORWMODATA,251,0,109998
2269,INITIATIVETASK,84,0,109998
2270,ITEM,242639,0,109998
2271,ITEM,267645,0,109998
2272,ITEM,267646,0,109998
2273,ITEM,268049,0,109998
2274,ITEM,274685,0,109998
2275,ITEM,275551,0,109998
2276,ITEM,279149,0,109998
2277,ITEM,279150,0,109998
2278,ITEM,279151,0,109998
2279,ITEM,279155,0,109998
2280,ITEM,279156,0,109998
2281,ITEM,279158,0,109998
2282,ITEM,279159,0,109998
2283,ITEM,279161,0,109998
2284,ITEM,279162,0,109998
2285,ITEM,279163,0,109998
2286,ITEM,279164,0,109998
2287,ITEM,279165,0,109998
2288,ITEM,280625,0,109998
2289,ITEM,280627,0,109998
2290,ITEM,280629,0,109998
2291,ITEM,280631,0,109998
2292,ITEM,280633,0,109998
2293,ITEM,280635,0,109998
2294,ITEM,280637,0,109998
2295,ITEM,280639,0,109998
2296,ITEM,280642,0,109998
2297,ITEM,280644,0,109998
2298,ITEM,280646,0,109998
2299,ITEM,280650,0,109998
2300,ITEM,280652,0,109998
2301,ITEM,280654,0,109998
2302,ITEM,282340,0,109998
2303,ITEM,282343,0,109998
2304,ITEM,282347,0,109998
2305,JOURNALENCOUNTERCREATURE,6187,0,109998
2306,JOURNALENCOUNTERCREATURE,6239,0,109998
2307,JOURNALENCOUNTERSECTION,34109,0,109998
2308,JOURNALENCOUNTERSECTION,34110,0,109998
2309,JOURNALENCOUNTERSECTION,35026,0,109998
2310,JOURNALENCOUNTERSECTION,35097,0,109998
2311,JOURNALENCOUNTERSECTION,35098,0,109998
2312,JOURNALENCOUNTERSECTION,35099,0,109998
2313,JOURNALENCOUNTERSECTION,35253,0,109998
2314,JOURNALENCOUNTERSECTION,35550,0,109998
2315,JOURNALENCOUNTERSECTION,35636,0,109998
2316,JOURNALENCOUNTERSECTION,35757,0,109998
2317,JOURNALENCOUNTERSECTION,36374,0,109998
2318,JOURNALENCOUNTERSECTION,36593,0,109998
2319,JOURNALENCOUNTERSECTION,36631,0,109998
2320,JOURNALENCOUNTERSECTION,36636,0,109998
2321,JOURNALENCOUNTERSECTION,36875,0,109998
2322,JOURNALENCOUNTERSECTION,36890,0,109998
2323,JOURNALENCOUNTERSECTION,36892,0,109998
2324,JOURNALENCOUNTERSECTION,36894,0,109998
2325,JOURNALENCOUNTERSECTION,36910,0,109998
2326,JOURNALENCOUNTERSECTION,37001,0,109998
2327,JOURNALENCOUNTERSECTION,37004,0,109998
2328,JOURNALENCOUNTERSECTION,37021,0,109998
2329,JOURNALENCOUNTERSECTION,37023,0,109998
2330,JOURNALENCOUNTERSECTION,37025,0,109998
2331,JOURNALENCOUNTERSECTION,37042,0,109998
2332,JOURNALENCOUNTERSECTION,37060,0,109998
2333,JOURNALENCOUNTERSECTION,37062,0,109998
2334,JOURNALENCOUNTERSECTION,37248,0,109998
2335,JOURNALENCOUNTERSECTION,37249,0,109998
2336,JOURNALENCOUNTERSECTION,37250,0,109998
2337,JOURNALENCOUNTERSECTION,37251,0,109998
2338,JOURNALENCOUNTERSECTION,37252,0,109998
2339,JOURNALENCOUNTERSECTION,37253,0,109998
2340,JOURNALENCOUNTERSECTION,37254,0,109998
2341,JOURNALENCOUNTERSECTION,37255,0,109998
2342,JOURNALENCOUNTERSECTION,37256,0,109998
2343,JOURNALENCOUNTERSECTION,37257,0,109998
2344,JOURNALENCOUNTERSECTION,37258,0,109998
2345,JOURNALENCOUNTERSECTION,37259,0,109998
2346,JOURNALENCOUNTERSECTION,37260,0,109998
2347,JOURNALENCOUNTERSECTION,37261,0,109998
2348,JOURNALENCOUNTERSECTION,37263,0,109998
2349,JOURNALENCOUNTERSECTION,37264,0,109998
2350,JOURNALENCOUNTERSECTION,37265,0,109998
2351,JOURNALENCOUNTERSECTION,37266,0,109998
2352,JOURNALENCOUNTERSECTION,37267,0,109998
2353,JOURNALENCOUNTERSECTION,37268,0,109998
2354,JOURNALENCOUNTERSECTION,37269,0,109998
2355,JOURNALENCOUNTERSECTION,37270,0,109998
2356,JOURNALENCOUNTERSECTION,37271,0,109998
2357,JOURNALENCOUNTERSECTION,37272,0,109998
2358,JOURNALENCOUNTERSECTION,37273,0,109998
2359,JOURNALENCOUNTERSECTION,37274,0,109998
2360,JOURNALENCOUNTERSECTION,37275,0,109998
2361,LFGDUNGEONS,3317,0,109998
2362,LFGDUNGEONS,3318,0,109998
2363,LFGDUNGEONS,3319,0,109998
2364,LFGDUNGEONS,3320,0,109998
2365,QUESTOBJECTIVE,473540,0,109998
2366,QUESTOBJECTIVE,476216,0,109998
2367,QUESTV2,90847,0,109998
2368,QUESTV2,93023,0,109998
2369,QUESTV2,93233,0,109998
2370,QUESTV2,94447,0,109998
2371,QUESTV2,94520,0,109998
2372,QUESTV2,94521,0,109998
2373,QUESTV2,94529,0,109998
2374,QUESTV2,94530,0,109998
2375,QUESTV2,95521,0,109998
2376,QUESTV2,96098,0,109998
2377,QUESTV2,96541,0,109998
2378,QUESTV2,96545,0,109998
2379,QUESTV2,96546,0,109998
2380,QUESTV2,97535,0,109998
2381,QUESTV2,97559,0,109998
2382,QUESTV2,97565,0,109998
2383,QUESTV2,97622,0,109998
2384,SCENARIOSTEP,17327,0,109998
2385,SCENARIOSTEP,17328,0,109998
2386,SCENARIOSTEP,17329,0,109998
2387,SCENARIOSTEP,17336,0,109998
2388,SOURCEINFO,26827,0,109998
2389,SOURCEINFO,26828,0,109998
2390,SOURCEINFO,26829,0,109998
2391,SOURCEINFO,26830,0,109998
2392,SOURCEINFO,26831,0,109998
2393,SOURCEINFO,26832,0,109998
2394,SOURCEINFO,26833,0,109998
2395,SOURCEINFO,26834,0,109998
2396,SOURCEINFO,26873,0,109998
2397,SOURCEINFO,26874,0,109998
2398,SOURCEINFO,26875,0,109998
2399,SOURCEINFO,26876,0,109998
2400,SOURCEINFO,26877,0,109998
2401,SOURCEINFO,26878,0,109998
2402,SOURCEINFO,26879,0,109998
2403,SOURCEINFO,26880,0,109998
2404,SOURCEINFO,26881,0,109998
2405,SOURCEINFO,26882,0,109998
2406,SOURCEINFO,26883,0,109998
2407,SOURCEINFO,26884,0,109998
2408,SOURCEINFO,26885,0,109998
2409,SOURCEINFO,26886,0,109998
2410,SOURCEINFO,27415,0,109998
2411,SPELL,772,0,109998
2412,SPELL,7620,0,109998
2413,SPELL,42650,0,109998
2414,SPELL,131474,0,109998
2415,SPELL,249045,0,109998
2416,SPELL,1264802,0,109998
2417,SPELL,1265574,0,109998
2418,SPELL,1277027,0,109998
2419,SPELL,1280916,0,109998
2420,SPELL,1280917,0,109998
2421,SPELL,1281392,0,109998
2422,SPELL,1286837,0,109998
2423,SPELL,1286918,0,109998
2424,SPELL,1287082,0,109998
2425,SPELL,1287189,0,109998
2426,SPELL,1287653,0,109998
2427,SPELL,1287677,0,109998
2428,SPELL,1292188,0,109998
2429,SPELL,1292196,0,109998
2430,SPELL,1292209,0,109998
2431,SPELL,1292211,0,109998
2432,SPELL,1292235,0,109998
2433,SPELL,1292403,0,109998
2434,SPELL,1294685,0,109998
2435,SPELL,1294686,0,109998
2436,SPELL,1294687,0,109998
2437,SPELL,1296203,0,109998
2438,SPELL,1296651,0,109998
2439,SPELL,1297445,0,109998
2440,SPELL,1298570,0,109998
2441,SPELL,1298616,0,109998
2442,SPELL,1298685,0,109998
2443,SPELL,1298687,0,109998
2444,SPELL,1299764,0,109998
2445,SPELL,1299988,0,109998
2446,SPELL,1300167,0,109998
2447,SPELL,1300239,0,109998
2448,SPELL,1301217,0,109998
2449,SPELL,1301774,0,109998
2450,SPELL,1303621,0,109998
2451,SPELL,1303622,0,109998
2452,SPELL,1305749,0,109998
2453,SPELL,1305752,0,109998
2454,SPELL,1305907,0,109998
2455,SPELL,1306086,0,109998
2456,SPELL,1306349,0,109998
2457,SPELL,1307941,0,109998
2458,SPELL,1307959,0,109998
2459,SPELL,1307967,0,109998
2460,SPELL,1308038,0,109998
2461,SPELL,1308459,0,109998
2462,SPELL,1308460,0,109998
2463,SPELL,1308809,0,109998
2464,SPELL,1308853,0,109998
2465,SPELL,1308973,0,109998
2466,SPELL,1309070,0,109998
2467,SPELL,1309074,0,109998
2468,SPELL,1309460,0,109998
2469,SPELL,1309464,0,109998
2470,SPELL,1309466,0,109998
2471,SPELL,1309469,0,109998
2472,SPELL,1309471,0,109998
2473,SPELL,1309473,0,109998
2474,SPELL,1309475,0,109998
2475,SPELL,1309477,0,109998
2476,SPELL,1309479,0,109998
2477,SPELL,1309481,0,109998
2478,SPELL,1309484,0,109998
2479,SPELL,1309486,0,109998
2480,SPELL,1309489,0,109998
2481,SPELL,1309492,0,109998
2482,SPELL,1309494,0,109998
2483,SPELL,1310098,0,109998
2484,SPELL,1310752,0,109998
2485,SPELL,1310763,0,109998
2486,SPELL,1311646,0,109998
2487,SPELL,1312144,0,109998
2488,SPELL,1312145,0,109998
2489,SPELL,1312363,0,109998
2490,SPELL,1312853,0,109998
2491,SPELL,1313154,0,109998
2492,SPELL,1313529,0,109998
2493,SPELL,1313531,0,109998
2494,SPELL,1313532,0,109998
2495,SPELL,1313533,0,109998
2496,SPELL,1313534,0,109998
2497,SPELL,1313593,0,109998
2498,SPELL,1313630,0,109998
2499,SPELL,1313638,0,109998
2500,SPELL,1313651,0,109998
2501,SPELL,1313655,0,109998
2502,SPELL,1313663,0,109998
2503,SPELL,1313690,0,109998
2504,SPELL,1313754,0,109998
2505,SPELL,1313755,0,109998
2506,SPELL,1313757,0,109998
2507,SPELL,1313758,0,109998
2508,SPELL,1313800,0,109998
2509,SPELL,1313802,0,109998
2510,SPELL,1313909,0,109998
2511,SPELL,1313965,0,109998
2512,SPELL,1313966,0,109998
2513,UIWIDGETSTRINGSOURCE,19317,0,109998
2514,UIWIDGETSTRINGSOURCE,19973,0,109998
2515,CRITERIATREE,232506,0,110082
2516,GLOBALSTRINGS,9710,0,110082
2517,GLOBALSTRINGS,59589,0,110082
2518,ITEM,279149,0,110082
2519,SPELL,1310764,0,110082
2520,SPELLEFFECT,1341085,0,110206
2521,SPELLSCRIPT,41755,0,110206
2522,SPELL,267494,0,110219
2523,SPELLMISC,343106,0,110221
2524,TREASURE,137099,0,109915
2525,TREASURE,137100,0,109915
2526,TREASURE,137101,0,109915
2527,TREASURE,137102,0,109915
2528,TREASURE,137580,0,109915
2529,TREASURE,141298,0,109915
2530,TREASURE,143693,0,109915
2531,TREASUREITEM,1523693,0,109915
2532,TREASUREITEM,1528326,0,109915
2533,TREASUREITEM,1528329,0,109915
2534,TREASUREITEM,1548781,0,109915
2535,TREASUREITEM,1548782,0,109915
2536,TREASUREITEM,1548783,0,109915
2537,ITEM,252415,0,110126
2538,ITEM,253245,0,110126
2539,ITEM,253342,0,110126
2540,ITEM,254268,0,110126
2541,ITEM,254269,0,110126
2542,ITEMNAMEDESCRIPTION,14218,0,110126
2543,ITEMNAMEDESCRIPTION,14530,0,110126
2544,QUESTV2,97910,0,110126
2545,UIWIDGET,8248,0,110167
2546,UIWIDGET,8251,0,110167
2547,QUESTV2,91211,0,110115
2548,QUESTV2,91213,0,110115
2549,QUESTV2,91215,0,110115
2550,QUESTV2,91217,0,110115
2551,QUESTV2,91219,0,110115
2552,QUESTV2,91221,0,110115
2553,QUESTV2,91223,0,110115
2554,QUESTV2,91225,0,110115
2555,QUESTV2,91227,0,110115
2556,QUESTV2,91229,0,110115
2557,QUESTV2,91231,0,110115
2558,QUESTV2,91233,0,110115
2559,QUESTV2,91235,0,110115
2560,QUESTV2,91237,0,110115
2561,QUESTV2,91239,0,110115
2562,QUESTV2,91241,0,110115
2563,QUESTV2,91256,0,110115
2564,QUESTV2,91257,0,110115
2565,QUESTV2,91258,0,110115
2566,QUESTV2,91259,0,110115
2567,QUESTV2,91260,0,110115
2568,QUESTV2,91261,0,110115
2569,QUESTV2,91262,0,110115
2570,QUESTV2,91263,0,110115
2571,QUESTV2,91264,0,110115
2572,QUESTV2,91265,0,110115
2573,QUESTV2,91266,0,110115
2574,QUESTV2,91267,0,110115
2575,QUESTV2,91268,0,110115
2576,QUESTV2,91269,0,110115
2577,QUESTV2,95021,0,110115
2578,QUESTV2,95022,0,110115
2579,QUESTV2,95023,0,110115
2580,QUESTV2,95024,0,110115
2581,SPELLSCRIPT,123080,0,110115
2582,SPELLSCRIPTTEXT,29741,0,110115
2583,SPELLSCRIPTTEXT,29742,0,110115
2584,SPELLMISC,838887,0,110166
2585,SPELLMISC,840228,0,110166
2586,SPELLMISC,843617,0,110166
2587,SPELLMISC,852590,0,110166
2588,SPELL,1243167,0,110226
2589,SPELLEFFECT,1243132,0,110226
2590,SPELLEFFECT,1243134,0,110226
2591,SPELLEFFECT,1346702,0,110226
2592,SPELLEFFECT,1346710,0,110226
2593,SPELLEFFECT,1346711,0,110226
2594,SPELLEFFECT,1346712,0,110226
2595,SPELLEFFECT,1346713,0,110226
2596,SPELLSCRIPT,120096,0,110226
2597,SPELLSCRIPT,122677,0,110226
2598,SPELLTARGETRESTRICTIONS,355673,0,110226
2599,SPELLTARGETRESTRICTIONS,355674,0,110226
2600,TREASUREITEM,1535483,0,110097
2601,TREASUREITEM,1535484,0,110097
2602,TREASUREITEM,1535490,0,110097
2603,TREASUREITEM,1535491,0,110097
2604,TREASUREITEM,1535494,0,110097
2605,TREASUREITEM,1535495,0,110097
2606,SCREENEFFECT,2586,0,110174
2607,SPELLEFFECT,1339249,0,110174
2608,SPELLEFFECT,1346421,0,110174
2609,SPELLMISC,856631,0,110174
2610,SPELLMISC,856635,0,110174
2611,SPELLSCRIPT,131995,0,110174
2612,CREATURE,272751,0,110199
2613,CREATUREDIFFICULTY,356521,0,110199
2614,CREATUREXDISPLAYINFO,679208,0,110199
2615,CREATUREXDISPLAYINFO,679220,0,110199
2616,QUESTOBJECTIVE,477086,0,110204
2617,QUESTOBJECTIVE,477087,0,110204
2618,QUESTOBJECTIVE,477088,0,110204
2619,QUESTOBJECTIVE,478430,0,110204
2620,QUESTPOIBLOB,582146,0,110204
2621,QUESTPOIBLOB,585255,0,110204
2622,QUESTPOIPOINT,1316834,0,110204
2623,QUESTPOIPOINT,1327132,0,110204
2624,QUESTV2,98232,0,110204
2625,SPAWNGROUP,3291441,0,110180
2626,UNITCONDITION,9884,0,110254
2627,SCENARIOEVENTENTRY,44678,0,110012
2628,SCENARIOEVENTENTRY,44679,0,110012
2629,SPAWNGROUP,3218434,0,110055
2630,SPAWNGROUP,3312017,0,110055
2631,SPAWNGROUP,3312020,0,110055
2632,SPAWNGROUP,3312021,0,110055
2633,SPAWNGROUP,3312028,0,110055
2634,SPAWNGROUP,3312038,0,110055
2635,SPAWNGROUP,3312039,0,110055
2636,SPAWNGROUP,3312044,0,110055
2637,SPAWNGROUP,3312047,0,110055
2638,SPAWNGROUP,3312048,0,110055
2639,SPAWNGROUP,3312049,0,110055
2640,SPAWNGROUP,3312054,0,110055
2641,SPAWNGROUP,3312066,0,110055
2642,SPAWNGROUP,3312067,0,110055
2643,SPAWNGROUP,3312077,0,110055
2644,SPAWNGROUP,3312080,0,110055
2645,SPAWNGROUP,3312150,0,110055
2646,SPAWNGROUP,3312151,0,110055
2647,SPAWNGROUP,3312152,0,110055
2648,SPAWNGROUP,3312153,0,110055
2649,SPAWNGROUP,3312154,0,110055
2650,SPAWNGROUP,3312155,0,110055
2651,SPAWNGROUP,3312156,0,110055
2652,SPAWNGROUP,3312162,0,110055
2653,SPAWNGROUP,3312165,0,110055
2654,SPAWNGROUP,3312166,0,110055
2655,SPAWNGROUP,3312167,0,110055
2656,SPAWNGROUP,3312168,0,110055
2657,SPAWNGROUP,3312184,0,110055
2658,SPAWNGROUP,3312185,0,110055
2659,SPAWNGROUP,3312186,0,110055
2660,SPAWNGROUP,3312187,0,110055
2661,SPAWNGROUP,3312226,0,110055
2662,SPAWNGROUP,3312227,0,110055
2663,SPAWNGROUP,3312228,0,110055
2664,SPAWNGROUP,3312229,0,110055
2665,SPAWNGROUP,3312230,0,110055
2666,SPAWNGROUP,3312246,0,110055
2667,SPAWNGROUP,3312274,0,110055
2668,STRINGID,118861,0,110055
2669,STRINGID,118862,0,110055
2670,STRINGID,118863,0,110055
2671,STRINGID,118864,0,110055
2672,STRINGID,118865,0,110055
2673,STRINGID,118866,0,110055
2674,STRINGID,118867,0,110055
2675,STRINGID,118868,0,110055
2676,STRINGID,118869,0,110055
2677,AI_GROUPACTION,1091240,0,110076
2678,AI_GROUPACTION,1091241,0,110076
2679,AI_GROUPACTION,1091242,0,110076
2680,AI_GROUPACTIONSET,1209707,0,110076
2681,AI_GROUPACTIONSET,1209708,0,110076
2682,AI_GROUPACTIONSET,1209709,0,110076
2683,AI_GROUPACTIONSET,1209710,0,110076
2684,AI_GROUPACTIONSET,1209711,0,110076
2685,AI_GROUPACTIONSET,1209712,0,110076
2686,AI_TRIGGERACTION,221303,0,110076
2687,AREATRIGGERACTION,73071,0,110076
2688,AREATRIGGERACTION,73132,0,110076
2689,AREATRIGGERACTION,74075,0,110076
2690,AREATRIGGERACTION,74076,0,110076
2691,AREATRIGGERACTION,74077,0,110076
2692,AREATRIGGERACTIONSET,44567,0,110076
2693,AREATRIGGERACTIONSET,44616,0,110076
2694,AREATRIGGERACTIONSET,45158,0,110076
2695,AREATRIGGERCREATEPROPERTIES,44647,0,110076
2696,AREATRIGGERCREATEPROPERTIES,44648,0,110076
2697,SPAWNEVENT,5243460,0,110076
2698,SPAWNEVENT,5243466,0,110076
2699,SPAWNEVENT,5295685,0,110076
2700,SPAWNEVENT,5295687,0,110076
2701,SPAWNEVENT,5339866,0,110076
2702,SPAWNEVENT,5339867,0,110076
2703,SPAWNEVENT,5342405,0,110076
2704,SPAWNEVENT,5342406,0,110076
2705,SPAWNEVENT,5342412,0,110076
2706,SPAWNEVENT,5342413,0,110076
2707,SPAWNGROUP,3335097,0,110076
2708,SPAWNGROUP,3335098,0,110076
2709,SPAWNGROUP,3335099,0,110076
2710,SPAWNGROUP,3335100,0,110076
2711,SPAWNGROUP,3335101,0,110076
2712,SPELL,1314285,0,110076
2713,SPELL,1314286,0,110076
2714,SPELL,1314287,0,110076
2715,SPELL,1314288,0,110076
2716,SPELL,1314289,0,110076
2717,SPELL,1314290,0,110076
2718,SPELLEFFECT,1346051,0,110076
2719,SPELLEFFECT,1346052,0,110076
2720,SPELLEFFECT,1346053,0,110076
2721,SPELLEFFECT,1346054,0,110076
2722,SPELLEFFECT,1346057,0,110076
2723,SPELLEFFECT,1346058,0,110076
2724,SPELLMISC,860624,0,110076
2725,SPELLMISC,860625,0,110076
2726,SPELLMISC,860626,0,110076
2727,SPELLMISC,860627,0,110076
2728,SPELLMISC,860628,0,110076
2729,SPELLMISC,860629,0,110076
2730,SPELLSCRIPT,131248,0,110076
2731,SPELLSCRIPT,133451,0,110076
2732,SPELLSCRIPT,133452,0,110076
2733,SPELLSCRIPTPACKAGE,82353,0,110076
2734,SPELLSCRIPTPACKAGE,82354,0,110076
2735,SPELLTARGETRESTRICTIONS,355590,0,110076
2736,SPELLTARGETRESTRICTIONS,355591,0,110076
2737,SPELLTARGETRESTRICTIONS,355592,0,110076
2738,SPELLVISUAL,190406,0,110076
2739,SPELLVISUAL,190407,0,110076
2740,SPELLVISUALEFFECTNAME,57512,0,110076
2741,SPELLVISUALEVENT,561790,0,110076
2742,SPELLVISUALEVENT,561791,0,110076
2743,SPELLVISUALKIT,278712,0,110076
2744,SPELLVISUALKIT,278713,0,110076
2745,SPELLVISUALKITEFFECT,788800,0,110076
2746,SPELLVISUALKITEFFECT,788801,0,110076
2747,SPELLVISUALKITEFFECT,788802,0,110076
2748,SPELLVISUALKITEFFECT,788803,0,110076
2749,SPELLVISUALKITEFFECT,788804,0,110076
2750,SPELLVISUALKITMODELATTACH,637821,0,110076
2751,SPELLVISUALKITMODELATTACH,637822,0,110076
2752,SPELLVISUALKITMODELATTACH,637823,0,110076
2753,SPELLVISUALKITMODELATTACH,637824,0,110076
2754,SPELLVISUALKITMODELATTACH,637825,0,110076
2755,SPELLXSPELLVISUAL,531517,0,110076
2756,SPELLXSPELLVISUAL,531518,0,110076
2757,STRINGID,118874,0,110076
2758,UNITCONDITION,9907,0,110076
2759,UNITCONDITION,9908,0,110076
2760,SPELLCATEGORIES,184400,0,110091
2761,SPELLEFFECT,1335838,0,110091
2762,SPELLVISUAL,190453,0,110114
2763,SPELLVISUALEVENT,561884,0,110114
2764,SPELLVISUALEVENT,561885,0,110114
2765,SPELLVISUALKIT,278786,0,110114
2766,SPELLVISUALKITEFFECT,777481,0,110114
2767,SPELLVISUALKITEFFECT,788956,0,110114
2768,SPELLVISUALKITEFFECT,788964,0,110114
2769,SPELLXSPELLVISUAL,418086,0,110114
2770,SPELLMISC,337133,0,110163
2771,SPELLMISC,837615,0,110163
2772,AREATRIGGERACTION,74118,0,110175
2773,AREATRIGGERACTIONSET,45182,0,110175
2774,AREATRIGGERCREATEPROPERTIES,44677,0,110175
2775,AREATRIGGERCREATEPROPERTIES,44678,0,110175
2776,SPAWNEVENT,5344634,0,110175
2777,SPAWNEVENT,5344635,0,110175
2778,SPAWNEVENT,5344636,0,110175
2779,SPAWNEVENT,5344637,0,110175
2780,SPAWNEVENT,5344638,0,110175
2781,SPAWNEVENT,5344639,0,110175
2782,SPAWNEVENT,5344640,0,110175
2783,SPAWNEVENT,5344641,0,110175
2784,SPAWNEVENT,5344642,0,110175
2785,SPAWNEVENT,5344643,0,110175
2786,SPAWNEVENT,5344644,0,110175
2787,SPAWNEVENT,5344645,0,110175
2788,SPAWNEVENT,5344646,0,110175
2789,SPAWNEVENT,5344647,0,110175
2790,SPAWNEVENT,5344648,0,110175
2791,SPAWNEVENT,5344649,0,110175
2792,SPAWNEVENT,5344650,0,110175
2793,SPAWNEVENT,5344651,0,110175
2794,SPAWNEVENT,5344652,0,110175
2795,SPAWNEVENT,5344653,0,110175
2796,SPAWNEVENT,5344654,0,110175
2797,SPAWNEVENT,5344655,0,110175
2798,SPAWNEVENT,5344656,0,110175
2799,SPAWNEVENT,5344657,0,110175
2800,SPAWNEVENT,5344658,0,110175
2801,SPAWNEVENT,5344659,0,110175
2802,SPAWNEVENT,5344660,0,110175
2803,SPAWNEVENT,5344661,0,110175
2804,SPAWNEVENT,5344662,0,110175
2805,SPAWNEVENT,5344663,0,110175
2806,SPAWNEVENT,5344664,0,110175
2807,SPAWNEVENT,5344665,0,110175
2808,SPAWNEVENT,5344666,0,110175
2809,SPAWNEVENT,5344667,0,110175
2810,SPAWNEVENT,5344668,0,110175
2811,SPAWNEVENT,5344669,0,110175
2812,SPAWNEVENT,5344670,0,110175
2813,SPAWNEVENT,5344671,0,110175
2814,SPAWNEVENT,5344672,0,110175
2815,SPAWNEVENT,5344673,0,110175
2816,SPAWNEVENT,5344674,0,110175
2817,SPAWNEVENT,5344675,0,110175
2818,SPAWNEVENT,5344676,0,110175
2819,SPAWNEVENT,5344677,0,110175
2820,SPAWNEVENT,5344678,0,110175
2821,SPAWNEVENT,5344679,0,110175
2822,SPAWNEVENT,5344680,0,110175
2823,SPAWNEVENT,5344681,0,110175
2824,SPAWNEVENT,5344682,0,110175
2825,SPAWNEVENT,5344683,0,110175
2826,SPAWNEVENT,5344684,0,110175
2827,SPAWNGROUP,3339357,0,110175
2828,SPAWNGROUP,3339358,0,110175
2829,SPAWNGROUP,3339359,0,110175
2830,SPAWNGROUP,3339360,0,110175
2831,SPAWNGROUP,3339361,0,110175
2832,SPAWNGROUP,3339362,0,110175
2833,SPAWNGROUP,3339363,0,110175
2834,SPAWNGROUP,3339364,0,110175
2835,SPAWNGROUP,3339365,0,110175
2836,SPAWNGROUP,3339366,0,110175
2837,SPAWNGROUP,3339367,0,110175
2838,SPAWNGROUP,3339368,0,110175
2839,SPAWNGROUP,3339369,0,110175
2840,SPAWNGROUP,3339370,0,110175
2841,SPAWNGROUP,3339371,0,110175
2842,SPAWNGROUP,3339372,0,110175
2843,SPAWNGROUP,3339373,0,110175
2844,SPAWNLOC,5240996,0,110175
2845,SPAWNLOC,5240997,0,110175
2846,SPAWNLOC,5240998,0,110175
2847,SPAWNLOC,5240999,0,110175
2848,SPAWNLOC,5241000,0,110175
2849,SPAWNLOC,5241001,0,110175
2850,SPAWNLOC,5241002,0,110175
2851,SPAWNLOC,5241003,0,110175
2852,SPAWNLOC,5241004,0,110175
2853,SPAWNLOC,5241005,0,110175
2854,SPAWNLOC,5241006,0,110175
2855,SPAWNLOC,5241007,0,110175
2856,SPAWNLOC,5241008,0,110175
2857,SPAWNLOC,5241009,0,110175
2858,SPAWNLOC,5241010,0,110175
2859,SPAWNLOC,5241011,0,110175
2860,SPAWNLOC,5241012,0,110175
2861,SPAWNOBJECT,8282600,0,110175
2862,SPAWNOBJECT,8282601,0,110175
2863,SPAWNOBJECT,8282602,0,110175
2864,SPAWNOBJECT,8282603,0,110175
2865,SPAWNOBJECT,8282604,0,110175
2866,SPAWNOBJECT,8282605,0,110175
2867,SPAWNOBJECT,8282606,0,110175
2868,SPAWNOBJECT,8282607,0,110175
2869,SPAWNOBJECT,8282608,0,110175
2870,SPAWNOBJECT,8282609,0,110175
2871,SPAWNOBJECT,8282610,0,110175
2872,SPAWNOBJECT,8282611,0,110175
2873,SPAWNOBJECT,8282612,0,110175
2874,SPAWNOBJECT,8282613,0,110175
2875,SPAWNOBJECT,8282614,0,110175
2876,SPAWNOBJECT,8282615,0,110175
2877,SPAWNOBJECT,8282616,0,110175
2878,SPAWNSQUAD,5517227,0,110175
2879,SPAWNSQUAD,5517228,0,110175
2880,SPAWNSQUAD,5517229,0,110175
2881,SPAWNSQUAD,5517230,0,110175
2882,SPAWNSQUAD,5517231,0,110175
2883,SPAWNSQUAD,5517232,0,110175
2884,SPAWNSQUAD,5517233,0,110175
2885,SPAWNSQUAD,5517234,0,110175
2886,SPAWNSQUAD,5517235,0,110175
2887,SPAWNSQUAD,5517236,0,110175
2888,SPAWNSQUAD,5517237,0,110175
2889,SPAWNSQUAD,5517238,0,110175
2890,SPAWNSQUAD,5517239,0,110175
2891,SPAWNSQUAD,5517240,0,110175
2892,SPAWNSQUAD,5517241,0,110175
2893,SPAWNSQUAD,5517242,0,110175
2894,SPAWNSQUAD,5517243,0,110175
2895,SPELL,1314563,0,110175
2896,SPELLCATEGORIES,188200,0,110175
2897,SPELLEFFECT,1346471,0,110175
2898,SPELLEFFECT,1346472,0,110175
2899,SPELLEFFECT,1346473,0,110175
2900,SPELLEFFECT,1346474,0,110175
2901,SPELLINTERRUPTS,248280,0,110175
2902,SPELLMISC,860861,0,110175
2903,SPELLMISC,860862,0,110175
2904,SPELLMISC,860863,0,110175
2905,SPELLMISC,860864,0,110175
2906,SPELLSANDBOXSCALING,5629,0,110175
2907,SPELLXSPELLVISUAL,531674,0,110175
2908,SPELLVISUALKITMODELATTACH,620824,0,110207
2909,SPELLMISC,208,0,110209
2910,SPELLSCRIPT,133534,0,110209
2911,SPELLSCRIPTPACKAGE,46552,0,110209
2912,SPELLMISC,857624,0,110214
2913,SPELLSCRIPT,132332,0,110214
2914,CREATURE,264181,0,110233
2915,CREATURE,264186,0,110233
2916,CREATUREDIFFICULTY,340127,0,110233
2917,CREATUREDIFFICULTY,341022,0,110233
2918,CREATUREDIFFICULTY,347519,0,110233
2919,CREATUREDIFFICULTY,347524,0,110233
2920,SPELLSCRIPT,133394,0,110037
2921,JOURNALENCOUNTERSECTION,35941,0,110269
2922,QUESTOBJECTIVE,478430,0,110269
2923,QUESTV2,98232,0,110269
2924,SPELL,267494,0,110269
2925,SPELL,1314345,0,110269
2926,AREATRIGGERACTION,74172,0,110274
2927,AREATRIGGERCREATEPROPERTIES,43387,0,110274
2928,CURVE,110342,0,110274
2929,SPELLMISC,847446,0,110274
2930,SPELLMISC,847652,0,110274
2931,SPELLSCRIPTPACKAGE,82426,0,110274
2932,SOUNDKIT,344636,0,110178
2933,SOUNDKIT,344663,0,110178
2934,SOUNDKIT,344676,0,110178
2935,SOUNDKIT,344687,0,110178
2936,SOUNDKIT,344689,0,110178
2937,SOUNDKIT,344695,0,110178
2938,SOUNDKIT,344736,0,110178
2939,SOUNDKIT,344789,0,110178
2940,SOUNDKIT,344790,0,110178
2941,SOUNDKIT,344798,0,110178
2942,SOUNDKIT,344852,0,110178
2943,SOUNDKIT,344854,0,110178
2944,SOUNDKIT,344875,0,110178
2945,SOUNDKIT,344879,0,110178
2946,SOUNDKIT,344911,0,110178
2947,SOUNDKIT,344933,0,110178
2948,SOUNDKIT,344935,0,110178
2949,SOUNDKIT,344940,0,110178
2950,SOUNDKIT,344944,0,110178
2951,SOUNDKIT,344963,0,110178
2952,SOUNDKIT,344987,0,110178
2953,SOUNDKIT,346360,0,110178
2954,SOUNDKIT,361979,0,110178
2955,SOUNDKIT,361980,0,110178
2956,SOUNDKIT,361981,0,110178
2957,SOUNDKIT,361982,0,110178
2958,SOUNDKIT,363828,0,110178
2959,SOUNDKIT,364185,0,110178
2960,SOUNDKIT,364186,0,110178
2961,SOUNDKIT,368055,0,110178
2962,SOUNDKIT,368056,0,110178
2963,SOUNDKIT,368057,0,110178
2964,SOUNDKIT,368058,0,110178
2965,SOUNDKIT,368059,0,110178
2966,SOUNDKIT,368061,0,110178
2967,SOUNDKIT,368062,0,110178
2968,SOUNDKIT,368063,0,110178
2969,SOUNDKITADVANCED,327893,0,110178
2970,SOUNDKITADVANCED,327894,0,110178
2971,SOUNDKITADVANCED,331647,0,110178
2972,SOUNDKITADVANCED,331648,0,110178
2973,SOUNDKITADVANCED,331649,0,110178
2974,SOUNDKITADVANCED,331650,0,110178
2975,SOUNDKITADVANCED,331651,0,110178
2976,SOUNDKITADVANCED,331652,0,110178
2977,SOUNDKITADVANCED,331653,0,110178
2978,SOUNDKITADVANCED,331654,0,110178
2979,SOUNDKITCHILD,48259,0,110178
2980,SOUNDKITCHILD,49222,0,110178
2981,SOUNDKITCHILD,49223,0,110178
2982,SOUNDKITCHILD,49224,0,110178
2983,SOUNDKITCHILD,49225,0,110178
2984,SOUNDKITCHILD,49226,0,110178
2985,SOUNDKITCHILD,49227,0,110178
2986,SOUNDKITENTRY,1670776,0,110178
2987,SOUNDKITENTRY,1670777,0,110178
2988,SOUNDKITENTRY,1670778,0,110178
2989,SOUNDKITENTRY,1670779,0,110178
2990,SOUNDKITENTRY,1670780,0,110178
2991,SOUNDKITENTRY,1670781,0,110178
2992,SOUNDKITENTRY,1670782,0,110178
2993,SOUNDKITENTRY,1670783,0,110178
2994,SOUNDKITENTRY,1691213,0,110178
2995,SOUNDKITENTRY,1691214,0,110178
2996,SOUNDKITENTRY,1691215,0,110178
2997,SOUNDKITENTRY,1691216,0,110178
2998,SOUNDKITENTRY,1691217,0,110178
2999,SOUNDKITENTRY,1691218,0,110178
3000,SOUNDKITENTRY,1691219,0,110178
3001,SOUNDKITENTRY,1691220,0,110178
3002,SOUNDKITENTRY,1691221,0,110178
3003,SOUNDKITENTRY,1691222,0,110178
3004,SOUNDKITENTRY,1691223,0,110178
3005,SOUNDKITENTRY,1691224,0,110178
3006,SOUNDKITENTRY,1691225,0,110178
3007,SOUNDKITENTRY,1691226,0,110178
3008,SOUNDKITENTRY,1691227,0,110178
3009,SOUNDKITENTRY,1691228,0,110178
3010,SOUNDKITENTRY,1691229,0,110178
3011,SOUNDKITENTRY,1691230,0,110178
3012,SOUNDKITENTRY,1691231,0,110178
3013,SOUNDKITENTRY,1691232,0,110178
3014,SOUNDKITENTRY,1691233,0,110178
3015,SOUNDKITENTRY,1691234,0,110178
3016,SOUNDKITENTRY,1691235,0,110178
3017,SOUNDKITENTRY,1691236,0,110178
3018,SOUNDKITENTRY,1691237,0,110178
3019,SOUNDKITENTRY,1691238,0,110178
3020,SOUNDKITENTRY,1691239,0,110178
3021,SOUNDKITENTRY,1691240,0,110178
3022,SOUNDKITENTRY,1691241,0,110178
3023,SOUNDKITENTRY,1691242,0,110178
3024,SOUNDKITENTRY,1691243,0,110178
3025,SOUNDKITENTRY,1691244,0,110178
3026,SOUNDKITENTRY,1691245,0,110178
3027,SOUNDKITENTRY,1691246,0,110178
3028,SOUNDKITENTRY,1691247,0,110178
3029,SOUNDKITENTRY,1691248,0,110178
3030,SOUNDKITENTRY,1691257,0,110178
3031,SOUNDKITENTRY,1691258,0,110178
3032,SOUNDKITENTRY,1691259,0,110178
3033,SOUNDKITENTRY,1691260,0,110178
3034,SOUNDKITENTRY,1691261,0,110178
3035,SOUNDKITENTRY,1691262,0,110178
3036,SOUNDKITENTRY,1691263,0,110178
3037,SOUNDKITENTRY,1691264,0,110178
3038,SOUNDKITENTRY,1691265,0,110178
3039,SOUNDKITENTRY,1691266,0,110178
3040,SOUNDKITENTRY,1691267,0,110178
3041,SOUNDKITENTRY,1691268,0,110178
3042,SOUNDKITENTRY,1691269,0,110178
3043,SOUNDKITENTRY,1691270,0,110178
3044,SOUNDKITENTRY,1691271,0,110178
3045,SOUNDKITENTRY,1691272,0,110178
3046,SOUNDKITENTRY,1691273,0,110178
3047,SOUNDKITENTRY,1691274,0,110178
3048,SOUNDKITENTRY,1691275,0,110178
3049,SOUNDKITENTRY,1691276,0,110178
3050,SOUNDKITENTRY,1691277,0,110178
3051,SOUNDKITENTRY,1691278,0,110178
3052,SOUNDKITENTRY,1691279,0,110178
3053,SOUNDKITENTRY,1691280,0,110178
3054,SOUNDKITENTRY,1691281,0,110178
3055,SOUNDKITENTRY,1691282,0,110178
3056,SOUNDKITENTRY,1691283,0,110178
3057,SOUNDKITENTRY,1691284,0,110178
3058,SOUNDKITENTRY,1691285,0,110178
3059,SOUNDKITENTRY,1691286,0,110178
3060,SPELLVISUALKITEFFECT,786004,0,110178
3061,SPELLVISUALKITEFFECT,786008,0,110178
3062,SPELLVISUALKITEFFECT,786011,0,110178
3063,SPELLVISUALKITEFFECT,789219,0,110178
3064,SPELLVISUALKITEFFECT,789220,0,110178
3065,SPELLVISUALKITEFFECT,789221,0,110178
3066,SPELLVISUALKITEFFECT,789222,0,110178
3067,SPELLVISUALKITEFFECT,789223,0,110178
3068,SOUNDBUSOVERRIDE,305,0,110181
3069,SOUNDKIT,353122,0,110181
3070,SOUNDKIT,354259,0,110181
3071,SOUNDKIT,354260,0,110181
3072,SOUNDKIT,354557,0,110181
3073,SOUNDKIT,354558,0,110181
3074,SOUNDKIT,354559,0,110181
3075,SOUNDKIT,354560,0,110181
3076,SOUNDKIT,354563,0,110181
3077,SOUNDKIT,354564,0,110181
3078,SOUNDKIT,354567,0,110181
3079,SOUNDKIT,354695,0,110181
3080,SOUNDKIT,354696,0,110181
3081,SOUNDKIT,354698,0,110181
3082,SOUNDKIT,354699,0,110181
3083,SOUNDKIT,354700,0,110181
3084,SOUNDKIT,354701,0,110181
3085,SOUNDKIT,354718,0,110181
3086,SOUNDKIT,354800,0,110181
3087,SOUNDKIT,354802,0,110181
3088,SOUNDKIT,354804,0,110181
3089,SOUNDKIT,354805,0,110181
3090,SOUNDKIT,354820,0,110181
3091,SOUNDKIT,368064,0,110181
3092,SOUNDKIT,368066,0,110181
3093,SOUNDKIT,368089,0,110181
3094,SOUNDKIT,368090,0,110181
3095,SOUNDKITADVANCED,318450,0,110181
3096,SOUNDKITADVANCED,318451,0,110181
3097,SOUNDKITADVANCED,318454,0,110181
3098,SOUNDKITADVANCED,331655,0,110181
3099,SOUNDKITADVANCED,331656,0,110181
3100,SOUNDKITADVANCED,331675,0,110181
3101,SOUNDKITADVANCED,331676,0,110181
3102,SOUNDKITCHILD,45015,0,110181
3103,SOUNDKITENTRY,1605733,0,110181
3104,SOUNDKITENTRY,1605734,0,110181
3105,SOUNDKITENTRY,1605735,0,110181
3106,SOUNDKITENTRY,1605736,0,110181
3107,SOUNDKITENTRY,1605737,0,110181
3108,SOUNDKITENTRY,1605738,0,110181
3109,SOUNDKITENTRY,1605739,0,110181
3110,SOUNDKITENTRY,1605740,0,110181
3111,SOUNDKITENTRY,1605741,0,110181
3112,SOUNDKITENTRY,1605742,0,110181
3113,SOUNDKITENTRY,1691287,0,110181
3114,SOUNDKITENTRY,1691288,0,110181
3115,SOUNDKITENTRY,1691289,0,110181
3116,SOUNDKITENTRY,1691290,0,110181
3117,SOUNDKITENTRY,1691291,0,110181
3118,SOUNDKITENTRY,1691292,0,110181
3119,SOUNDKITENTRY,1691293,0,110181
3120,SOUNDKITENTRY,1691298,0,110181
3121,SOUNDKITENTRY,1691299,0,110181
3122,SOUNDKITENTRY,1691300,0,110181
3123,SOUNDKITENTRY,1691301,0,110181
3124,SOUNDKITENTRY,1691302,0,110181
3125,SOUNDKITENTRY,1691303,0,110181
3126,SOUNDKITENTRY,1691304,0,110181
3127,SOUNDKITENTRY,1691305,0,110181
3128,SOUNDKITENTRY,1691306,0,110181
3129,SOUNDKITENTRY,1691307,0,110181
3130,SOUNDKITENTRY,1691408,0,110181
3131,SOUNDKITENTRY,1691409,0,110181
3132,SOUNDKITENTRY,1691410,0,110181
3133,SOUNDKITENTRY,1691411,0,110181
3134,SOUNDKITENTRY,1691412,0,110181
3135,SOUNDKITENTRY,1691413,0,110181
3136,SOUNDKITENTRY,1691414,0,110181
3137,SOUNDKITENTRY,1691415,0,110181
3138,SOUNDKITENTRY,1691416,0,110181
3139,SOUNDKITENTRY,1691417,0,110181
3140,SOUNDKITENTRY,1691418,0,110181
3141,SOUNDKITENTRY,1691419,0,110181
3142,SOUNDKITENTRY,1691420,0,110181
3143,SOUNDKITENTRY,1691421,0,110181
3144,SOUNDKITENTRY,1691422,0,110181
3145,SOUNDKITENTRY,1691423,0,110181
3146,SOUNDKITENTRY,1691424,0,110181
3147,SOUNDKITENTRY,1691425,0,110181
3148,SOUNDKITENTRY,1691426,0,110181
3149,SOUNDKITENTRY,1691427,0,110181
3150,SOUNDKITENTRY,1691428,0,110181
3151,SOUNDKITENTRY,1691429,0,110181
3152,SOUNDKITENTRY,1691430,0,110181
3153,SOUNDKITENTRY,1691431,0,110181
3154,SOUNDKITENTRY,1691432,0,110181
3155,SOUNDKITENTRY,1691433,0,110181
3156,SOUNDKITENTRY,1691434,0,110181
3157,SOUNDKITENTRY,1691435,0,110181
3158,SOUNDKITENTRY,1691436,0,110181
3159,SOUNDKITENTRY,1691437,0,110181
3160,SPELLVISUAL,178778,0,110181
3161,SPELLVISUAL,183970,0,110181
3162,SPELLVISUALEVENT,561998,0,110181
3163,SPELLVISUALEVENT,562014,0,110181
3164,SPELLVISUALEVENT,562016,0,110181
3165,SPELLVISUALKIT,278892,0,110181
3166,SPELLVISUALKIT,278907,0,110181
3167,SPELLVISUALKIT,278908,0,110181
3168,SPELLVISUALKITEFFECT,762564,0,110181
3169,SPELLVISUALKITEFFECT,762567,0,110181
3170,SPELLVISUALKITEFFECT,782626,0,110181
3171,SPELLVISUALKITEFFECT,782627,0,110181
3172,SPELLVISUALKITEFFECT,789231,0,110181
3173,SPELLVISUALKITEFFECT,789232,0,110181
3174,SPELLVISUALKITEFFECT,789233,0,110181
3175,SPELLVISUALKITEFFECT,789264,0,110181
3176,SPELLVISUALKITEFFECT,789265,0,110181
3177,SPELLVISUALKITEFFECT,789277,0,110181
3178,SPELLVISUALKITEFFECT,789313,0,110181
3179,SPELLVISUALKITEFFECT,789325,0,110181
3180,CREATUREDIFFICULTY,342361,0,110184
3181,CREATUREDIFFICULTY,350049,0,110184
3182,CREATUREDIFFICULTY,350050,0,110184
3183,CREATUREDIFFICULTY,350051,0,110184
3184,CREATUREDIFFICULTY,354529,0,110184
3185,DUNGEONENCOUNTERXCREATURE,3550,0,110184
3186,DUNGEONENCOUNTERXCREATURE,3551,0,110184
3187,DUNGEONENCOUNTERXCREATURE,3552,0,110184
3188,DUNGEONENCOUNTERXCREATURE,3554,0,110184
3189,DUNGEONENCOUNTERXCREATURE,3714,0,110184
3190,DUNGEONENCOUNTERXCREATURE,3715,0,110184
3191,DUNGEONENCOUNTERXCREATURE,3716,0,110184
3192,DUNGEONENCOUNTERXCREATURE,3717,0,110184
3193,DUNGEONENCOUNTERXCREATURE,4136,0,110184
3194,ANIMKITSEGMENT,72162,0,110250
3195,CREATUREDIFFICULTY,340847,0,110250
3196,CREATUREDIFFICULTY,342737,0,110250
3197,CREATUREDIFFICULTY,347369,0,110250
3198,CREATUREDIFFICULTY,352208,0,110250
3199,CREATUREDIFFICULTY,352210,0,110250
3200,CREATUREDIFFICULTY,352211,0,110250
3201,CREATUREDIFFICULTY,352212,0,110250
3202,CREATUREDIFFICULTY,352213,0,110250
3203,CREATUREDIFFICULTY,352215,0,110250
3204,CREATUREDIFFICULTY,352220,0,110250
3205,CREATUREDIFFICULTY,352221,0,110250
3206,CREATUREDIFFICULTY,352222,0,110250
3207,CREATUREDIFFICULTY,352223,0,110250
3208,CREATUREDIFFICULTY,352852,0,110250
3209,CREATUREDIFFICULTY,356954,0,110250
3210,CREATUREDIFFICULTY,356955,0,110250
3211,CREATUREDIFFICULTY,356956,0,110250
3212,CREATUREDIFFICULTY,356957,0,110250
3213,SPELL,1296301,0,110250
3214,SPELL,1301510,0,110250
3215,SPELL,1305796,0,110250
3216,SPELLEFFECT,1313613,0,110250
3217,SPELLEFFECT,1318163,0,110250
3218,SPELLEFFECT,1318828,0,110250
3219,SPELLEFFECT,1318829,0,110250
3220,SPELLEFFECT,1324007,0,110250
3221,SPELLEFFECT,1326656,0,110250
3222,SPELLEFFECT,1329629,0,110250
3223,SPELLEFFECT,1329630,0,110250
3224,SPELLEFFECT,1329631,0,110250
3225,SPELLEFFECT,1332978,0,110250
3226,SPELLEFFECT,1335326,0,110250
3227,SPELLEFFECT,1335792,0,110250
3228,SPELLEFFECT,1335793,0,110250
3229,SPELLEFFECT,1335794,0,110250
3230,SPELLEFFECT,1336739,0,110250
3231,SPELLEFFECT,1336746,0,110250
3232,SPELLEFFECT,1336747,0,110250
3233,SPELLEFFECT,1342001,0,110250
3234,SPELLEFFECT,1342016,0,110250
3235,SPELLEFFECT,1342017,0,110250
3236,SPELLEFFECT,1342018,0,110250
3237,SPELLEFFECT,1342019,0,110250
3238,SPELLEFFECT,1344928,0,110250
3239,SPELLEFFECT,1346808,0,110250
3240,SPELLEFFECT,1346809,0,110250
3241,SPELLEFFECT,1346810,0,110250
3242,SPELLEFFECT,1346818,0,110250
3243,SPELLEFFECT,1346819,0,110250
3244,SPELLEFFECT,1346820,0,110250
3245,SPELLEFFECT,1346821,0,110250
3246,SPELLEFFECT,1346822,0,110250
3247,SPELLEFFECT,1346823,0,110250
3248,SPELLEFFECT,1346824,0,110250
3249,SPELLEFFECT,1346825,0,110250
3250,SPELLEFFECT,1346826,0,110250
3251,SPELLEFFECT,1346827,0,110250
3252,SPELLEFFECT,1346828,0,110250
3253,SPELLEFFECT,1346829,0,110250
3254,SPELLMISC,843666,0,110250
3255,SPELLSCRIPT,125487,0,110250
3256,CREATURELABEL,94211,0,110272
3257,LABEL,7059,0,110272
3258,SPELLTARGETFILTER,4086,0,110272
3259,SPELLTARGETFILTERRULE,8684,0,110272
3260,SPELLTARGETRESTRICTIONS,332276,0,110272
3261,SPELLTARGETRESTRICTIONS,336902,0,110272
3262,SPELLTARGETRESTRICTIONS,338415,0,110272
3263,SPELLTARGETRESTRICTIONS,338416,0,110272
3264,UNITCONDITION,9914,0,110272
3265,SPELLEFFECT,1254628,0,110278
3266,SPELLEFFECTSCALING,19445,0,110278
3267,SPELLSCALING,15778,0,110278
3268,SOUNDKIT,367570,0,109933
3269,SOUNDKITADVANCED,331167,0,109933
3270,SOUNDKITENTRY,1687934,0,109933
3271,SOUNDKITENTRY,1687935,0,109933
3272,SOUNDKITENTRY,1687936,0,109933
3273,SOUNDKITENTRY,1687937,0,109933
3274,SOUNDKITENTRY,1687938,0,109933
3275,SOUNDKITENTRY,1687939,0,109933
3276,SOUNDKITENTRY,1687940,0,109933
3277,SOUNDKITENTRY,1687941,0,109933
3278,SOUNDKITENTRY,1687942,0,109933
3279,SOUNDKITENTRY,1687943,0,109933
3280,SPELLVISUALKITEFFECT,788160,0,109933
3281,SPELLMISC,858093,0,110188
3282,QUESTV2,98515,0,110288
3283,CRAFTINGREAGENTEFFECT,116,0,110106
3284,CRAFTINGREAGENTEFFECT,117,0,110106
3285,CRAFTINGREAGENTEFFECT,118,0,110106
3286,PROFESSIONEFFECT,473,0,110106
3287,PROFESSIONEFFECT,474,0,110106
3288,PROFESSIONEFFECT,475,0,110106
3289,TRANSMOGSETITEM,108606,0,110088
3290,TRANSMOGSETITEM,108607,0,110088
3291,TRANSMOGSETITEM,108608,0,110088
3292,TRANSMOGSETITEM,108681,0,110088
3293,TRANSMOGSETITEM,108682,0,110088
3294,TRANSMOGSETITEM,108683,0,110088
3295,SPAWNGROUP,3310611,0,110271
3296,SPAWNGROUP,3310731,0,110271
3297,SPAWNGROUP,3310732,0,110271
3298,STRINGID,118960,0,110271
3299,ITEMCREATIONCONTEXT,268,0,110208
3300,ITEMCREATIONCONTEXT,269,0,110208
3301,SPELLEFFECT,1319237,0,110255
3302,SPELLSCRIPTTEXT,22827,0,110286
3303,SPELLSCRIPTTEXT,22828,0,110286
3304,SPELLSCRIPTTEXT,29042,0,110286
3305,AI_TRIGGERACTION,217882,0,110003
3306,AI_TRIGGERACTION,223262,0,110003
3307,AI_TRIGGERACTION,224443,0,110003
3308,AI_TRIGGERACTION,224444,0,110003
3309,AI_TRIGGERACTION,224445,0,110003
3310,AI_TRIGGERACTION,224446,0,110003
3311,AI_TRIGGERACTION,224447,0,110003
3312,AI_TRIGGERACTION,224448,0,110003
3313,AI_TRIGGERACTION,224449,0,110003
3314,AI_TRIGGERACTION,224450,0,110003
3315,AI_TRIGGERACTION,224451,0,110003
3316,AI_TRIGGERACTION,224452,0,110003
3317,AI_TRIGGERACTION,224453,0,110003
3318,AI_TRIGGERACTION,224454,0,110003
3319,AI_TRIGGERACTIONSET,76226,0,110003
3320,AI_TRIGGERACTIONSET,79068,0,110003
3321,AREATRIGGER2DPOLYGON,1151,0,110003
3322,AREATRIGGER2DPOLYGON,1152,0,110003
3323,AREATRIGGERACTION,74054,0,110003
3324,AREATRIGGERACTION,74060,0,110003
3325,AREATRIGGERACTION,74061,0,110003
3326,AREATRIGGERACTIONSET,45151,0,110003
3327,AREATRIGGERCREATEPROPERTIES,42947,0,110003
3328,AREATRIGGERCREATEPROPERTIES,42997,0,110003
3329,AREATRIGGERCREATEPROPERTIES,43961,0,110003
3330,AREATRIGGERCREATEPROPERTIES,44638,0,110003
3331,CREATUREDIFFICULTY,350050,0,110003
3332,CREATUREDIFFICULTY,350051,0,110003
3333,CREATUREDIFFICULTY,352092,0,110003
3334,CREATUREDIFFICULTY,352096,0,110003
3335,CREATUREDIFFICULTY,352100,0,110003
3336,CREATUREDIFFICULTY,352104,0,110003
3337,CREATUREDIFFICULTY,352108,0,110003
3338,CREATUREXDISPLAYINFO,672781,0,110003
3339,EDGEGLOWEFFECT,8498,0,110003
3340,JOURNALENCOUNTERSECTION,35937,0,110003
3341,JOURNALENCOUNTERSECTION,35938,0,110003
3342,JOURNALENCOUNTERSECTION,36260,0,110003
3343,JOURNALENCOUNTERSECTION,36261,0,110003
3344,JOURNALENCOUNTERSECTION,36262,0,110003
3345,JOURNALENCOUNTERSECTION,37228,0,110003
3346,JOURNALENCOUNTERSECTION,37229,0,110003
3347,JOURNALENCOUNTERSECTION,37277,0,110003
3348,JOURNALSECTIONXDIFFICULTY,19367,0,110003
3349,LOCATION,548648,0,110003
3350,LOCATION,548682,0,110003
3351,LOCATION,548683,0,110003
3352,LOCATION,548684,0,110003
3353,LOCATION,548685,0,110003
3354,LOCATION,548689,0,110003
3355,LOCATION,548690,0,110003
3356,LOCATION,548691,0,110003
3357,LOCATION,548692,0,110003
3358,LOCATION,548693,0,110003
3359,LOCATION,548694,0,110003
3360,LOCATION,548695,0,110003
3361,LOCATION,548744,0,110003
3362,LOCATION,548745,0,110003
3363,LOCATION,548746,0,110003
3364,LOCATION,548747,0,110003
3365,LOCATION,548748,0,110003
3366,LOCATION,548749,0,110003
3367,LOCATION,548750,0,110003
3368,SPAWNEVENT,5343161,0,110003
3369,SPAWNLOC,5168147,0,110003
3370,SPAWNLOC,5221935,0,110003
3371,SPAWNLOC,5240023,0,110003
3372,SPAWNOBJECT,8281172,0,110003
3373,SPELL,1313422,0,110003
3374,SPELL,1314155,0,110003
3375,SPELL,1314178,0,110003
3376,SPELL,1314273,0,110003
3377,SPELLAURAOPTIONS,247879,0,110003
3378,SPELLAURAOPTIONS,247944,0,110003
3379,SPELLEFFECT,1296487,0,110003
3380,SPELLEFFECT,1299756,0,110003
3381,SPELLEFFECT,1303565,0,110003
3382,SPELLEFFECT,1303572,0,110003
3383,SPELLEFFECT,1303580,0,110003
3384,SPELLEFFECT,1303581,0,110003
3385,SPELLEFFECT,1310839,0,110003
3386,SPELLEFFECT,1316738,0,110003
3387,SPELLEFFECT,1317129,0,110003
3388,SPELLEFFECT,1317143,0,110003
3389,SPELLEFFECT,1322308,0,110003
3390,SPELLEFFECT,1322491,0,110003
3391,SPELLEFFECT,1323870,0,110003
3392,SPELLEFFECT,1327698,0,110003
3393,SPELLEFFECT,1327699,0,110003
3394,SPELLEFFECT,1328073,0,110003
3395,SPELLEFFECT,1328085,0,110003
3396,SPELLEFFECT,1328153,0,110003
3397,SPELLEFFECT,1333116,0,110003
3398,SPELLEFFECT,1334276,0,110003
3399,SPELLEFFECT,1334387,0,110003
3400,SPELLEFFECT,1334408,0,110003
3401,SPELLEFFECT,1334409,0,110003
3402,SPELLEFFECT,1335201,0,110003
3403,SPELLEFFECT,1335205,0,110003
3404,SPELLEFFECT,1335532,0,110003
3405,SPELLEFFECT,1339079,0,110003
3406,SPELLEFFECT,1339663,0,110003
3407,SPELLEFFECT,1339666,0,110003
3408,SPELLEFFECT,1339678,0,110003
3409,SPELLEFFECT,1340196,0,110003
3410,SPELLEFFECT,1343235,0,110003
3411,SPELLEFFECT,1343263,0,110003
3412,SPELLEFFECT,1343264,0,110003
3413,SPELLEFFECT,1343274,0,110003
3414,SPELLEFFECT,1343513,0,110003
3415,SPELLEFFECT,1344724,0,110003
3416,SPELLEFFECT,1345852,0,110003
3417,SPELLEFFECT,1345859,0,110003
3418,SPELLEFFECT,1345864,0,110003
3419,SPELLEFFECT,1345865,0,110003
3420,SPELLEFFECT,1345906,0,110003
3421,SPELLEFFECT,1345911,0,110003
3422,SPELLEFFECT,1345916,0,110003
3423,SPELLEFFECT,1345942,0,110003
3424,SPELLEFFECT,1345943,0,110003
3425,SPELLEFFECT,1346032,0,110003
3426,SPELLMISC,828686,0,110003
3427,SPELLMISC,829610,0,110003
3428,SPELLMISC,829771,0,110003
3429,SPELLMISC,829866,0,110003
3430,SPELLMISC,842390,0,110003
3431,SPELLMISC,842575,0,110003
3432,SPELLMISC,842622,0,110003
3433,SPELLMISC,842772,0,110003
3434,SPELLMISC,843192,0,110003
3435,SPELLMISC,849537,0,110003
3436,SPELLMISC,859619,0,110003
3437,SPELLMISC,859818,0,110003
3438,SPELLMISC,860515,0,110003
3439,SPELLMISC,860537,0,110003
3440,SPELLMISC,860612,0,110003
3441,SPELLSCRIPT,126942,0,110003
3442,SPELLSCRIPT,127826,0,110003
3443,SPELLSCRIPT,127897,0,110003
3444,SPELLSCRIPT,128085,0,110003
3445,SPELLSCRIPT,128092,0,110003
3446,SPELLTARGETFILTERRULE,8216,0,110003
3447,SPELLTARGETFILTERRULE,8217,0,110003
3448,SPELLTARGETRESTRICTIONS,352850,0,110003
3449,SPELLTARGETRESTRICTIONS,353044,0,110003
3450,SPELLTARGETRESTRICTIONS,353307,0,110003
3451,SPELLTARGETRESTRICTIONS,355559,0,110003
3452,SPELLVISUAL,175968,0,110003
3453,SPELLVISUALKITEFFECT,788597,0,110003
3454,SPELLVISUALKITMODELATTACH,605476,0,110003
3455,SPELLVISUALKITMODELATTACH,636067,0,110003
3456,SPELLVISUALKITMODELATTACH,637727,0,110003
3457,SPELLVISUALMISSILE,28154,0,110003
3458,SPELLEFFECT,1335666,0,110203
3459,SPELLEFFECT,1337642,0,110203
3460,SPELLEFFECT,1346534,0,110203
3461,SPELLLABEL,211161,0,110203
3462,SPELLLABEL,211162,0,110203
3463,SPELLLABEL,211163,0,110203
3464,SPELLMISC,848386,0,110203
3465,SPELLMISC,854208,0,110203
3466,SPELLMISC,855578,0,110203
3467,SPELLMISC,855579,0,110203
3468,SPELLMISC,855580,0,110203
3469,SPELLMISC,860897,0,110203
3470,SPELLMISC,860898,0,110203
3471,SPELL,1289148,0,110232
3472,SPELLEFFECT,1324291,0,110232
3473,SPELLMISC,829610,0,110074
3474,SPELLMISC,842390,0,110074
3475,SPELLMISC,842391,0,110074
3476,SPELLMISC,842568,0,110074
3477,SPELLMISC,842575,0,110074
3478,SPELLMISC,842615,0,110074
3479,SPELLMISC,842622,0,110074
3480,SPELLMISC,859619,0,110074
3481,SPELL,1289223,0,110058
3482,SPELL,1303330,0,110058
3483,SPELL,1311499,0,110058
3484,SPELLMISC,836842,0,110058
3485,SPELLMISC,858080,0,110058
3486,SPELLEFFECT,1333395,0,110185
3487,SPELLSCRIPT,15256,0,109953
3488,SPELLEFFECT,1318992,0,110182
3489,COOLDOWNSETLINKEDSPELL,17325,0,110276
3490,COOLDOWNSETLINKEDSPELL,17330,0,110276
3491,COOLDOWNSETLINKEDSPELL,17331,0,110276
3492,COOLDOWNSETLINKEDSPELL,17332,0,110276
3493,COOLDOWNSETLINKEDSPELL,17333,0,110276
3494,COOLDOWNSETLINKEDSPELL,17334,0,110276
3495,COOLDOWNSETLINKEDSPELL,17335,0,110276
3496,COOLDOWNSETLINKEDSPELL,17336,0,110276
3497,COOLDOWNSETLINKEDSPELL,17337,0,110276
3498,COOLDOWNSETLINKEDSPELL,17338,0,110276
3499,COOLDOWNSETLINKEDSPELL,17339,0,110276
3500,COOLDOWNSETLINKEDSPELL,17340,0,110276
3501,COOLDOWNSETLINKEDSPELL,17341,0,110276
3502,COOLDOWNSETLINKEDSPELL,17342,0,110276
3503,COOLDOWNSETLINKEDSPELL,17343,0,110276
3504,COOLDOWNSETLINKEDSPELL,17344,0,110276
3505,COOLDOWNSETLINKEDSPELL,17345,0,110276
3506,COOLDOWNSETLINKEDSPELL,17346,0,110276
3507,COOLDOWNSETLINKEDSPELL,17413,0,110276
3508,COOLDOWNSETSPELL,198819,0,110276
3509,COOLDOWNSETSPELL,198826,0,110276
3510,COOLDOWNSETSPELL,198827,0,110276
3511,COOLDOWNSETSPELL,198829,0,110276
3512,COOLDOWNSETSPELL,198830,0,110276
3513,COOLDOWNSETSPELL,198831,0,110276
3514,COOLDOWNSETSPELL,198834,0,110276
3515,COOLDOWNSETSPELL,198835,0,110276
3516,COOLDOWNSETSPELL,198923,0,110276
3517,COOLDOWNSETSPELL,198932,0,110276
3518,COOLDOWNSETSPELL,198933,0,110276
3519,COOLDOWNSETSPELL,198934,0,110276
3520,COOLDOWNSETSPELL,198935,0,110276
3521,COOLDOWNSETSPELL,198936,0,110276
3522,COOLDOWNSETSPELL,198937,0,110276
3523,COOLDOWNSETSPELL,198938,0,110276
3524,COOLDOWNSETSPELL,198939,0,110276
3525,COOLDOWNSETSPELL,198951,0,110276
3526,COOLDOWNSETSPELL,198970,0,110276
3527,COOLDOWNSETSPELL,198971,0,110276
3528,COOLDOWNSETSPELL,198972,0,110276
3529,COOLDOWNSETSPELL,198973,0,110276
3530,COOLDOWNSETSPELL,198974,0,110276
3531,PLAYERCONDITION,162911,0,110276
3532,PLAYERCONDITION,162912,0,110276
3533,PLAYERCONDITION,162913,0,110276
3534,PLAYERCONDITION,162915,0,110276
3535,PLAYERCONDITION,162916,0,110276
3536,SPELLMISC,470413,0,110294
3537,SPELLSCRIPT,129721,0,110200
3538,AI_GROUPACTIONSET,1210444,0,110284
3539,AREATRIGGERACTION,74178,0,110284
3540,AREATRIGGERACTION,74180,0,110284
3541,AREATRIGGERACTIONSET,45212,0,110284
3542,AREATRIGGERBOX,4082,0,110284
3543,AREATRIGGERCREATEPROPERTIES,44711,0,110284
3544,CREATUREDIFFICULTY,345113,0,110284
3545,CREATUREDIFFICULTY,345114,0,110284
3546,CREATUREDIFFICULTY,345115,0,110284
3547,CREATUREDIFFICULTY,345116,0,110284
3548,CREATUREDIFFICULTY,345117,0,110284
3549,CREATUREDIFFICULTY,345173,0,110284
3550,CREATUREDIFFICULTY,345174,0,110284
3551,CREATUREDIFFICULTY,345175,0,110284
3552,CREATUREDIFFICULTY,345176,0,110284
3553,CREATUREDIFFICULTY,345177,0,110284
3554,CREATUREDIFFICULTY,347219,0,110284
3555,CREATUREDIFFICULTY,356424,0,110284
3556,CREATUREDIFFICULTY,356426,0,110284
3557,CREATUREDIFFICULTY,356958,0,110284
3558,CREATUREDIFFICULTY,356959,0,110284
3559,CREATUREDIFFICULTY,356960,0,110284
3560,CREATUREDIFFICULTY,356961,0,110284
3561,SPAWNEVENT,5346107,0,110284
3562,SPAWNEVENT,5346439,0,110284
3563,SPAWNEVENT,5346767,0,110284
3564,SPAWNEVENT,5346768,0,110284
3565,SPAWNEVENT,5346769,0,110284
3566,SPAWNEVENT,5346770,0,110284
3567,SPAWNEVENT,5346771,0,110284
3568,SPAWNEVENT,5346772,0,110284
3569,SPAWNGROUP,3340564,0,110284
3570,SPAWNGROUP,3340851,0,110284
3571,SPAWNGROUP,3341176,0,110284
3572,SPAWNGROUP,3341177,0,110284
3573,SPAWNLOC,5242385,0,110284
3574,SPAWNLOC,5242672,0,110284
3575,SPAWNLOC,5243054,0,110284
3576,SPAWNLOC,5243055,0,110284
3577,SPAWNOBJECT,8284799,0,110284
3578,SPAWNOBJECT,8285086,0,110284
3579,SPAWNOBJECT,8285468,0,110284
3580,SPAWNOBJECT,8285469,0,110284
3581,SPAWNREGION,182238,0,110284
3582,SPAWNSQUAD,5519138,0,110284
3583,SPAWNSQUAD,5519425,0,110284
3584,SPAWNSQUAD,5519750,0,110284
3585,SPAWNSQUAD,5519751,0,110284
3586,SPELL,1314909,0,110284
3587,SPELLEFFECT,1346910,0,110284
3588,SPELLMISC,861150,0,110284
3589,STRINGID,118969,0,110284
3590,UNITCONDITION,9915,0,110284
3591,UNITCONDITION,9916,0,110284
3592,SPELLEFFECT,1278094,0,110292
3593,SPELLEFFECT,1278108,0,110292
3594,SPELLMISC,818763,0,110292
3595,SPELLSCRIPTPACKAGE,79555,0,110292
3596,SPELLSCRIPTPACKAGE,82436,0,110292
3597,SPELLEFFECT,1278179,0,110289
3598,SPELLMISC,737888,0,110289
3599,SPELLSCRIPT,120380,0,110289
3600,SPELLSCRIPT,133580,0,110289
3601,SPELLSCRIPTPACKAGE,60930,0,110289
3602,SPELLSCRIPTTEXT,25335,0,110289
3603,SPELLSCRIPTTEXT,25336,0,110289
3604,SPELLCATEGORIES,185654,0,109948
3605,CREATUREDIFFICULTY,328449,0,110273
3606,CREATUREDIFFICULTY,328492,0,110273
3607,CREATUREDIFFICULTYTREASURE,233308,0,110273
3608,CREATUREDIFFICULTYTREASURE,233309,0,110273
3609,CREATUREDIFFICULTYTREASURE,233310,0,110273
3610,CREATUREDIFFICULTYTREASURE,233383,0,110273
3611,CREATUREDIFFICULTYTREASURE,233384,0,110273
3612,CREATUREDIFFICULTYTREASURE,233385,0,110273
3613,SPELLSCRIPT,71193,0,110028
3614,SPELLSCRIPT,85672,0,110028
3615,SPELLSCRIPT,85673,0,110028
3616,SPELLSCRIPT,133418,0,110028
3617,SPELLSCRIPT,133421,0,110028
3618,SPELLSCRIPTPACKAGE,46274,0,110028
3619,SPELLSCRIPTPACKAGE,55146,0,110028
3620,SPELLSCRIPTPACKAGE,55148,0,110028
3621,AI_GROUPACTION,1091285,0,110086
3622,AI_GROUPACTIONSET,1209773,0,110086
3623,AI_GROUPACTIONSET,1209774,0,110086
3624,AI_TRIGGERACTION,220332,0,110086
3625,AI_TRIGGERACTION,223823,0,110086
3626,AI_TRIGGERACTIONSET,77034,0,110086
3627,CREATUREDIFFICULTY,356412,0,110086
3628,CREATUREDIFFICULTY,356427,0,110086
3629,DUNGEONENCOUNTERTRIGGER,2089,0,110086
3630,GAMEEVENTS,106628,0,110086
3631,GAMEEVENTS,106643,0,110086
3632,GAMEEVENTS,106644,0,110086
3633,GAMEEVENTS,106647,0,110086
3634,GAMEEVENTS,106652,0,110086
3635,GAMEEVENTS,106657,0,110086
3636,GAMEEVENTS,106658,0,110086
3637,GAMEEVENTS,106659,0,110086
3638,GAMEEVENTS,106660,0,110086
3639,GAMEEVENTS,106661,0,110086
3640,GAMEEVENTS,106662,0,110086
3641,NAMEDPOINT,183860,0,110086
3642,NAMEDPOINT,183861,0,110086
3643,NAMEDPOINT,183862,0,110086
3644,NAMEDPOINT,183863,0,110086
3645,NAMEDPOINT,183864,0,110086
3646,NAMEDPOINT,183865,0,110086
3647,NAMEDPOINT,183967,0,110086
3648,NAMEDPOINT,183968,0,110086
3649,NAMEDPOINT,183977,0,110086
3650,NAMEDPOINT,183978,0,110086
3651,NAMEDPOINT,183979,0,110086
3652,NAMEDPOINT,183980,0,110086
3653,NAMEDPOINT,183981,0,110086
3654,SPAWNEVENT,5343643,0,110086
3655,SPAWNEVENT,5343663,0,110086
3656,SPAWNEVENT,5343664,0,110086
3657,SPAWNEVENT,5343666,0,110086
3658,SPAWNEVENT,5343667,0,110086
3659,SPAWNEVENT,5343668,0,110086
3660,SPAWNEVENT,5343672,0,110086
3661,SPAWNEVENT,5343673,0,110086
3662,SPAWNEVENT,5343674,0,110086
3663,SPAWNEVENT,5343677,0,110086
3664,SPAWNEVENT,5343678,0,110086
3665,SPAWNEVENT,5343679,0,110086
3666,SPAWNEVENT,5343682,0,110086
3667,SPAWNEVENT,5343684,0,110086
3668,SPAWNEVENT,5343685,0,110086
3669,SPAWNEVENT,5343686,0,110086
3670,SPAWNEVENT,5343687,0,110086
3671,SPAWNEVENT,5343712,0,110086
3672,SPAWNEVENT,5343713,0,110086
3673,SPAWNEVENT,5343714,0,110086
3674,SPAWNEVENT,5343715,0,110086
3675,SPAWNEVENT,5343716,0,110086
3676,SPAWNEVENT,5343717,0,110086
3677,SPAWNEVENT,5343718,0,110086
3678,SPAWNEVENT,5343719,0,110086
3679,SPAWNEVENT,5343720,0,110086
3680,SPAWNEVENT,5343721,0,110086
3681,SPAWNEVENT,5343722,0,110086
3682,SPAWNEVENT,5343723,0,110086
3683,SPAWNEVENT,5343724,0,110086
3684,SPAWNEVENT,5343725,0,110086
3685,SPAWNEVENT,5343726,0,110086
3686,SPAWNEVENT,5343727,0,110086
3687,SPAWNEVENT,5343728,0,110086
3688,SPAWNEVENT,5343848,0,110086
3689,SPAWNEVENT,5343850,0,110086
3690,SPAWNEVENT,5343851,0,110086
3691,SPAWNEVENT,5343852,0,110086
3692,SPAWNEVENT,5343853,0,110086
3693,SPAWNEVENT,5343854,0,110086
3694,SPAWNEVENT,5343855,0,110086
3695,SPAWNEVENT,5343856,0,110086
3696,SPAWNEVENT,5343857,0,110086
3697,SPAWNEVENT,5343858,0,110086
3698,SPAWNEVENT,5343859,0,110086
3699,SPAWNEVENT,5343860,0,110086
3700,SPAWNEVENT,5343861,0,110086
3701,SPAWNEVENT,5343862,0,110086
3702,SPAWNEVENT,5343863,0,110086
3703,SPAWNEVENT,5343864,0,110086
3704,SPAWNEVENT,5343865,0,110086
3705,SPAWNEVENT,5343866,0,110086
3706,SPAWNEVENT,5343867,0,110086
3707,SPAWNEVENT,5343868,0,110086
3708,SPAWNEVENT,5344395,0,110086
3709,SPAWNEVENT,5344396,0,110086
3710,SPAWNEVENT,5344415,0,110086
3711,SPAWNEVENT,5344416,0,110086
3712,SPAWNEVENT,5344417,0,110086
3713,SPAWNEVENT,5344418,0,110086
3714,SPAWNEVENT,5344419,0,110086
3715,SPAWNEVENT,5344420,0,110086
3716,SPAWNEVENT,5344421,0,110086
3717,SPAWNEVENT,5344422,0,110086
3718,SPAWNEVENT,5344423,0,110086
3719,SPAWNEVENT,5344424,0,110086
3720,SPAWNEVENT,5344425,0,110086
3721,SPAWNEVENT,5344426,0,110086
3722,SPAWNEVENT,5344427,0,110086
3723,SPAWNEVENT,5344428,0,110086
3724,SPAWNEVENT,5344429,0,110086
3725,SPAWNEVENT,5344430,0,110086
3726,SPAWNEVENT,5344431,0,110086
3727,SPAWNEVENT,5344432,0,110086
3728,SPAWNEVENT,5344446,0,110086
3729,SPAWNEVENT,5344447,0,110086
3730,SPAWNEVENT,5344448,0,110086
3731,SPAWNEVENT,5344449,0,110086
3732,SPAWNEVENT,5344450,0,110086
3733,SPAWNEVENT,5344451,0,110086
3734,SPAWNEVENT,5344452,0,110086
3735,SPAWNEVENT,5344453,0,110086
3736,SPAWNEVENT,5344454,0,110086
3737,SPAWNEVENT,5344455,0,110086
3738,SPAWNEVENT,5344472,0,110086
3739,SPAWNEVENT,5344473,0,110086
3740,SPAWNEVENT,5344480,0,110086
3741,SPAWNEVENT,5344481,0,110086
3742,SPAWNEVENT,5344482,0,110086
3743,SPAWNEVENT,5344483,0,110086
3744,SPAWNEVENT,5344484,0,110086
3745,SPAWNEVENT,5344485,0,110086
3746,SPAWNEVENT,5344486,0,110086
3747,SPAWNEVENT,5344487,0,110086
3748,SPAWNEVENT,5344488,0,110086
3749,SPAWNEVENT,5344489,0,110086
3750,SPAWNEVENT,5344490,0,110086
3751,SPAWNEVENT,5344491,0,110086
3752,SPAWNEVENT,5344492,0,110086
3753,SPAWNEVENT,5344493,0,110086
3754,SPAWNEVENT,5344494,0,110086
3755,SPAWNEVENT,5344495,0,110086
3756,SPAWNEVENT,5344496,0,110086
3757,SPAWNEVENT,5344497,0,110086
3758,SPAWNEVENT,5344498,0,110086
3759,SPAWNEVENT,5344499,0,110086
3760,SPAWNEVENT,5344500,0,110086
3761,SPAWNEVENT,5344501,0,110086
3762,SPAWNEVENT,5344502,0,110086
3763,SPAWNEVENT,5344528,0,110086
3764,SPAWNEVENT,5344529,0,110086
3765,SPAWNEVENT,5344530,0,110086
3766,SPAWNEVENT,5344531,0,110086
3767,SPAWNEVENT,5344532,0,110086
3768,SPAWNEVENT,5344533,0,110086
3769,SPAWNEVENT,5344534,0,110086
3770,SPAWNEVENT,5344535,0,110086
3771,SPAWNEVENT,5344536,0,110086
3772,SPAWNEVENT,5344537,0,110086
3773,SPAWNEVENT,5344539,0,110086
3774,SPAWNEVENT,5344540,0,110086
3775,SPAWNEVENT,5344541,0,110086
3776,SPAWNEVENT,5344542,0,110086
3777,SPAWNEVENT,5344543,0,110086
3778,SPAWNEVENT,5344544,0,110086
3779,SPAWNEVENT,5344545,0,110086
3780,SPAWNEVENT,5344546,0,110086
3781,SPAWNEVENT,5344547,0,110086
3782,SPAWNEVENT,5344548,0,110086
3783,SPAWNEVENT,5344549,0,110086
3784,SPAWNEVENT,5344550,0,110086
3785,SPAWNEVENT,5344551,0,110086
3786,SPAWNEVENT,5344552,0,110086
3787,SPAWNEVENT,5344553,0,110086
3788,SPAWNEVENT,5344554,0,110086
3789,SPAWNEVENT,5344555,0,110086
3790,SPAWNEVENT,5344556,0,110086
3791,SPAWNEVENT,5344557,0,110086
3792,SPAWNEVENT,5344558,0,110086
3793,SPAWNEVENT,5344559,0,110086
3794,SPAWNEVENT,5344560,0,110086
3795,SPAWNEVENT,5344561,0,110086
3796,SPAWNEVENT,5344562,0,110086
3797,SPAWNEVENT,5344563,0,110086
3798,SPAWNEVENT,5344564,0,110086
3799,SPAWNEVENT,5344565,0,110086
3800,SPAWNEVENT,5344566,0,110086
3801,SPAWNEVENT,5344567,0,110086
3802,SPAWNEVENT,5344568,0,110086
3803,SPAWNEVENT,5344569,0,110086
3804,SPAWNEVENT,5344570,0,110086
3805,SPAWNEVENT,5344571,0,110086
3806,SPAWNEVENT,5344572,0,110086
3807,SPAWNEVENT,5344573,0,110086
3808,SPAWNEVENT,5344574,0,110086
3809,SPAWNEVENT,5344575,0,110086
3810,SPAWNEVENT,5344576,0,110086
3811,SPAWNEVENT,5344577,0,110086
3812,SPAWNEVENT,5344578,0,110086
3813,SPAWNEVENT,5344579,0,110086
3814,SPAWNEVENT,5344580,0,110086
3815,SPAWNEVENT,5344581,0,110086
3816,SPAWNEVENT,5344582,0,110086
3817,SPAWNEVENT,5344583,0,110086
3818,SPAWNEVENT,5344584,0,110086
3819,SPAWNEVENT,5344585,0,110086
3820,SPAWNEVENT,5344586,0,110086
3821,SPAWNEVENT,5344587,0,110086
3822,SPAWNEVENT,5344588,0,110086
3823,SPAWNEVENT,5344589,0,110086
3824,SPAWNEVENT,5344590,0,110086
3825,SPAWNEVENT,5344591,0,110086
3826,SPAWNEVENT,5344592,0,110086
3827,SPAWNEVENT,5344593,0,110086
3828,SPAWNEVENT,5344594,0,110086
3829,SPAWNEVENT,5344595,0,110086
3830,SPAWNEVENT,5344596,0,110086
3831,SPAWNEVENT,5344597,0,110086
3832,SPAWNEVENT,5344598,0,110086
3833,SPAWNEVENT,5344599,0,110086
3834,SPAWNEVENT,5344600,0,110086
3835,SPAWNEVENT,5344601,0,110086
3836,SPAWNEVENT,5344602,0,110086
3837,SPAWNEVENT,5344603,0,110086
3838,SPAWNEVENT,5344604,0,110086
3839,SPAWNEVENT,5344605,0,110086
3840,SPAWNEVENT,5344606,0,110086
3841,SPAWNEVENT,5344607,0,110086
3842,SPAWNEVENT,5344608,0,110086
3843,SPAWNEVENT,5344609,0,110086
3844,SPAWNEVENT,5344610,0,110086
3845,SPAWNEVENT,5344611,0,110086
3846,SPAWNEVENT,5344612,0,110086
3847,SPAWNEVENT,5344613,0,110086
3848,SPAWNEVENT,5344614,0,110086
3849,SPAWNEVENT,5344615,0,110086
3850,SPAWNEVENT,5344616,0,110086
3851,SPAWNEVENT,5344617,0,110086
3852,SPAWNEVENT,5344618,0,110086
3853,SPAWNEVENT,5344619,0,110086
3854,SPAWNEVENT,5344620,0,110086
3855,SPAWNEVENT,5344621,0,110086
3856,SPAWNEVENT,5344622,0,110086
3857,SPAWNEVENT,5344623,0,110086
3858,SPAWNEVENT,5344624,0,110086
3859,SPAWNEVENT,5344625,0,110086
3860,SPAWNEVENT,5344626,0,110086
3861,SPAWNEVENT,5344627,0,110086
3862,SPAWNEVENT,5344628,0,110086
3863,SPAWNGROUP,3338549,0,110086
3864,SPAWNGROUP,3338569,0,110086
3865,SPAWNGROUP,3338570,0,110086
3866,SPAWNGROUP,3338572,0,110086
3867,SPAWNGROUP,3338573,0,110086
3868,SPAWNGROUP,3338574,0,110086
3869,SPAWNGROUP,3338578,0,110086
3870,SPAWNGROUP,3338579,0,110086
3871,SPAWNGROUP,3338580,0,110086
3872,SPAWNGROUP,3338583,0,110086
3873,SPAWNGROUP,3338584,0,110086
3874,SPAWNGROUP,3338585,0,110086
3875,SPAWNGROUP,3338588,0,110086
3876,SPAWNGROUP,3338590,0,110086
3877,SPAWNGROUP,3338591,0,110086
3878,SPAWNGROUP,3338592,0,110086
3879,SPAWNGROUP,3338593,0,110086
3880,SPAWNGROUP,3338618,0,110086
3881,SPAWNGROUP,3338619,0,110086
3882,SPAWNGROUP,3338620,0,110086
3883,SPAWNGROUP,3338621,0,110086
3884,SPAWNGROUP,3338622,0,110086
3885,SPAWNGROUP,3338623,0,110086
3886,SPAWNGROUP,3338624,0,110086
3887,SPAWNGROUP,3338625,0,110086
3888,SPAWNGROUP,3338626,0,110086
3889,SPAWNGROUP,3338627,0,110086
3890,SPAWNGROUP,3338628,0,110086
3891,SPAWNGROUP,3338629,0,110086
3892,SPAWNGROUP,3338630,0,110086
3893,SPAWNGROUP,3338631,0,110086
3894,SPAWNGROUP,3338632,0,110086
3895,SPAWNGROUP,3338633,0,110086
3896,SPAWNGROUP,3338634,0,110086
3897,SPAWNGROUP,3338754,0,110086
3898,SPAWNGROUP,3338756,0,110086
3899,SPAWNGROUP,3338757,0,110086
3900,SPAWNGROUP,3338758,0,110086
3901,SPAWNGROUP,3338759,0,110086
3902,SPAWNGROUP,3338760,0,110086
3903,SPAWNGROUP,3338761,0,110086
3904,SPAWNGROUP,3338762,0,110086
3905,SPAWNGROUP,3338763,0,110086
3906,SPAWNGROUP,3338764,0,110086
3907,SPAWNGROUP,3339299,0,110086
3908,SPAWNGROUP,3339301,0,110086
3909,SPAWNGROUP,3339302,0,110086
3910,SPAWNGROUP,3339303,0,110086
3911,SPAWNGROUP,3339304,0,110086
3912,SPAWNGROUP,3339305,0,110086
3913,SPAWNGROUP,3339306,0,110086
3914,SPAWNGROUP,3339307,0,110086
3915,SPAWNGROUP,3339308,0,110086
3916,SPAWNGROUP,3339309,0,110086
3917,SPAWNGROUP,3339310,0,110086
3918,SPAWNGROUP,3339322,0,110086
3919,SPAWNGROUP,3339323,0,110086
3920,SPAWNGROUP,3339324,0,110086
3921,SPAWNGROUP,3339325,0,110086
3922,SPAWNGROUP,3339326,0,110086
3923,SPAWNGROUP,3339327,0,110086
3924,SPAWNGROUP,3339328,0,110086
3925,SPAWNGROUP,3339329,0,110086
3926,SPAWNGROUP,3339330,0,110086
3927,SPAWNGROUP,3339331,0,110086
3928,SPAWNGROUP,3339332,0,110086
3929,SPAWNGROUP,3339333,0,110086
3930,SPAWNGROUP,3339334,0,110086
3931,SPAWNGROUP,3339335,0,110086
3932,SPAWNGROUP,3339336,0,110086
3933,SPAWNGROUP,3339337,0,110086
3934,SPAWNGROUP,3339338,0,110086
3935,SPAWNGROUP,3339339,0,110086
3936,SPAWNGROUP,3339340,0,110086
3937,SPAWNGROUP,3339341,0,110086
3938,SPAWNGROUP,3339342,0,110086
3939,SPAWNGROUP,3339343,0,110086
3940,SPAWNGROUP,3339344,0,110086
3941,SPAWNGROUP,3339345,0,110086
3942,SPAWNGROUP,3339346,0,110086
3943,SPAWNGROUP,3339347,0,110086
3944,SPAWNGROUP,3339348,0,110086
3945,SPAWNGROUP,3339349,0,110086
3946,SPAWNGROUP,3339350,0,110086
3947,SPAWNGROUP,3339351,0,110086
3948,SPAWNLOC,5240155,0,110086
3949,SPAWNLOC,5240178,0,110086
3950,SPAWNLOC,5240179,0,110086
3951,SPAWNLOC,5240181,0,110086
3952,SPAWNLOC,5240182,0,110086
3953,SPAWNLOC,5240183,0,110086
3954,SPAWNLOC,5240187,0,110086
3955,SPAWNLOC,5240188,0,110086
3956,SPAWNLOC,5240189,0,110086
3957,SPAWNLOC,5240192,0,110086
3958,SPAWNLOC,5240193,0,110086
3959,SPAWNLOC,5240194,0,110086
3960,SPAWNLOC,5240197,0,110086
3961,SPAWNLOC,5240199,0,110086
3962,SPAWNLOC,5240200,0,110086
3963,SPAWNLOC,5240201,0,110086
3964,SPAWNLOC,5240202,0,110086
3965,SPAWNLOC,5240227,0,110086
3966,SPAWNLOC,5240228,0,110086
3967,SPAWNLOC,5240229,0,110086
3968,SPAWNLOC,5240230,0,110086
3969,SPAWNLOC,5240231,0,110086
3970,SPAWNLOC,5240232,0,110086
3971,SPAWNLOC,5240233,0,110086
3972,SPAWNLOC,5240234,0,110086
3973,SPAWNLOC,5240235,0,110086
3974,SPAWNLOC,5240236,0,110086
3975,SPAWNLOC,5240237,0,110086
3976,SPAWNLOC,5240238,0,110086
3977,SPAWNLOC,5240239,0,110086
3978,SPAWNLOC,5240240,0,110086
3979,SPAWNLOC,5240241,0,110086
3980,SPAWNLOC,5240242,0,110086
3981,SPAWNLOC,5240243,0,110086
3982,SPAWNLOC,5240368,0,110086
3983,SPAWNLOC,5240370,0,110086
3984,SPAWNLOC,5240371,0,110086
3985,SPAWNLOC,5240372,0,110086
3986,SPAWNLOC,5240373,0,110086
3987,SPAWNLOC,5240374,0,110086
3988,SPAWNLOC,5240375,0,110086
3989,SPAWNLOC,5240376,0,110086
3990,SPAWNLOC,5240377,0,110086
3991,SPAWNLOC,5240378,0,110086
3992,SPAWNLOC,5240938,0,110086
3993,SPAWNLOC,5240940,0,110086
3994,SPAWNLOC,5240941,0,110086
3995,SPAWNLOC,5240942,0,110086
3996,SPAWNLOC,5240943,0,110086
3997,SPAWNLOC,5240944,0,110086
3998,SPAWNLOC,5240945,0,110086
3999,SPAWNLOC,5240946,0,110086
4000,SPAWNLOC,5240947,0,110086
4001,SPAWNLOC,5240948,0,110086
4002,SPAWNLOC,5240949,0,110086
4003,SPAWNLOC,5240961,0,110086
4004,SPAWNLOC,5240962,0,110086
4005,SPAWNLOC,5240963,0,110086
4006,SPAWNLOC,5240964,0,110086
4007,SPAWNLOC,5240965,0,110086
4008,SPAWNLOC,5240966,0,110086
4009,SPAWNLOC,5240967,0,110086
4010,SPAWNLOC,5240968,0,110086
4011,SPAWNLOC,5240969,0,110086
4012,SPAWNLOC,5240970,0,110086
4013,SPAWNLOC,5240971,0,110086
4014,SPAWNLOC,5240972,0,110086
4015,SPAWNLOC,5240973,0,110086
4016,SPAWNLOC,5240974,0,110086
4017,SPAWNLOC,5240975,0,110086
4018,SPAWNLOC,5240976,0,110086
4019,SPAWNLOC,5240977,0,110086
4020,SPAWNLOC,5240978,0,110086
4021,SPAWNLOC,5240979,0,110086
4022,SPAWNLOC,5240980,0,110086
4023,SPAWNLOC,5240981,0,110086
4024,SPAWNLOC,5240982,0,110086
4025,SPAWNLOC,5240983,0,110086
4026,SPAWNLOC,5240984,0,110086
4027,SPAWNLOC,5240985,0,110086
4028,SPAWNLOC,5240986,0,110086
4029,SPAWNLOC,5240987,0,110086
4030,SPAWNLOC,5240988,0,110086
4031,SPAWNLOC,5240989,0,110086
4032,SPAWNLOC,5240990,0,110086
4033,SPAWNOBJECT,8281362,0,110086
4034,SPAWNOBJECT,8281410,0,110086
4035,SPAWNOBJECT,8281411,0,110086
4036,SPAWNOBJECT,8281413,0,110086
4037,SPAWNOBJECT,8281414,0,110086
4038,SPAWNOBJECT,8281415,0,110086
4039,SPAWNOBJECT,8281425,0,110086
4040,SPAWNOBJECT,8281426,0,110086
4041,SPAWNOBJECT,8281427,0,110086
4042,SPAWNOBJECT,8281432,0,110086
4043,SPAWNOBJECT,8281433,0,110086
4044,SPAWNOBJECT,8281434,0,110086
4045,SPAWNOBJECT,8281439,0,110086
4046,SPAWNOBJECT,8281443,0,110086
4047,SPAWNOBJECT,8281444,0,110086
4048,SPAWNOBJECT,8281445,0,110086
4049,SPAWNOBJECT,8281446,0,110086
4050,SPAWNOBJECT,8281499,0,110086
4051,SPAWNOBJECT,8281500,0,110086
4052,SPAWNOBJECT,8281501,0,110086
4053,SPAWNOBJECT,8281502,0,110086
4054,SPAWNOBJECT,8281503,0,110086
4055,SPAWNOBJECT,8281504,0,110086
4056,SPAWNOBJECT,8281505,0,110086
4057,SPAWNOBJECT,8281506,0,110086
4058,SPAWNOBJECT,8281507,0,110086
4059,SPAWNOBJECT,8281508,0,110086
4060,SPAWNOBJECT,8281509,0,110086
4061,SPAWNOBJECT,8281510,0,110086
4062,SPAWNOBJECT,8281511,0,110086
4063,SPAWNOBJECT,8281512,0,110086
4064,SPAWNOBJECT,8281513,0,110086
4065,SPAWNOBJECT,8281514,0,110086
4066,SPAWNOBJECT,8281515,0,110086
4067,SPAWNOBJECT,8281742,0,110086
4068,SPAWNOBJECT,8281744,0,110086
4069,SPAWNOBJECT,8281745,0,110086
4070,SPAWNOBJECT,8281746,0,110086
4071,SPAWNOBJECT,8281747,0,110086
4072,SPAWNOBJECT,8281748,0,110086
4073,SPAWNOBJECT,8281749,0,110086
4074,SPAWNOBJECT,8281750,0,110086
4075,SPAWNOBJECT,8281751,0,110086
4076,SPAWNOBJECT,8281752,0,110086
4077,SPAWNOBJECT,8282539,0,110086
4078,SPAWNOBJECT,8282541,0,110086
4079,SPAWNOBJECT,8282542,0,110086
4080,SPAWNOBJECT,8282543,0,110086
4081,SPAWNOBJECT,8282544,0,110086
4082,SPAWNOBJECT,8282545,0,110086
4083,SPAWNOBJECT,8282546,0,110086
4084,SPAWNOBJECT,8282547,0,110086
4085,SPAWNOBJECT,8282548,0,110086
4086,SPAWNOBJECT,8282549,0,110086
4087,SPAWNOBJECT,8282550,0,110086
4088,SPAWNOBJECT,8282565,0,110086
4089,SPAWNOBJECT,8282566,0,110086
4090,SPAWNOBJECT,8282567,0,110086
4091,SPAWNOBJECT,8282568,0,110086
4092,SPAWNOBJECT,8282569,0,110086
4093,SPAWNOBJECT,8282570,0,110086
4094,SPAWNOBJECT,8282571,0,110086
4095,SPAWNOBJECT,8282572,0,110086
4096,SPAWNOBJECT,8282573,0,110086
4097,SPAWNOBJECT,8282574,0,110086
4098,SPAWNOBJECT,8282575,0,110086
4099,SPAWNOBJECT,8282576,0,110086
4100,SPAWNOBJECT,8282577,0,110086
4101,SPAWNOBJECT,8282578,0,110086
4102,SPAWNOBJECT,8282579,0,110086
4103,SPAWNOBJECT,8282580,0,110086
4104,SPAWNOBJECT,8282581,0,110086
4105,SPAWNOBJECT,8282582,0,110086
4106,SPAWNOBJECT,8282583,0,110086
4107,SPAWNOBJECT,8282584,0,110086
4108,SPAWNOBJECT,8282585,0,110086
4109,SPAWNOBJECT,8282586,0,110086
4110,SPAWNOBJECT,8282587,0,110086
4111,SPAWNOBJECT,8282588,0,110086
4112,SPAWNOBJECT,8282589,0,110086
4113,SPAWNOBJECT,8282590,0,110086
4114,SPAWNOBJECT,8282591,0,110086
4115,SPAWNOBJECT,8282592,0,110086
4116,SPAWNOBJECT,8282593,0,110086
4117,SPAWNOBJECT,8282594,0,110086
4118,SPAWNREGION,182133,0,110086
4119,SPAWNSQUAD,5454034,0,110086
4120,SPAWNSQUAD,5516041,0,110086
4121,SPAWNSQUAD,5516068,0,110086
4122,SPAWNSQUAD,5516069,0,110086
4123,SPAWNSQUAD,5516071,0,110086
4124,SPAWNSQUAD,5516072,0,110086
4125,SPAWNSQUAD,5516073,0,110086
4126,SPAWNSQUAD,5516083,0,110086
4127,SPAWNSQUAD,5516084,0,110086
4128,SPAWNSQUAD,5516085,0,110086
4129,SPAWNSQUAD,5516090,0,110086
4130,SPAWNSQUAD,5516091,0,110086
4131,SPAWNSQUAD,5516092,0,110086
4132,SPAWNSQUAD,5516097,0,110086
4133,SPAWNSQUAD,5516101,0,110086
4134,SPAWNSQUAD,5516102,0,110086
4135,SPAWNSQUAD,5516103,0,110086
4136,SPAWNSQUAD,5516104,0,110086
4137,SPAWNSQUAD,5516157,0,110086
4138,SPAWNSQUAD,5516158,0,110086
4139,SPAWNSQUAD,5516159,0,110086
4140,SPAWNSQUAD,5516160,0,110086
4141,SPAWNSQUAD,5516161,0,110086
4142,SPAWNSQUAD,5516162,0,110086
4143,SPAWNSQUAD,5516163,0,110086
4144,SPAWNSQUAD,5516164,0,110086
4145,SPAWNSQUAD,5516165,0,110086
4146,SPAWNSQUAD,5516166,0,110086
4147,SPAWNSQUAD,5516167,0,110086
4148,SPAWNSQUAD,5516168,0,110086
4149,SPAWNSQUAD,5516169,0,110086
4150,SPAWNSQUAD,5516170,0,110086
4151,SPAWNSQUAD,5516171,0,110086
4152,SPAWNSQUAD,5516172,0,110086
4153,SPAWNSQUAD,5516173,0,110086
4154,SPAWNSQUAD,5516395,0,110086
4155,SPAWNSQUAD,5516397,0,110086
4156,SPAWNSQUAD,5516398,0,110086
4157,SPAWNSQUAD,5516399,0,110086
4158,SPAWNSQUAD,5516400,0,110086
4159,SPAWNSQUAD,5516401,0,110086
4160,SPAWNSQUAD,5516402,0,110086
4161,SPAWNSQUAD,5516403,0,110086
4162,SPAWNSQUAD,5516404,0,110086
4163,SPAWNSQUAD,5516405,0,110086
4164,SPAWNSQUAD,5517166,0,110086
4165,SPAWNSQUAD,5517168,0,110086
4166,SPAWNSQUAD,5517169,0,110086
4167,SPAWNSQUAD,5517170,0,110086
4168,SPAWNSQUAD,5517171,0,110086
4169,SPAWNSQUAD,5517172,0,110086
4170,SPAWNSQUAD,5517173,0,110086
4171,SPAWNSQUAD,5517174,0,110086
4172,SPAWNSQUAD,5517175,0,110086
4173,SPAWNSQUAD,5517176,0,110086
4174,SPAWNSQUAD,5517177,0,110086
4175,SPAWNSQUAD,5517192,0,110086
4176,SPAWNSQUAD,5517193,0,110086
4177,SPAWNSQUAD,5517194,0,110086
4178,SPAWNSQUAD,5517195,0,110086
4179,SPAWNSQUAD,5517196,0,110086
4180,SPAWNSQUAD,5517197,0,110086
4181,SPAWNSQUAD,5517198,0,110086
4182,SPAWNSQUAD,5517199,0,110086
4183,SPAWNSQUAD,5517200,0,110086
4184,SPAWNSQUAD,5517201,0,110086
4185,SPAWNSQUAD,5517202,0,110086
4186,SPAWNSQUAD,5517203,0,110086
4187,SPAWNSQUAD,5517204,0,110086
4188,SPAWNSQUAD,5517205,0,110086
4189,SPAWNSQUAD,5517206,0,110086
4190,SPAWNSQUAD,5517207,0,110086
4191,SPAWNSQUAD,5517208,0,110086
4192,SPAWNSQUAD,5517209,0,110086
4193,SPAWNSQUAD,5517210,0,110086
4194,SPAWNSQUAD,5517211,0,110086
4195,SPAWNSQUAD,5517212,0,110086
4196,SPAWNSQUAD,5517213,0,110086
4197,SPAWNSQUAD,5517214,0,110086
4198,SPAWNSQUAD,5517215,0,110086
4199,SPAWNSQUAD,5517216,0,110086
4200,SPAWNSQUAD,5517217,0,110086
4201,SPAWNSQUAD,5517218,0,110086
4202,SPAWNSQUAD,5517219,0,110086
4203,SPAWNSQUAD,5517220,0,110086
4204,SPAWNSQUAD,5517221,0,110086
4205,SPELL,1314381,0,110086
4206,SPELL,1314387,0,110086
4207,SPELL,1314394,0,110086
4208,SPELL,1314397,0,110086
4209,SPELL,1314434,0,110086
4210,SPELL,1314435,0,110086
4211,SPELL,1314451,0,110086
4212,SPELL,1314455,0,110086
4213,SPELL,1314534,0,110086
4214,SPELL,1314535,0,110086
4215,SPELL,1314536,0,110086
4216,SPELL,1314537,0,110086
4217,SPELL,1314538,0,110086
4218,SPELL,1314539,0,110086
4219,SPELLEFFECT,1346209,0,110086
4220,SPELLEFFECT,1346215,0,110086
4221,SPELLEFFECT,1346226,0,110086
4222,SPELLEFFECT,1346229,0,110086
4223,SPELLEFFECT,1346295,0,110086
4224,SPELLEFFECT,1346296,0,110086
4225,SPELLEFFECT,1346329,0,110086
4226,SPELLEFFECT,1346334,0,110086
4227,SPELLEFFECT,1346413,0,110086
4228,SPELLEFFECT,1346414,0,110086
4229,SPELLEFFECT,1346415,0,110086
4230,SPELLEFFECT,1346416,0,110086
4231,SPELLEFFECT,1346417,0,110086
4232,SPELLEFFECT,1346418,0,110086
4233,SPELLMISC,860717,0,110086
4234,SPELLMISC,860722,0,110086
4235,SPELLMISC,860729,0,110086
4236,SPELLMISC,860733,0,110086
4237,SPELLMISC,860768,0,110086
4238,SPELLMISC,860770,0,110086
4239,SPELLMISC,860786,0,110086
4240,SPELLMISC,860790,0,110086
4241,SPELLMISC,860832,0,110086
4242,SPELLMISC,860833,0,110086
4243,SPELLMISC,860834,0,110086
4244,SPELLMISC,860835,0,110086
4245,SPELLMISC,860836,0,110086
4246,SPELLMISC,860837,0,110086
4247,SPELLSCRIPT,129354,0,110086
4248,SPELLSCRIPT,131726,0,110086
4249,SPELLSCRIPT,131727,0,110086
4250,SPELLSCRIPT,133326,0,110086
4251,SPELLSCRIPT,133394,0,110086
4252,SPELLSCRIPT,133395,0,110086
4253,SPELLSCRIPT,133465,0,110086
4254,SPELLSCRIPT,133483,0,110086
4255,SPELLSCRIPT,133487,0,110086
4256,SPELLSCRIPT,133491,0,110086
4257,SPELLSCRIPT,133492,0,110086
4258,SPELLSCRIPT,133513,0,110086
4259,SPELLSCRIPT,133516,0,110086
4260,SPELLSCRIPT,133518,0,110086
4261,SPELLSCRIPTPACKAGE,82375,0,110086
4262,SPELLSCRIPTPACKAGE,82378,0,110086
4263,SPELLSCRIPTPACKAGE,82381,0,110086
4264,SPELLSCRIPTPACKAGE,82382,0,110086
4265,SPELLSCRIPTPACKAGE,82393,0,110086
4266,SPELLSCRIPTPACKAGE,82396,0,110086
4267,SPELLSCRIPTPACKAGE,82397,0,110086
4268,SPELLSCRIPTTEXT,22517,0,110086
4269,SPELLSCRIPTTEXT,22518,0,110086
4270,SPELLSCRIPTTEXT,22811,0,110086
4271,SPELLSCRIPTTEXT,22814,0,110086
4272,SPELLSCRIPTTEXT,22826,0,110086
4273,SPELLSCRIPTTEXT,22908,0,110086
4274,SPELLSCRIPTTEXT,22930,0,110086
4275,SPELLSCRIPTTEXT,22969,0,110086
4276,SPELLSCRIPTTEXT,22977,0,110086
4277,SPELLSCRIPTTEXT,22984,0,110086
4278,SPELLSCRIPTTEXT,22987,0,110086
4279,SPELLSCRIPTTEXT,23327,0,110086
4280,SPELLSCRIPTTEXT,23850,0,110086
4281,SPELLSCRIPTTEXT,23916,0,110086
4282,SPELLSCRIPTTEXT,24051,0,110086
4283,SPELLSCRIPTTEXT,24195,0,110086
4284,SPELLSCRIPTTEXT,24285,0,110086
4285,SPELLSCRIPTTEXT,24309,0,110086
4286,SPELLSCRIPTTEXT,24328,0,110086
4287,SPELLSCRIPTTEXT,24345,0,110086
4288,SPELLSCRIPTTEXT,25143,0,110086
4289,SPELLSCRIPTTEXT,27212,0,110086
4290,SPELLSCRIPTTEXT,27638,0,110086
4291,SPELLSCRIPTTEXT,27746,0,110086
4292,SPELLSCRIPTTEXT,27807,0,110086
4293,SPELLSCRIPTTEXT,28465,0,110086
4294,SPELLSCRIPTTEXT,28466,0,110086
4295,SPELLSCRIPTTEXT,28624,0,110086
4296,SPELLSCRIPTTEXT,29080,0,110086
4297,SPELLSCRIPTTEXT,29334,0,110086
4298,SPELLSCRIPTTEXT,29335,0,110086
4299,SPELLSCRIPTTEXT,29532,0,110086
4300,SPELLSCRIPTTEXT,29548,0,110086
4301,SPELLSCRIPTTEXT,29549,0,110086
4302,SPELLSCRIPTTEXT,29624,0,110086
4303,SPELLSCRIPTTEXT,29738,0,110086
4304,SPELLSCRIPTTEXT,29739,0,110086
4305,SPELLSCRIPTTEXT,29740,0,110086
4306,SPELLTARGETRESTRICTIONS,355630,0,110086
4307,STRINGID,118880,0,110086
4308,STRINGID,118881,0,110086
4309,STRINGID,118888,0,110086
4310,STRINGID,118889,0,110086
4311,STRINGID,118890,0,110086
4312,STRINGID,118891,0,110086
4313,STRINGID,118892,0,110086
4314,STRINGID,118893,0,110086
4315,STRINGID,118894,0,110086
4316,STRINGID,118906,0,110086
4317,STRINGID,118908,0,110086
4318,STRINGID,118909,0,110086
4319,STRINGID,118910,0,110086
4320,AI_GROUPACTION,1091856,0,110266
4321,AI_GROUPACTIONSET,1210372,0,110266
4322,AI_GROUPACTIONSET,1210374,0,110266
4323,AI_TRIGGERACTION,221246,0,110266
4324,CREATUREDIFFICULTY,352214,0,110266
4325,CREATURESPELLDATA,51416,0,110266
4326,SPELL,1299757,0,110266
4327,SPELL,1314844,0,110266
4328,SPELL,1314845,0,110266
4329,SPELL,1314846,0,110266
4330,SPELLEFFECT,1324146,0,110266
4331,SPELLEFFECT,1331235,0,110266
4332,SPELLEFFECT,1346830,0,110266
4333,SPELLEFFECT,1346831,0,110266
4334,SPELLEFFECT,1346832,0,110266
4335,SPELLEFFECT,1346833,0,110266
4336,SPELLMISC,847019,0,110266
4337,SPELLMISC,847021,0,110266
4338,SPELLMISC,847023,0,110266
4339,SPELLMISC,850647,0,110266
4340,SPELLMISC,855182,0,110266
4341,SPELLMISC,861090,0,110266
4342,SPELLMISC,861091,0,110266
4343,SPELLMISC,861092,0,110266
4344,SPELLSCRIPT,132153,0,110266
4345,SPELLSCRIPT,132232,0,110266
4346,SPELLSCRIPT,133556,0,110266
4347,SPELLSCRIPTPACKAGE,82419,0,110266
4348,SPELLSCRIPTTEXT,28465,0,110266
4349,SPELLSCRIPTTEXT,28466,0,110266
4350,SPELLSCRIPTTEXT,28624,0,110266
4351,SPELLSCRIPTTEXT,29080,0,110266
4352,SPELLSCRIPTTEXT,29334,0,110266
4353,SPELLSCRIPTTEXT,29335,0,110266
4354,SPELLSCRIPTTEXT,29532,0,110266
4355,SPELLSCRIPTTEXT,29548,0,110266
4356,SPELLSCRIPTTEXT,29624,0,110266
4357,SPELLTARGETFILTER,3869,0,110266
4358,SPELLTARGETFILTER,3881,0,110266
4359,SPELLTARGETFILTER,4083,0,110266
4360,SPELLTARGETFILTER,4084,0,110266
4361,SPELLTARGETFILTER,4085,0,110266
4362,SPELLTARGETFILTERRULE,8679,0,110266
4363,SPELLTARGETFILTERRULE,8680,0,110266
4364,SPELLTARGETFILTERRULE,8681,0,110266
4365,SPELLTARGETFILTERRULE,8682,0,110266
4366,SPELLTARGETFILTERRULE,8683,0,110266
4367,SPELLTARGETRESTRICTIONS,353031,0,110266
4368,SPELLTARGETRESTRICTIONS,353905,0,110266
4369,SPELLTARGETRESTRICTIONS,355683,0,110266
4370,SPELLTARGETRESTRICTIONS,355684,0,110266
4371,SPELLTARGETRESTRICTIONS,355685,0,110266
4372,SPELLTARGETRESTRICTIONS,355686,0,110266
4373,SPELLTARGETRESTRICTIONS,355687,0,110266
4374,SPELLVISUAL,190598,0,110266
4375,SPELLVISUALEVENT,562148,0,110266
4376,SPELLVISUALKIT,279022,0,110266
4377,SPELLVISUALKITEFFECT,789572,0,110266
4378,SPELLVISUALKITMODELATTACH,627426,0,110266
4379,SPELLVISUALKITMODELATTACH,638227,0,110266
4380,SPELLXSPELLVISUAL,531836,0,110266
4381,ITEM,270835,0,110110
4382,ITEM,270836,0,110110
4383,ITEM,270837,0,110110
4384,ITEM,270843,0,110110
4385,ITEM,270851,0,110110
4386,ITEM,270852,0,110110
4387,ITEM,270853,0,110110
4388,SPELL,1300503,0,110296
4389,ITEMCURRENCYCOST,104867,0,110109
4390,ITEMCURRENCYCOST,104869,0,110109
4391,ITEMCURRENCYCOST,104871,0,110109
4392,COOLDOWNSETSPELL,198774,0,110222
4393,PLAYERCONDITION,162860,0,110222
4394,SPELLAURAVISIBILITY,3051,0,110222
4395,SPELLAURAVISIBILITY,3052,0,110222
4396,AIADVERT,4380,0,110236
4397,AIADVERT,4402,0,110236
4398,SPELLSCRIPT,39348,0,110099
4399,SPELLSCRIPT,125530,0,110127
4400,SPELLSCRIPTTEXT,14643,0,110127
4401,SPELLSCRIPTTEXT,14644,0,110127
4402,SPELLSCRIPTTEXT,26577,0,110127
4403,SPELLSCRIPTTEXT,28734,0,110127
4404,SPELLSCRIPTTEXT,28735,0,110127
4405,SPELLSCRIPTTEXT,28736,0,110127
4406,SPELLSCRIPTTEXT,28737,0,110127
4407,SPELLSCRIPTTEXT,28738,0,110127
4408,SPELLSCRIPTTEXT,29309,0,110127
4409,SPELLSCRIPTTEXT,28734,0,110229
4410,SPELLSCRIPTTEXT,28735,0,110229
4411,SPELLSCRIPTTEXT,28736,0,110229
4412,SPELLSCRIPTTEXT,28737,0,110229
4413,SPELLSCRIPTTEXT,28738,0,110229
4414,SPELLSCRIPTTEXT,29309,0,110229
4415,CREATURE,19508,0,110098
4416,CREATURE,19509,0,110098
4417,CREATURE,32262,0,110098
4418,CREATURE,38624,0,110098
4419,CREATURE,38805,0,110098
4420,CREATURE,90210,0,110098
4421,CREATURE,90211,0,110098
4422,CREATURE,90222,0,110098
4423,CREATUREDIFFICULTY,2,0,110098
4424,CREATUREDIFFICULTY,102,0,110098
4425,CREATUREDIFFICULTY,417,0,110098
4426,CREATUREDIFFICULTY,716,0,110098
4427,CREATUREDIFFICULTY,15342,0,110098
4428,CREATUREDIFFICULTY,15343,0,110098
4429,CREATUREDIFFICULTY,15345,0,110098
4430,CREATUREDIFFICULTY,15346,0,110098
4431,CREATUREDIFFICULTY,15348,0,110098
4432,CREATUREDIFFICULTY,15349,0,110098
4433,CREATUREDIFFICULTY,36861,0,110098
4434,CREATUREDIFFICULTY,48624,0,110098
4435,CREATUREDIFFICULTY,48813,0,110098
4436,CREATUREDIFFICULTY,64425,0,110098
4437,CREATUREDIFFICULTY,89564,0,110098
4438,CREATUREDIFFICULTY,89565,0,110098
4439,CREATUREDIFFICULTY,89576,0,110098
4440,CREATUREDIFFICULTY,127976,0,110098
4441,CREATUREDIFFICULTY,136150,0,110098
4442,CREATUREDIFFICULTY,144542,0,110098
4443,CREATUREDIFFICULTY,144543,0,110098
4444,CREATUREDIFFICULTY,144544,0,110098
4445,CREATUREDIFFICULTY,262999,0,110098
4446,CREATUREDIFFICULTY,266474,0,110098
4447,CREATUREDIFFICULTY,266998,0,110098
4448,CREATUREDIFFICULTY,270517,0,110098
4449,CREATUREDIFFICULTY,270518,0,110098
4450,SPAWNREGION,1546,0,110098
4451,SPAWNREGION,27894,0,110098
4452,SPAWNREGION,32621,0,110098
4453,SPAWNREGION,90127,0,110098
4454,SPAWNREGION,149344,0,110098
4455,SPAWNREGION,151078,0,110098
4456,TREASUREITEM,116694,0,110098
4457,TREASUREITEM,116695,0,110098
4458,TREASUREITEM,116696,0,110098
4459,TREASUREITEM,116697,0,110098
4460,TREASUREITEM,116698,0,110098
4461,TREASUREITEM,116699,0,110098
4462,TREASUREITEM,116700,0,110098
4463,TREASUREITEM,116701,0,110098
4464,TREASUREITEM,116702,0,110098
4465,TREASUREITEM,116703,0,110098
4466,TREASUREITEM,116704,0,110098
4467,TREASUREITEM,116705,0,110098
4468,TREASUREITEM,471979,0,110098
4469,TREASUREITEM,491485,0,110098
4470,BATTLEMASTERLIST,6,1,109891
4471,BATTLEMASTERLIST,1095,1,109891
4472,BATTLEMASTERLISTXMAP,1211,1,109891
4473,BATTLEMASTERLISTXMAP,1212,1,109891
4474,SPELL,462840,0,110029
4475,SPELLAURAOPTIONS,238637,0,110029
4476,SPELLSCRIPT,121227,0,110029
4477,SPELLSCRIPT,121241,0,110029
4478,UITEXTUREATLASMEMBER,9074,0,110134
4479,SPELLEFFECT,312680,0,110144
4480,SPELLEFFECT,1254431,0,110156
4481,SPELLEFFECT,1254432,0,110156
4482,AI_GROUPACTION,1091831,0,110239
4483,AI_GROUPACTIONSET,1210345,0,110239
4484,AI_TRIGGERACTION,224451,0,110239
4485,AI_TRIGGERACTION,224579,0,110239
4486,AI_TRIGGERACTION,224580,0,110239
4487,AI_TRIGGERACTION,224581,0,110239
4488,AI_TRIGGERACTION,224582,0,110239
4489,AI_TRIGGERACTIONSET,76004,0,110239
4490,AI_TRIGGERACTIONSET,76005,0,110239
4491,AI_TRIGGERACTIONSET,76226,0,110239
4492,AI_TRIGGERACTIONSET,79068,0,110239
4493,CREATUREDIFFICULTY,350049,0,110239
4494,CREATUREDIFFICULTY,350050,0,110239
4495,CREATUREDIFFICULTY,350051,0,110239
4496,CREATUREDIFFICULTY,352090,0,110239
4497,CREATUREDIFFICULTY,352091,0,110239
4498,CREATUREDIFFICULTY,352092,0,110239
4499,CREATUREDIFFICULTY,352093,0,110239
4500,CREATUREDIFFICULTY,352094,0,110239
4501,CREATUREDIFFICULTY,352095,0,110239
4502,CREATUREDIFFICULTY,352096,0,110239
4503,CREATUREDIFFICULTY,352097,0,110239
4504,CREATUREDIFFICULTY,352098,0,110239
4505,CREATUREDIFFICULTY,352099,0,110239
4506,CREATUREDIFFICULTY,352100,0,110239
4507,CREATUREDIFFICULTY,352101,0,110239
4508,CREATUREDIFFICULTY,352103,0,110239
4509,CREATUREDIFFICULTY,352104,0,110239
4510,CREATUREDIFFICULTY,352106,0,110239
4511,CREATUREDIFFICULTY,352107,0,110239
4512,CREATUREDIFFICULTY,352108,0,110239
4513,CREATUREDIFFICULTY,352109,0,110239
4514,CREATUREDIFFICULTY,354529,0,110239
4515,JOURNALENCOUNTERSECTION,35931,0,110239
4516,JOURNALENCOUNTERSECTION,35932,0,110239
4517,JOURNALENCOUNTERSECTION,35935,0,110239
4518,JOURNALENCOUNTERSECTION,35936,0,110239
4519,JOURNALENCOUNTERSECTION,35937,0,110239
4520,JOURNALENCOUNTERSECTION,35938,0,110239
4521,JOURNALENCOUNTERSECTION,35939,0,110239
4522,JOURNALENCOUNTERSECTION,35940,0,110239
4523,JOURNALENCOUNTERSECTION,35943,0,110239
4524,JOURNALENCOUNTERSECTION,35947,0,110239
4525,JOURNALENCOUNTERSECTION,35948,0,110239
4526,JOURNALENCOUNTERSECTION,35950,0,110239
4527,JOURNALENCOUNTERSECTION,36176,0,110239
4528,JOURNALENCOUNTERSECTION,36260,0,110239
4529,JOURNALENCOUNTERSECTION,36261,0,110239
4530,JOURNALENCOUNTERSECTION,36262,0,110239
4531,JOURNALENCOUNTERSECTION,36472,0,110239
4532,JOURNALENCOUNTERSECTION,36477,0,110239
4533,JOURNALENCOUNTERSECTION,36478,0,110239
4534,JOURNALENCOUNTERSECTION,36788,0,110239
4535,JOURNALENCOUNTERSECTION,36789,0,110239
4536,JOURNALENCOUNTERSECTION,37145,0,110239
4537,JOURNALENCOUNTERSECTION,37149,0,110239
4538,JOURNALENCOUNTERSECTION,37228,0,110239
4539,JOURNALENCOUNTERSECTION,37229,0,110239
4540,JOURNALENCOUNTERSECTION,37277,0,110239
4541,JOURNALENCOUNTERSECTION,37278,0,110239
4542,JOURNALENCOUNTERSECTION,37279,0,110239
4543,SPELL,1314837,0,110239
4544,SPELLEFFECT,1335345,0,110239
4545,SPELLEFFECT,1336847,0,110239
4546,SPELLEFFECT,1339661,0,110239
4547,SPELLEFFECT,1339663,0,110239
4548,SPELLEFFECT,1339678,0,110239
4549,SPELLEFFECT,1339679,0,110239
4550,SPELLEFFECT,1340196,0,110239
4551,SPELLEFFECT,1343473,0,110239
4552,SPELLEFFECT,1345852,0,110239
4553,SPELLEFFECT,1345916,0,110239
4554,SPELLEFFECT,1346738,0,110239
4555,SPELLEFFECT,1346739,0,110239
4556,SPELLEFFECT,1346744,0,110239
4557,SPELLEFFECT,1346745,0,110239
4558,SPELLEFFECT,1346749,0,110239
4559,SPELLEFFECT,1346759,0,110239
4560,SPELLEFFECT,1346770,0,110239
4561,SPELLEFFECT,1346776,0,110239
4562,SPELLEFFECT,1346777,0,110239
4563,SPELLEFFECT,1346795,0,110239
4564,SPELLEFFECT,1346796,0,110239
4565,SPELLEFFECT,1346798,0,110239
4566,SPELLEFFECT,1346799,0,110239
4567,SPELLEFFECT,1346800,0,110239
4568,SPELLMISC,861044,0,110239
4569,SPELLMISC,861045,0,110239
4570,SPELLMISC,861083,0,110239
4571,SPELLSCRIPT,127826,0,110239
4572,SPELLTARGETRESTRICTIONS,349334,0,110239
4573,SPELLTARGETRESTRICTIONS,355682,0,110239
4574,AI_GROUPACTION,1091919,0,110244
4575,AI_GROUPACTIONSET,1210425,0,110244
4576,AI_GROUPACTIONSET,1210426,0,110244
4577,AI_GROUPACTIONSET,1210439,0,110244
4578,CREATURE,255927,0,110244
4579,SPAWNEVENT,5105646,0,110244
4580,SPAWNEVENT,5126502,0,110244
4581,SPAWNEVENT,5126515,0,110244
4582,SPELLEFFECT,1318108,0,110244
4583,SPELLEFFECT,1326315,0,110244
4584,SPELLMISC,843200,0,110244
4585,SPELLTARGETRESTRICTIONS,352293,0,110244
4586,SPELLVISUALKITEFFECT,706509,0,110244
4587,SPELLVISUALKITEFFECT,706510,0,110244
4588,SPELLVISUALKITEFFECT,706511,0,110244
4589,SPELLVISUALKITMODELATTACH,600342,0,110244
4590,SPELLVISUALKITMODELATTACH,600343,0,110244
4591,SPELLVISUALKITMODELATTACH,600344,0,110244
4592,SPELLVISUALKITMODELATTACH,600345,0,110244
4593,SPELLVISUALKITMODELATTACH,600346,0,110244
4594,SPELLVISUALKITMODELATTACH,600347,0,110244
4595,SPELLVISUALKITMODELATTACH,600348,0,110244
4596,SPELLVISUALMISSILE,28932,0,110244
4597,SPELLVISUALMISSILESET,24157,0,110244
4598,AI_GROUPACTIONSET,1210300,0,110249
4599,SPAWNEVENT,5341400,0,110249
4600,SPELLEFFECT,1346815,0,110261
4601,SPELLEFFECT,1346816,0,110261
4602,SPELLLABEL,211171,0,110261
4603,SPELLLABEL,211172,0,110261
4604,SPELLLABEL,211173,0,110261
4605,SPELLSCRIPT,33277,0,110261
4606,TRAITDEFINITIONEFFECTPOINTS,25103,0,110261
4607,CREATURE,261384,0,110298
4608,CREATURE,261500,0,110298
4609,CREATURE,261506,0,110298
4610,CREATUREDIFFICULTY,344619,0,110298
4611,CREATUREDIFFICULTY,344739,0,110298
4612,CREATUREDIFFICULTY,344745,0,110298
4613,CREATUREXDISPLAYINFO,654968,0,110298
4614,CREATUREXDISPLAYINFO,654969,0,110298
4615,CREATUREXDISPLAYINFO,655247,0,110298
4616,CREATUREXDISPLAYINFO,655248,0,110298
4617,CREATUREXDISPLAYINFO,655255,0,110298
4618,CREATUREXDISPLAYINFO,655256,0,110298
4619,QUESTFEEDBACKEFFECT,1379,0,110298
4620,QUESTFEEDBACKEFFECT,1440,0,110298
4621,VIGNETTE,7580,0,110298
4622,VIGNETTE,7581,0,110298
4623,VIGNETTE,7582,0,110298
4624,VIGNETTE,7751,0,110298
4625,VIGNETTE,7752,0,110298
4626,VIGNETTE,7753,0,110298
4627,GAMEOBJECTS,653846,0,110301
4628,WORLDEFFECT,34720,0,110301
4629,SPELLXSPELLVISUAL,531912,0,110305
4630,SPELLSCRIPTTEXT,29616,0,110326
4631,SPELLSCRIPTTEXT,29617,0,110326
4632,BATTLEPAYDELIVERABLE,1877,4,109811
4633,BATTLEPAYDELIVERABLE,1878,4,109811
4634,AI_GROUPACTION,1090843,0,109889
4635,AI_GROUPACTION,1090884,0,109889
4636,AI_GROUPACTION,1090896,0,109889
4637,AI_GROUPACTIONSET,1209192,0,109889
4638,AI_GROUPACTIONSET,1209244,0,109889
4639,AI_GROUPACTIONSET,1209255,0,109889
4640,AREATRIGGERACTION,74027,0,109889
4641,AREATRIGGERACTIONSET,45132,0,109889
4642,AREATRIGGERCREATEPROPERTIES,43503,0,109889
4643,AREATRIGGERCREATEPROPERTIES,44614,0,109889
4644,CREATURE,268550,0,109889
4645,CREATURE,273805,0,109889
4646,CREATUREDIFFICULTY,357597,0,109889
4647,CREATUREDISPLAYINFO,144179,0,109889
4648,CREATUREDISPLAYINFO,147580,0,109889
4649,CREATURESOUNDDATA,10775,0,109889
4650,CREATURESOUNDDATA,10776,0,109889
4651,CREATURESOUNDFIDGET,65246,0,109889
4652,CREATUREXDISPLAYINFO,670967,0,109889
4653,CREATUREXDISPLAYINFO,681440,0,109889
4654,CREATUREXDISPLAYINFO,681441,0,109889
4655,CURVE,112570,0,109889
4656,CURVEPOINT,336574,0,109889
4657,CURVEPOINT,336575,0,109889
4658,CURVEPOINT,336576,0,109889
4659,CURVEPOINT,336577,0,109889
4660,CURVEPOINT,336578,0,109889
4661,GAMEEVENTS,106562,0,109889
4662,RTPC,7565,0,109889
4663,RTPC,7566,0,109889
4664,RTPC,7567,0,109889
4665,RTPC,7568,0,109889
4666,SOUNDEMITTERS,34934,0,109889
4667,SOUNDENVELOPE,13084,0,109889
4668,SOUNDKIT,367425,0,109889
4669,SOUNDKIT,367426,0,109889
4670,SOUNDKIT,367427,0,109889
4671,SOUNDKIT,367428,0,109889
4672,SOUNDKIT,367429,0,109889
4673,SOUNDKIT,367430,0,109889
4674,SOUNDKIT,367431,0,109889
4675,SOUNDKIT,367432,0,109889
4676,SOUNDKIT,367482,0,109889
4677,SOUNDKIT,367489,0,109889
4678,SOUNDKIT,367490,0,109889
4679,SOUNDKIT,367491,0,109889
4680,SOUNDKIT,367492,0,109889
4681,SOUNDKIT,367493,0,109889
4682,SOUNDKIT,367494,0,109889
4683,SOUNDKIT,367495,0,109889
4684,SOUNDKIT,367497,0,109889
4685,SOUNDKIT,367498,0,109889
4686,SOUNDKIT,367499,0,109889
4687,SOUNDKIT,367500,0,109889
4688,SOUNDKIT,367501,0,109889
4689,SOUNDKIT,367503,0,109889
4690,SOUNDKIT,367504,0,109889
4691,SOUNDKIT,367505,0,109889
4692,SOUNDKIT,367506,0,109889
4693,SOUNDKIT,367507,0,109889
4694,SOUNDKIT,367509,0,109889
4695,SOUNDKIT,367510,0,109889
4696,SOUNDKIT,367511,0,109889
4697,SOUNDKIT,367512,0,109889
4698,SOUNDKIT,367513,0,109889
4699,SOUNDKIT,367521,0,109889
4700,SOUNDKIT,367522,0,109889
4701,SOUNDKIT,367529,0,109889
4702,SOUNDKIT,367530,0,109889
4703,SOUNDKITADVANCED,331024,0,109889
4704,SOUNDKITADVANCED,331025,0,109889
4705,SOUNDKITADVANCED,331026,0,109889
4706,SOUNDKITADVANCED,331027,0,109889
4707,SOUNDKITADVANCED,331028,0,109889
4708,SOUNDKITADVANCED,331029,0,109889
4709,SOUNDKITADVANCED,331030,0,109889
4710,SOUNDKITADVANCED,331080,0,109889
4711,SOUNDKITADVANCED,331088,0,109889
4712,SOUNDKITADVANCED,331089,0,109889
4713,SOUNDKITADVANCED,331090,0,109889
4714,SOUNDKITADVANCED,331091,0,109889
4715,SOUNDKITADVANCED,331092,0,109889
4716,SOUNDKITADVANCED,331093,0,109889
4717,SOUNDKITADVANCED,331094,0,109889
4718,SOUNDKITADVANCED,331096,0,109889
4719,SOUNDKITADVANCED,331097,0,109889
4720,SOUNDKITADVANCED,331098,0,109889
4721,SOUNDKITADVANCED,331099,0,109889
4722,SOUNDKITADVANCED,331100,0,109889
4723,SOUNDKITADVANCED,331102,0,109889
4724,SOUNDKITADVANCED,331103,0,109889
4725,SOUNDKITADVANCED,331104,0,109889
4726,SOUNDKITADVANCED,331105,0,109889
4727,SOUNDKITADVANCED,331106,0,109889
4728,SOUNDKITADVANCED,331108,0,109889
4729,SOUNDKITADVANCED,331109,0,109889
4730,SOUNDKITADVANCED,331110,0,109889
4731,SOUNDKITADVANCED,331111,0,109889
4732,SOUNDKITADVANCED,331112,0,109889
4733,SOUNDKITADVANCED,331120,0,109889
4734,SOUNDKITADVANCED,331121,0,109889
4735,SOUNDKITADVANCED,331128,0,109889
4736,SOUNDKITADVANCED,331129,0,109889
4737,SOUNDKITCHILD,48992,0,109889
4738,SOUNDKITCHILD,48993,0,109889
4739,SOUNDKITCHILD,48994,0,109889
4740,SOUNDKITCHILD,48995,0,109889
4741,SOUNDKITCHILD,48996,0,109889
4742,SOUNDKITCHILD,48997,0,109889
4743,SOUNDKITCHILD,48998,0,109889
4744,SOUNDKITCHILD,48999,0,109889
4745,SOUNDKITCHILD,49000,0,109889
4746,SOUNDKITCHILD,49001,0,109889
4747,SOUNDKITCHILD,49005,0,109889
4748,SOUNDKITCHILD,49007,0,109889
4749,SOUNDKITCHILD,49008,0,109889
4750,SOUNDKITENTRY,1687305,0,109889
4751,SOUNDKITENTRY,1687373,0,109889
4752,SOUNDKITENTRY,1687374,0,109889
4753,SOUNDKITENTRY,1687375,0,109889
4754,SOUNDKITENTRY,1687376,0,109889
4755,SOUNDKITENTRY,1687377,0,109889
4756,SOUNDKITENTRY,1687378,0,109889
4757,SOUNDKITENTRY,1687379,0,109889
4758,SOUNDKITENTRY,1687380,0,109889
4759,SOUNDKITENTRY,1687381,0,109889
4760,SOUNDKITENTRY,1687382,0,109889
4761,SOUNDKITENTRY,1687383,0,109889
4762,SOUNDKITENTRY,1687384,0,109889
4763,SOUNDKITENTRY,1687385,0,109889
4764,SOUNDKITENTRY,1687386,0,109889
4765,SOUNDKITENTRY,1687387,0,109889
4766,SOUNDKITENTRY,1687388,0,109889
4767,SOUNDKITENTRY,1687389,0,109889
4768,SOUNDKITENTRY,1687390,0,109889
4769,SOUNDKITENTRY,1687391,0,109889
4770,SOUNDKITENTRY,1687392,0,109889
4771,SOUNDKITENTRY,1687393,0,109889
4772,SOUNDKITENTRY,1687394,0,109889
4773,SOUNDKITENTRY,1687395,0,109889
4774,SOUNDKITENTRY,1687396,0,109889
4775,SOUNDKITENTRY,1687397,0,109889
4776,SOUNDKITENTRY,1687398,0,109889
4777,SOUNDKITENTRY,1687399,0,109889
4778,SOUNDKITENTRY,1687400,0,109889
4779,SOUNDKITENTRY,1687401,0,109889
4780,SOUNDKITENTRY,1687402,0,109889
4781,SOUNDKITENTRY,1687403,0,109889
4782,SOUNDKITENTRY,1687404,0,109889
4783,SOUNDKITENTRY,1687405,0,109889
4784,SOUNDKITENTRY,1687406,0,109889
4785,SOUNDKITENTRY,1687407,0,109889
4786,SOUNDKITENTRY,1687408,0,109889
4787,SOUNDKITENTRY,1687409,0,109889
4788,SOUNDKITENTRY,1687410,0,109889
4789,SOUNDKITENTRY,1687411,0,109889
4790,SOUNDKITENTRY,1687412,0,109889
4791,SOUNDKITENTRY,1687413,0,109889
4792,SOUNDKITENTRY,1687414,0,109889
4793,SOUNDKITENTRY,1687415,0,109889
4794,SOUNDKITENTRY,1687416,0,109889
4795,SOUNDKITENTRY,1687418,0,109889
4796,SOUNDKITENTRY,1687419,0,109889
4797,SOUNDKITENTRY,1687420,0,109889
4798,SOUNDKITENTRY,1687421,0,109889
4799,SOUNDKITENTRY,1687422,0,109889
4800,SOUNDKITENTRY,1687423,0,109889
4801,SOUNDKITENTRY,1687424,0,109889
4802,SOUNDKITENTRY,1687425,0,109889
4803,SOUNDKITENTRY,1687426,0,109889
4804,SOUNDKITENTRY,1687427,0,109889
4805,SOUNDKITENTRY,1687428,0,109889
4806,SOUNDKITENTRY,1687429,0,109889
4807,SOUNDKITENTRY,1687430,0,109889
4808,SOUNDKITENTRY,1687431,0,109889
4809,SOUNDKITENTRY,1687432,0,109889
4810,SOUNDKITENTRY,1687433,0,109889
4811,SOUNDKITENTRY,1687434,0,109889
4812,SOUNDKITENTRY,1687435,0,109889
4813,SOUNDKITENTRY,1687436,0,109889
4814,SOUNDKITENTRY,1687437,0,109889
4815,SOUNDKITENTRY,1687438,0,109889
4816,SOUNDKITENTRY,1687439,0,109889
4817,SOUNDKITENTRY,1687440,0,109889
4818,SOUNDKITENTRY,1687441,0,109889
4819,SOUNDKITENTRY,1687442,0,109889
4820,SOUNDKITENTRY,1687443,0,109889
4821,SOUNDKITENTRY,1687444,0,109889
4822,SOUNDKITENTRY,1687445,0,109889
4823,SOUNDKITENTRY,1687446,0,109889
4824,SOUNDKITENTRY,1687447,0,109889
4825,SOUNDKITENTRY,1687448,0,109889
4826,SOUNDKITENTRY,1687449,0,109889
4827,SOUNDKITENTRY,1687450,0,109889
4828,SOUNDKITENTRY,1687451,0,109889
4829,SOUNDKITENTRY,1687452,0,109889
4830,SOUNDKITENTRY,1687453,0,109889
4831,SOUNDKITENTRY,1687454,0,109889
4832,SOUNDKITENTRY,1687455,0,109889
4833,SOUNDKITENTRY,1687456,0,109889
4834,SOUNDKITENTRY,1687457,0,109889
4835,SOUNDKITENTRY,1687458,0,109889
4836,SOUNDKITENTRY,1687459,0,109889
4837,SOUNDKITENTRY,1687460,0,109889
4838,SOUNDKITENTRY,1687461,0,109889
4839,SOUNDKITENTRY,1687462,0,109889
4840,SOUNDKITENTRY,1687463,0,109889
4841,SOUNDKITENTRY,1687468,0,109889
4842,SOUNDKITENTRY,1687469,0,109889
4843,SOUNDKITENTRY,1687470,0,109889
4844,SOUNDKITENTRY,1687471,0,109889
4845,SOUNDKITENTRY,1687472,0,109889
4846,SOUNDKITENTRY,1687473,0,109889
4847,SOUNDKITENTRY,1687474,0,109889
4848,SOUNDKITENTRY,1687475,0,109889
4849,SOUNDKITENTRY,1687476,0,109889
4850,SOUNDKITENTRY,1687477,0,109889
4851,SOUNDKITENTRY,1687478,0,109889
4852,SOUNDKITENTRY,1687479,0,109889
4853,SOUNDKITENTRY,1687480,0,109889
4854,SOUNDKITENTRY,1687481,0,109889
4855,SOUNDKITENTRY,1687482,0,109889
4856,SOUNDKITENTRY,1687483,0,109889
4857,SOUNDKITENTRY,1687484,0,109889
4858,SOUNDKITENTRY,1687485,0,109889
4859,SOUNDKITENTRY,1687486,0,109889
4860,SOUNDKITENTRY,1687487,0,109889
4861,SOUNDKITENTRY,1687495,0,109889
4862,SOUNDKITENTRY,1687496,0,109889
4863,SOUNDKITENTRY,1687497,0,109889
4864,SOUNDKITENTRY,1687498,0,109889
4865,SOUNDKITENTRY,1687499,0,109889
4866,SOUNDKITENTRY,1687500,0,109889
4867,SOUNDKITENTRY,1687501,0,109889
4868,SOUNDKITENTRY,1687502,0,109889
4869,SOUNDKITENTRY,1687503,0,109889
4870,SOUNDKITENTRY,1687504,0,109889
4871,SOUNDKITENTRY,1687505,0,109889
4872,SOUNDKITENTRY,1687506,0,109889
4873,SOUNDKITENTRY,1687507,0,109889
4874,SOUNDKITENTRY,1687508,0,109889
4875,SOUNDKITENTRY,1687509,0,109889
4876,SOUNDKITENTRY,1687510,0,109889
4877,SOUNDKITENTRY,1687511,0,109889
4878,SOUNDKITENTRY,1687512,0,109889
4879,SOUNDKITENTRY,1687513,0,109889
4880,SOUNDKITENTRY,1687514,0,109889
4881,SOUNDKITENTRY,1687515,0,109889
4882,SOUNDKITENTRY,1687516,0,109889
4883,SOUNDKITENTRY,1687517,0,109889
4884,SOUNDKITENTRY,1687518,0,109889
4885,SOUNDKITENTRY,1687519,0,109889
4886,SOUNDKITENTRY,1687520,0,109889
4887,SOUNDKITENTRY,1687521,0,109889
4888,SOUNDKITENTRY,1687522,0,109889
4889,SOUNDKITENTRY,1687523,0,109889
4890,SOUNDKITENTRY,1687524,0,109889
4891,SOUNDKITENTRY,1687525,0,109889
4892,SOUNDKITENTRY,1687526,0,109889
4893,SOUNDKITENTRY,1687527,0,109889
4894,SOUNDKITENTRY,1687528,0,109889
4895,SOUNDKITENTRY,1687529,0,109889
4896,SOUNDKITENTRY,1687533,0,109889
4897,SOUNDKITENTRY,1687534,0,109889
4898,SOUNDKITENTRY,1687535,0,109889
4899,SOUNDKITENTRY,1687536,0,109889
4900,SOUNDKITENTRY,1687537,0,109889
4901,SOUNDKITENTRY,1687538,0,109889
4902,SOUNDKITENTRY,1687539,0,109889
4903,SOUNDKITENTRY,1687540,0,109889
4904,SOUNDKITENTRY,1687541,0,109889
4905,SOUNDKITENTRY,1687542,0,109889
4906,SOUNDKITENTRY,1687543,0,109889
4907,SOUNDKITENTRY,1687544,0,109889
4908,SOUNDKITENTRY,1687545,0,109889
4909,SOUNDKITENTRY,1687546,0,109889
4910,SOUNDKITENTRY,1687547,0,109889
4911,SOUNDKITENTRY,1687548,0,109889
4912,SOUNDKITENTRY,1687549,0,109889
4913,SOUNDKITENTRY,1687550,0,109889
4914,SOUNDKITENTRY,1687551,0,109889
4915,SOUNDKITENTRY,1687552,0,109889
4916,SOUNDKITENTRY,1687553,0,109889
4917,SOUNDKITENTRY,1687554,0,109889
4918,SOUNDKITENTRY,1687555,0,109889
4919,SOUNDKITENTRY,1687556,0,109889
4920,SOUNDKITENTRY,1687557,0,109889
4921,SOUNDKITENTRY,1687558,0,109889
4922,SOUNDKITENTRY,1687559,0,109889
4923,SOUNDKITENTRY,1687560,0,109889
4924,SOUNDKITENTRY,1687561,0,109889
4925,SOUNDKITENTRY,1687562,0,109889
4926,SOUNDKITENTRY,1687563,0,109889
4927,SOUNDKITENTRY,1687564,0,109889
4928,SOUNDKITENTRY,1687565,0,109889
4929,SOUNDKITENTRY,1687566,0,109889
4930,SOUNDKITENTRY,1687567,0,109889
4931,SOUNDKITENTRY,1687605,0,109889
4932,SOUNDKITENTRY,1687606,0,109889
4933,SOUNDKITENTRY,1687607,0,109889
4934,SOUNDKITENTRY,1687608,0,109889
4935,SOUNDKITENTRY,1687609,0,109889
4936,SOUNDKITENTRY,1687610,0,109889
4937,SOUNDKITENTRY,1687611,0,109889
4938,SOUNDKITENTRY,1687612,0,109889
4939,SOUNDKITENTRY,1687613,0,109889
4940,SOUNDKITENTRY,1687614,0,109889
4941,SOUNDKITENTRY,1687615,0,109889
4942,SOUNDKITENTRY,1687616,0,109889
4943,SOUNDKITENTRY,1687641,0,109889
4944,SOUNDKITENTRY,1687642,0,109889
4945,SOUNDKITENTRY,1687643,0,109889
4946,SOUNDKITENTRY,1687644,0,109889
4947,SOUNDKITENTRY,1687645,0,109889
4948,SPAWNEVENT,5342085,0,109889
4949,SPAWNEVENT,5342090,0,109889
4950,SPAWNEVENT,5342091,0,109889
4951,SPAWNEVENT,5342092,0,109889
4952,SPAWNEVENT,5342093,0,109889
4953,SPAWNEVENT,5342094,0,109889
4954,SPAWNEVENT,5342095,0,109889
4955,SPAWNEVENT,5342103,0,109889
4956,SPAWNEVENT,5342276,0,109889
4957,SPAWNEVENT,5342281,0,109889
4958,SPAWNEVENT,5342287,0,109889
4959,SPAWNEVENT,5342288,0,109889
4960,SPAWNEVENT,5342289,0,109889
4961,SPAWNGROUP,3337126,0,109889
4962,SPAWNGROUP,3337130,0,109889
4963,SPAWNGROUP,3337131,0,109889
4964,SPAWNGROUP,3337132,0,109889
4965,SPAWNGROUP,3337297,0,109889
4966,SPAWNLOC,5238516,0,109889
4967,SPAWNLOC,5238520,0,109889
4968,SPAWNLOC,5238521,0,109889
4969,SPAWNLOC,5238522,0,109889
4970,SPAWNLOC,5238695,0,109889
4971,SPAWNOBJECT,8279204,0,109889
4972,SPAWNOBJECT,8279208,0,109889
4973,SPAWNOBJECT,8279209,0,109889
4974,SPAWNOBJECT,8279210,0,109889
4975,SPAWNOBJECT,8279384,0,109889
4976,SPAWNSQUAD,5514360,0,109889
4977,SPAWNSQUAD,5514364,0,109889
4978,SPAWNSQUAD,5514365,0,109889
4979,SPAWNSQUAD,5514366,0,109889
4980,SPAWNSQUAD,5514532,0,109889
4981,SPELLVISUAL,182387,0,109889
4982,SPELLVISUALEVENT,561359,0,109889
4983,SPELLVISUALEVENT,561374,0,109889
4984,SPELLVISUALKIT,278370,0,109889
4985,SPELLVISUALKIT,278383,0,109889
4986,SPELLVISUALKITEFFECT,690243,0,109889
4987,SPELLVISUALKITEFFECT,690244,0,109889
4988,SPELLVISUALKITEFFECT,690245,0,109889
4989,SPELLVISUALKITEFFECT,756258,0,109889
4990,SPELLVISUALKITEFFECT,756302,0,109889
4991,SPELLVISUALKITEFFECT,787888,0,109889
4992,SPELLVISUALKITEFFECT,787891,0,109889
4993,SPELLVISUALKITEFFECT,787910,0,109889
4994,SPELLVISUALKITEFFECT,787916,0,109889
4995,SPELLVISUALKITEFFECT,787917,0,109889
4996,SPELLVISUALKITEFFECT,787918,0,109889
4997,SPELLVISUALKITEFFECT,787920,0,109889
4998,SPELLVISUALKITEFFECT,787950,0,109889
4999,SPELLVISUALKITEFFECT,787951,0,109889
5000,SPELLVISUALKITEFFECT,787959,0,109889
5001,SPELLVISUALKITEFFECT,787965,0,109889
5002,SPELLVISUALKITEFFECT,787966,0,109889
5003,SPELLVISUALKITEFFECT,787969,0,109889
5004,SPELLVISUALKITEFFECT,787972,0,109889
5005,SPELLVISUALKITEFFECT,787978,0,109889
5006,SPELLVISUALKITEFFECT,787979,0,109889
5007,SPELLVISUALKITEFFECT,787981,0,109889
5008,SPELLVISUALKITEFFECT,787983,0,109889
5009,SPELLVISUALKITEFFECT,787992,0,109889
5010,SPELLVISUALKITEFFECT,787993,0,109889
5011,SPELLVISUALKITEFFECT,787996,0,109889
5012,SPELLVISUALKITEFFECT,788002,0,109889
5013,SPELLVISUALKITEFFECT,788003,0,109889
5014,SPELLVISUALMISSILE,28871,0,109889
5015,SPELLSCRIPT,40553,0,109899
5016,SOUNDKIT,367730,0,110015
5017,SOUNDKIT,367732,0,110015
5018,SOUNDKIT,367736,0,110015
5019,SOUNDKITADVANCED,331322,0,110015
5020,SOUNDKITADVANCED,331324,0,110015
5021,SOUNDKITADVANCED,331328,0,110015
5022,SOUNDKITCHILD,49073,0,110015
5023,SOUNDKITENTRY,1688892,0,110015
5024,SOUNDKITENTRY,1688893,0,110015
5025,SOUNDKITENTRY,1688894,0,110015
5026,SOUNDKITENTRY,1688895,0,110015
5027,SOUNDKITENTRY,1688896,0,110015
5028,SOUNDKITENTRY,1688899,0,110015
5029,SOUNDKITENTRY,1688900,0,110015
5030,SOUNDKITENTRY,1688901,0,110015
5031,SOUNDKITENTRY,1688902,0,110015
5032,SOUNDKITENTRY,1688903,0,110015
5033,SOUNDKITENTRY,1688928,0,110015
5034,SOUNDKITENTRY,1688929,0,110015
5035,SOUNDKITENTRY,1688930,0,110015
5036,SOUNDKITENTRY,1688931,0,110015
5037,SPELLVISUALKITEFFECT,762292,0,110015
5038,SPELLVISUALKITEFFECT,788549,0,110015
5039,SPELLEFFECT,1253819,0,110025
5040,SPELLEFFECT,1254966,0,110025
5041,SPELLINTERRUPTS,247575,0,110039
5042,LFGDUNGEONS,3245,0,110101
5043,SOUNDEMITTERS,34886,0,110107
5044,SOUNDEMITTERS,34887,0,110107
5045,SOUNDEMITTERS,34888,0,110107
5046,SOUNDEMITTERS,34889,0,110107
5047,SOUNDKIT,364548,0,110107
5048,SOUNDKIT,364558,0,110107
5049,SOUNDKIT,364559,0,110107
5050,EDGEGLOWEFFECT,8448,0,110108
5051,SOUNDKIT,367915,0,110112
5052,SOUNDKIT,367916,0,110112
5053,SOUNDKIT,367917,0,110112
5054,SOUNDKIT,367918,0,110112
5055,SOUNDKIT,367923,0,110112
5056,SOUNDKIT,367927,0,110112
5057,SOUNDKIT,367928,0,110112
5058,SOUNDKIT,367929,0,110112
5059,SOUNDKIT,367930,0,110112
5060,SOUNDKIT,367931,0,110112
5061,SOUNDKIT,367932,0,110112
5062,SOUNDKIT,367934,0,110112
5063,SOUNDKIT,367935,0,110112
5064,SOUNDKIT,367936,0,110112
5065,SOUNDKIT,367937,0,110112
5066,SOUNDKIT,367938,0,110112
5067,SOUNDKIT,367940,0,110112
5068,SOUNDKIT,367941,0,110112
5069,SOUNDKIT,368049,0,110112
5070,SOUNDKIT,368050,0,110112
5071,SOUNDKIT,368051,0,110112
5072,SOUNDKITADVANCED,331506,0,110112
5073,SOUNDKITADVANCED,331507,0,110112
5074,SOUNDKITADVANCED,331508,0,110112
5075,SOUNDKITADVANCED,331509,0,110112
5076,SOUNDKITADVANCED,331514,0,110112
5077,SOUNDKITADVANCED,331518,0,110112
5078,SOUNDKITADVANCED,331519,0,110112
5079,SOUNDKITADVANCED,331520,0,110112
5080,SOUNDKITADVANCED,331521,0,110112
5081,SOUNDKITADVANCED,331522,0,110112
5082,SOUNDKITADVANCED,331523,0,110112
5083,SOUNDKITADVANCED,331525,0,110112
5084,SOUNDKITADVANCED,331526,0,110112
5085,SOUNDKITADVANCED,331527,0,110112
5086,SOUNDKITADVANCED,331528,0,110112
5087,SOUNDKITADVANCED,331529,0,110112
5088,SOUNDKITADVANCED,331531,0,110112
5089,SOUNDKITADVANCED,331532,0,110112
5090,SOUNDKITADVANCED,331641,0,110112
5091,SOUNDKITADVANCED,331642,0,110112
5092,SOUNDKITADVANCED,331643,0,110112
5093,SOUNDKITCHILD,49148,0,110112
5094,SOUNDKITCHILD,49149,0,110112
5095,SOUNDKITCHILD,49150,0,110112
5096,SOUNDKITCHILD,49151,0,110112
5097,SOUNDKITCHILD,49152,0,110112
5098,SOUNDKITCHILD,49153,0,110112
5099,SOUNDKITCHILD,49154,0,110112
5100,SOUNDKITCHILD,49155,0,110112
5101,SOUNDKITCHILD,49220,0,110112
5102,SOUNDKITCHILD,49221,0,110112
5103,SOUNDKITENTRY,1690237,0,110112
5104,SOUNDKITENTRY,1690238,0,110112
5105,SOUNDKITENTRY,1690239,0,110112
5106,SOUNDKITENTRY,1690240,0,110112
5107,SOUNDKITENTRY,1690241,0,110112
5108,SOUNDKITENTRY,1690242,0,110112
5109,SOUNDKITENTRY,1690243,0,110112
5110,SOUNDKITENTRY,1690244,0,110112
5111,SOUNDKITENTRY,1690245,0,110112
5112,SOUNDKITENTRY,1690246,0,110112
5113,SOUNDKITENTRY,1690247,0,110112
5114,SOUNDKITENTRY,1690248,0,110112
5115,SOUNDKITENTRY,1690249,0,110112
5116,SOUNDKITENTRY,1690250,0,110112
5117,SOUNDKITENTRY,1690251,0,110112
5118,SOUNDKITENTRY,1690252,0,110112
5119,SOUNDKITENTRY,1690253,0,110112
5120,SOUNDKITENTRY,1690254,0,110112
5121,SOUNDKITENTRY,1690255,0,110112
5122,SOUNDKITENTRY,1690256,0,110112
5123,SOUNDKITENTRY,1690257,0,110112
5124,SOUNDKITENTRY,1690258,0,110112
5125,SOUNDKITENTRY,1690259,0,110112
5126,SOUNDKITENTRY,1690260,0,110112
5127,SOUNDKITENTRY,1690261,0,110112
5128,SOUNDKITENTRY,1690262,0,110112
5129,SOUNDKITENTRY,1690270,0,110112
5130,SOUNDKITENTRY,1690271,0,110112
5131,SOUNDKITENTRY,1690272,0,110112
5132,SOUNDKITENTRY,1690284,0,110112
5133,SOUNDKITENTRY,1690285,0,110112
5134,SOUNDKITENTRY,1690286,0,110112
5135,SOUNDKITENTRY,1690287,0,110112
5136,SOUNDKITENTRY,1690288,0,110112
5137,SOUNDKITENTRY,1690289,0,110112
5138,SOUNDKITENTRY,1690290,0,110112
5139,SOUNDKITENTRY,1690291,0,110112
5140,SOUNDKITENTRY,1690292,0,110112
5141,SOUNDKITENTRY,1690293,0,110112
5142,SOUNDKITENTRY,1690294,0,110112
5143,SOUNDKITENTRY,1690295,0,110112
5144,SOUNDKITENTRY,1690296,0,110112
5145,SOUNDKITENTRY,1690297,0,110112
5146,SOUNDKITENTRY,1690298,0,110112
5147,SOUNDKITENTRY,1690299,0,110112
5148,SOUNDKITENTRY,1690300,0,110112
5149,SOUNDKITENTRY,1690301,0,110112
5150,SOUNDKITENTRY,1690302,0,110112
5151,SOUNDKITENTRY,1690303,0,110112
5152,SOUNDKITENTRY,1690304,0,110112
5153,SOUNDKITENTRY,1690305,0,110112
5154,SOUNDKITENTRY,1690306,0,110112
5155,SOUNDKITENTRY,1690307,0,110112
5156,SOUNDKITENTRY,1690308,0,110112
5157,SOUNDKITENTRY,1690309,0,110112
5158,SOUNDKITENTRY,1690310,0,110112
5159,SOUNDKITENTRY,1690311,0,110112
5160,SOUNDKITENTRY,1690312,0,110112
5161,SOUNDKITENTRY,1690313,0,110112
5162,SOUNDKITENTRY,1690314,0,110112
5163,SOUNDKITENTRY,1690315,0,110112
5164,SOUNDKITENTRY,1690316,0,110112
5165,SOUNDKITENTRY,1690317,0,110112
5166,SOUNDKITENTRY,1690318,0,110112
5167,SOUNDKITENTRY,1690319,0,110112
5168,SOUNDKITENTRY,1690320,0,110112
5169,SOUNDKITENTRY,1690321,0,110112
5170,SOUNDKITENTRY,1690322,0,110112
5171,SOUNDKITENTRY,1690323,0,110112
5172,SOUNDKITENTRY,1690324,0,110112
5173,SOUNDKITENTRY,1690325,0,110112
5174,SOUNDKITENTRY,1690326,0,110112
5175,SOUNDKITENTRY,1690327,0,110112
5176,SOUNDKITENTRY,1690328,0,110112
5177,SOUNDKITENTRY,1690330,0,110112
5178,SOUNDKITENTRY,1690331,0,110112
5179,SOUNDKITENTRY,1690332,0,110112
5180,SOUNDKITENTRY,1690333,0,110112
5181,SOUNDKITENTRY,1690334,0,110112
5182,SOUNDKITENTRY,1690335,0,110112
5183,SOUNDKITENTRY,1690336,0,110112
5184,SOUNDKITENTRY,1690337,0,110112
5185,SOUNDKITENTRY,1690338,0,110112
5186,SOUNDKITENTRY,1690339,0,110112
5187,SOUNDKITENTRY,1690340,0,110112
5188,SOUNDKITENTRY,1690341,0,110112
5189,SOUNDKITENTRY,1690342,0,110112
5190,SOUNDKITENTRY,1690343,0,110112
5191,SOUNDKITENTRY,1690344,0,110112
5192,SOUNDKITENTRY,1690345,0,110112
5193,SOUNDKITENTRY,1690346,0,110112
5194,SOUNDKITENTRY,1690347,0,110112
5195,SOUNDKITENTRY,1690348,0,110112
5196,SOUNDKITENTRY,1690349,0,110112
5197,SOUNDKITENTRY,1690350,0,110112
5198,SOUNDKITENTRY,1690351,0,110112
5199,SOUNDKITENTRY,1690352,0,110112
5200,SOUNDKITENTRY,1690353,0,110112
5201,SOUNDKITENTRY,1690354,0,110112
5202,SOUNDKITENTRY,1690355,0,110112
5203,SOUNDKITENTRY,1690356,0,110112
5204,SOUNDKITENTRY,1690357,0,110112
5205,SOUNDKITENTRY,1690358,0,110112
5206,SOUNDKITENTRY,1690360,0,110112
5207,SOUNDKITENTRY,1690361,0,110112
5208,SOUNDKITENTRY,1690362,0,110112
5209,SOUNDKITENTRY,1690363,0,110112
5210,SOUNDKITENTRY,1690364,0,110112
5211,SOUNDKITENTRY,1690365,0,110112
5212,SOUNDKITENTRY,1690366,0,110112
5213,SOUNDKITENTRY,1690367,0,110112
5214,SOUNDKITENTRY,1690368,0,110112
5215,SOUNDKITENTRY,1690369,0,110112
5216,SOUNDKITENTRY,1690370,0,110112
5217,SOUNDKITENTRY,1690371,0,110112
5218,SOUNDKITENTRY,1690372,0,110112
5219,SOUNDKITENTRY,1690373,0,110112
5220,SOUNDKITENTRY,1690374,0,110112
5221,SOUNDKITENTRY,1690375,0,110112
5222,SOUNDKITENTRY,1690376,0,110112
5223,SOUNDKITENTRY,1690377,0,110112
5224,SOUNDKITENTRY,1690378,0,110112
5225,SOUNDKITENTRY,1690379,0,110112
5226,SOUNDKITENTRY,1691184,0,110112
5227,SOUNDKITENTRY,1691185,0,110112
5228,SOUNDKITENTRY,1691186,0,110112
5229,SOUNDKITENTRY,1691187,0,110112
5230,SOUNDKITENTRY,1691188,0,110112
5231,SOUNDKITENTRY,1691189,0,110112
5232,SOUNDKITENTRY,1691190,0,110112
5233,SOUNDKITENTRY,1691191,0,110112
5234,SOUNDKITENTRY,1691192,0,110112
5235,SOUNDKITENTRY,1691193,0,110112
5236,SOUNDKITENTRY,1691194,0,110112
5237,SOUNDKITENTRY,1691195,0,110112
5238,SOUNDKITENTRY,1691196,0,110112
5239,SPELLVISUAL,166525,0,110112
5240,SPELLVISUAL,184846,0,110112
5241,SPELLVISUALEVENT,551911,0,110112
5242,SPELLVISUALKIT,278798,0,110112
5243,SPELLVISUALKITDECALATTACH,495,0,110112
5244,SPELLVISUALKITEFFECT,698201,0,110112
5245,SPELLVISUALKITEFFECT,698202,0,110112
5246,SPELLVISUALKITEFFECT,698203,0,110112
5247,SPELLVISUALKITEFFECT,763084,0,110112
5248,SPELLVISUALKITEFFECT,763085,0,110112
5249,SPELLVISUALKITEFFECT,766010,0,110112
5250,SPELLVISUALKITEFFECT,788951,0,110112
5251,SPELLVISUALKITEFFECT,788952,0,110112
5252,SPELLVISUALKITEFFECT,788953,0,110112
5253,SPELLVISUALKITEFFECT,788957,0,110112
5254,SPELLVISUALKITEFFECT,788980,0,110112
5255,SPELLVISUALKITEFFECT,788985,0,110112
5256,SPELLVISUALKITEFFECT,788991,0,110112
5257,SPELLVISUALKITEFFECT,788992,0,110112
5258,SPELLVISUALKITEFFECT,789010,0,110112
5259,SPELLVISUALKITEFFECT,789209,0,110112
5260,SPELLVISUALMISSILE,29208,0,110112
5261,SPELLVISUALMISSILE,29807,0,110112
5262,SPELLVISUALMISSILESET,24858,0,110112
5263,SPELLSCRIPTTEXT,24067,0,110152
5264,SPELLSCRIPTTEXT,24068,0,110152
5265,SPELLSCRIPT,133512,0,110157
5266,SPELLSCRIPTPACKAGE,70993,0,110157
5267,SOUNDKIT,327661,0,110177
5268,SOUNDKIT,327662,0,110177
5269,SOUNDKIT,364187,0,110177
5270,SOUNDKIT,364188,0,110177
5271,SPELLVISUAL,169733,0,110177
5272,SPELLVISUALEVENT,561993,0,110177
5273,AIBEHAVIORACTIONSET,2940,0,110186
5274,AI_GROUPACTIONSET,1210063,0,110186
5275,AI_GROUPACTION,1072639,0,110192
5276,AI_GROUPACTION,1072640,0,110192
5277,SPELLEFFECT,1318833,0,110192
5278,SPELLEFFECT,1334757,0,110192
5279,SOUNDKIT,344692,0,110196
5280,SOUNDKIT,344742,0,110196
5281,SOUNDKIT,344776,0,110196
5282,SOUNDKIT,344832,0,110196
5283,SOUNDKIT,344843,0,110196
5284,SOUNDKIT,344884,0,110196
5285,SOUNDKIT,344954,0,110196
5286,SOUNDKIT,344974,0,110196
5287,SOUNDKIT,356169,0,110196
5288,SOUNDKIT,356174,0,110196
5289,SOUNDKIT,356188,0,110196
5290,SOUNDKIT,356189,0,110196
5291,SOUNDKIT,356196,0,110196
5292,SOUNDKIT,356198,0,110196
5293,SOUNDKIT,356199,0,110196
5294,SOUNDKIT,356200,0,110196
5295,SOUNDKIT,356201,0,110196
5296,SOUNDKIT,356205,0,110196
5297,SOUNDKIT,356215,0,110196
5298,SOUNDKIT,356240,0,110196
5299,SOUNDKIT,356374,0,110196
5300,SOUNDKIT,356375,0,110196
5301,SOUNDKIT,356381,0,110196
5302,SOUNDKIT,356382,0,110196
5303,SOUNDKIT,356383,0,110196
5304,SOUNDKIT,356410,0,110196
5305,SOUNDKIT,356411,0,110196
5306,SOUNDKIT,356417,0,110196
5307,SOUNDKIT,356423,0,110196
5308,SOUNDKIT,356641,0,110196
5309,SOUNDKIT,357128,0,110196
5310,SOUNDKIT,357389,0,110196
5311,SOUNDKIT,357395,0,110196
5312,SOUNDKIT,357416,0,110196
5313,SOUNDKIT,357417,0,110196
5314,SOUNDKIT,358721,0,110196
5315,SOUNDKIT,358819,0,110196
5316,SOUNDKIT,362602,0,110196
5317,SOUNDKIT,362616,0,110196
5318,SOUNDKIT,362617,0,110196
5319,SOUNDKIT,362658,0,110196
5320,SOUNDKIT,362659,0,110196
5321,SOUNDKIT,362880,0,110196
5322,SOUNDKIT,362902,0,110196
5323,SOUNDKIT,362903,0,110196
5324,SOUNDKIT,363448,0,110196
5325,SOUNDKIT,363449,0,110196
5326,SOUNDKIT,363730,0,110196
5327,SOUNDKIT,363731,0,110196
5328,SOUNDKIT,364067,0,110196
5329,SOUNDKIT,364449,0,110196
5330,SOUNDKIT,364767,0,110196
5331,SOUNDKIT,367362,0,110196
5332,SOUNDKIT,367363,0,110196
5333,SOUNDKIT,367364,0,110196
5334,SOUNDKIT,367371,0,110196
5335,SOUNDKIT,367374,0,110196
5336,SOUNDKITADVANCED,308640,0,110196
5337,SOUNDKITADVANCED,308690,0,110196
5338,SOUNDKITADVANCED,308724,0,110196
5339,SOUNDKITADVANCED,308780,0,110196
5340,SOUNDKITADVANCED,308791,0,110196
5341,SOUNDKITADVANCED,308832,0,110196
5342,SOUNDKITADVANCED,308902,0,110196
5343,SOUNDKITADVANCED,308922,0,110196
5344,SOUNDKITADVANCED,320316,0,110196
5345,SOUNDKITADVANCED,320511,0,110196
5346,SOUNDKITADVANCED,320533,0,110196
5347,SOUNDKITADVANCED,320534,0,110196
5348,SOUNDKITADVANCED,321018,0,110196
5349,SOUNDKITADVANCED,321023,0,110196
5350,SOUNDKITADVANCED,326416,0,110196
5351,SOUNDKITADVANCED,330961,0,110196
5352,SOUNDKITADVANCED,330962,0,110196
5353,SOUNDKITENTRY,1686530,0,110196
5354,SOUNDKITENTRY,1686531,0,110196
5355,SOUNDKITENTRY,1686532,0,110196
5356,SOUNDKITENTRY,1686533,0,110196
5357,SOUNDKITENTRY,1686534,0,110196
5358,SOUNDKITENTRY,1686535,0,110196
5359,SOUNDKITENTRY,1691398,0,110196
5360,SOUNDKITENTRY,1691399,0,110196
5361,SOUNDKITENTRY,1691400,0,110196
5362,SOUNDKITENTRY,1691401,0,110196
5363,SOUNDKITENTRY,1691402,0,110196
5364,SOUNDKITENTRY,1691403,0,110196
5365,SOUNDKITENTRY,1691404,0,110196
5366,SOUNDKITENTRY,1691405,0,110196
5367,SOUNDKITENTRY,1691406,0,110196
5368,SOUNDKITENTRY,1691407,0,110196
5369,CREATUREDIFFICULTY,345074,0,110225
5370,CREATUREDIFFICULTY,355775,0,110225
5371,CREATUREDIFFICULTY,355776,0,110225
5372,CREATUREDIFFICULTY,355777,0,110225
5373,CREATUREDIFFICULTY,356509,0,110225
5374,CREATUREDIFFICULTY,356510,0,110225
5375,CREATUREDIFFICULTY,356511,0,110225
5376,CREATUREDIFFICULTY,357195,0,110225
5377,CREATUREDIFFICULTY,357196,0,110225
5378,CREATUREDIFFICULTY,357197,0,110225
5379,CREATUREDIFFICULTY,357905,0,110225
5380,CREATUREDIFFICULTY,357906,0,110225
5381,CREATUREDIFFICULTY,357907,0,110225
5382,CREATURESPELLDATA,50202,0,110225
5383,SPELLEFFECT,1315652,0,110225
5384,SPELLEFFECT,1317508,0,110225
5385,SPELLEFFECT,1318764,0,110225
5386,SPELLEFFECT,1329429,0,110225
5387,SPELLEFFECT,1337304,0,110225
5388,SPELLEFFECT,1346811,0,110225
5389,SPELLEFFECT,1346812,0,110225
5390,SPELLEFFECT,1346813,0,110225
5391,SPELLEFFECT,1346814,0,110225
5392,CREATUREDIFFICULTY,346356,0,110237
5393,CREATUREDIFFICULTY,349970,0,110237
5394,CREATUREDIFFICULTY,355331,0,110237
5395,CREATUREDIFFICULTY,355333,0,110237
5396,CREATUREDIFFICULTY,355334,0,110237
5397,CREATUREDIFFICULTY,357932,0,110237
5398,CREATUREDIFFICULTY,357933,0,110237
5399,CREATUREDIFFICULTYTREASURE,256129,0,110237
5400,CREATUREDIFFICULTYTREASURE,256130,0,110237
5401,CREATURELABEL,94198,0,110237
5402,CREATURELABEL,94199,0,110237
5403,CREATURESPELLDATA,49781,0,110237
5404,CREATURESPELLDATA,50122,0,110237
5405,SPELLEFFECT,1298925,0,110237
5406,SPELLEFFECT,1311888,0,110237
5407,SPELLSCRIPTTEXT,29506,0,110303
5408,SPELLSCRIPTTEXT,29507,0,110303
5409,SPELLMISC,857580,0,110308
5410,AIADVERT,4263,0,110331
5411,AIADVERT,4308,0,110331
5412,SPELLSCRIPTTEXT,28734,0,110331
5413,SPELLSCRIPTTEXT,28735,0,110331
5414,SPELLSCRIPTTEXT,28736,0,110331
5415,SPELLSCRIPTTEXT,28737,0,110331
5416,SPELLSCRIPTTEXT,28738,0,110331
5417,CFG_DATABASES,893,0,110337
5418,CFG_REALMS,6737,0,110337
5419,DATATAGXRECORD,29290,0,110063
5420,DATATAGXRECORD,29291,0,110063
5421,DECORXDECORSUBCATEGORY,6327,0,110063
5422,HOUSEDECOR,1428,0,110063
5423,AREATRIGGERACTION,74189,0,110323
5424,AREATRIGGERACTIONSET,45215,0,110323
5425,AREATRIGGERCREATEPROPERTIES,44717,0,110323
5426,SPAWNEVENT,5347216,0,110323
5427,SPAWNGROUP,3341561,0,110323
5428,SPAWNLOC,5207197,0,110323
5429,SPAWNLOC,5243530,0,110323
5430,SPAWNOBJECT,8286175,0,110323
5431,SPAWNREGION,182280,0,110323
5432,SPAWNSQUAD,5520220,0,110323
5433,WORLDSTATEEXPRESSION,53874,0,110323
5434,AI_GROUPACTION,1090937,0,109896
5435,AI_GROUPACTION,1090941,0,109896
5436,AI_GROUPACTIONSET,1209299,0,109896
5437,AI_GROUPACTIONSET,1209303,0,109896
5438,AI_TRIGGERACTION,221980,0,109896
5439,CREATUREDIFFICULTY,352573,0,109896
5440,GAMEOBJECTS,661535,0,109896
5441,GAMEOBJECTS,661536,0,109896
5442,SOUNDKIT,367496,0,109896
5443,SOUNDKIT,367502,0,109896
5444,SOUNDKIT,367539,0,109896
5445,SOUNDKIT,367540,0,109896
5446,SOUNDKIT,367550,0,109896
5447,SOUNDKIT,367551,0,109896
5448,SOUNDKIT,367552,0,109896
5449,SOUNDKIT,367557,0,109896
5450,SOUNDKIT,367563,0,109896
5451,SOUNDKIT,367564,0,109896
5452,SOUNDKIT,367583,0,109896
5453,SOUNDKITADVANCED,331095,0,109896
5454,SOUNDKITADVANCED,331101,0,109896
5455,SOUNDKITADVANCED,331138,0,109896
5456,SOUNDKITADVANCED,331139,0,109896
5457,SOUNDKITADVANCED,331149,0,109896
5458,SOUNDKITADVANCED,331150,0,109896
5459,SOUNDKITADVANCED,331151,0,109896
5460,SOUNDKITADVANCED,331154,0,109896
5461,SOUNDKITADVANCED,331160,0,109896
5462,SOUNDKITADVANCED,331161,0,109896
5463,SOUNDKITADVANCED,331180,0,109896
5464,SOUNDKITCHILD,49014,0,109896
5465,SOUNDKITCHILD,49015,0,109896
5466,SOUNDKITCHILD,49017,0,109896
5467,SOUNDKITENTRY,1687417,0,109896
5468,SOUNDKITENTRY,1687464,0,109896
5469,SOUNDKITENTRY,1687465,0,109896
5470,SOUNDKITENTRY,1687466,0,109896
5471,SOUNDKITENTRY,1687467,0,109896
5472,SOUNDKITENTRY,1687488,0,109896
5473,SOUNDKITENTRY,1687489,0,109896
5474,SOUNDKITENTRY,1687490,0,109896
5475,SOUNDKITENTRY,1687491,0,109896
5476,SOUNDKITENTRY,1687492,0,109896
5477,SOUNDKITENTRY,1687493,0,109896
5478,SOUNDKITENTRY,1687494,0,109896
5479,SOUNDKITENTRY,1687720,0,109896
5480,SOUNDKITENTRY,1687721,0,109896
5481,SOUNDKITENTRY,1687722,0,109896
5482,SOUNDKITENTRY,1687723,0,109896
5483,SOUNDKITENTRY,1687724,0,109896
5484,SOUNDKITENTRY,1687725,0,109896
5485,SOUNDKITENTRY,1687780,0,109896
5486,SOUNDKITENTRY,1687781,0,109896
5487,SOUNDKITENTRY,1687782,0,109896
5488,SOUNDKITENTRY,1687783,0,109896
5489,SOUNDKITENTRY,1687784,0,109896
5490,SOUNDKITENTRY,1687785,0,109896
5491,SOUNDKITENTRY,1687786,0,109896
5492,SOUNDKITENTRY,1687787,0,109896
5493,SOUNDKITENTRY,1687788,0,109896
5494,SOUNDKITENTRY,1687789,0,109896
5495,SOUNDKITENTRY,1687790,0,109896
5496,SOUNDKITENTRY,1687791,0,109896
5497,SOUNDKITENTRY,1687792,0,109896
5498,SOUNDKITENTRY,1687793,0,109896
5499,SOUNDKITENTRY,1687794,0,109896
5500,SOUNDKITENTRY,1687795,0,109896
5501,SOUNDKITENTRY,1687796,0,109896
5502,SOUNDKITENTRY,1687797,0,109896
5503,SOUNDKITENTRY,1687798,0,109896
5504,SOUNDKITENTRY,1687799,0,109896
5505,SOUNDKITENTRY,1687800,0,109896
5506,SOUNDKITENTRY,1687801,0,109896
5507,SOUNDKITENTRY,1687802,0,109896
5508,SOUNDKITENTRY,1687803,0,109896
5509,SOUNDKITENTRY,1687804,0,109896
5510,SOUNDKITENTRY,1687805,0,109896
5511,SOUNDKITENTRY,1687806,0,109896
5512,SOUNDKITENTRY,1687807,0,109896
5513,SOUNDKITENTRY,1687808,0,109896
5514,SOUNDKITENTRY,1687809,0,109896
5515,SOUNDKITENTRY,1687810,0,109896
5516,SOUNDKITENTRY,1687811,0,109896
5517,SOUNDKITENTRY,1687823,0,109896
5518,SOUNDKITENTRY,1687824,0,109896
5519,SOUNDKITENTRY,1687825,0,109896
5520,SOUNDKITENTRY,1687826,0,109896
5521,SOUNDKITENTRY,1687827,0,109896
5522,SOUNDKITENTRY,1687828,0,109896
5523,SOUNDKITENTRY,1687829,0,109896
5524,SOUNDKITENTRY,1687830,0,109896
5525,SOUNDKITENTRY,1687831,0,109896
5526,SOUNDKITENTRY,1687832,0,109896
5527,SOUNDKITENTRY,1687833,0,109896
5528,SOUNDKITENTRY,1687834,0,109896
5529,SOUNDKITENTRY,1687835,0,109896
5530,SOUNDKITENTRY,1687836,0,109896
5531,SOUNDKITENTRY,1687837,0,109896
5532,SOUNDKITENTRY,1687838,0,109896
5533,SOUNDKITENTRY,1687839,0,109896
5534,SOUNDKITENTRY,1687840,0,109896
5535,SOUNDKITENTRY,1687858,0,109896
5536,SOUNDKITENTRY,1687859,0,109896
5537,SOUNDKITENTRY,1687860,0,109896
5538,SOUNDKITENTRY,1687861,0,109896
5539,SOUNDKITENTRY,1687862,0,109896
5540,SOUNDKITENTRY,1687863,0,109896
5541,SOUNDKITENTRY,1687864,0,109896
5542,SOUNDKITENTRY,1687865,0,109896
5543,SOUNDKITENTRY,1687866,0,109896
5544,SOUNDKITENTRY,1687867,0,109896
5545,SOUNDKITENTRY,1687868,0,109896
5546,SOUNDKITENTRY,1687869,0,109896
5547,SOUNDKITENTRY,1687870,0,109896
5548,SOUNDKITENTRY,1687871,0,109896
5549,SOUNDKITENTRY,1687872,0,109896
5550,SOUNDKITENTRY,1687873,0,109896
5551,SOUNDKITENTRY,1687874,0,109896
5552,SOUNDKITENTRY,1687875,0,109896
5553,SOUNDKITENTRY,1687876,0,109896
5554,SOUNDKITENTRY,1687877,0,109896
5555,SOUNDKITENTRY,1688003,0,109896
5556,SOUNDKITENTRY,1688004,0,109896
5557,SOUNDKITENTRY,1688005,0,109896
5558,SOUNDKITENTRY,1688006,0,109896
5559,SOUNDKITENTRY,1688007,0,109896
5560,SPELLEFFECT,1329528,0,109896
5561,SPELLVISUAL,167019,0,109896
5562,SPELLVISUAL,185642,0,109896
5563,SPELLVISUAL,190214,0,109896
5564,SPELLVISUAL,190223,0,109896
5565,SPELLVISUAL,190230,0,109896
5566,SPELLVISUALEVENT,553386,0,109896
5567,SPELLVISUALEVENT,561405,0,109896
5568,SPELLVISUALEVENT,561409,0,109896
5569,SPELLVISUALEVENT,561410,0,109896
5570,SPELLVISUALEVENT,561412,0,109896
5571,SPELLVISUALEVENT,561427,0,109896
5572,SPELLVISUALEVENT,561437,0,109896
5573,SPELLVISUALKIT,278354,0,109896
5574,SPELLVISUALKIT,278415,0,109896
5575,SPELLVISUALKIT,278418,0,109896
5576,SPELLVISUALKIT,278419,0,109896
5577,SPELLVISUALKIT,278422,0,109896
5578,SPELLVISUALKIT,278438,0,109896
5579,SPELLVISUALKIT,278448,0,109896
5580,SPELLVISUALKITEFFECT,787893,0,109896
5581,SPELLVISUALKITEFFECT,787894,0,109896
5582,SPELLVISUALKITEFFECT,787906,0,109896
5583,SPELLVISUALKITEFFECT,787907,0,109896
5584,SPELLVISUALKITEFFECT,787913,0,109896
5585,SPELLVISUALKITEFFECT,788085,0,109896
5586,SPELLVISUALKITEFFECT,788088,0,109896
5587,SPELLVISUALKITEFFECT,788091,0,109896
5588,SPELLVISUALKITEFFECT,788092,0,109896
5589,SPELLVISUALKITEFFECT,788093,0,109896
5590,SPELLVISUALKITEFFECT,788095,0,109896
5591,SPELLVISUALKITEFFECT,788099,0,109896
5592,SPELLVISUALKITEFFECT,788124,0,109896
5593,SPELLVISUALKITEFFECT,788132,0,109896
5594,SPELLVISUALKITEFFECT,788137,0,109896
5595,SPELLVISUALKITEFFECT,788140,0,109896
5596,SPELLVISUALKITMODELATTACH,637420,0,109896
5597,SPELLXSPELLVISUAL,531314,0,109896
5598,GAMEOBJECTS,675629,0,110311
5599,MODIFIERTREE,462340,0,110311
5600,MODIFIERTREE,462341,0,110311
5601,MODIFIERTREE,462342,0,110311
5602,MODIFIERTREE,462343,0,110311
5603,MODIFIERTREE,462344,0,110311
5604,MODIFIERTREE,462345,0,110311
5605,MODIFIERTREE,462346,0,110311
5606,MODIFIERTREE,462347,0,110311
5607,PHASE,30167,0,110311
5608,PLAYERCONDITION,162955,0,110311
5609,PLAYERCONDITION,162956,0,110311
5610,QUESTOBJECTIVE,478063,0,110311
5611,QUESTOBJECTIVECOMPLETIONEFFECT,47433,0,110311
5612,QUESTOBJECTIVECOMPLETIONEFFECT,47434,0,110311
5613,SPAWNGROUP,3334227,0,110311
5614,SPAWNTRACKING,15863,0,110311
5615,SPAWNTRACKINGACTION,144718,0,110311
5616,SPAWNTRACKINGACTION,144719,0,110311
5617,SPAWNTRACKINGACTION,144722,0,110311
5618,SPAWNTRACKINGACTION,144723,0,110311
5619,SPAWNTRACKINGACTION,144726,0,110311
5620,SPAWNTRACKINGACTION,144727,0,110311
5621,SPAWNTRACKINGACTION,144730,0,110311
5622,SPAWNTRACKINGACTION,144731,0,110311
5623,SPAWNTRACKINGSTATE,55416,0,110311
5624,SPAWNTRACKINGSTATE,55417,0,110311
5625,SPAWNTRACKINGSTATE,55418,0,110311
5626,SPAWNTRACKINGSTATE,55419,0,110311
5627,CRAFTINGREAGENTQUALITY,2057,0,110248
5628,CRAFTINGREAGENTQUALITY,2058,0,110248
5629,ITEMCONDITION,194,0,110248
5630,ITEMFIXUP,148,0,110248
5631,ITEMFIXUPACTION,381,0,110248
5632,ITEMFIXUPACTION,382,0,110248
5633,ITEMFIXUPACTION,383,0,110248
5634,ITEMFIXUPACTION,384,0,110248
5635,ITEMRECRAFT,87,0,110248
5636,ITEMRECRAFT,88,0,110248
5637,ITEMRECRAFT,89,0,110248
5638,MCRSLOTXMCRCATEGORY,2033,0,110248
5639,MCRSLOTXMCRCATEGORY,2034,0,110248
5640,MODIFIEDCRAFTINGCATEGORY,922,0,110248
5641,MODIFIERTREE,302165,0,110248
5642,MODIFIERTREE,302170,0,110248
5643,MODIFIERTREE,302171,0,110248
5644,MODIFIERTREE,302172,0,110248
5645,MODIFIERTREE,462284,0,110248
5646,MODIFIERTREE,462285,0,110248
5647,MODIFIERTREE,462286,0,110248
5648,MODIFIERTREE,462287,0,110248
5649,MODIFIERTREE,462288,0,110248
5650,MODIFIERTREE,462289,0,110248
5651,MODIFIERTREE,462290,0,110248
5652,MODIFIERTREE,462291,0,110248
5653,MODIFIERTREE,462308,0,110248
5654,MODIFIERTREE,462309,0,110248
5655,MODIFIERTREE,462320,0,110248
5656,SPELLCLASSOPTIONS,81315,0,110259
5657,SPELLCLASSOPTIONS,84220,0,110259
5658,SPELLEFFECT,179693,0,110259
5659,SPELLEFFECT,191158,0,110259
5660,SPELLEFFECT,191159,0,110259
5661,SPELLEFFECT,191160,0,110259
5662,SPELLEFFECT,191161,0,110259
5663,SPELLEFFECT,1176395,0,110259
5664,SPELLEFFECT,1176396,0,110259
5665,SPELLEFFECT,1326128,0,110259
5666,SPELLEFFECT,1326129,0,110259
5667,SPELLEFFECT,1241611,0,110280
5668,SPELLEFFECT,1285501,0,110280
5669,SPELLEFFECT,1341865,0,110280
5670,COMPOSITESPELLSUIREDIRECT,459,0,110122
5671,SPELLEFFECT,885733,0,110122
5672,SPELLEFFECT,891602,0,110122
5673,SPELLEFFECT,1050506,0,110122
5674,SPELLEFFECT,1080987,0,110122
5675,SPELLEFFECT,1123725,0,110122
5676,SPELLEFFECT,1319309,0,110122
5677,SPELLMISC,818576,0,110122
5678,SPELLSCRIPT,73753,0,110122
5679,SPELLSCRIPT,79469,0,110122
5680,SPELLSCRIPT,133479,0,110122
5681,SPELLSCRIPTPACKAGE,82373,0,110122
5682,SPELLEFFECT,179713,0,110252
5683,SPELLEFFECT,179715,0,110252
5684,SPELLEFFECT,191076,0,110252
5685,SPELLEFFECT,191077,0,110252
5686,SPELLEFFECT,191084,0,110252
5687,SPELL,1296586,0,110036
5688,SPELL,1310248,0,110036
5689,SPELLAURAOPTIONS,246237,0,110036
5690,SPELLAURAOPTIONS,247342,0,110036
5691,SPELLAURAOPTIONS,247941,0,110036
5692,SPELLEFFECT,136440,0,110036
5693,SPELLEFFECT,179703,0,110036
5694,SPELLEFFECT,191121,0,110036
5695,SPELLEFFECT,191122,0,110036
5696,SPELLEFFECT,191123,0,110036
5697,SPELLEFFECT,294013,0,110036
5698,SPELLEFFECT,1248963,0,110036
5699,SPELLEFFECT,1273366,0,110036
5700,SPELLEFFECT,1319246,0,110036
5701,SPELLEFFECT,1319247,0,110036
5702,SPELLEFFECT,1319793,0,110036
5703,SPELLMISC,843933,0,110036
5704,SPELLSCRIPT,47,0,110036
5705,SPELLSCRIPT,133437,0,110036
5706,SPELLSCRIPTPACKAGE,82340,0,110036
5707,SPELLVISUALKITEFFECT,788856,0,110036
5708,SPELLVISUALKITMODELATTACH,637844,0,110036
5709,SPELLVISUALMISSILE,9992,0,110036
5710,PETSCALING,756,0,110190
5711,PETSCALINGNODE,7836,0,110190
5712,PETSCALINGNODE,7837,0,110190
5713,PETSCALINGNODE,7838,0,110190
5714,PETSCALINGNODE,7839,0,110190
5715,PETSCALINGNODE,7840,0,110190
5716,PETSCALINGNODE,7841,0,110190
5717,PETSCALINGNODE,7842,0,110190
5718,PETSCALINGNODE,7843,0,110190
5719,PETSCALINGNODE,7844,0,110190
5720,PETSCALINGNODE,7845,0,110190
5721,PETSCALINGNODE,7846,0,110190
5722,PETSCALINGNODE,7847,0,110190
5723,PETSCALINGNODE,7848,0,110190
5724,PETSCALINGNODE,7849,0,110190
5725,PETSCALINGNODE,7850,0,110190
5726,PETSCALINGNODE,7851,0,110190
5727,PETSCALINGNODE,7852,0,110190
5728,PETSCALINGNODE,7853,0,110190
5729,PETSCALINGNODE,7854,0,110190
5730,PETSCALINGNODE,7855,0,110190
5731,PETSCALINGNODE,7856,0,110190
5732,PETSCALINGNODE,7857,0,110190
5733,PETSCALINGNODE,7858,0,110190
5734,PETSCALINGNODE,7859,0,110190
5735,PETSCALINGNODE,7860,0,110190
5736,PETSCALINGNODE,7861,0,110190
5737,PETSCALINGNODE,7862,0,110190
5738,PETSCALINGNODE,7863,0,110190
5739,PETSCALINGNODE,7864,0,110190
5740,SPELLEFFECT,2210,0,110190
5741,SPELLEFFECT,40332,0,110190
5742,SPELLEFFECT,68521,0,110190
5743,SPELLEFFECT,132079,0,110190
5744,SPELLEFFECT,191030,0,110190
5745,SPELLEFFECT,707419,0,110190
5746,SPELLEFFECT,889616,0,110190
5747,SPELLEFFECT,889617,0,110190
5748,SPELLEFFECT,1158911,0,110190
5749,SPELLEFFECT,1319235,0,110190
5750,SPELLEFFECT,1333354,0,110190
5751,SPELLSCRIPT,47573,0,110190
5752,SUMMONPROPERTIES,6852,0,110190
5753,SPELLEFFECT,1108026,0,110160
5754,SPELLEFFECT,1108027,0,110160
5755,SPELLEFFECT,1323882,0,110160
5756,SPELLEFFECT,1323883,0,110160
5757,SPELLEFFECT,1346383,0,110160
5758,SPELLEFFECT,1346384,0,110160
5759,SPELLEFFECT,1215274,0,110140
5760,SPELLEFFECT,1346291,0,110140
5761,SPELLLABEL,211138,0,110140
5762,SPELLSCRIPT,109628,0,110140
5763,SPELLSCRIPT,113251,0,110140
5764,SPELLSCRIPT,124258,0,110140
5765,SPELLEFFECT,68268,0,110153
5766,SPELLEFFECT,280158,0,110153
5767,SPELLEFFECT,298525,0,110153
5768,SPELLEFFECT,1177983,0,110153
5769,SPELLEFFECT,1177984,0,110153
5770,SPELLEFFECT,1177985,0,110153
5771,SPELLEFFECT,1177986,0,110153
5772,SPELLEFFECT,1239547,0,110153
5773,SPELLEFFECT,1276181,0,110153
5774,SPELLEFFECT,1283814,0,110153
5775,SPELLAURAOPTIONS,246547,0,110146
5776,SPELLEFFECT,179732,0,110146
5777,SPELLEFFECT,186944,0,110146
5778,SPELLEFFECT,191017,0,110146
5779,SPELLEFFECT,191018,0,110146
5780,SPELLEFFECT,191019,0,110146
5781,SPELLEFFECT,261054,0,110146
5782,SPELLEFFECT,1270649,0,110146
5783,SPELLEFFECT,1289221,0,110146
5784,SPELLEFFECT,1289222,0,110146
5785,SPELLEFFECT,1325428,0,110146
5786,SPELLEFFECT,293648,0,110137
5787,SPELLEFFECT,293657,0,110137
5788,SPELLEFFECT,295487,0,110137
5789,SPELLEFFECT,296759,0,110137
5790,SPELLEFFECT,311157,0,110137
5791,SPELLEFFECT,311160,0,110137
5792,SPELLEFFECT,331359,0,110137
5793,SPELLEFFECT,342015,0,110137
5794,SPELLEFFECT,483076,0,110137
5795,SPELLEFFECT,982578,0,110137
5796,SPELLEFFECT,982586,0,110137
5797,SPELLEFFECT,1028849,0,110137
5798,SPELLEFFECT,1028854,0,110137
5799,SPELLEFFECT,1031725,0,110137
5800,SPELLEFFECT,1031727,0,110137
5801,SPELLEFFECT,1246981,0,110137
5802,SPELLEFFECT,179719,0,110100
5803,SPELLEFFECT,179720,0,110100
5804,SPELLEFFECT,179721,0,110100
5805,SPELLEFFECT,191052,0,110100
5806,SPELLEFFECT,191053,0,110100
5807,SPELLEFFECT,191054,0,110100
5808,SPELLEFFECT,191055,0,110100
5809,SPELLEFFECT,191056,0,110100
5810,SPELLEFFECT,191057,0,110100
5811,SPELLEFFECT,191058,0,110100
5812,SPELLEFFECT,191059,0,110100
5813,SPELLEFFECT,191060,0,110100
5814,SPELLEFFECT,191061,0,110100
5815,SPELLEFFECT,191062,0,110100
5816,SPELLEFFECT,191063,0,110100
5817,SPELLEFFECT,283802,0,110165
5818,SPELLEFFECT,281049,0,110202
5819,SPELLEFFECT,315517,0,110202
5820,SPELLEFFECT,872659,0,110202
5821,SPELLEFFECT,1015149,0,110202
5822,SPELLEFFECT,1032342,0,110202
5823,SPELLEFFECT,1079577,0,110202
5824,SPELLEFFECT,1124175,0,110202
5825,SPELLEFFECT,1169307,0,110202
5826,SPELLEFFECT,1319951,0,110202
5827,SPELLEFFECT,1319988,0,110202
5828,SPELLEFFECT,1319999,0,110202
5829,SPELLEFFECT,1346250,0,110133
5830,SPELLEFFECT,1346251,0,110133
5831,SPELLEFFECT,1346256,0,110133
5832,SPELLEFFECT,905600,0,110231
5833,SPELLEFFECT,905601,0,110231
5834,SPELLEFFECT,1110533,0,110231
5835,SPELLEFFECT,1117928,0,110231
5836,SPELLEFFECT,1264807,0,110231
5837,SPELLEFFECT,1266433,0,110231
5838,SPELLEFFECT,1266448,0,110231
5839,SPELLEFFECT,1266740,0,110231
5840,SPELLEFFECT,179699,0,110131
5841,SPELLEFFECT,191134,0,110131
5842,SPELLEFFECT,191135,0,110131
5843,SPELLEFFECT,191136,0,110131
5844,SPELLEFFECT,314949,0,110131
5845,SPELLEFFECT,51139,0,110291
5846,SPELLEFFECT,51141,0,110291
5847,SPELLEFFECT,1264712,0,110291
5848,SPELLEFFECT,1264713,0,110291
5849,SPELLEFFECT,1266728,0,110291
5850,SPELLEFFECT,1266731,0,110291
5851,SPELLEFFECT,1323473,0,110291
5852,SPELLEFFECT,1338215,0,110291
5853,SPELLEFFECT,1346966,0,110291
5854,SPELLEFFECT,1264729,0,110312
5855,SPELLEFFECT,1266737,0,110312
5856,SPELLEFFECT,20028,0,110309
5857,SPELLEFFECT,179702,0,110309
5858,SPELLEFFECT,191125,0,110309
5859,SPELLEFFECT,191126,0,110309
5860,SPELLEFFECT,191127,0,110309
5861,SPELLEFFECT,1300544,0,110309
5862,SPELLEFFECT,1192725,0,110315
5863,SPELLEFFECT,1201793,0,110315
5864,SPELLSCRIPT,119550,0,110314
5865,SPELLEFFECT,1027953,0,110344
5866,SPELLEFFECT,1279541,0,110344
5867,SPELLEFFECT,1279551,0,110344
5868,PVPDIFFICULTY,1197,0,110347
5869,PVPDIFFICULTY,1204,0,110347
5870,PVPDIFFICULTY,1577,0,110347
5871,PVPDIFFICULTY,1592,0,110347
5872,PVPDIFFICULTY,1651,0,110347
5873,PVPDIFFICULTY,1695,0,110347
5874,PVPDIFFICULTY,1701,0,110347
5875,PVPDIFFICULTY,1756,0,110347
5876,SPELLSCRIPT,123848,0,110347
5877,SPELLSCRIPT,130905,0,110264
5878,SPELLSCRIPT,130900,0,110265
5879,SPELLMISC,845449,0,110335
5880,SPELLEFFECT,1328688,0,110336
5881,SPELLMISC,849953,0,110336
5882,SPELLEFFECT,707340,0,110343
5883,SPELLEFFECT,721773,0,110343
5884,AREATRIGGERACTION,71889,0,110346
5885,BROADCASTTEXT,324811,0,110324
5886,BROADCASTTEXT,324812,0,110324
5887,CREATUREDIFFICULTY,356418,0,110324
5888,SPELL,1299526,0,110324
5889,SPELLEFFECT,1342877,0,110324
5890,SPELLEFFECT,1342887,0,110324
5891,SPELLEFFECT,1347093,0,110324
5892,SPELLINTERRUPTS,243910,0,110324
5893,SPELLSCRIPTTEXT,22517,0,110324
5894,SPELLSCRIPTTEXT,22518,0,110324
5895,SPELLSCRIPTTEXT,22811,0,110324
5896,SPELLSCRIPTTEXT,22814,0,110324
5897,SPELLSCRIPTTEXT,22826,0,110324
5898,SPELLSCRIPTTEXT,22908,0,110324
5899,SPELLSCRIPTTEXT,22930,0,110324
5900,SPELLSCRIPTTEXT,22969,0,110324
5901,SPELLSCRIPTTEXT,22977,0,110324
5902,SPELLSCRIPTTEXT,22984,0,110324
5903,SPELLSCRIPTTEXT,22987,0,110324
5904,SPELLSCRIPTTEXT,23327,0,110324
5905,SPELLSCRIPTTEXT,23850,0,110324
5906,SPELLSCRIPTTEXT,23916,0,110324
5907,SPELLSCRIPTTEXT,24051,0,110324
5908,SPELLSCRIPTTEXT,24195,0,110324
5909,SPELLSCRIPTTEXT,24285,0,110324
5910,SPELLSCRIPTTEXT,24309,0,110324
5911,SPELLSCRIPTTEXT,24328,0,110324
5912,SPELLSCRIPTTEXT,24345,0,110324
5913,SPELLSCRIPTTEXT,25143,0,110324
5914,SPELLSCRIPTTEXT,27212,0,110324
5915,SPELLSCRIPTTEXT,27638,0,110324
5916,SPELLSCRIPTTEXT,27746,0,110324
5917,SPELLSCRIPTTEXT,27807,0,110324
5918,SPELLSCRIPTTEXT,28465,0,110324
5919,SPELLSCRIPTTEXT,28466,0,110324
5920,SPELLSCRIPTTEXT,28624,0,110324
5921,SPELLSCRIPTTEXT,29080,0,110324
5922,SPELLSCRIPTTEXT,29334,0,110324
5923,SPELLSCRIPTTEXT,29335,0,110324
5924,SPELLSCRIPTTEXT,29532,0,110324
5925,SPELLSCRIPTTEXT,29548,0,110324
5926,SPELLSCRIPTTEXT,29549,0,110324
5927,SPELLSCRIPTTEXT,29624,0,110324
5928,SPELLSCRIPTTEXT,29740,0,110324
5929,SPELLTARGETRESTRICTIONS,355035,0,110324
5930,SPELLMISC,858946,0,110350
5931,WEEKLYREWARDCHESTACTIVITYTIER,258,0,110350
5932,SPELLVISUALANIM,433399,0,110302
5933,SPELLVISUALKITEFFECT,775335,0,110302
5934,SPELLVISUALKITEFFECT,775355,0,110302
5935,SPELLVISUALKITEFFECT,789909,0,110302
5936,SPELLVISUALKITEFFECT,789910,0,110302
5937,SPELLVISUALKITMODELATTACH,631628,0,110302
5938,SPELLVISUALKITMODELATTACH,631635,0,110302
5939,SPELLVISUALKITMODELATTACH,638382,0,110302
5940,SPELLVISUALKITMODELATTACH,638383,0,110302
5941,CREATUREDISPLAYINFO,144156,0,110216
5942,CREATUREMODELDATA,18154,0,110216
5943,SPELLCATEGORIES,187591,0,110079
5944,SPELLEFFECT,1340925,0,110079
5945,SPELLEFFECT,1340926,0,110079
5946,SPELLMISC,857580,0,110079
5947,AI_TRIGGERACTION,218187,0,110253
5948,AREATRIGGERACTION,72202,0,110253
5949,SPELLEFFECT,1322749,0,110253
5950,POSITIONER,4199,0,110258
5951,POSITIONERSTATE,4759,0,110258
5952,POSITIONERSTATEENTRY,9540,0,110258
5953,POSITIONERSTATEENTRY,9541,0,110258
5954,SPELLVISUALKITMODELATTACH,631169,0,110258
5955,SPELLVISUALKITMODELATTACH,632611,0,110258
5956,AI_TRIGGERACTION,223657,0,110275
5957,AREATRIGGERACTION,64936,0,110275
5958,AREATRIGGERACTION,68474,0,110275
5959,AREATRIGGERACTION,74183,0,110275
5960,AREATRIGGERCREATEPROPERTIES,38197,0,110275
5961,CREATUREDIFFICULTY,318286,0,110275
5962,CREATUREDIFFICULTY,324578,0,110275
5963,CREATUREDIFFICULTY,324580,0,110275
5964,CREATUREDIFFICULTY,325347,0,110275
5965,CREATUREDIFFICULTY,325899,0,110275
5966,CREATUREDIFFICULTY,335219,0,110275
5967,CREATUREDIFFICULTY,335220,0,110275
5968,CREATUREDIFFICULTY,335221,0,110275
5969,CREATUREDIFFICULTY,335238,0,110275
5970,CREATURESPELLDATA,33059,0,110275
5971,CREATURESPELLDATA,48046,0,110275
5972,CURVEPOINT,258927,0,110275
5973,CURVEPOINT,258928,0,110275
5974,CURVEPOINT,258929,0,110275
5975,CURVEPOINT,279755,0,110275
5976,CURVEPOINT,279756,0,110275
5977,CURVEPOINT,279757,0,110275
5978,JUMPCHARGEPARAMS,1911,0,110275
5979,SPELL,1314883,0,110275
5980,SPELL,1314884,0,110275
5981,SPELL,1314885,0,110275
5982,SPELLCATEGORIES,188232,0,110275
5983,SPELLEFFECT,711033,0,110275
5984,SPELLEFFECT,1193668,0,110275
5985,SPELLEFFECT,1210162,0,110275
5986,SPELLEFFECT,1235085,0,110275
5987,SPELLEFFECT,1321198,0,110275
5988,SPELLEFFECT,1346881,0,110275
5989,SPELLEFFECT,1346882,0,110275
5990,SPELLEFFECT,1346883,0,110275
5991,SPELLEFFECT,1346884,0,110275
5992,SPELLEFFECT,1346885,0,110275
5993,SPELLINTERRUPTS,248403,0,110275
5994,SPELLMISC,792651,0,110275
5995,SPELLMISC,861129,0,110275
5996,SPELLMISC,861130,0,110275
5997,SPELLMISC,861131,0,110275
5998,SPELLSCRIPT,113603,0,110275
5999,SPELLSCRIPT,113634,0,110275
6000,SPELLTARGETRESTRICTIONS,355694,0,110275
6001,SPELLVISUAL,190621,0,110275
6002,SPELLVISUALANIM,434973,0,110275
6003,SPELLVISUALEVENT,562180,0,110275
6004,SPELLVISUALEVENT,562182,0,110275
6005,SPELLVISUALKIT,279051,0,110275
6006,SPELLVISUALKIT,279053,0,110275
6007,SPELLVISUALKITEFFECT,789677,0,110275
6008,SPELLVISUALKITEFFECT,789678,0,110275
6009,SPELLVISUALKITEFFECT,789679,0,110275
6010,SPELLVISUALKITEFFECT,789680,0,110275
6011,SPELLVISUALKITEFFECT,789681,0,110275
6012,SPELLVISUALKITEFFECT,789682,0,110275
6013,SPELLVISUALKITEFFECT,789683,0,110275
6014,SPELLVISUALKITEFFECT,789684,0,110275
6015,SPELLVISUALKITEFFECT,789687,0,110275
6016,SPELLVISUALKITMODELATTACH,638259,0,110275
6017,SPELLVISUALKITMODELATTACH,638260,0,110275
6018,SPELLVISUALKITMODELATTACH,638261,0,110275
6019,SPELLVISUALKITMODELATTACH,638262,0,110275
6020,SPELLVISUALKITMODELATTACH,638263,0,110275
6021,SPELLXSPELLVISUAL,531856,0,110275
6022,SPELLXSPELLVISUAL,531858,0,110275
6023,AI_TRIGGERACTION,219383,0,110300
6024,AI_TRIGGERACTION,219385,0,110300
6025,AI_TRIGGERACTION,219392,0,110300
6026,AI_TRIGGERACTION,219393,0,110300
6027,AREATRIGGERCREATEPROPERTIES,44714,0,110300
6028,AREATRIGGERCREATEPROPERTIES,44715,0,110300
6029,AREATRIGGERCREATEPROPERTIES,44716,0,110300
6030,CREATURE,194622,0,110300
6031,CREATUREDIFFICULTY,222855,0,110300
6032,CREATUREDIFFICULTY,223356,0,110300
6033,CREATUREDIFFICULTY,345829,0,110300
6034,CREATUREDIFFICULTY,346125,0,110300
6035,CREATUREDIFFICULTY,351943,0,110300
6036,CREATUREDIFFICULTY,352111,0,110300
6037,CREATUREDIFFICULTY,352378,0,110300
6038,CREATURESPELLDATA,41645,0,110300
6039,CRITERIATREE,138490,0,110300
6040,CRITERIATREE,140282,0,110300
6041,CRITERIATREE,140284,0,110300
6042,CRITERIATREE,140285,0,110300
6043,SPAWNEVENT,5347164,0,110300
6044,SPAWNEVENT,5347165,0,110300
6045,SPAWNEVENT,5347166,0,110300
6046,SPAWNEVENT,5347167,0,110300
6047,SPAWNEVENT,5347168,0,110300
6048,SPAWNGROUP,1471275,0,110300
6049,SPAWNGROUP,1471279,0,110300
6050,SPAWNGROUP,1471281,0,110300
6051,SPAWNGROUP,1494839,0,110300
6052,SPAWNGROUP,1531212,0,110300
6053,SPAWNGROUP,1531554,0,110300
6054,SPAWNGROUP,1531556,0,110300
6055,SPAWNGROUP,2188972,0,110300
6056,SPAWNGROUP,3246799,0,110300
6057,SPAWNGROUP,3246800,0,110300
6058,SPAWNGROUP,3341511,0,110300
6059,SPAWNGROUP,3341512,0,110300
6060,SPAWNGROUP,3341513,0,110300
6061,SPAWNGROUP,3341514,0,110300
6062,SPAWNGROUP,3341515,0,110300
6063,SPAWNLOC,2584295,0,110300
6064,SPAWNLOC,2584296,0,110300
6065,SPAWNLOC,2584300,0,110300
6066,SPAWNLOC,2584301,0,110300
6067,SPAWNLOC,2584304,0,110300
6068,SPAWNLOC,2603507,0,110300
6069,SPAWNLOC,2787199,0,110300
6070,SPAWNLOC,2787200,0,110300
6071,SPAWNLOC,3872997,0,110300
6072,SPAWNLOC,3878307,0,110300
6073,SPAWNLOC,3942237,0,110300
6074,SPAWNLOC,3942238,0,110300
6075,SPAWNLOC,3942239,0,110300
6076,SPAWNLOC,5216708,0,110300
6077,SPAWNLOC,5216709,0,110300
6078,SPAWNLOC,5216710,0,110300
6079,SPAWNLOC,5227987,0,110300
6080,SPAWNLOC,5243471,0,110300
6081,SPAWNLOC,5243472,0,110300
6082,SPAWNLOC,5243473,0,110300
6083,SPAWNLOC,5243474,0,110300
6084,SPAWNLOC,5243475,0,110300
6085,SPAWNLOC,5243476,0,110300
6086,SPAWNLOC,5243477,0,110300
6087,SPAWNLOC,5243478,0,110300
6088,SPAWNLOC,5243479,0,110300
6089,SPAWNLOC,5243480,0,110300
6090,SPAWNLOC,5243481,0,110300
6091,SPAWNLOC,5243482,0,110300
6092,SPAWNLOC,5243483,0,110300
6093,SPAWNLOC,5243484,0,110300
6094,SPAWNOBJECT,8286116,0,110300
6095,SPAWNOBJECT,8286117,0,110300
6096,SPAWNOBJECT,8286118,0,110300
6097,SPAWNOBJECT,8286119,0,110300
6098,SPAWNOBJECT,8286120,0,110300
6099,SPAWNOBJECT,8286121,0,110300
6100,SPAWNOBJECT,8286122,0,110300
6101,SPAWNOBJECT,8286123,0,110300
6102,SPAWNOBJECT,8286124,0,110300
6103,SPAWNOBJECT,8286125,0,110300
6104,SPAWNOBJECT,8286126,0,110300
6105,SPAWNOBJECT,8286127,0,110300
6106,SPAWNOBJECT,8286128,0,110300
6107,SPAWNOBJECT,8286129,0,110300
6108,SPAWNPATHNODE,2868194,0,110300
6109,SPAWNPATHNODE,2868195,0,110300
6110,SPAWNPATHNODE,2868196,0,110300
6111,SPAWNPATHNODE,2868197,0,110300
6112,SPAWNPATHNODE,2868198,0,110300
6113,SPAWNPATHNODE,2868199,0,110300
6114,SPAWNPATHNODE,2868200,0,110300
6115,SPAWNSQUAD,3980581,0,110300
6116,SPAWNSQUAD,5520170,0,110300
6117,SPAWNSQUAD,5520171,0,110300
6118,SPAWNSQUAD,5520172,0,110300
6119,SPAWNSQUAD,5520173,0,110300
6120,SPAWNSQUAD,5520174,0,110300
6121,SPELL,1314082,0,110300
6122,SPELL,1315029,0,110300
6123,SPELL,1315030,0,110300
6124,SPELL,1315031,0,110300
6125,SPELLEFFECT,710595,0,110300
6126,SPELLEFFECT,711798,0,110300
6127,SPELLEFFECT,711801,0,110300
6128,SPELLEFFECT,1018452,0,110300
6129,SPELLEFFECT,1018454,0,110300
6130,SPELLEFFECT,1018457,0,110300
6131,SPELLEFFECT,1031014,0,110300
6132,SPELLEFFECT,1035691,0,110300
6133,SPELLEFFECT,1309497,0,110300
6134,SPELLEFFECT,1327849,0,110300
6135,SPELLEFFECT,1340222,0,110300
6136,SPELLEFFECT,1340223,0,110300
6137,SPELLEFFECT,1342568,0,110300
6138,SPELLEFFECT,1342570,0,110300
6139,SPELLEFFECT,1342943,0,110300
6140,SPELLEFFECT,1343671,0,110300
6141,SPELLEFFECT,1347080,0,110300
6142,SPELLEFFECT,1347081,0,110300
6143,SPELLEFFECT,1347082,0,110300
6144,SPELLMISC,339551,0,110300
6145,SPELLMISC,642905,0,110300
6146,SPELLMISC,835911,0,110300
6147,SPELLMISC,861258,0,110300
6148,SPELLMISC,861259,0,110300
6149,SPELLMISC,861260,0,110300
6150,SPELLSCRIPT,132219,0,110300
6151,SPELLTARGETFILTER,4087,0,110300
6152,SPELLTARGETFILTERRULE,8685,0,110300
6153,SPELLTARGETFILTERRULE,8686,0,110300
6154,SPELLTARGETFILTERRULE,8687,0,110300
6155,SPELLTARGETFILTERRULE,8688,0,110300
6156,SPELLTARGETFILTERRULE,8689,0,110300
6157,SPELLTARGETFILTERRULE,8690,0,110300
6158,SPELLTARGETRESTRICTIONS,351768,0,110300
6159,SPELLTARGETRESTRICTIONS,355545,0,110300
6160,SPELLVISUAL,190680,0,110300
6161,SPELLVISUAL,190681,0,110300
6162,SPELLVISUAL,190682,0,110300
6163,SPELLVISUALEVENT,562280,0,110300
6164,SPELLVISUALEVENT,562281,0,110300
6165,SPELLVISUALEVENT,562282,0,110300
6166,SPELLVISUALKIT,279140,0,110300
6167,SPELLVISUALKIT,279141,0,110300
6168,SPELLVISUALKIT,279142,0,110300
6169,SPELLVISUALKITEFFECT,789933,0,110300
6170,SPELLVISUALKITEFFECT,789934,0,110300
6171,SPELLVISUALKITEFFECT,789935,0,110300
6172,SPELLVISUALKITMODELATTACH,638399,0,110300
6173,SPELLVISUALKITMODELATTACH,638400,0,110300
6174,SPELLVISUALKITMODELATTACH,638401,0,110300
6175,SPELLXSPELLVISUAL,531925,0,110300
6176,SPELLXSPELLVISUAL,531926,0,110300
6177,SPELLXSPELLVISUAL,531927,0,110300
6178,CRITERIATREE,140277,0,110339
6179,CRITERIATREE,140278,0,110339
6180,CRITERIATREE,140279,0,110339
6181,CRITERIATREE,140280,0,110339
6182,CRITERIATREE,140281,0,110339
6183,CRITERIATREE,140282,0,110339
6184,CRITERIATREE,140283,0,110339
6185,CRITERIATREE,140284,0,110339
6186,CRITERIATREE,140285,0,110339
6187,CRITERIATREE,140286,0,110339
6188,CRITERIATREE,140287,0,110339
6189,CRITERIATREE,140289,0,110339
6190,CRITERIATREE,224250,0,110339
6191,CRITERIATREE,231400,0,110339
6192,CRITERIATREE,231401,0,110339
6193,CRITERIATREE,231402,0,110339
6194,CRITERIATREE,231403,0,110339
6195,CRITERIATREE,231404,0,110339
6196,CRITERIATREE,231405,0,110339
6197,CRITERIATREE,231406,0,110339
6198,CRITERIATREE,231407,0,110339
6199,CRITERIATREE,231744,0,110339
6200,SPELLEFFECT,1316473,0,110355
6201,SPELLMISC,339359,0,110356
6202,SPELLSCRIPT,133378,0,109972
6203,SPELLSCRIPTPACKAGE,60625,0,109972
6204,BEAMEFFECT,9586,0,110218
6205,CURVE,113683,0,110218
6206,CURVE,113684,0,110218
6207,CURVE,113685,0,110218
6208,CURVE,113686,0,110218
6209,CURVE,113726,0,110218
6210,CURVEPOINT,338913,0,110218
6211,CURVEPOINT,338914,0,110218
6212,CURVEPOINT,338915,0,110218
6213,CURVEPOINT,338916,0,110218
6214,CURVEPOINT,338917,0,110218
6215,CURVEPOINT,338918,0,110218
6216,CURVEPOINT,339003,0,110218
6217,CURVEPOINT,339004,0,110218
6218,CURVEPOINT,339005,0,110218
6219,CURVEPOINT,339006,0,110218
6220,SCREENEFFECT,2588,0,110218
6221,SOUNDAMBIENCE,3553,0,110218
6222,SOUNDENVELOPE,13094,0,110218
6223,SOUNDENVELOPE,13095,0,110218
6224,SOUNDKIT,346788,0,110218
6225,SOUNDKIT,346794,0,110218
6226,SOUNDKIT,346803,0,110218
6227,SOUNDKIT,346810,0,110218
6228,SOUNDKIT,346813,0,110218
6229,SOUNDKIT,346816,0,110218
6230,SOUNDKIT,347686,0,110218
6231,SOUNDKIT,347689,0,110218
6232,SOUNDKIT,347691,0,110218
6233,SOUNDKIT,347693,0,110218
6234,SOUNDKIT,347694,0,110218
6235,SOUNDKIT,347695,0,110218
6236,SOUNDKIT,351508,0,110218
6237,SOUNDKIT,351509,0,110218
6238,SOUNDKIT,351510,0,110218
6239,SOUNDKIT,351726,0,110218
6240,SOUNDKIT,351862,0,110218
6241,SOUNDKIT,351863,0,110218
6242,SOUNDKIT,351867,0,110218
6243,SOUNDKIT,351985,0,110218
6244,SOUNDKIT,351986,0,110218
6245,SOUNDKIT,352041,0,110218
6246,SOUNDKIT,352042,0,110218
6247,SOUNDKIT,352188,0,110218
6248,SOUNDKIT,352189,0,110218
6249,SOUNDKIT,352190,0,110218
6250,SOUNDKIT,352191,0,110218
6251,SOUNDKIT,352192,0,110218
6252,SOUNDKIT,352193,0,110218
6253,SOUNDKIT,352196,0,110218
6254,SOUNDKIT,352248,0,110218
6255,SOUNDKIT,352249,0,110218
6256,SOUNDKIT,352250,0,110218
6257,SOUNDKIT,352251,0,110218
6258,SOUNDKIT,352492,0,110218
6259,SOUNDKIT,352494,0,110218
6260,SOUNDKIT,352495,0,110218
6261,SOUNDKIT,352538,0,110218
6262,SOUNDKIT,352785,0,110218
6263,SOUNDKIT,352786,0,110218
6264,SOUNDKIT,352787,0,110218
6265,SOUNDKIT,352788,0,110218
6266,SOUNDKIT,352789,0,110218
6267,SOUNDKIT,352790,0,110218
6268,SOUNDKIT,352841,0,110218
6269,SOUNDKIT,362552,0,110218
6270,SOUNDKIT,362553,0,110218
6271,SOUNDKIT,362576,0,110218
6272,SOUNDKIT,362577,0,110218
6273,SOUNDKIT,362578,0,110218
6274,SOUNDKIT,362736,0,110218
6275,SOUNDKIT,362737,0,110218
6276,SOUNDKIT,362754,0,110218
6277,SOUNDKIT,362755,0,110218
6278,SOUNDKIT,368098,0,110218
6279,SOUNDKIT,368099,0,110218
6280,SOUNDKIT,368100,0,110218
6281,SOUNDKIT,368219,0,110218
6282,SOUNDKIT,368220,0,110218
6283,SOUNDKIT,368221,0,110218
6284,SOUNDKIT,368222,0,110218
6285,SOUNDKIT,368223,0,110218
6286,SOUNDKIT,368224,0,110218
6287,SOUNDKIT,368225,0,110218
6288,SOUNDKIT,368226,0,110218
6289,SOUNDKIT,368227,0,110218
6290,SOUNDKIT,368228,0,110218
6291,SOUNDKIT,368229,0,110218
6292,SOUNDKIT,368230,0,110218
6293,SOUNDKIT,368231,0,110218
6294,SOUNDKIT,368233,0,110218
6295,SOUNDKIT,368234,0,110218
6296,SOUNDKIT,368240,0,110218
6297,SOUNDKIT,368241,0,110218
6298,SOUNDKIT,368244,0,110218
6299,SOUNDKIT,368245,0,110218
6300,SOUNDKIT,368246,0,110218
6301,SOUNDKIT,368247,0,110218
6302,SOUNDKIT,368248,0,110218
6303,SOUNDKIT,368249,0,110218
6304,SOUNDKIT,368250,0,110218
6305,SOUNDKIT,368260,0,110218
6306,SOUNDKIT,368261,0,110218
6307,SOUNDKIT,368262,0,110218
6308,SOUNDKIT,368263,0,110218
6309,SOUNDKIT,368265,0,110218
6310,SOUNDKIT,368274,0,110218
6311,SOUNDKIT,368276,0,110218
6312,SOUNDKIT,368277,0,110218
6313,SOUNDKIT,368278,0,110218
6314,SOUNDKIT,368280,0,110218
6315,SOUNDKIT,368287,0,110218
6316,SOUNDKIT,368288,0,110218
6317,SOUNDKIT,368289,0,110218
6318,SOUNDKIT,368290,0,110218
6319,SOUNDKIT,368301,0,110218
6320,SOUNDKIT,368302,0,110218
6321,SOUNDKIT,368303,0,110218
6322,SOUNDKIT,368306,0,110218
6323,SOUNDKIT,368307,0,110218
6324,SOUNDKIT,368308,0,110218
6325,SOUNDKIT,368309,0,110218
6326,SOUNDKIT,368310,0,110218
6327,SOUNDKIT,368321,0,110218
6328,SOUNDKIT,368323,0,110218
6329,SOUNDKIT,368423,0,110218
6330,SOUNDKIT,368424,0,110218
6331,SOUNDKIT,368425,0,110218
6332,SOUNDKIT,368426,0,110218
6333,SOUNDKITADVANCED,315768,0,110218
6334,SOUNDKITADVANCED,316394,0,110218
6335,SOUNDKITADVANCED,316395,0,110218
6336,SOUNDKITADVANCED,316743,0,110218
6337,SOUNDKITADVANCED,326335,0,110218
6338,SOUNDKITADVANCED,326336,0,110218
6339,SOUNDKITADVANCED,326337,0,110218
6340,SOUNDKITADVANCED,331683,0,110218
6341,SOUNDKITADVANCED,331684,0,110218
6342,SOUNDKITADVANCED,331685,0,110218
6343,SOUNDKITADVANCED,331802,0,110218
6344,SOUNDKITADVANCED,331803,0,110218
6345,SOUNDKITADVANCED,331804,0,110218
6346,SOUNDKITADVANCED,331805,0,110218
6347,SOUNDKITADVANCED,331806,0,110218
6348,SOUNDKITADVANCED,331807,0,110218
6349,SOUNDKITADVANCED,331808,0,110218
6350,SOUNDKITADVANCED,331809,0,110218
6351,SOUNDKITADVANCED,331810,0,110218
6352,SOUNDKITADVANCED,331811,0,110218
6353,SOUNDKITADVANCED,331812,0,110218
6354,SOUNDKITADVANCED,331813,0,110218
6355,SOUNDKITADVANCED,331814,0,110218
6356,SOUNDKITADVANCED,331816,0,110218
6357,SOUNDKITADVANCED,331817,0,110218
6358,SOUNDKITADVANCED,331823,0,110218
6359,SOUNDKITADVANCED,331824,0,110218
6360,SOUNDKITADVANCED,331827,0,110218
6361,SOUNDKITADVANCED,331828,0,110218
6362,SOUNDKITADVANCED,331829,0,110218
6363,SOUNDKITADVANCED,331830,0,110218
6364,SOUNDKITADVANCED,331831,0,110218
6365,SOUNDKITADVANCED,331832,0,110218
6366,SOUNDKITADVANCED,331833,0,110218
6367,SOUNDKITADVANCED,331843,0,110218
6368,SOUNDKITADVANCED,331844,0,110218
6369,SOUNDKITADVANCED,331845,0,110218
6370,SOUNDKITADVANCED,331846,0,110218
6371,SOUNDKITADVANCED,331848,0,110218
6372,SOUNDKITADVANCED,331857,0,110218
6373,SOUNDKITADVANCED,331859,0,110218
6374,SOUNDKITADVANCED,331860,0,110218
6375,SOUNDKITADVANCED,331861,0,110218
6376,SOUNDKITADVANCED,331863,0,110218
6377,SOUNDKITADVANCED,331871,0,110218
6378,SOUNDKITADVANCED,331872,0,110218
6379,SOUNDKITADVANCED,331873,0,110218
6380,SOUNDKITADVANCED,331874,0,110218
6381,SOUNDKITADVANCED,331885,0,110218
6382,SOUNDKITADVANCED,331886,0,110218
6383,SOUNDKITADVANCED,331887,0,110218
6384,SOUNDKITADVANCED,331890,0,110218
6385,SOUNDKITADVANCED,331891,0,110218
6386,SOUNDKITADVANCED,331892,0,110218
6387,SOUNDKITADVANCED,331893,0,110218
6388,SOUNDKITADVANCED,331894,0,110218
6389,SOUNDKITADVANCED,331905,0,110218
6390,SOUNDKITADVANCED,331907,0,110218
6391,SOUNDKITADVANCED,332003,0,110218
6392,SOUNDKITADVANCED,332004,0,110218
6393,SOUNDKITADVANCED,332005,0,110218
6394,SOUNDKITADVANCED,332006,0,110218
6395,SOUNDKITCHILD,44335,0,110218
6396,SOUNDKITCHILD,49231,0,110218
6397,SOUNDKITCHILD,49232,0,110218
6398,SOUNDKITCHILD,49284,0,110218
6399,SOUNDKITCHILD,49285,0,110218
6400,SOUNDKITCHILD,49286,0,110218
6401,SOUNDKITCHILD,49287,0,110218
6402,SOUNDKITCHILD,49288,0,110218
6403,SOUNDKITCHILD,49291,0,110218
6404,SOUNDKITCHILD,49292,0,110218
6405,SOUNDKITCHILD,49293,0,110218
6406,SOUNDKITCHILD,49294,0,110218
6407,SOUNDKITCHILD,49295,0,110218
6408,SOUNDKITCHILD,49300,0,110218
6409,SOUNDKITCHILD,49301,0,110218
6410,SOUNDKITCHILD,49305,0,110218
6411,SOUNDKITCHILD,49306,0,110218
6412,SOUNDKITCHILD,49310,0,110218
6413,SOUNDKITCHILD,49311,0,110218
6414,SOUNDKITCHILD,49312,0,110218
6415,SOUNDKITCHILD,49318,0,110218
6416,SOUNDKITCHILD,49319,0,110218
6417,SOUNDKITCHILD,49321,0,110218
6418,SOUNDKITCHILD,49322,0,110218
6419,SOUNDKITCHILD,49323,0,110218
6420,SOUNDKITCHILD,49327,0,110218
6421,SOUNDKITCHILD,49369,0,110218
6422,SOUNDKITCHILD,49370,0,110218
6423,SOUNDKITCHILD,49371,0,110218
6424,SOUNDKITCHILD,49372,0,110218
6425,SOUNDKITCHILD,49373,0,110218
6426,SOUNDKITENTRY,1587557,0,110218
6427,SOUNDKITENTRY,1592357,0,110218
6428,SOUNDKITENTRY,1592358,0,110218
6429,SOUNDKITENTRY,1592359,0,110218
6430,SOUNDKITENTRY,1592360,0,110218
6431,SOUNDKITENTRY,1592361,0,110218
6432,SOUNDKITENTRY,1594143,0,110218
6433,SOUNDKITENTRY,1594144,0,110218
6434,SOUNDKITENTRY,1594145,0,110218
6435,SOUNDKITENTRY,1594146,0,110218
6436,SOUNDKITENTRY,1594147,0,110218
6437,SOUNDKITENTRY,1594148,0,110218
6438,SOUNDKITENTRY,1594149,0,110218
6439,SOUNDKITENTRY,1594150,0,110218
6440,SOUNDKITENTRY,1594151,0,110218
6441,SOUNDKITENTRY,1594152,0,110218
6442,SOUNDKITENTRY,1691490,0,110218
6443,SOUNDKITENTRY,1691491,0,110218
6444,SOUNDKITENTRY,1691492,0,110218
6445,SOUNDKITENTRY,1691493,0,110218
6446,SOUNDKITENTRY,1691494,0,110218
6447,SOUNDKITENTRY,1691495,0,110218
6448,SOUNDKITENTRY,1691496,0,110218
6449,SOUNDKITENTRY,1691497,0,110218
6450,SOUNDKITENTRY,1691498,0,110218
6451,SOUNDKITENTRY,1691499,0,110218
6452,SOUNDKITENTRY,1691500,0,110218
6453,SOUNDKITENTRY,1691501,0,110218
6454,SOUNDKITENTRY,1691502,0,110218
6455,SOUNDKITENTRY,1691503,0,110218
6456,SOUNDKITENTRY,1691504,0,110218
6457,SOUNDKITENTRY,1691505,0,110218
6458,SOUNDKITENTRY,1691506,0,110218
6459,SOUNDKITENTRY,1692437,0,110218
6460,SOUNDKITENTRY,1692438,0,110218
6461,SOUNDKITENTRY,1692439,0,110218
6462,SOUNDKITENTRY,1692440,0,110218
6463,SOUNDKITENTRY,1692441,0,110218
6464,SOUNDKITENTRY,1692442,0,110218
6465,SOUNDKITENTRY,1692443,0,110218
6466,SOUNDKITENTRY,1692444,0,110218
6467,SOUNDKITENTRY,1692445,0,110218
6468,SOUNDKITENTRY,1692446,0,110218
6469,SOUNDKITENTRY,1692447,0,110218
6470,SOUNDKITENTRY,1692448,0,110218
6471,SOUNDKITENTRY,1692449,0,110218
6472,SOUNDKITENTRY,1692450,0,110218
6473,SOUNDKITENTRY,1692451,0,110218
6474,SOUNDKITENTRY,1692452,0,110218
6475,SOUNDKITENTRY,1692453,0,110218
6476,SOUNDKITENTRY,1692454,0,110218
6477,SOUNDKITENTRY,1692455,0,110218
6478,SOUNDKITENTRY,1692456,0,110218
6479,SOUNDKITENTRY,1692457,0,110218
6480,SOUNDKITENTRY,1692458,0,110218
6481,SOUNDKITENTRY,1692459,0,110218
6482,SOUNDKITENTRY,1692460,0,110218
6483,SOUNDKITENTRY,1692461,0,110218
6484,SOUNDKITENTRY,1692462,0,110218
6485,SOUNDKITENTRY,1692463,0,110218
6486,SOUNDKITENTRY,1692464,0,110218
6487,SOUNDKITENTRY,1692465,0,110218
6488,SOUNDKITENTRY,1692466,0,110218
6489,SOUNDKITENTRY,1692467,0,110218
6490,SOUNDKITENTRY,1692468,0,110218
6491,SOUNDKITENTRY,1692469,0,110218
6492,SOUNDKITENTRY,1692470,0,110218
6493,SOUNDKITENTRY,1692471,0,110218
6494,SOUNDKITENTRY,1692472,0,110218
6495,SOUNDKITENTRY,1692473,0,110218
6496,SOUNDKITENTRY,1692474,0,110218
6497,SOUNDKITENTRY,1692475,0,110218
6498,SOUNDKITENTRY,1692476,0,110218
6499,SOUNDKITENTRY,1692477,0,110218
6500,SOUNDKITENTRY,1692478,0,110218
6501,SOUNDKITENTRY,1692479,0,110218
6502,SOUNDKITENTRY,1692480,0,110218
6503,SOUNDKITENTRY,1692481,0,110218
6504,SOUNDKITENTRY,1692482,0,110218
6505,SOUNDKITENTRY,1692483,0,110218
6506,SOUNDKITENTRY,1692484,0,110218
6507,SOUNDKITENTRY,1692485,0,110218
6508,SOUNDKITENTRY,1692486,0,110218
6509,SOUNDKITENTRY,1692487,0,110218
6510,SOUNDKITENTRY,1692488,0,110218
6511,SOUNDKITENTRY,1692489,0,110218
6512,SOUNDKITENTRY,1692490,0,110218
6513,SOUNDKITENTRY,1692491,0,110218
6514,SOUNDKITENTRY,1692492,0,110218
6515,SOUNDKITENTRY,1692493,0,110218
6516,SOUNDKITENTRY,1692494,0,110218
6517,SOUNDKITENTRY,1692495,0,110218
6518,SOUNDKITENTRY,1692496,0,110218
6519,SOUNDKITENTRY,1692497,0,110218
6520,SOUNDKITENTRY,1692498,0,110218
6521,SOUNDKITENTRY,1692499,0,110218
6522,SOUNDKITENTRY,1692500,0,110218
6523,SOUNDKITENTRY,1692501,0,110218
6524,SOUNDKITENTRY,1692502,0,110218
6525,SOUNDKITENTRY,1692503,0,110218
6526,SOUNDKITENTRY,1692504,0,110218
6527,SOUNDKITENTRY,1692505,0,110218
6528,SOUNDKITENTRY,1692506,0,110218
6529,SOUNDKITENTRY,1692507,0,110218
6530,SOUNDKITENTRY,1692508,0,110218
6531,SOUNDKITENTRY,1692509,0,110218
6532,SOUNDKITENTRY,1692510,0,110218
6533,SOUNDKITENTRY,1692511,0,110218
6534,SOUNDKITENTRY,1692512,0,110218
6535,SOUNDKITENTRY,1692513,0,110218
6536,SOUNDKITENTRY,1692514,0,110218
6537,SOUNDKITENTRY,1692515,0,110218
6538,SOUNDKITENTRY,1692516,0,110218
6539,SOUNDKITENTRY,1692517,0,110218
6540,SOUNDKITENTRY,1692518,0,110218
6541,SOUNDKITENTRY,1692519,0,110218
6542,SOUNDKITENTRY,1692520,0,110218
6543,SOUNDKITENTRY,1692521,0,110218
6544,SOUNDKITENTRY,1692522,0,110218
6545,SOUNDKITENTRY,1692523,0,110218
6546,SOUNDKITENTRY,1692524,0,110218
6547,SOUNDKITENTRY,1692525,0,110218
6548,SOUNDKITENTRY,1692526,0,110218
6549,SOUNDKITENTRY,1692527,0,110218
6550,SOUNDKITENTRY,1692528,0,110218
6551,SOUNDKITENTRY,1692529,0,110218
6552,SOUNDKITENTRY,1692530,0,110218
6553,SOUNDKITENTRY,1692531,0,110218
6554,SOUNDKITENTRY,1692552,0,110218
6555,SOUNDKITENTRY,1692553,0,110218
6556,SOUNDKITENTRY,1692554,0,110218
6557,SOUNDKITENTRY,1692558,0,110218
6558,SOUNDKITENTRY,1692559,0,110218
6559,SOUNDKITENTRY,1692560,0,110218
6560,SOUNDKITENTRY,1692561,0,110218
6561,SOUNDKITENTRY,1692562,0,110218
6562,SOUNDKITENTRY,1692563,0,110218
6563,SOUNDKITENTRY,1692564,0,110218
6564,SOUNDKITENTRY,1692565,0,110218
6565,SOUNDKITENTRY,1692566,0,110218
6566,SOUNDKITENTRY,1692567,0,110218
6567,SOUNDKITENTRY,1692568,0,110218
6568,SOUNDKITENTRY,1692569,0,110218
6569,SOUNDKITENTRY,1692579,0,110218
6570,SOUNDKITENTRY,1692580,0,110218
6571,SOUNDKITENTRY,1692581,0,110218
6572,SOUNDKITENTRY,1692582,0,110218
6573,SOUNDKITENTRY,1692583,0,110218
6574,SOUNDKITENTRY,1692584,0,110218
6575,SOUNDKITENTRY,1692585,0,110218
6576,SOUNDKITENTRY,1692586,0,110218
6577,SOUNDKITENTRY,1692587,0,110218
6578,SOUNDKITENTRY,1692588,0,110218
6579,SOUNDKITENTRY,1692601,0,110218
6580,SOUNDKITENTRY,1692602,0,110218
6581,SOUNDKITENTRY,1692603,0,110218
6582,SOUNDKITENTRY,1692604,0,110218
6583,SOUNDKITENTRY,1692605,0,110218
6584,SOUNDKITENTRY,1692606,0,110218
6585,SOUNDKITENTRY,1692607,0,110218
6586,SOUNDKITENTRY,1692608,0,110218
6587,SOUNDKITENTRY,1692609,0,110218
6588,SOUNDKITENTRY,1692610,0,110218
6589,SOUNDKITENTRY,1692611,0,110218
6590,SOUNDKITENTRY,1692612,0,110218
6591,SOUNDKITENTRY,1692613,0,110218
6592,SOUNDKITENTRY,1692614,0,110218
6593,SOUNDKITENTRY,1692615,0,110218
6594,SOUNDKITENTRY,1692616,0,110218
6595,SOUNDKITENTRY,1692617,0,110218
6596,SOUNDKITENTRY,1692618,0,110218
6597,SOUNDKITENTRY,1692619,0,110218
6598,SOUNDKITENTRY,1692620,0,110218
6599,SOUNDKITENTRY,1692621,0,110218
6600,SOUNDKITENTRY,1692622,0,110218
6601,SOUNDKITENTRY,1692623,0,110218
6602,SOUNDKITENTRY,1692624,0,110218
6603,SOUNDKITENTRY,1692625,0,110218
6604,SOUNDKITENTRY,1692626,0,110218
6605,SOUNDKITENTRY,1692627,0,110218
6606,SOUNDKITENTRY,1692628,0,110218
6607,SOUNDKITENTRY,1692629,0,110218
6608,SOUNDKITENTRY,1692630,0,110218
6609,SOUNDKITENTRY,1692631,0,110218
6610,SOUNDKITENTRY,1692632,0,110218
6611,SOUNDKITENTRY,1692633,0,110218
6612,SOUNDKITENTRY,1692634,0,110218
6613,SOUNDKITENTRY,1692635,0,110218
6614,SOUNDKITENTRY,1692636,0,110218
6615,SOUNDKITENTRY,1692637,0,110218
6616,SOUNDKITENTRY,1692638,0,110218
6617,SOUNDKITENTRY,1692639,0,110218
6618,SOUNDKITENTRY,1692640,0,110218
6619,SOUNDKITENTRY,1692641,0,110218
6620,SOUNDKITENTRY,1692642,0,110218
6621,SOUNDKITENTRY,1692643,0,110218
6622,SOUNDKITENTRY,1692644,0,110218
6623,SOUNDKITENTRY,1692645,0,110218
6624,SOUNDKITENTRY,1692646,0,110218
6625,SOUNDKITENTRY,1692647,0,110218
6626,SOUNDKITENTRY,1692648,0,110218
6627,SOUNDKITENTRY,1692649,0,110218
6628,SOUNDKITENTRY,1692650,0,110218
6629,SOUNDKITENTRY,1692651,0,110218
6630,SOUNDKITENTRY,1692652,0,110218
6631,SOUNDKITENTRY,1692653,0,110218
6632,SOUNDKITENTRY,1692654,0,110218
6633,SOUNDKITENTRY,1692676,0,110218
6634,SOUNDKITENTRY,1692677,0,110218
6635,SOUNDKITENTRY,1692678,0,110218
6636,SOUNDKITENTRY,1692679,0,110218
6637,SOUNDKITENTRY,1692680,0,110218
6638,SOUNDKITENTRY,1692681,0,110218
6639,SOUNDKITENTRY,1692682,0,110218
6640,SOUNDKITENTRY,1692683,0,110218
6641,SOUNDKITENTRY,1692684,0,110218
6642,SOUNDKITENTRY,1692685,0,110218
6643,SOUNDKITENTRY,1692686,0,110218
6644,SOUNDKITENTRY,1692687,0,110218
6645,SOUNDKITENTRY,1692688,0,110218
6646,SOUNDKITENTRY,1692689,0,110218
6647,SOUNDKITENTRY,1692690,0,110218
6648,SOUNDKITENTRY,1692691,0,110218
6649,SOUNDKITENTRY,1692692,0,110218
6650,SOUNDKITENTRY,1692693,0,110218
6651,SOUNDKITENTRY,1692694,0,110218
6652,SOUNDKITENTRY,1692695,0,110218
6653,SOUNDKITENTRY,1692696,0,110218
6654,SOUNDKITENTRY,1692697,0,110218
6655,SOUNDKITENTRY,1692698,0,110218
6656,SOUNDKITENTRY,1692699,0,110218
6657,SOUNDKITENTRY,1692700,0,110218
6658,SOUNDKITENTRY,1692701,0,110218
6659,SOUNDKITENTRY,1692702,0,110218
6660,SOUNDKITENTRY,1692706,0,110218
6661,SOUNDKITENTRY,1692707,0,110218
6662,SOUNDKITENTRY,1692708,0,110218
6663,SOUNDKITENTRY,1692750,0,110218
6664,SOUNDKITENTRY,1692751,0,110218
6665,SOUNDKITENTRY,1692752,0,110218
6666,SOUNDKITENTRY,1692753,0,110218
6667,SOUNDKITENTRY,1692754,0,110218
6668,SOUNDKITENTRY,1692755,0,110218
6669,SOUNDKITENTRY,1692756,0,110218
6670,SOUNDKITENTRY,1692757,0,110218
6671,SOUNDKITENTRY,1692758,0,110218
6672,SOUNDKITENTRY,1692759,0,110218
6673,SOUNDKITENTRY,1692765,0,110218
6674,SOUNDKITENTRY,1692766,0,110218
6675,SOUNDKITENTRY,1692767,0,110218
6676,SOUNDKITENTRY,1692768,0,110218
6677,SOUNDKITENTRY,1692769,0,110218
6678,SOUNDKITENTRY,1692770,0,110218
6679,SOUNDKITENTRY,1692771,0,110218
6680,SOUNDKITENTRY,1692772,0,110218
6681,SOUNDKITENTRY,1692773,0,110218
6682,SOUNDKITENTRY,1692774,0,110218
6683,SOUNDKITENTRY,1692775,0,110218
6684,SOUNDKITENTRY,1692776,0,110218
6685,SOUNDKITENTRY,1692777,0,110218
6686,SOUNDKITENTRY,1692778,0,110218
6687,SOUNDKITENTRY,1692779,0,110218
6688,SOUNDKITENTRY,1692780,0,110218
6689,SOUNDKITENTRY,1692781,0,110218
6690,SOUNDKITENTRY,1692782,0,110218
6691,SOUNDKITENTRY,1692783,0,110218
6692,SOUNDKITENTRY,1692788,0,110218
6693,SOUNDKITENTRY,1692789,0,110218
6694,SOUNDKITENTRY,1692790,0,110218
6695,SOUNDKITENTRY,1692791,0,110218
6696,SOUNDKITENTRY,1692792,0,110218
6697,SOUNDKITENTRY,1692793,0,110218
6698,SOUNDKITENTRY,1692794,0,110218
6699,SOUNDKITENTRY,1692795,0,110218
6700,SOUNDKITENTRY,1692796,0,110218
6701,SOUNDKITENTRY,1692797,0,110218
6702,SOUNDKITENTRY,1692820,0,110218
6703,SOUNDKITENTRY,1692821,0,110218
6704,SOUNDKITENTRY,1692822,0,110218
6705,SOUNDKITENTRY,1692823,0,110218
6706,SOUNDKITENTRY,1692824,0,110218
6707,SOUNDKITENTRY,1692825,0,110218
6708,SOUNDKITENTRY,1692826,0,110218
6709,SOUNDKITENTRY,1692827,0,110218
6710,SOUNDKITENTRY,1692828,0,110218
6711,SOUNDKITENTRY,1692829,0,110218
6712,SOUNDKITENTRY,1692830,0,110218
6713,SOUNDKITENTRY,1692831,0,110218
6714,SOUNDKITENTRY,1692832,0,110218
6715,SOUNDKITENTRY,1692833,0,110218
6716,SOUNDKITENTRY,1692834,0,110218
6717,SOUNDKITENTRY,1692835,0,110218
6718,SOUNDKITENTRY,1692836,0,110218
6719,SOUNDKITENTRY,1692837,0,110218
6720,SOUNDKITENTRY,1692838,0,110218
6721,SOUNDKITENTRY,1692839,0,110218
6722,SOUNDKITENTRY,1692840,0,110218
6723,SOUNDKITENTRY,1692841,0,110218
6724,SOUNDKITENTRY,1692982,0,110218
6725,SOUNDKITENTRY,1692983,0,110218
6726,SOUNDKITENTRY,1692984,0,110218
6727,SOUNDKITENTRY,1692985,0,110218
6728,SOUNDKITENTRY,1692986,0,110218
6729,SOUNDKITENTRY,1692987,0,110218
6730,SOUNDKITENTRY,1692988,0,110218
6731,SOUNDKITENTRY,1692989,0,110218
6732,SOUNDKITENTRY,1692990,0,110218
6733,SOUNDKITENTRY,1692991,0,110218
6734,SOUNDKITENTRY,1692992,0,110218
6735,SOUNDKITENTRY,1692993,0,110218
6736,SOUNDKITENTRY,1692994,0,110218
6737,SOUNDKITENTRY,1692995,0,110218
6738,SOUNDKITENTRY,1692996,0,110218
6739,SOUNDKITENTRY,1692997,0,110218
6740,SOUNDKITENTRY,1692998,0,110218
6741,SOUNDKITENTRY,1692999,0,110218
6742,SOUNDKITENTRY,1693000,0,110218
6743,SOUNDKITENTRY,1693001,0,110218
6744,SOUNDKITENTRY,1693002,0,110218
6745,SOUNDKITENTRY,1693003,0,110218
6746,SOUNDKITENTRY,1693004,0,110218
6747,SOUNDKITENTRY,1693025,0,110218
6748,SOUNDKITENTRY,1693026,0,110218
6749,SOUNDKITENTRY,1693027,0,110218
6750,SOUNDKITENTRY,1693028,0,110218
6751,SOUNDKITENTRY,1693029,0,110218
6752,SOUNDKITENTRY,1693030,0,110218
6753,SOUNDKITENTRY,1693031,0,110218
6754,SOUNDKITENTRY,1693032,0,110218
6755,SOUNDKITENTRY,1693033,0,110218
6756,SOUNDKITENTRY,1693034,0,110218
6757,SOUNDKITENTRY,1693035,0,110218
6758,SOUNDKITENTRY,1693036,0,110218
6759,SOUNDKITENTRY,1693037,0,110218
6760,SOUNDKITENTRY,1693038,0,110218
6761,SOUNDKITENTRY,1693039,0,110218
6762,SOUNDKITENTRY,1693040,0,110218
6763,SOUNDKITENTRY,1693041,0,110218
6764,SOUNDKITENTRY,1693042,0,110218
6765,SOUNDKITENTRY,1693043,0,110218
6766,SOUNDKITENTRY,1693044,0,110218
6767,SOUNDKITENTRY,1693045,0,110218
6768,SOUNDKITENTRY,1693046,0,110218
6769,SOUNDKITENTRY,1693047,0,110218
6770,SOUNDKITENTRY,1693048,0,110218
6771,SOUNDKITENTRY,1693049,0,110218
6772,SOUNDKITENTRY,1693050,0,110218
6773,SOUNDKITENTRY,1693051,0,110218
6774,SOUNDKITENTRY,1693052,0,110218
6775,SOUNDKITENTRY,1693053,0,110218
6776,SOUNDKITENTRY,1693054,0,110218
6777,SOUNDKITENTRY,1693055,0,110218
6778,SOUNDKITENTRY,1693056,0,110218
6779,SOUNDKITENTRY,1693057,0,110218
6780,SOUNDKITENTRY,1693058,0,110218
6781,SOUNDKITENTRY,1693059,0,110218
6782,SOUNDKITENTRY,1693060,0,110218
6783,SOUNDKITENTRY,1693061,0,110218
6784,SOUNDKITENTRY,1693062,0,110218
6785,SOUNDKITENTRY,1693063,0,110218
6786,SOUNDKITENTRY,1693064,0,110218
6787,SOUNDKITENTRY,1693065,0,110218
6788,SOUNDKITENTRY,1693066,0,110218
6789,SOUNDKITENTRY,1693067,0,110218
6790,SOUNDKITENTRY,1693068,0,110218
6791,SOUNDKITENTRY,1693069,0,110218
6792,SOUNDKITENTRY,1693149,0,110218
6793,SOUNDKITENTRY,1693150,0,110218
6794,SOUNDKITENTRY,1693151,0,110218
6795,SOUNDKITENTRY,1693152,0,110218
6796,SOUNDKITENTRY,1693153,0,110218
6797,SOUNDKITENTRY,1693154,0,110218
6798,SOUNDKITENTRY,1693155,0,110218
6799,SOUNDKITENTRY,1693156,0,110218
6800,SOUNDKITENTRY,1693157,0,110218
6801,SOUNDKITENTRY,1693158,0,110218
6802,SOUNDKITENTRY,1693169,0,110218
6803,SOUNDKITENTRY,1693170,0,110218
6804,SOUNDKITENTRY,1693171,0,110218
6805,SOUNDKITENTRY,1693172,0,110218
6806,SOUNDKITENTRY,1693173,0,110218
6807,SOUNDKITENTRY,1693174,0,110218
6808,SOUNDKITENTRY,1693175,0,110218
6809,SOUNDKITENTRY,1693176,0,110218
6810,SOUNDKITENTRY,1693177,0,110218
6811,SOUNDKITENTRY,1693178,0,110218
6812,SOUNDKITENTRY,1693179,0,110218
6813,SOUNDKITENTRY,1694090,0,110218
6814,SOUNDKITENTRY,1694091,0,110218
6815,SOUNDKITENTRY,1694092,0,110218
6816,SOUNDKITENTRY,1694093,0,110218
6817,SOUNDKITENTRY,1694094,0,110218
6818,SOUNDKITENTRY,1694095,0,110218
6819,SOUNDKITENTRY,1694096,0,110218
6820,SOUNDKITENTRY,1694097,0,110218
6821,SOUNDKITENTRY,1694098,0,110218
6822,SOUNDKITENTRY,1694099,0,110218
6823,SOUNDKITENTRY,1694100,0,110218
6824,SOUNDKITENTRY,1694101,0,110218
6825,SOUNDKITENTRY,1694102,0,110218
6826,SOUNDKITENTRY,1694103,0,110218
6827,SOUNDKITENTRY,1694104,0,110218
6828,SOUNDKITENTRY,1694105,0,110218
6829,SOUNDKITENTRY,1694106,0,110218
6830,SOUNDKITENTRY,1694107,0,110218
6831,SOUNDKITENTRY,1694108,0,110218
6832,SOUNDKITENTRY,1694109,0,110218
6833,SOUNDKITENTRY,1694110,0,110218
6834,SOUNDKITENTRY,1694111,0,110218
6835,SOUNDKITENTRY,1694112,0,110218
6836,SOUNDKITENTRY,1694113,0,110218
6837,SOUNDKITENTRY,1694114,0,110218
6838,SOUNDKITENTRY,1694115,0,110218
6839,SOUNDKITENTRY,1694116,0,110218
6840,SOUNDKITENTRY,1694117,0,110218
6841,SOUNDKITENTRY,1694118,0,110218
6842,SOUNDKITENTRY,1694119,0,110218
6843,SOUNDKITENTRY,1694120,0,110218
6844,SOUNDKITENTRY,1694121,0,110218
6845,SOUNDKITENTRY,1694122,0,110218
6846,SOUNDKITENTRY,1694123,0,110218
6847,SOUNDKITENTRY,1694124,0,110218
6848,SOUNDKITENTRY,1694125,0,110218
6849,SOUNDKITENTRY,1694126,0,110218
6850,SOUNDKITENTRY,1694127,0,110218
6851,SOUNDKITENTRY,1694128,0,110218
6852,SOUNDKITENTRY,1694129,0,110218
6853,SOUNDKITENTRY,1694130,0,110218
6854,SPELLCHAINEFFECTS,9358,0,110218
6855,SPELLEFFECT,1340065,0,110218
6856,SPELLVISUAL,190608,0,110218
6857,SPELLVISUAL,190609,0,110218
6858,SPELLVISUAL,190616,0,110218
6859,SPELLVISUAL,190630,0,110218
6860,SPELLVISUALEVENT,562162,0,110218
6861,SPELLVISUALEVENT,562164,0,110218
6862,SPELLVISUALEVENT,562174,0,110218
6863,SPELLVISUALEVENT,562196,0,110218
6864,SPELLVISUALEVENT,562284,0,110218
6865,SPELLVISUALKIT,279033,0,110218
6866,SPELLVISUALKIT,279035,0,110218
6867,SPELLVISUALKIT,279045,0,110218
6868,SPELLVISUALKIT,279068,0,110218
6869,SPELLVISUALKIT,279144,0,110218
6870,SPELLVISUALKITEFFECT,779970,0,110218
6871,SPELLVISUALKITEFFECT,780212,0,110218
6872,SPELLVISUALKITEFFECT,780214,0,110218
6873,SPELLVISUALKITEFFECT,780215,0,110218
6874,SPELLVISUALKITEFFECT,780218,0,110218
6875,SPELLVISUALKITEFFECT,780220,0,110218
6876,SPELLVISUALKITEFFECT,780818,0,110218
6877,SPELLVISUALKITEFFECT,781162,0,110218
6878,SPELLVISUALKITEFFECT,782557,0,110218
6879,SPELLVISUALKITEFFECT,782585,0,110218
6880,SPELLVISUALKITEFFECT,783368,0,110218
6881,SPELLVISUALKITEFFECT,789409,0,110218
6882,SPELLVISUALKITEFFECT,789589,0,110218
6883,SPELLVISUALKITEFFECT,789590,0,110218
6884,SPELLVISUALKITEFFECT,789591,0,110218
6885,SPELLVISUALKITEFFECT,789592,0,110218
6886,SPELLVISUALKITEFFECT,789593,0,110218
6887,SPELLVISUALKITEFFECT,789594,0,110218
6888,SPELLVISUALKITEFFECT,789595,0,110218
6889,SPELLVISUALKITEFFECT,789596,0,110218
6890,SPELLVISUALKITEFFECT,789597,0,110218
6891,SPELLVISUALKITEFFECT,789599,0,110218
6892,SPELLVISUALKITEFFECT,789609,0,110218
6893,SPELLVISUALKITEFFECT,789612,0,110218
6894,SPELLVISUALKITEFFECT,789622,0,110218
6895,SPELLVISUALKITEFFECT,789631,0,110218
6896,SPELLVISUALKITEFFECT,789632,0,110218
6897,SPELLVISUALKITEFFECT,789650,0,110218
6898,SPELLVISUALKITEFFECT,789651,0,110218
6899,SPELLVISUALKITEFFECT,789662,0,110218
6900,SPELLVISUALKITEFFECT,789690,0,110218
6901,SPELLVISUALKITEFFECT,789700,0,110218
6902,SPELLVISUALKITEFFECT,789714,0,110218
6903,SPELLVISUALKITEFFECT,789737,0,110218
6904,SPELLVISUALKITEFFECT,789743,0,110218
6905,SPELLVISUALKITEFFECT,789746,0,110218
6906,SPELLVISUALKITEFFECT,789938,0,110218
6907,SPELLVISUALKITEFFECT,789939,0,110218
6908,SPELLVISUALMISSILE,29644,0,110218
6909,SPELLVISUALMISSILE,29700,0,110218
6910,SPELLXSPELLVISUAL,531846,0,110218
6911,SPELLXSPELLVISUAL,531847,0,110218
6912,SPELLXSPELLVISUAL,531854,0,110218
6913,SPELLXSPELLVISUAL,531868,0,110218
6914,SPELLSCRIPT,7141,0,110348
6915,SPELLEFFECT,1320484,0,110342
6916,AREATRIGGERACTION,72202,0,110364
6917,SPELLEFFECT,1322749,0,110364
6918,SPELLCATEGORIES,182842,0,110256
6919,SPELLCATEGORIES,185510,0,110256
6920,SPELLINTERRUPTS,241169,0,110256
6921,SPELLINTERRUPTS,244429,0,110256
6922,CREATUREDIFFICULTY,345178,0,110247
6923,CREATUREDIFFICULTY,345179,0,110247
6924,CREATUREDIFFICULTY,345180,0,110247
6925,CREATUREDIFFICULTY,345181,0,110247
6926,CREATUREDIFFICULTY,345182,0,110247
6927,CREATUREDIFFICULTY,345183,0,110247
6928,CREATUREDIFFICULTY,345184,0,110247
6929,CREATUREDIFFICULTY,345185,0,110247
6930,CREATUREDIFFICULTY,357935,0,110247
6931,CREATUREDIFFICULTY,357936,0,110247
6932,CREATUREDIFFICULTY,357937,0,110247
6933,CREATUREDIFFICULTY,357938,0,110247
6934,CREATURELABEL,94200,0,110247
6935,CREATURELABEL,94201,0,110247
6936,CREATURELABEL,94202,0,110247
6937,CREATURELABEL,94203,0,110247
6938,CREATURELABEL,94204,0,110247
6939,CREATURELABEL,94205,0,110247
6940,CREATURELABEL,94206,0,110247
6941,CREATURELABEL,94207,0,110247
6942,SPELLEFFECT,1299142,0,110247
6943,SPELLEFFECT,1299545,0,110247
6944,SPELLEFFECT,1299577,0,110247
6945,SPELLEFFECT,1319669,0,110247
6946,SPELLEFFECT,1328919,0,110247
6947,CREATURE,272102,0,110017
6948,CREATUREDIFFICULTY,355831,0,110017
6949,CREATUREDISPLAYINFO,147621,0,110017
6950,CREATUREDISPLAYINFO,147622,0,110017
6951,CREATUREDISPLAYINFO,147623,0,110017
6952,CREATUREDISPLAYINFO,147624,0,110017
6953,CREATUREDISPLAYINFO,147625,0,110017
6954,CREATUREDISPLAYINFO,147626,0,110017
6955,CREATUREDISPLAYINFO,147627,0,110017
6956,CREATUREDISPLAYINFO,147628,0,110017
6957,CREATUREDISPLAYINFO,147629,0,110017
6958,CREATUREDISPLAYINFO,147630,0,110017
6959,CREATUREDISPLAYINFOGEOSETDATA,133637,0,110017
6960,CREATUREDISPLAYINFOGEOSETDATA,133638,0,110017
6961,CREATUREDISPLAYINFOGEOSETDATA,133639,0,110017
6962,CREATUREDISPLAYINFOGEOSETDATA,133640,0,110017
6963,CREATUREDISPLAYINFOGEOSETDATA,133641,0,110017
6964,CREATUREDISPLAYINFOGEOSETDATA,133642,0,110017
6965,CREATUREDISPLAYINFOGEOSETDATA,133643,0,110017
6966,CREATUREDISPLAYINFOGEOSETDATA,133644,0,110017
6967,CREATUREDISPLAYINFOGEOSETDATA,133645,0,110017
6968,CREATUREDISPLAYINFOGEOSETDATA,133646,0,110017
6969,CREATUREDISPLAYINFOGEOSETDATA,133647,0,110017
6970,CREATUREDISPLAYINFOGEOSETDATA,133648,0,110017
6971,CREATUREDISPLAYINFOGEOSETDATA,133649,0,110017
6972,CREATUREDISPLAYINFOGEOSETDATA,133650,0,110017
6973,CREATUREDISPLAYINFOGEOSETDATA,133651,0,110017
6974,CREATUREDISPLAYINFOGEOSETDATA,133652,0,110017
6975,CREATUREDISPLAYINFOGEOSETDATA,133653,0,110017
6976,CREATUREDISPLAYINFOGEOSETDATA,133654,0,110017
6977,CREATUREDISPLAYINFOGEOSETDATA,133655,0,110017
6978,CREATUREDISPLAYINFOGEOSETDATA,133656,0,110017
6979,CREATUREDISPLAYINFOGEOSETDATA,133657,0,110017
6980,CREATUREDISPLAYINFOGEOSETDATA,133658,0,110017
6981,CREATUREDISPLAYINFOGEOSETDATA,133659,0,110017
6982,CREATUREDISPLAYINFOGEOSETDATA,133660,0,110017
6983,CREATUREDISPLAYINFOGEOSETDATA,133661,0,110017
6984,CREATUREDISPLAYINFOGEOSETDATA,133662,0,110017
6985,CREATUREDISPLAYINFOGEOSETDATA,133663,0,110017
6986,CREATUREDISPLAYINFOGEOSETDATA,133664,0,110017
6987,CREATUREDISPLAYINFOGEOSETDATA,133665,0,110017
6988,CREATUREDISPLAYINFOGEOSETDATA,133666,0,110017
6989,CREATUREDISPLAYINFOGEOSETDATA,133667,0,110017
6990,CREATUREDISPLAYINFOGEOSETDATA,133668,0,110017
6991,CREATUREDISPLAYINFOGEOSETDATA,133669,0,110017
6992,CREATUREDISPLAYINFOGEOSETDATA,133670,0,110017
6993,CREATUREDISPLAYINFOGEOSETDATA,133671,0,110017
6994,CREATUREDISPLAYINFOGEOSETDATA,133672,0,110017
6995,CREATUREDISPLAYINFOGEOSETDATA,133673,0,110017
6996,CREATUREDISPLAYINFOGEOSETDATA,133674,0,110017
6997,CREATUREDISPLAYINFOGEOSETDATA,133675,0,110017
6998,CREATUREDISPLAYINFOGEOSETDATA,133676,0,110017
6999,CREATUREDISPLAYINFOGEOSETDATA,133677,0,110017
7000,CREATUREDISPLAYINFOGEOSETDATA,133678,0,110017
7001,CREATUREDISPLAYINFOGEOSETDATA,133679,0,110017
7002,CREATUREDISPLAYINFOGEOSETDATA,133680,0,110017
7003,CREATUREDISPLAYINFOGEOSETDATA,133681,0,110017
7004,CREATUREDISPLAYINFOGEOSETDATA,133682,0,110017
7005,CREATUREDISPLAYINFOGEOSETDATA,133683,0,110017
7006,CREATUREDISPLAYINFOGEOSETDATA,133684,0,110017
7007,CREATUREDISPLAYINFOGEOSETDATA,133685,0,110017
7008,CREATUREDISPLAYINFOGEOSETDATA,133686,0,110017
7009,CREATUREDISPLAYINFOGEOSETDATA,133687,0,110017
7010,CREATUREDISPLAYINFOGEOSETDATA,133688,0,110017
7011,CREATUREDISPLAYINFOGEOSETDATA,133689,0,110017
7012,CREATUREDISPLAYINFOGEOSETDATA,133690,0,110017
7013,CREATUREDISPLAYINFOGEOSETDATA,133691,0,110017
7014,CREATUREXDISPLAYINFO,677871,0,110017
7015,CREATUREXDISPLAYINFO,677872,0,110017
7016,CREATUREXDISPLAYINFO,677873,0,110017
7017,CREATUREXDISPLAYINFO,677874,0,110017
7018,CREATUREXDISPLAYINFO,677875,0,110017
7019,CREATUREXDISPLAYINFO,677876,0,110017
7020,CREATUREXDISPLAYINFO,677877,0,110017
7021,CREATUREXDISPLAYINFO,677878,0,110017
7022,CREATUREXDISPLAYINFO,677879,0,110017
7023,CREATUREXDISPLAYINFO,677880,0,110017
7024,CREATURE,258940,0,109878
7025,CREATURE,261554,0,109878
7026,CREATURE,263109,0,109878
7027,CREATURE,271453,0,109878
7028,CREATUREDIFFICULTY,342079,0,109878
7029,CREATUREDIFFICULTY,344793,0,109878
7030,CREATUREDIFFICULTY,346415,0,109878
7031,CREATUREDIFFICULTY,355170,0,109878
7032,CREATUREDISPLAYINFO,146677,0,109878
7033,CREATUREDISPLAYINFO,146986,0,109878
7034,CREATUREDISPLAYINFO,147569,0,109878
7035,CREATUREDISPLAYINFO,147573,0,109878
7036,CREATUREDISPLAYINFO,147574,0,109878
7037,CREATUREDISPLAYINFO,147577,0,109878
7038,CREATUREDISPLAYINFO,147578,0,109878
7039,CREATUREDISPLAYINFOGEOSETDATA,133626,0,109878
7040,CREATUREDISPLAYINFOGEOSETDATA,133627,0,109878
7041,CREATUREDISPLAYINFOGEOSETDATA,133628,0,109878
7042,CREATUREDISPLAYINFOGEOSETDATA,133629,0,109878
7043,CREATUREDISPLAYINFOGEOSETDATA,133630,0,109878
7044,CREATUREDISPLAYINFOGEOSETDATA,133631,0,109878
7045,CREATURESOUNDDATA,10675,0,109878
7046,CREATURESOUNDDATA,10686,0,109878
7047,CREATURESOUNDDATA,10773,0,109878
7048,CREATURESOUNDDATA,10774,0,109878
7049,CREATURESOUNDFIDGET,65220,0,109878
7050,CREATURESOUNDFIDGET,65221,0,109878
7051,CREATURESOUNDFIDGET,65222,0,109878
7052,CREATURESOUNDFIDGET,65223,0,109878
7053,CREATURESOUNDFIDGET,65224,0,109878
7054,CREATURESOUNDFIDGET,65225,0,109878
7055,CREATURESOUNDFIDGET,65226,0,109878
7056,CREATURESOUNDFIDGET,65227,0,109878
7057,CREATURESOUNDFIDGET,65228,0,109878
7058,CREATURESOUNDFIDGET,65229,0,109878
7059,CREATURESOUNDFIDGET,65230,0,109878
7060,CREATURESOUNDFIDGET,65231,0,109878
7061,CREATURESOUNDFIDGET,65232,0,109878
7062,CREATURESOUNDFIDGET,65233,0,109878
7063,CREATURESOUNDFIDGET,65234,0,109878
7064,CREATURESOUNDFIDGET,65235,0,109878
7065,CREATURESOUNDFIDGET,65236,0,109878
7066,CREATURESOUNDFIDGET,65237,0,109878
7067,CREATURESOUNDFIDGET,65238,0,109878
7068,CREATURESOUNDFIDGET,65239,0,109878
7069,CREATURESOUNDFIDGET,65240,0,109878
7070,CREATURESOUNDFIDGET,65241,0,109878
7071,CREATURESOUNDFIDGET,65242,0,109878
7072,CREATURESOUNDFIDGET,65243,0,109878
7073,CREATURESOUNDFIDGET,65244,0,109878
7074,CREATURESOUNDFIDGET,65245,0,109878
7075,CREATUREXDISPLAYINFO,649217,0,109878
7076,CREATUREXDISPLAYINFO,655343,0,109878
7077,CREATUREXDISPLAYINFO,658819,0,109878
7078,CREATUREXDISPLAYINFO,676724,0,109878
7079,CURVE,112530,0,109878
7080,CURVEPOINT,336492,0,109878
7081,CURVEPOINT,336493,0,109878
7082,EMOTES,1152,0,109878
7083,OBJECTEFFECT,9276,0,109878
7084,OBJECTEFFECT,9421,0,109878
7085,OBJECTEFFECT,9427,0,109878
7086,OBJECTEFFECTGROUP,5837,0,109878
7087,OBJECTEFFECTGROUP,5919,0,109878
7088,OBJECTEFFECTGROUP,5923,0,109878
7089,OBJECTEFFECTPACKAGE,2936,0,109878
7090,OBJECTEFFECTPACKAGE,2938,0,109878
7091,OBJECTEFFECTPACKAGE,2939,0,109878
7092,OBJECTEFFECTPACKAGEELEM,12686,0,109878
7093,OBJECTEFFECTPACKAGEELEM,12690,0,109878
7094,OBJECTEFFECTPACKAGEELEM,12691,0,109878
7095,SOUNDKIT,347837,0,109878
7096,SOUNDKIT,352827,0,109878
7097,SOUNDKIT,354568,0,109878
7098,SOUNDKIT,359990,0,109878
7099,SOUNDKIT,360617,0,109878
7100,SOUNDKIT,360696,0,109878
7101,SOUNDKIT,360733,0,109878
7102,SOUNDKIT,360878,0,109878
7103,SOUNDKIT,360879,0,109878
7104,SOUNDKIT,360880,0,109878
7105,SOUNDKIT,360881,0,109878
7106,SOUNDKIT,360882,0,109878
7107,SOUNDKIT,364708,0,109878
7108,SOUNDKIT,364711,0,109878
7109,SOUNDKIT,367436,0,109878
7110,SOUNDKIT,367437,0,109878
7111,SOUNDKIT,367440,0,109878
7112,SOUNDKIT,367441,0,109878
7113,SOUNDKIT,367442,0,109878
7114,SOUNDKIT,367444,0,109878
7115,SOUNDKIT,367445,0,109878
7116,SOUNDKIT,367446,0,109878
7117,SOUNDKIT,367452,0,109878
7118,SOUNDKIT,367453,0,109878
7119,SOUNDKIT,367455,0,109878
7120,SOUNDKIT,367458,0,109878
7121,SOUNDKIT,367459,0,109878
7122,SOUNDKIT,367463,0,109878
7123,SOUNDKIT,367464,0,109878
7124,SOUNDKIT,367465,0,109878
7125,SOUNDKIT,367466,0,109878
7126,SOUNDKIT,367467,0,109878
7127,SOUNDKIT,367468,0,109878
7128,SOUNDKIT,367470,0,109878
7129,SOUNDKIT,367471,0,109878
7130,SOUNDKIT,367473,0,109878
7131,SOUNDKIT,367474,0,109878
7132,SOUNDKIT,367475,0,109878
7133,SOUNDKIT,367476,0,109878
7134,SOUNDKIT,367477,0,109878
7135,SOUNDKIT,367478,0,109878
7136,SOUNDKIT,367481,0,109878
7137,SOUNDKIT,367484,0,109878
7138,SOUNDKIT,367485,0,109878
7139,SOUNDKIT,367486,0,109878
7140,SOUNDKITADVANCED,316729,0,109878
7141,SOUNDKITADVANCED,318455,0,109878
7142,SOUNDKITADVANCED,324443,0,109878
7143,SOUNDKITADVANCED,324569,0,109878
7144,SOUNDKITADVANCED,331035,0,109878
7145,SOUNDKITADVANCED,331036,0,109878
7146,SOUNDKITADVANCED,331038,0,109878
7147,SOUNDKITADVANCED,331039,0,109878
7148,SOUNDKITADVANCED,331040,0,109878
7149,SOUNDKITADVANCED,331042,0,109878
7150,SOUNDKITADVANCED,331043,0,109878
7151,SOUNDKITADVANCED,331044,0,109878
7152,SOUNDKITADVANCED,331050,0,109878
7153,SOUNDKITADVANCED,331051,0,109878
7154,SOUNDKITADVANCED,331053,0,109878
7155,SOUNDKITADVANCED,331056,0,109878
7156,SOUNDKITADVANCED,331057,0,109878
7157,SOUNDKITADVANCED,331061,0,109878
7158,SOUNDKITADVANCED,331062,0,109878
7159,SOUNDKITADVANCED,331063,0,109878
7160,SOUNDKITADVANCED,331064,0,109878
7161,SOUNDKITADVANCED,331065,0,109878
7162,SOUNDKITADVANCED,331066,0,109878
7163,SOUNDKITADVANCED,331068,0,109878
7164,SOUNDKITADVANCED,331069,0,109878
7165,SOUNDKITADVANCED,331071,0,109878
7166,SOUNDKITADVANCED,331072,0,109878
7167,SOUNDKITADVANCED,331073,0,109878
7168,SOUNDKITADVANCED,331074,0,109878
7169,SOUNDKITADVANCED,331075,0,109878
7170,SOUNDKITADVANCED,331076,0,109878
7171,SOUNDKITADVANCED,331079,0,109878
7172,SOUNDKITADVANCED,331082,0,109878
7173,SOUNDKITADVANCED,331083,0,109878
7174,SOUNDKITADVANCED,331084,0,109878
7175,SOUNDKITCHILD,48977,0,109878
7176,SOUNDKITCHILD,48978,0,109878
7177,SOUNDKITCHILD,48979,0,109878
7178,SOUNDKITCHILD,48980,0,109878
7179,SOUNDKITCHILD,48981,0,109878
7180,SOUNDKITCHILD,48982,0,109878
7181,SOUNDKITCHILD,48983,0,109878
7182,SOUNDKITCHILD,48985,0,109878
7183,SOUNDKITCHILD,48986,0,109878
7184,SOUNDKITCHILD,48987,0,109878
7185,SOUNDKITCHILD,48988,0,109878
7186,SOUNDKITCHILD,48991,0,109878
7187,SOUNDKITENTRY,1594069,0,109878
7188,SOUNDKITENTRY,1605779,0,109878
7189,SOUNDKITENTRY,1687012,0,109878
7190,SOUNDKITENTRY,1687013,0,109878
7191,SOUNDKITENTRY,1687014,0,109878
7192,SOUNDKITENTRY,1687015,0,109878
7193,SOUNDKITENTRY,1687016,0,109878
7194,SOUNDKITENTRY,1687017,0,109878
7195,SOUNDKITENTRY,1687018,0,109878
7196,SOUNDKITENTRY,1687019,0,109878
7197,SOUNDKITENTRY,1687020,0,109878
7198,SOUNDKITENTRY,1687023,0,109878
7199,SOUNDKITENTRY,1687024,0,109878
7200,SOUNDKITENTRY,1687025,0,109878
7201,SOUNDKITENTRY,1687026,0,109878
7202,SOUNDKITENTRY,1687027,0,109878
7203,SOUNDKITENTRY,1687028,0,109878
7204,SOUNDKITENTRY,1687029,0,109878
7205,SOUNDKITENTRY,1687030,0,109878
7206,SOUNDKITENTRY,1687031,0,109878
7207,SOUNDKITENTRY,1687032,0,109878
7208,SOUNDKITENTRY,1687033,0,109878
7209,SOUNDKITENTRY,1687034,0,109878
7210,SOUNDKITENTRY,1687035,0,109878
7211,SOUNDKITENTRY,1687036,0,109878
7212,SOUNDKITENTRY,1687037,0,109878
7213,SOUNDKITENTRY,1687038,0,109878
7214,SOUNDKITENTRY,1687039,0,109878
7215,SOUNDKITENTRY,1687040,0,109878
7216,SOUNDKITENTRY,1687041,0,109878
7217,SOUNDKITENTRY,1687042,0,109878
7218,SOUNDKITENTRY,1687043,0,109878
7219,SOUNDKITENTRY,1687044,0,109878
7220,SOUNDKITENTRY,1687051,0,109878
7221,SOUNDKITENTRY,1687052,0,109878
7222,SOUNDKITENTRY,1687053,0,109878
7223,SOUNDKITENTRY,1687054,0,109878
7224,SOUNDKITENTRY,1687055,0,109878
7225,SOUNDKITENTRY,1687056,0,109878
7226,SOUNDKITENTRY,1687057,0,109878
7227,SOUNDKITENTRY,1687058,0,109878
7228,SOUNDKITENTRY,1687059,0,109878
7229,SOUNDKITENTRY,1687060,0,109878
7230,SOUNDKITENTRY,1687061,0,109878
7231,SOUNDKITENTRY,1687062,0,109878
7232,SOUNDKITENTRY,1687063,0,109878
7233,SOUNDKITENTRY,1687064,0,109878
7234,SOUNDKITENTRY,1687065,0,109878
7235,SOUNDKITENTRY,1687066,0,109878
7236,SOUNDKITENTRY,1687067,0,109878
7237,SOUNDKITENTRY,1687087,0,109878
7238,SOUNDKITENTRY,1687088,0,109878
7239,SOUNDKITENTRY,1687089,0,109878
7240,SOUNDKITENTRY,1687090,0,109878
7241,SOUNDKITENTRY,1687091,0,109878
7242,SOUNDKITENTRY,1687092,0,109878
7243,SOUNDKITENTRY,1687093,0,109878
7244,SOUNDKITENTRY,1687094,0,109878
7245,SOUNDKITENTRY,1687095,0,109878
7246,SOUNDKITENTRY,1687106,0,109878
7247,SOUNDKITENTRY,1687107,0,109878
7248,SOUNDKITENTRY,1687108,0,109878
7249,SOUNDKITENTRY,1687109,0,109878
7250,SOUNDKITENTRY,1687110,0,109878
7251,SOUNDKITENTRY,1687111,0,109878
7252,SOUNDKITENTRY,1687112,0,109878
7253,SOUNDKITENTRY,1687113,0,109878
7254,SOUNDKITENTRY,1687114,0,109878
7255,SOUNDKITENTRY,1687115,0,109878
7256,SOUNDKITENTRY,1687130,0,109878
7257,SOUNDKITENTRY,1687131,0,109878
7258,SOUNDKITENTRY,1687132,0,109878
7259,SOUNDKITENTRY,1687133,0,109878
7260,SOUNDKITENTRY,1687134,0,109878
7261,SOUNDKITENTRY,1687135,0,109878
7262,SOUNDKITENTRY,1687136,0,109878
7263,SOUNDKITENTRY,1687137,0,109878
7264,SOUNDKITENTRY,1687138,0,109878
7265,SOUNDKITENTRY,1687139,0,109878
7266,SOUNDKITENTRY,1687140,0,109878
7267,SOUNDKITENTRY,1687141,0,109878
7268,SOUNDKITENTRY,1687142,0,109878
7269,SOUNDKITENTRY,1687143,0,109878
7270,SOUNDKITENTRY,1687163,0,109878
7271,SOUNDKITENTRY,1687164,0,109878
7272,SOUNDKITENTRY,1687165,0,109878
7273,SOUNDKITENTRY,1687166,0,109878
7274,SOUNDKITENTRY,1687167,0,109878
7275,SOUNDKITENTRY,1687168,0,109878
7276,SOUNDKITENTRY,1687169,0,109878
7277,SOUNDKITENTRY,1687170,0,109878
7278,SOUNDKITENTRY,1687171,0,109878
7279,SOUNDKITENTRY,1687172,0,109878
7280,SOUNDKITENTRY,1687173,0,109878
7281,SOUNDKITENTRY,1687174,0,109878
7282,SOUNDKITENTRY,1687175,0,109878
7283,SOUNDKITENTRY,1687176,0,109878
7284,SOUNDKITENTRY,1687177,0,109878
7285,SOUNDKITENTRY,1687178,0,109878
7286,SOUNDKITENTRY,1687179,0,109878
7287,SOUNDKITENTRY,1687180,0,109878
7288,SOUNDKITENTRY,1687181,0,109878
7289,SOUNDKITENTRY,1687182,0,109878
7290,SOUNDKITENTRY,1687183,0,109878
7291,SOUNDKITENTRY,1687184,0,109878
7292,SOUNDKITENTRY,1687185,0,109878
7293,SOUNDKITENTRY,1687186,0,109878
7294,SOUNDKITENTRY,1687187,0,109878
7295,SOUNDKITENTRY,1687188,0,109878
7296,SOUNDKITENTRY,1687189,0,109878
7297,SOUNDKITENTRY,1687190,0,109878
7298,SOUNDKITENTRY,1687191,0,109878
7299,SOUNDKITENTRY,1687192,0,109878
7300,SOUNDKITENTRY,1687193,0,109878
7301,SOUNDKITENTRY,1687194,0,109878
7302,SOUNDKITENTRY,1687195,0,109878
7303,SOUNDKITENTRY,1687196,0,109878
7304,SOUNDKITENTRY,1687197,0,109878
7305,SOUNDKITENTRY,1687198,0,109878
7306,SOUNDKITENTRY,1687199,0,109878
7307,SOUNDKITENTRY,1687200,0,109878
7308,SOUNDKITENTRY,1687201,0,109878
7309,SOUNDKITENTRY,1687202,0,109878
7310,SOUNDKITENTRY,1687203,0,109878
7311,SOUNDKITENTRY,1687204,0,109878
7312,SOUNDKITENTRY,1687205,0,109878
7313,SOUNDKITENTRY,1687206,0,109878
7314,SOUNDKITENTRY,1687207,0,109878
7315,SOUNDKITENTRY,1687208,0,109878
7316,SOUNDKITENTRY,1687209,0,109878
7317,SOUNDKITENTRY,1687210,0,109878
7318,SOUNDKITENTRY,1687211,0,109878
7319,SOUNDKITENTRY,1687212,0,109878
7320,SOUNDKITENTRY,1687213,0,109878
7321,SOUNDKITENTRY,1687214,0,109878
7322,SOUNDKITENTRY,1687215,0,109878
7323,SOUNDKITENTRY,1687216,0,109878
7324,SOUNDKITENTRY,1687217,0,109878
7325,SOUNDKITENTRY,1687228,0,109878
7326,SOUNDKITENTRY,1687229,0,109878
7327,SOUNDKITENTRY,1687230,0,109878
7328,SOUNDKITENTRY,1687231,0,109878
7329,SOUNDKITENTRY,1687232,0,109878
7330,SOUNDKITENTRY,1687233,0,109878
7331,SOUNDKITENTRY,1687234,0,109878
7332,SOUNDKITENTRY,1687235,0,109878
7333,SOUNDKITENTRY,1687236,0,109878
7334,SOUNDKITENTRY,1687237,0,109878
7335,SOUNDKITENTRY,1687238,0,109878
7336,SOUNDKITENTRY,1687239,0,109878
7337,SOUNDKITENTRY,1687240,0,109878
7338,SOUNDKITENTRY,1687245,0,109878
7339,SOUNDKITENTRY,1687246,0,109878
7340,SOUNDKITENTRY,1687247,0,109878
7341,SOUNDKITENTRY,1687248,0,109878
7342,SOUNDKITENTRY,1687249,0,109878
7343,SOUNDKITENTRY,1687250,0,109878
7344,SOUNDKITENTRY,1687251,0,109878
7345,SOUNDKITENTRY,1687252,0,109878
7346,SOUNDKITENTRY,1687253,0,109878
7347,SOUNDKITENTRY,1687254,0,109878
7348,SOUNDKITENTRY,1687255,0,109878
7349,SOUNDKITENTRY,1687256,0,109878
7350,SOUNDKITENTRY,1687257,0,109878
7351,SOUNDKITENTRY,1687258,0,109878
7352,SOUNDKITENTRY,1687259,0,109878
7353,SOUNDKITENTRY,1687260,0,109878
7354,SOUNDKITENTRY,1687261,0,109878
7355,SOUNDKITENTRY,1687262,0,109878
7356,SOUNDKITENTRY,1687263,0,109878
7357,SOUNDKITENTRY,1687264,0,109878
7358,SOUNDKITENTRY,1687265,0,109878
7359,SOUNDKITENTRY,1687266,0,109878
7360,SOUNDKITENTRY,1687267,0,109878
7361,SOUNDKITENTRY,1687268,0,109878
7362,SOUNDKITENTRY,1687269,0,109878
7363,SOUNDKITENTRY,1687270,0,109878
7364,SOUNDKITENTRY,1687271,0,109878
7365,SOUNDKITENTRY,1687272,0,109878
7366,SOUNDKITENTRY,1687273,0,109878
7367,SOUNDKITENTRY,1687274,0,109878
7368,SOUNDKITENTRY,1687275,0,109878
7369,SOUNDKITENTRY,1687276,0,109878
7370,SOUNDKITENTRY,1687277,0,109878
7371,SOUNDKITENTRY,1687278,0,109878
7372,SOUNDKITENTRY,1687279,0,109878
7373,SOUNDKITENTRY,1687280,0,109878
7374,SOUNDKITENTRY,1687281,0,109878
7375,SOUNDKITENTRY,1687282,0,109878
7376,SOUNDKITENTRY,1687283,0,109878
7377,SOUNDKITENTRY,1687284,0,109878
7378,SOUNDKITENTRY,1687285,0,109878
7379,SOUNDKITENTRY,1687286,0,109878
7380,SOUNDKITENTRY,1687287,0,109878
7381,SOUNDKITENTRY,1687288,0,109878
7382,SOUNDKITENTRY,1687289,0,109878
7383,SOUNDKITENTRY,1687290,0,109878
7384,SOUNDKITENTRY,1687291,0,109878
7385,SOUNDKITENTRY,1687292,0,109878
7386,SOUNDKITENTRY,1687297,0,109878
7387,SOUNDKITENTRY,1687298,0,109878
7388,SOUNDKITENTRY,1687299,0,109878
7389,SOUNDKITENTRY,1687300,0,109878
7390,SOUNDKITENTRY,1687301,0,109878
7391,SOUNDKITENTRY,1687302,0,109878
7392,SOUNDKITENTRY,1687303,0,109878
7393,SOUNDKITENTRY,1687304,0,109878
7394,SOUNDKITENTRY,1687309,0,109878
7395,SOUNDKITENTRY,1687310,0,109878
7396,SOUNDKITENTRY,1687311,0,109878
7397,SOUNDKITENTRY,1687312,0,109878
7398,SOUNDKITENTRY,1687313,0,109878
7399,SOUNDKITENTRY,1687314,0,109878
7400,SOUNDKITENTRY,1687315,0,109878
7401,SOUNDKITENTRY,1687316,0,109878
7402,SOUNDKITENTRY,1687317,0,109878
7403,SOUNDKITENTRY,1687318,0,109878
7404,SOUNDKITENTRY,1687319,0,109878
7405,SOUNDKITENTRY,1687320,0,109878
7406,SOUNDKITENTRY,1687321,0,109878
7407,SOUNDKITENTRY,1687322,0,109878
7408,SOUNDKITENTRY,1687323,0,109878
7409,SOUNDKITENTRY,1687324,0,109878
7410,SOUNDKITENTRY,1687325,0,109878
7411,SOUNDKITENTRY,1687326,0,109878
7412,SOUNDKITENTRY,1687327,0,109878
7413,SOUNDKITENTRY,1687328,0,109878
7414,SOUNDKITENTRY,1687329,0,109878
7415,SOUNDKITENTRY,1687330,0,109878
7416,SOUNDKITENTRY,1687331,0,109878
7417,SOUNDKITENTRY,1687332,0,109878
7418,SOUNDKITENTRY,1687333,0,109878
7419,SOUNDKITENTRY,1687334,0,109878
7420,SOUNDKITENTRY,1687335,0,109878
7421,SOUNDKITENTRY,1687336,0,109878
7422,SOUNDKITENTRY,1687337,0,109878
7423,SOUNDKITENTRY,1687338,0,109878
7424,SOUNDKITENTRY,1687339,0,109878
7425,SOUNDKITENTRY,1687340,0,109878
7426,SOUNDKITENTRY,1687341,0,109878
7427,SOUNDKITENTRY,1687342,0,109878
7428,SPAWNEVENT,5323536,0,109878
7429,SPAWNEVENT,5323559,0,109878
7430,SPELLVISUAL,187826,0,109878
7431,SPELLVISUAL,188717,0,109878
7432,SPELLVISUAL,188803,0,109878
7433,SPELLVISUAL,188806,0,109878
7434,SPELLVISUAL,188809,0,109878
7435,SPELLVISUAL,188813,0,109878
7436,SPELLVISUALANIM,434723,0,109878
7437,SPELLVISUALANIM,434725,0,109878
7438,SPELLVISUALANIM,434726,0,109878
7439,SPELLVISUALANIM,434728,0,109878
7440,SPELLVISUALEVENT,558545,0,109878
7441,SPELLVISUALEVENT,558551,0,109878
7442,SPELLVISUALEVENT,558562,0,109878
7443,SPELLVISUALEVENT,558563,0,109878
7444,SPELLVISUALEVENT,558566,0,109878
7445,SPELLVISUALEVENT,558570,0,109878
7446,SPELLVISUALEVENT,558575,0,109878
7447,SPELLVISUALEVENT,558577,0,109878
7448,SPELLVISUALEVENT,561298,0,109878
7449,SPELLVISUALEVENT,561305,0,109878
7450,SPELLVISUALEVENT,561306,0,109878
7451,SPELLVISUALEVENT,561307,0,109878
7452,SPELLVISUALKIT,278311,0,109878
7453,SPELLVISUALKIT,278313,0,109878
7454,SPELLVISUALKIT,278314,0,109878
7455,SPELLVISUALKIT,278316,0,109878
7456,SPELLVISUALKIT,278317,0,109878
7457,SPELLVISUALKIT,278319,0,109878
7458,SPELLVISUALKIT,278321,0,109878
7459,SPELLVISUALKIT,278322,0,109878
7460,SPELLVISUALKIT,278323,0,109878
7461,SPELLVISUALKIT,278329,0,109878
7462,SPELLVISUALKIT,278330,0,109878
7463,SPELLVISUALKIT,278331,0,109878
7464,SPELLVISUALKITEFFECT,739265,0,109878
7465,SPELLVISUALKITEFFECT,748918,0,109878
7466,SPELLVISUALKITEFFECT,748923,0,109878
7467,SPELLVISUALKITEFFECT,776142,0,109878
7468,SPELLVISUALKITEFFECT,777015,0,109878
7469,SPELLVISUALKITEFFECT,777031,0,109878
7470,SPELLVISUALKITEFFECT,777033,0,109878
7471,SPELLVISUALKITEFFECT,777220,0,109878
7472,SPELLVISUALKITEFFECT,778995,0,109878
7473,SPELLVISUALKITEFFECT,787761,0,109878
7474,SPELLVISUALKITEFFECT,787767,0,109878
7475,SPELLVISUALKITEFFECT,787768,0,109878
7476,SPELLVISUALKITEFFECT,787772,0,109878
7477,SPELLVISUALKITEFFECT,787773,0,109878
7478,SPELLVISUALKITEFFECT,787774,0,109878
7479,SPELLVISUALKITEFFECT,787775,0,109878
7480,SPELLVISUALKITEFFECT,787776,0,109878
7481,SPELLVISUALKITEFFECT,787778,0,109878
7482,SPELLVISUALKITEFFECT,787779,0,109878
7483,SPELLVISUALKITEFFECT,787780,0,109878
7484,SPELLVISUALKITEFFECT,787781,0,109878
7485,SPELLVISUALKITEFFECT,787782,0,109878
7486,SPELLVISUALKITEFFECT,787788,0,109878
7487,SPELLVISUALKITEFFECT,787789,0,109878
7488,SPELLVISUALKITEFFECT,787790,0,109878
7489,SPELLVISUALKITEFFECT,787792,0,109878
7490,SPELLVISUALKITEFFECT,787800,0,109878
7491,SPELLVISUALKITEFFECT,787801,0,109878
7492,SPELLVISUALKITEFFECT,787802,0,109878
7493,SPELLVISUALKITEFFECT,787803,0,109878
7494,SPELLVISUALKITEFFECT,787804,0,109878
7495,SPELLVISUALKITEFFECT,787805,0,109878
7496,SPELLVISUALKITEFFECT,787806,0,109878
7497,SPELLVISUALKITEFFECT,787821,0,109878
7498,SPELLVISUALKITEFFECT,787822,0,109878
7499,SPELLVISUALKITEFFECT,787825,0,109878
7500,SPELLVISUALKITEFFECT,787831,0,109878
7501,SPELLVISUALKITEFFECT,787834,0,109878
7502,SPELLVISUALKITEFFECT,787835,0,109878
7503,SPELLVISUALKITEFFECT,787839,0,109878
7504,SPELLVISUALKITEFFECT,787846,0,109878
7505,SPELLVISUALKITEFFECT,787851,0,109878
7506,SPELLVISUALKITMODELATTACH,637349,0,109878
7507,SPELLVISUALKITMODELATTACH,637350,0,109878
7508,SPELLVISUALKITMODELATTACH,637352,0,109878
7509,SPELLVISUALKITMODELATTACH,637353,0,109878
7510,SPELLVISUALKITMODELATTACH,637356,0,109878
7511,SPELLVISUALKITMODELATTACH,637362,0,109878
7512,SPELLVISUALKITMODELATTACH,637363,0,109878
7513,SPELLVISUALKITMODELATTACH,637364,0,109878
7514,SPELLVISUALKITMODELATTACH,637365,0,109878
7515,SPELLVISUALMISSILE,29657,0,109878
7516,SPELLVISUALMISSILE,29658,0,109878
7517,JOURNALENCOUNTERSECTION,35941,0,110147
7518,CREATUREDIFFICULTY,218680,0,110377
7519,CRITERIATREE,66554,0,110377
7520,SPAWNLOC,2584304,0,110377
7521,SPAWNLOC,2603507,0,110377
7522,SPAWNLOC,5216708,0,110377
7523,SPAWNLOC,5216709,0,110377
7524,SPAWNLOC,5216710,0,110377
7525,SPAWNLOC,5227987,0,110377
7526,SPAWNOBJECT,3572292,0,110377
7527,SPAWNOBJECT,8254250,0,110377
7528,COOLDOWNSETSPELL,198976,0,110359
7529,SPELLMISC,831754,0,110371
7530,SPELLSCRIPT,9650,0,110241
7531,SPELLSCRIPT,35218,0,110241
7532,SPELLSCRIPT,45576,0,110241
7533,SPELLSCRIPT,133553,0,110241
7534,SPELLSCRIPTTEXT,21725,0,110241
7535,SPELLSCRIPTTEXT,21726,0,110241
7536,SPELLSCRIPTTEXT,29081,0,110241
7537,SPELLSCRIPTTEXT,29082,0,110241
7538,AI_GROUPACTION,1091930,0,110283
7539,AI_GROUPACTION,1092034,0,110283
7540,AI_GROUPACTION,1092039,0,110283
7541,AI_GROUPACTION,1092040,0,110283
7542,AI_GROUPACTION,1092059,0,110283
7543,AI_GROUPACTION,1092060,0,110283
7544,AI_GROUPACTION,1092061,0,110283
7545,AI_GROUPACTION,1092080,0,110283
7546,AI_GROUPACTION,1092081,0,110283
7547,AI_GROUPACTION,1092149,0,110283
7548,AI_GROUPACTIONSET,1199563,0,110283
7549,AI_GROUPACTIONSET,1204324,0,110283
7550,AI_GROUPACTIONSET,1210447,0,110283
7551,AI_GROUPACTIONSET,1210452,0,110283
7552,AI_GROUPACTIONSET,1210570,0,110283
7553,AI_GROUPACTIONSET,1210574,0,110283
7554,AI_GROUPACTIONSET,1210580,0,110283
7555,AI_GROUPACTIONSET,1210591,0,110283
7556,AI_GROUPACTIONSET,1210597,0,110283
7557,AI_GROUPACTIONSET,1210599,0,110283
7558,AI_GROUPACTIONSET,1210604,0,110283
7559,AI_GROUPACTIONSET,1210637,0,110283
7560,AI_GROUPACTIONSET,1210638,0,110283
7561,AI_GROUPACTIONSET,1210645,0,110283
7562,AI_GROUPACTIONSET,1210657,0,110283
7563,AI_GROUPACTIONSET,1210680,0,110283
7564,AI_GROUPACTIONSET,1210685,0,110283
7565,AI_GROUPACTIONSET,1210687,0,110283
7566,AI_GROUPACTIONSET,1210776,0,110283
7567,AI_TRIGGERACTION,218108,0,110283
7568,AI_TRIGGERACTION,221786,0,110283
7569,AI_TRIGGERACTION,221804,0,110283
7570,AI_TRIGGERACTION,221807,0,110283
7571,AI_TRIGGERACTION,221836,0,110283
7572,AI_TRIGGERACTION,222075,0,110283
7573,AI_TRIGGERACTION,224290,0,110283
7574,AI_TRIGGERACTION,224595,0,110283
7575,AI_TRIGGERACTION,224618,0,110283
7576,AI_TRIGGERACTIONSET,76656,0,110283
7577,AI_TRIGGERACTIONSET,78035,0,110283
7578,AREATRIGGERACTION,70469,0,110283
7579,COMBATCONDITION,7476,0,110283
7580,COMBATCONDITION,7477,0,110283
7581,COMBATCONDITION,7478,0,110283
7582,CREATUREDISPLAYINFO,147693,0,110283
7583,CREATUREDISPLAYINFOGEOSETDATA,133710,0,110283
7584,DUNGEONENCOUNTERXCREATURE,3883,0,110283
7585,DUNGEONENCOUNTERXCREATURE,4145,0,110283
7586,EDGEGLOWEFFECT,8534,0,110283
7587,GRADIENTEFFECT,1750,0,110283
7588,NAMEDPOINT,181357,0,110283
7589,NAMEDPOINT,181360,0,110283
7590,POSITIONER,4204,0,110283
7591,POSITIONERSTATE,4764,0,110283
7592,POSITIONERSTATEENTRY,9549,0,110283
7593,POSITIONERSTATEENTRY,9550,0,110283
7594,POSITIONERSTATEENTRY,9551,0,110283
7595,SPAWNEVENT,5298278,0,110283
7596,SPAWNEVENT,5298656,0,110283
7597,SPAWNPATHNODE,3566104,0,110283
7598,SPAWNPATHNODE,3566105,0,110283
7599,SPAWNPATHNODE,3566106,0,110283
7600,SPELL,420980,0,110283
7601,SPELLCATEGORIES,154033,0,110283
7602,SPELLEFFECT,1094990,0,110283
7603,SPELLEFFECT,1327543,0,110283
7604,SPELLEFFECT,1327558,0,110283
7605,SPELLEFFECT,1347051,0,110283
7606,SPELLMISC,711195,0,110283
7607,SPELLMISC,836421,0,110283
7608,SPELLMISC,849187,0,110283
7609,SPELLMISC,860090,0,110283
7610,SPELLPROCEDURALEFFECT,376869,0,110283
7611,SPELLSCRIPT,125886,0,110283
7612,SPELLSCRIPT,126446,0,110283
7613,SPELLSCRIPT,126946,0,110283
7614,SPELLSCRIPT,129797,0,110283
7615,SPELLSCRIPT,132079,0,110283
7616,SPELLSCRIPT,133572,0,110283
7617,SPELLSCRIPT,133629,0,110283
7618,SPELLSCRIPTPACKAGE,80157,0,110283
7619,SPELLSCRIPTPACKAGE,82469,0,110283
7620,SPELLSCRIPTTEXT,28272,0,110283
7621,SPELLSCRIPTTEXT,28273,0,110283
7622,SPELLSCRIPTTEXT,28350,0,110283
7623,SPELLSCRIPTTEXT,28408,0,110283
7624,SPELLSCRIPTTEXT,28447,0,110283
7625,SPELLSCRIPTTEXT,28513,0,110283
7626,SPELLSCRIPTTEXT,28597,0,110283
7627,SPELLSCRIPTTEXT,28968,0,110283
7628,SPELLSCRIPTTEXT,29054,0,110283
7629,SPELLSCRIPTTEXT,29310,0,110283
7630,SPELLVISUAL,190673,0,110283
7631,SPELLVISUALEFFECTNAME,57595,0,110283
7632,SPELLVISUALEVENT,562270,0,110283
7633,SPELLVISUALKIT,279130,0,110283
7634,SPELLVISUALKIT,279131,0,110283
7635,SPELLVISUALKITEFFECT,789902,0,110283
7636,SPELLVISUALKITEFFECT,789903,0,110283
7637,SPELLVISUALKITEFFECT,789904,0,110283
7638,SPELLVISUALKITEFFECT,789905,0,110283
7639,SPELLVISUALKITEFFECT,789906,0,110283
7640,SPELLVISUALKITEFFECT,789907,0,110283
7641,SPELLVISUALKITEFFECT,789917,0,110283
7642,SPELLVISUALKITEFFECT,789925,0,110283
7643,SPELLVISUALKITMODELATTACH,638379,0,110283
7644,SPELLVISUALKITMODELATTACH,638380,0,110283
7645,SPELLVISUALKITMODELATTACH,638388,0,110283
7646,SPELLVISUALKITMODELATTACH,638392,0,110283
7647,SPELLXSPELLVISUAL,531914,0,110283
7648,UNITCONDITION,9411,0,110283
7649,UNITCONDITION,9917,0,110283
7650,SPELLMISC,839038,0,110332
7651,SPELLMISC,842380,0,110332
7652,SPELLMISC,842448,0,110332
7653,SPELLMISC,846181,0,110332
7654,AREATRIGGERCREATEPROPERTIES,43449,0,110357
7655,AREATRIGGERCREATEPROPERTIES,43451,0,110357
7656,SPELLEFFECT,1325987,0,110357
7657,SPELLEFFECT,1327691,0,110357
7658,SPELLEFFECT,1339662,0,110357
7659,SPELLEFFECT,1347242,0,110357
7660,SPELLMISC,842391,0,110357
7661,SPELLMISC,842627,0,110357
7662,SPELLMISC,842772,0,110357
7663,SPELLMISC,846699,0,110357
7664,SPELLMISC,846700,0,110357
7665,SPELLMISC,846701,0,110357
7666,SPELLMISC,848225,0,110357
7667,SPELLSCRIPT,127826,0,110357
7668,SPELLSCRIPTTEXT,28456,0,110357
7669,SPELLSCRIPTTEXT,28457,0,110357
7670,SPELLTARGETRESTRICTIONS,353306,0,110357
7671,SPELLMISC,835800,0,110366
7672,SPELLMISC,839038,0,110366
7673,SPELLMISC,842359,0,110366
7674,SPELLMISC,842377,0,110366
7675,SPELLMISC,842380,0,110366
7676,SPELLMISC,842448,0,110366
7677,SPELLMISC,842450,0,110366
7678,SPELLMISC,846181,0,110366
7679,SPELLMISC,856077,0,110368
7680,SPELLSCRIPTTEXT,28187,0,110373
7681,SPELLSCRIPTTEXT,28188,0,110373
7682,SPELLMISC,848291,0,110374
7683,SPELLMISC,858161,0,110375
7684,COOLDOWNSETSPELL,198777,0,110227
7685,COOLDOWNSETSPELL,198778,0,110227
7686,COOLDOWNSETSPELL,198779,0,110227
7687,COOLDOWNSETSPELL,198792,0,110227
7688,COOLDOWNSETSPELL,198794,0,110227
7689,COOLDOWNSETSPELL,198959,0,110227
7690,COOLDOWNSETSPELL,198967,0,110227
7691,COOLDOWNSETSPELL,198968,0,110227
7692,COOLDOWNSETSPELL,198969,0,110227
7693,PLAYERCONDITION,162863,0,110227
7694,PLAYERCONDITION,162864,0,110227
7695,CFG_REALMS,6160,0,110448
7696,CREATURE,269710,0,110327
7697,CREATURE,270824,0,110327
7698,CREATUREXDISPLAYINFO,673229,0,110327
7699,BROADCASTTEXT,224989,0,110429
7700,BROADCASTTEXT,224995,0,110429
7701,BROADCASTTEXT,250296,0,110429
7702,BROADCASTTEXT,250297,0,110429
7703,BROADCASTTEXT,250298,0,110429
7704,BROADCASTTEXT,250299,0,110429
7705,BROADCASTTEXT,250300,0,110429
7706,BROADCASTTEXT,250756,0,110429
7707,BROADCASTTEXT,250757,0,110429
7708,BROADCASTTEXT,250758,0,110429
7709,BROADCASTTEXT,250759,0,110429
7710,BROADCASTTEXT,250760,0,110429
7711,BROADCASTTEXT,250761,0,110429
7712,BROADCASTTEXT,303912,0,110429
7713,BROADCASTTEXT,304072,0,110429
7714,BROADCASTTEXT,304489,0,110429
7715,BROADCASTTEXT,304688,0,110429
7716,BROADCASTTEXT,304870,0,110429
7717,BROADCASTTEXT,304905,0,110429
7718,BROADCASTTEXT,305906,0,110429
7719,BROADCASTTEXT,307324,0,110429
7720,BROADCASTTEXT,307346,0,110429
7721,BROADCASTTEXT,307386,0,110429
7722,BROADCASTTEXT,307563,0,110429
7723,BROADCASTTEXT,307747,0,110429
7724,BROADCASTTEXT,307891,0,110429
7725,BROADCASTTEXT,308043,0,110429
7726,BROADCASTTEXT,308066,0,110429
7727,BROADCASTTEXT,308186,0,110429
7728,BROADCASTTEXT,308324,0,110429
7729,BROADCASTTEXT,308482,0,110429
7730,BROADCASTTEXT,309043,0,110429
7731,BROADCASTTEXT,309165,0,110429
7732,BROADCASTTEXT,309540,0,110429
7733,BROADCASTTEXT,309825,0,110429
7734,BROADCASTTEXT,309826,0,110429
7735,BROADCASTTEXT,309934,0,110429
7736,BROADCASTTEXT,310320,0,110429
7737,BROADCASTTEXT,310475,0,110429
7738,BROADCASTTEXT,311130,0,110429
7739,BROADCASTTEXT,311139,0,110429
7740,BROADCASTTEXT,311241,0,110429
7741,BROADCASTTEXT,311250,0,110429
7742,BROADCASTTEXT,311304,0,110429
7743,BROADCASTTEXT,311317,0,110429
7744,BROADCASTTEXT,311555,0,110429
7745,BROADCASTTEXT,311583,0,110429
7746,BROADCASTTEXT,311688,0,110429
7747,BROADCASTTEXT,311691,0,110429
7748,BROADCASTTEXT,311762,0,110429
7749,BROADCASTTEXT,311769,0,110429
7750,BROADCASTTEXT,311779,0,110429
7751,BROADCASTTEXT,311800,0,110429
7752,BROADCASTTEXT,311845,0,110429
7753,BROADCASTTEXT,311846,0,110429
7754,BROADCASTTEXT,311849,0,110429
7755,BROADCASTTEXT,311857,0,110429
7756,BROADCASTTEXT,311893,0,110429
7757,BROADCASTTEXT,311936,0,110429
7758,BROADCASTTEXT,311938,0,110429
7759,BROADCASTTEXT,311951,0,110429
7760,BROADCASTTEXT,311954,0,110429
7761,BROADCASTTEXT,312034,0,110429
7762,BROADCASTTEXT,312094,0,110429
7763,BROADCASTTEXT,312164,0,110429
7764,BROADCASTTEXT,312208,0,110429
7765,BROADCASTTEXT,312311,0,110429
7766,BROADCASTTEXT,312317,0,110429
7767,BROADCASTTEXT,312318,0,110429
7768,BROADCASTTEXT,312364,0,110429
7769,BROADCASTTEXT,312407,0,110429
7770,BROADCASTTEXT,312568,0,110429
7771,BROADCASTTEXT,312775,0,110429
7772,BROADCASTTEXT,312866,0,110429
7773,BROADCASTTEXT,312896,0,110429
7774,BROADCASTTEXT,312978,0,110429
7775,BROADCASTTEXT,313058,0,110429
7776,BROADCASTTEXT,313079,0,110429
7777,BROADCASTTEXT,313121,0,110429
7778,BROADCASTTEXT,313191,0,110429
7779,BROADCASTTEXT,313265,0,110429
7780,BROADCASTTEXT,313272,0,110429
7781,BROADCASTTEXT,313292,0,110429
7782,BROADCASTTEXT,313294,0,110429
7783,BROADCASTTEXT,313302,0,110429
7784,BROADCASTTEXT,313308,0,110429
7785,BROADCASTTEXT,313337,0,110429
7786,BROADCASTTEXT,313340,0,110429
7787,BROADCASTTEXT,313357,0,110429
7788,BROADCASTTEXT,313363,0,110429
7789,BROADCASTTEXT,313367,0,110429
7790,BROADCASTTEXT,313438,0,110429
7791,BROADCASTTEXT,313439,0,110429
7792,BROADCASTTEXT,313623,0,110429
7793,BROADCASTTEXT,313655,0,110429
7794,BROADCASTTEXT,313681,0,110429
7795,BROADCASTTEXT,313700,0,110429
7796,BROADCASTTEXT,313757,0,110429
7797,BROADCASTTEXT,314078,0,110429
7798,BROADCASTTEXT,314080,0,110429
7799,BROADCASTTEXT,314352,0,110429
7800,BROADCASTTEXT,314378,0,110429
7801,BROADCASTTEXT,315058,0,110429
7802,BROADCASTTEXT,315064,0,110429
7803,BROADCASTTEXT,315216,0,110429
7804,BROADCASTTEXT,315706,0,110429
7805,BROADCASTTEXT,315715,0,110429
7806,BROADCASTTEXT,315736,0,110429
7807,BROADCASTTEXT,315751,0,110429
7808,BROADCASTTEXT,315773,0,110429
7809,BROADCASTTEXT,316440,0,110429
7810,BROADCASTTEXT,316469,0,110429
7811,BROADCASTTEXT,316476,0,110429
7812,BROADCASTTEXT,317054,0,110429
7813,BROADCASTTEXT,317362,0,110429
7814,BROADCASTTEXT,317371,0,110429
7815,BROADCASTTEXT,317886,0,110429
7816,BROADCASTTEXT,317957,0,110429
7817,BROADCASTTEXT,317991,0,110429
7818,BROADCASTTEXT,318203,0,110429
7819,BROADCASTTEXT,318238,0,110429
7820,BROADCASTTEXT,318297,0,110429
7821,BROADCASTTEXT,318533,0,110429
7822,BROADCASTTEXT,318831,0,110429
7823,BROADCASTTEXT,319016,0,110429
7824,BROADCASTTEXT,319326,0,110429
7825,BROADCASTTEXT,320494,0,110429
7826,BROADCASTTEXT,320880,0,110429
7827,BROADCASTTEXT,321061,0,110429
7828,BROADCASTTEXT,321411,0,110429
7829,BROADCASTTEXT,321413,0,110429
7830,BROADCASTTEXT,321873,0,110429
7831,BROADCASTTEXT,324811,0,110429
7832,BROADCASTTEXT,324812,0,110429
7833,CREATURE,11491,0,110429
7834,CREATURE,14241,0,110429
7835,CREATURE,261509,0,110429
7836,CREATURE,263682,0,110429
7837,CREATURE,263969,0,110429
7838,CREATURE,263974,0,110429
7839,CREATURE,264840,0,110429
7840,CREATURE,268174,0,110429
7841,GAMEOBJECTS,576763,0,110429
7842,GAMEOBJECTS,587426,0,110429
7843,GLOBALSTRINGS,12672,0,110429
7844,GLOBALSTRINGS,52131,0,110429
7845,JOURNALENCOUNTERSECTION,37276,0,110429
7846,JOURNALENCOUNTERSECTION,37277,0,110429
7847,JOURNALENCOUNTERSECTION,37279,0,110429
7848,QUESTV2,92933,0,110429
7849,QUESTV2,93428,0,110429
7850,QUESTV2,95954,0,110429
7851,QUESTV2,96098,0,110429
7852,QUESTV2,96541,0,110429
7853,QUESTV2,96546,0,110429
7854,QUESTV2,96614,0,110429
7855,QUESTV2,97535,0,110429
7856,QUESTV2,97559,0,110429
7857,QUESTV2,97565,0,110429
7858,QUESTV2,98515,0,110429
7859,SPELL,7620,0,110429
7860,SPELL,14110,0,110429
7861,SPELL,131474,0,110429
7862,SPELL,191877,0,110429
7863,SPELL,249045,0,110429
7864,SPELL,259388,0,110429
7865,SPELL,415945,0,110429
7866,SPELL,444072,0,110429
7867,SPELL,449619,0,110429
7868,SPELL,454149,0,110429
7869,SPELL,460823,0,110429
7870,SPELL,460824,0,110429
7871,SPELL,461036,0,110429
7872,SPELL,473520,0,110429
7873,SPELL,1260272,0,110429
7874,SPELL,1283556,0,110429
7875,SPELL,1284033,0,110429
7876,SPELL,1287072,0,110429
7877,SPELL,1288891,0,110429
7878,SPELL,1292321,0,110429
7879,SPELL,1295132,0,110429
7880,SPELL,1296301,0,110429
7881,SPELL,1296618,0,110429
7882,SPELL,1296626,0,110429
7883,SPELL,1296651,0,110429
7884,SPELL,1297384,0,110429
7885,SPELL,1300503,0,110429
7886,SPELL,1301510,0,110429
7887,SPELL,1301778,0,110429
7888,SPELL,1303414,0,110429
7889,SPELL,1307603,0,110429
7890,SPELL,1314090,0,110429
7891,SPELL,1314091,0,110429
7892,SPELL,1314285,0,110429
7893,SPELL,1314286,0,110429
7894,SPELL,1314287,0,110429
7895,SPELL,1314288,0,110429
7896,SPELL,1314289,0,110429
7897,SPELL,1314290,0,110429
7898,SPELL,1314455,0,110429
7899,SPELL,1314563,0,110429
7900,SPELL,1314837,0,110429
7901,SPELL,1314846,0,110429
7902,SPELL,1314883,0,110429
7903,SPELL,1314884,0,110429
7904,SPELL,1314885,0,110429
7905,QUESTTREASUREPICKER,86322,0,110317
7906,QUESTTREASUREPICKER,86323,0,110317
7907,QUESTTREASUREPICKER,86324,0,110317
7908,QUESTTREASUREPICKER,86325,0,110317
7909,QUESTTREASUREPICKER,86326,0,110317
7910,QUESTTREASUREPICKER,86327,0,110317
7911,TREASURE,143747,0,110317
7912,TREASURE,143748,0,110317
7913,TREASURE,143749,0,110317
7914,TREASUREITEM,1549242,0,110317
7915,TREASUREITEM,1549243,0,110317
7916,TREASUREITEM,1549244,0,110317
7917,TREASUREPICKER,5075,0,110317
7918,TREASUREPICKER,5076,0,110317
7919,TREASUREPICKER,5077,0,110317
7920,CRITERIA,116873,0,110419
7921,PLAYERCONDITION,161389,0,110419
7922,TREASUREITEM,1532641,0,110318
7923,TREASUREITEM,1532642,0,110318
7924,SPELLSCRIPTTEXT,29616,0,110352
7925,SPELLSCRIPTTEXT,29617,0,110352
7926,CREATUREDISPLAYINFO,146292,0,110399
7927,SPELLMISC,844276,0,110413
7928,MODIFIERTREE,462498,0,110441
7929,MODIFIERTREE,462499,0,110441
7930,MODIFIERTREE,462500,0,110441
7931,MODIFIERTREE,462501,0,110441
7932,ITEM,274037,0,110176
7933,MOUNT,2981,0,110176
7934,SPELL,1293028,0,110176
7935,SPELLEFFECT,1231537,0,110557
7936,SPELLEFFECT,1235085,0,110557
7937,SPELLEFFECT,1271077,0,110557
7938,SPELLMISC,790423,0,110557
7939,SPELLMISC,792651,0,110557
7940,SPELLEFFECT,873886,0,110462
7941,SPELLEFFECT,1347484,0,110462
7942,SPELLEFFECT,1347485,0,110462
7943,SPELLEFFECT,1347489,0,110462
7944,SPELLEFFECT,1347490,0,110462
7945,CREATURESPELLDATA,50001,0,109950
7946,CREATURESPELLDATA,50359,0,109950
7947,CREATURESPELLDATA,50360,0,109950
7948,CREATURESPELLDATA,50361,0,109950
7949,CREATURESPELLDATA,50362,0,109950
7950,CREATURESPELLDATA,50363,0,109950
7951,CREATURESPELLDATA,50364,0,109950
7952,CREATURESPELLDATA,50366,0,109950
7953,ENCOUNTEREVENT,978,0,109950
7954,ENCOUNTEREVENT,979,0,109950
7955,ENCOUNTEREVENT,980,0,109950
7956,ENCOUNTEREVENT,981,0,109950
7957,ENCOUNTEREVENT,982,0,109950
7958,ENCOUNTEREVENT,983,0,109950
7959,ENCOUNTEREVENT,984,0,109950
7960,ENCOUNTEREVENT,985,0,109950
7961,ENCOUNTEREVENT,986,0,109950
7962,ENCOUNTEREVENT,987,0,109950
7963,TREASURE,141888,0,110168
7964,TREASURE,141889,0,110168
7965,TREASURE,141890,0,110168
7966,TREASURE,141891,0,110168
7967,TREASURE,142061,0,110168
7968,TREASURE,142588,0,110168
7969,TREASURE,142589,0,110168
7970,TREASURE,142590,0,110168
7971,TREASURE,142591,0,110168
7972,TREASURE,142670,0,110168
7973,TREASURE,142671,0,110168
7974,TREASURE,142672,0,110168
7975,TREASUREITEM,1541383,0,110168
7976,TREASUREITEM,1541384,0,110168
7977,TREASUREITEM,1541385,0,110168
7978,TREASUREITEM,1541881,0,110168
7979,TREASUREITEM,1541882,0,110168
7980,TREASUREITEM,1541883,0,110168
7981,TREASUREITEM,1544170,0,110168
7982,TREASUREITEM,1544171,0,110168
7983,ITEMCONDITION,195,0,110370
7984,ITEMFIXUP,149,0,110370
7985,ITEMFIXUPACTION,385,0,110370
7986,ITEMRECRAFT,90,0,110370
7987,MODIFIERTREE,462423,0,110370
7988,MODIFIERTREE,462424,0,110370
7989,MODIFIERTREE,462425,0,110370
7990,MODIFIERTREE,462426,0,110370
7991,MODIFIERTREE,462427,0,110370
7992,MODIFIERTREE,462428,0,110370
7993,MODIFIERTREE,462429,0,110370
7994,MODIFIERTREE,462430,0,110370
7995,SHAREDSTRING,1312,0,110370
7996,SPELLEFFECT,1335838,0,110410
7997,SPELLMISC,843438,0,110410
7998,AI_GROUPACTIONSET,1210979,0,110415
7999,AI_GROUPACTIONSET,1210980,0,110415
8000,AI_GROUPACTIONSET,1210982,0,110415
8001,AI_GROUPACTIONSET,1210983,0,110415
8002,AI_GROUPACTIONSET,1210986,0,110415
8003,SPAWNEVENT,5295250,0,110415
8004,SPAWNEVENT,5295252,0,110415
8005,AI_GROUPACTIONSET,1210998,0,110442
8006,AI_TRIGGERACTION,222676,0,110442
8007,SPAWNGROUP,3312169,0,110442
8008,SPAWNGROUP,3312171,0,110442
8009,SPAWNGROUP,3312172,0,110442
8010,SPAWNGROUP,3312173,0,110442
8011,SPAWNGROUP,3312269,0,110442
8012,SPAWNGROUP,3312272,0,110442
8013,SPAWNGROUP,3312273,0,110442
8014,SPAWNGROUP,3312275,0,110442
8015,SPAWNGROUP,3312276,0,110442
8016,SPAWNGROUP,3312277,0,110442
8017,SPAWNGROUP,3312291,0,110442
8018,SPAWNGROUP,3312294,0,110442
8019,SPAWNGROUP,3312302,0,110442
8020,SPAWNGROUP,3313629,0,110442
8021,SPAWNGROUP,3313650,0,110442
8022,SPAWNGROUP,3319801,0,110442
8023,SPAWNGROUP,3319802,0,110442
8024,SPAWNGROUP,3319803,0,110442
8025,SPAWNGROUP,3320332,0,110442
8026,SPAWNGROUP,3320346,0,110442
8027,SPAWNGROUP,3320348,0,110442
8028,SPAWNGROUP,3320359,0,110442
8029,SPAWNGROUP,3320372,0,110442
8030,SPAWNGROUP,3320374,0,110442
8031,STRINGID,119014,0,110442
8032,SPELLSCRIPT,132555,0,110472
8033,SPELLMISC,841248,0,109955
8034,SPELLMISC,842359,0,109955
8035,SPELLMISC,842377,0,109955
8036,SPELLMISC,842379,0,109955
8037,SPELLMISC,842450,0,109955
8038,SPELLMISC,842451,0,109955
8039,AREATRIGGERACTION,74037,0,109958
8040,UNITCONDITION,9606,0,109958
8041,SPELL,1301774,0,109961
8042,CREATUREDIFFICULTY,353872,0,109962
8043,CREATUREDIFFICULTY,345752,0,109964
8044,CREATUREDIFFICULTY,349012,0,109964
8045,SPELLEFFECT,1338391,0,109967
8046,CREATUREDISPLAYINFO,143198,0,109970
8047,CREATUREDISPLAYINFO,146348,0,109970
8048,CREATUREMODELDATA,18140,0,109970
8049,COMBATCONDITION,7470,0,109977
8050,CREATUREDIFFICULTY,345752,0,109977
8051,CREATUREDIFFICULTY,349012,0,109977
8052,CREATUREDIFFICULTY,353872,0,109977
8053,SPELL,1294982,0,109977
8054,SPELLEFFECT,1316715,0,109977
8055,SPELLMISC,839038,0,109977
8056,SPELLMISC,842380,0,109977
8057,SPELLMISC,856084,0,109977
8058,UNITCONDITION,9895,0,109977
8059,SPELL,114108,0,110295
8060,SPELLAURAOPTIONS,9071,0,110295
8061,SPELLMISC,87251,0,110295
8062,SPELLSCRIPT,12724,0,110295
8063,SPELLSCRIPT,12725,0,110295
8064,SPELLSCRIPT,27430,0,110295
8065,SPELLSCRIPT,133591,0,110295
8066,SPELLSCRIPTPACKAGE,14633,0,110295
8067,SPELLSCRIPTTEXT,22827,0,110295
8068,SPELLSCRIPTTEXT,22828,0,110295
8069,SPELLSCRIPTTEXT,27673,0,110295
8070,SPELLSCRIPTTEXT,27674,0,110295
8071,SPELLSCRIPTTEXT,29042,0,110295
8072,SPELLSCRIPTTEXT,29050,0,110295
8073,SPELLSCRIPTTEXT,29051,0,110295
8074,SPELLMISC,817313,0,110310
8075,SPELLSCRIPT,64793,0,110310
8076,SPELLSCRIPTTEXT,22827,0,110310
8077,SPELLSCRIPTTEXT,22828,0,110310
8078,SPELLSCRIPTTEXT,29042,0,110310
8079,DUNGEONENCOUNTER,3429,0,110321
8080,AI_GROUPACTION,1092130,0,110328
8081,AI_GROUPACTION,1092131,0,110328
8082,AI_GROUPACTION,1092132,0,110328
8083,AI_GROUPACTION,1092133,0,110328
8084,AI_GROUPACTION,1092134,0,110328
8085,AI_GROUPACTION,1092137,0,110328
8086,AI_GROUPACTION,1092138,0,110328
8087,AI_GROUPACTION,1092140,0,110328
8088,AI_GROUPACTION,1092143,0,110328
8089,AI_GROUPACTION,1092144,0,110328
8090,AI_GROUPACTION,1092145,0,110328
8091,AI_GROUPACTION,1092146,0,110328
8092,AI_GROUPACTION,1092147,0,110328
8093,AI_GROUPACTION,1092148,0,110328
8094,AI_GROUPACTIONSET,1210753,0,110328
8095,AI_GROUPACTIONSET,1210754,0,110328
8096,AI_GROUPACTIONSET,1210755,0,110328
8097,AI_GROUPACTIONSET,1210756,0,110328
8098,AI_GROUPACTIONSET,1210757,0,110328
8099,AI_GROUPACTIONSET,1210758,0,110328
8100,AI_GROUPACTIONSET,1210759,0,110328
8101,AI_GROUPACTIONSET,1210761,0,110328
8102,AI_GROUPACTIONSET,1210762,0,110328
8103,AI_GROUPACTIONSET,1210763,0,110328
8104,AI_GROUPACTIONSET,1210764,0,110328
8105,AI_GROUPACTIONSET,1210765,0,110328
8106,AI_GROUPACTIONSET,1210766,0,110328
8107,AI_GROUPACTIONSET,1210767,0,110328
8108,AI_GROUPACTIONSET,1210768,0,110328
8109,AI_GROUPACTIONSET,1210769,0,110328
8110,AI_GROUPACTIONSET,1210770,0,110328
8111,AI_GROUPACTIONSET,1210774,0,110328
8112,AI_GROUPACTIONSET,1210778,0,110328
8113,AI_GROUPACTIONSET,1210779,0,110328
8114,AI_GROUPACTIONSET,1210780,0,110328
8115,AI_GROUPACTIONSET,1210781,0,110328
8116,AI_GROUPACTIONSET,1210782,0,110328
8117,AI_TRIGGERACTION,218283,0,110328
8118,AI_TRIGGERACTION,219746,0,110328
8119,AI_TRIGGERACTION,220379,0,110328
8120,AI_TRIGGERACTION,222628,0,110328
8121,AI_TRIGGERACTION,222647,0,110328
8122,AI_TRIGGERACTION,222648,0,110328
8123,AI_TRIGGERACTION,223330,0,110328
8124,AI_TRIGGERACTION,223331,0,110328
8125,AI_TRIGGERACTION,223345,0,110328
8126,AI_TRIGGERACTION,223346,0,110328
8127,AI_TRIGGERACTION,224622,0,110328
8128,AI_TRIGGERACTION,224624,0,110328
8129,AI_TRIGGERACTION,224625,0,110328
8130,AI_TRIGGERACTION,224626,0,110328
8131,AI_TRIGGERACTION,224627,0,110328
8132,AI_TRIGGERACTION,224630,0,110328
8133,AI_TRIGGERACTION,224631,0,110328
8134,AI_TRIGGERACTION,224632,0,110328
8135,AI_TRIGGERACTION,224633,0,110328
8136,AI_TRIGGERACTION,224634,0,110328
8137,AI_TRIGGERACTION,224635,0,110328
8138,AI_TRIGGERACTION,224636,0,110328
8139,AI_TRIGGERACTION,224637,0,110328
8140,AI_TRIGGERACTION,224638,0,110328
8141,AI_TRIGGERACTIONSET,76706,0,110328
8142,AI_TRIGGERACTIONSET,77462,0,110328
8143,AI_TRIGGERACTIONSET,79130,0,110328
8144,RANDOMTEXT,51184,0,110328
8145,RANDOMTEXT,51185,0,110328
8146,RANDOMTEXT,51186,0,110328
8147,RANDOMTEXT,51187,0,110328
8148,RANDOMTEXT,51188,0,110328
8149,RANDOMTEXT,51189,0,110328
8150,RANDOMTEXT,51190,0,110328
8151,RANDOMTEXT,51191,0,110328
8152,SCENARIOEVENTENTRY,42199,0,110330
8153,SCENARIOEVENTENTRY,42200,0,110330
8154,SCENARIOEVENTENTRY,42203,0,110330
8155,SCENARIOEVENTENTRY,42204,0,110330
8156,SCENARIOEVENTENTRY,45010,0,110330
8157,SCENARIOEVENTENTRY,45011,0,110330
8158,SCENARIOEVENTENTRY,45012,0,110330
8159,SCENARIOEVENTENTRY,45026,0,110330
8160,SCENARIOEVENTENTRY,45029,0,110330
8161,SCENARIOEVENTENTRY,45030,0,110330
8162,SPELL,1315104,0,110330
8163,SPELL,1315106,0,110330
8164,SPELLCASTINGREQUIREMENTS,233192,0,110330
8165,SPELLCASTINGREQUIREMENTS,233193,0,110330
8166,SPELLCATEGORIES,188261,0,110330
8167,SPELLCATEGORIES,188263,0,110330
8168,SPELLCOOLDOWNS,101346,0,110330
8169,SPELLCOOLDOWNS,101347,0,110330
8170,SPELLEFFECT,1347208,0,110330
8171,SPELLEFFECT,1347209,0,110330
8172,SPELLEFFECT,1347211,0,110330
8173,SPELLEFFECT,1347212,0,110330
8174,SPELLINTERRUPTS,248447,0,110330
8175,SPELLINTERRUPTS,248449,0,110330
8176,SPELLMISC,861335,0,110330
8177,SPELLMISC,861337,0,110330
8178,SPELLSCRIPT,133633,0,110330
8179,CASTABLERAIDBUFFS,228,0,110361
8180,CASTABLERAIDBUFFS,229,0,110361
8181,CASTABLERAIDBUFFS,230,0,110361
8182,CASTABLERAIDBUFFS,231,0,110361
8183,CASTABLERAIDBUFFS,232,0,110361
8184,CASTABLERAIDBUFFS,233,0,110361
8185,CASTABLERAIDBUFFS,236,0,110361
8186,COOLDOWNSETLINKEDSPELL,17276,0,110361
8187,COOLDOWNSETLINKEDSPELL,17277,0,110361
8188,COOLDOWNSETLINKEDSPELL,17278,0,110361
8189,COOLDOWNSETLINKEDSPELL,17284,0,110361
8190,COOLDOWNSETLINKEDSPELL,17311,0,110361
8191,COOLDOWNSETSPELL,198752,0,110361
8192,COOLDOWNSETSPELL,198753,0,110361
8193,COOLDOWNSETSPELL,198766,0,110361
8194,COOLDOWNSETSPELL,198767,0,110361
8195,COOLDOWNSETSPELL,198799,0,110361
8196,COOLDOWNSETSPELL,198977,0,110361
8197,PLAYERCONDITION,162467,0,110361
8198,PLAYERCONDITION,162468,0,110361
8199,PLAYERCONDITION,162985,0,110361
8200,PLAYERCONDITION,162989,0,110361
8201,SPELLAURAVISIBILITY,5831,0,110361
8202,SPELLAURAVISIBILITY,5861,0,110361
8203,SPELLAURAVISIBILITY,5862,0,110361
8204,SPELLAURAVISIBILITY,5963,0,110361
8205,SPELLAURAVISIBILITY,5964,0,110361
8206,SPELLAURAVISIBILITY,5965,0,110361
8207,SPELLAURAVISIBILITY,5966,0,110361
8208,AI_GROUPACTIONSET,1210905,0,110380
8209,AI_GROUPACTIONSET,1210928,0,110380
8210,AI_GROUPACTIONSET,1210929,0,110380
8211,AI_GROUPACTIONSET,1210931,0,110380
8212,AI_TRIGGERACTION,216311,0,110380
8213,AI_TRIGGERACTION,224581,0,110380
8214,SPELLMISC,841996,0,110404
8215,SPELLMISC,855108,0,110404
8216,SPELLMISC,856700,0,110404
8217,CURVE,103380,0,110405
8218,SOUNDKIT,348698,0,110405
8219,SOUNDKIT,348699,0,110405
8220,SPELLVISUAL,173113,0,110405
8221,SPELLVISUALEVENT,562405,0,110405
8222,SPELLVISUALKIT,279252,0,110405
8223,SPELLVISUALKITEFFECT,749452,0,110405
8224,SPELLVISUALKITEFFECT,790228,0,110405
8225,SPELLSCRIPT,127055,0,110406
8226,AREATRIGGERACTION,74212,0,110409
8227,CREATURESPELLDATA,48646,0,110414
8228,CREATUREDISPLAYINFO,128275,0,110420
8229,CREATUREDISPLAYINFO,128276,0,110420
8230,CREATUREDISPLAYINFO,128277,0,110420
8231,CREATUREDISPLAYINFO,128278,0,110420
8232,CREATUREDISPLAYINFO,128279,0,110420
8233,CREATURESOUNDDATA,9542,0,110420
8234,CREATURESOUNDDATA,10207,0,110420
8235,CREATURESOUNDDATA,10679,0,110420
8236,CREATURESOUNDDATA,10774,0,110420
8237,CREATURESOUNDDATA,10812,0,110420
8238,CREATURESOUNDFIDGET,65428,0,110420
8239,CREATURESOUNDFIDGET,65429,0,110420
8240,CREATURESOUNDFIDGET,65430,0,110420
8241,CREATURESOUNDFIDGET,65431,0,110420
8242,CREATURESOUNDFIDGET,65432,0,110420
8243,CREATURESOUNDFIDGET,65433,0,110420
8244,CREATURESOUNDFIDGET,65434,0,110420
8245,CREATURESOUNDFIDGET,65435,0,110420
8246,CREATURESOUNDFIDGET,65436,0,110420
8247,CREATURESOUNDFIDGET,65437,0,110420
8248,CREATURESOUNDFIDGET,65438,0,110420
8249,CREATURESOUNDFIDGET,65439,0,110420
8250,CREATURESOUNDFIDGET,65440,0,110420
8251,CREATURESOUNDFIDGET,65441,0,110420
8252,CREATURESOUNDFIDGET,65442,0,110420
8253,CREATURESOUNDFIDGET,65443,0,110420
8254,CREATURESOUNDFIDGET,65444,0,110420
8255,CREATURESOUNDFIDGET,65445,0,110420
8256,AREATRIGGERACTIONSET,44895,0,110421
8257,AREATRIGGERACTIONSET,44897,0,110421
8258,SPELL,1289065,0,110421
8259,SPELL,1315239,0,110421
8260,SPELLAURARESTRICTIONS,25009,0,110421
8261,SPELLEFFECT,1347418,0,110421
8262,SPELLEFFECT,1347419,0,110421
8263,SPELLINTERRUPTS,248485,0,110421
8264,SPELLMISC,861445,0,110421
8265,SPELLSCRIPT,133646,0,110421
8266,SPELLSCRIPT,133647,0,110421
8267,SPELLSCRIPTPACKAGE,81619,0,110421
8268,SPELLSCRIPTPACKAGE,82479,0,110421
8269,UNITCONDITION,9920,0,110421
8270,SPELLMISC,834758,0,110427
8271,SPELLMISC,844014,0,110427
8272,SPELLMISC,847302,0,110427
8273,SPELLMISC,852734,0,110427
8274,COOLDOWNSETSPELL,6624,0,110437
8275,COOLDOWNSETSPELL,6625,0,110437
8276,COOLDOWNSETSPELL,6650,0,110437
8277,COOLDOWNSETSPELL,6651,0,110437
8278,COOLDOWNSETSPELL,6755,0,110437
8279,COOLDOWNSETSPELL,6756,0,110437
8280,COOLDOWNSETSPELL,6788,0,110437
8281,COOLDOWNSETSPELL,6854,0,110437
8282,COOLDOWNSETSPELL,35577,0,110437
8283,COOLDOWNSETSPELL,35578,0,110437
8284,COOLDOWNSETSPELL,35615,0,110437
8285,COOLDOWNSETSPELL,53098,0,110437
8286,COOLDOWNSETSPELL,80314,0,110437
8287,COOLDOWNSETSPELL,80315,0,110437
8288,COOLDOWNSETSPELL,80404,0,110437
8289,COOLDOWNSETSPELL,80538,0,110437
8290,COOLDOWNSETSPELL,80671,0,110437
8291,COOLDOWNSETSPELL,81415,0,110437
8292,COOLDOWNSETSPELL,90831,0,110437
8293,COOLDOWNSETSPELL,91122,0,110437
8294,COOLDOWNSETSPELL,100031,0,110437
8295,COOLDOWNSETSPELL,100032,0,110437
8296,COOLDOWNSETSPELL,111287,0,110437
8297,COOLDOWNSETSPELL,111482,0,110437
8298,COOLDOWNSETSPELL,111483,0,110437
8299,COOLDOWNSETSPELL,111484,0,110437
8300,COOLDOWNSETSPELL,111485,0,110437
8301,COOLDOWNSETSPELL,111486,0,110437
8302,COOLDOWNSETSPELL,111487,0,110437
8303,COOLDOWNSETSPELL,111532,0,110437
8304,COOLDOWNSETSPELL,111661,0,110437
8305,COOLDOWNSETSPELL,111662,0,110437
8306,COOLDOWNSETSPELL,111707,0,110437
8307,COOLDOWNSETSPELL,111708,0,110437
8308,COOLDOWNSETSPELL,113127,0,110437
8309,COOLDOWNSETSPELL,113128,0,110437
8310,COOLDOWNSETSPELL,113129,0,110437
8311,COOLDOWNSETSPELL,117477,0,110437
8312,COOLDOWNSETSPELL,122628,0,110437
8313,COOLDOWNSETSPELL,160510,0,110437
8314,COOLDOWNSETSPELL,160699,0,110437
8315,COOLDOWNSETSPELL,160760,0,110437
8316,COOLDOWNSETSPELL,161053,0,110437
8317,COOLDOWNSETSPELL,177235,0,110437
8318,COOLDOWNSETSPELL,198408,0,110437
8319,COOLDOWNSETSPELL,198921,0,110437
8320,COOLDOWNSETSPELL,198922,0,110437
8321,COOLDOWNSETSPELL,198929,0,110437
8322,COOLDOWNSETSPELL,198981,0,110437
8323,SOUNDKIT,368675,0,110444
8324,SOUNDKIT,368676,0,110444
8325,SOUNDKIT,368677,0,110444
8326,SOUNDKIT,368678,0,110444
8327,SOUNDKITADVANCED,332256,0,110444
8328,SOUNDKITADVANCED,332257,0,110444
8329,SOUNDKITADVANCED,332258,0,110444
8330,SOUNDKITADVANCED,332259,0,110444
8331,SOUNDKITENTRY,1695733,0,110444
8332,SOUNDKITENTRY,1695734,0,110444
8333,SOUNDKITENTRY,1695735,0,110444
8334,SOUNDKITENTRY,1695736,0,110444
8335,SOUNDKITENTRY,1695737,0,110444
8336,SOUNDKITENTRY,1695738,0,110444
8337,SOUNDKITENTRY,1695739,0,110444
8338,SOUNDKITENTRY,1695740,0,110444
8339,SOUNDKITENTRY,1695741,0,110444
8340,SOUNDKITENTRY,1695742,0,110444
8341,SOUNDKITENTRY,1695743,0,110444
8342,SOUNDKITENTRY,1695744,0,110444
8343,SOUNDKITENTRY,1695745,0,110444
8344,SOUNDKITENTRY,1695746,0,110444
8345,SOUNDKITENTRY,1695747,0,110444
8346,SOUNDKITENTRY,1695748,0,110444
8347,SOUNDKITENTRY,1695749,0,110444
8348,SOUNDKITENTRY,1695750,0,110444
8349,SOUNDKITENTRY,1695751,0,110444
8350,SOUNDKITENTRY,1695752,0,110444
8351,SOUNDKITENTRY,1695753,0,110444
8352,SOUNDKITENTRY,1695754,0,110444
8353,SOUNDKITENTRY,1695755,0,110444
8354,SOUNDKITENTRY,1695756,0,110444
8355,SOUNDKITENTRY,1695757,0,110444
8356,SOUNDKITENTRY,1695758,0,110444
8357,SOUNDKITENTRY,1695759,0,110444
8358,SOUNDKITENTRY,1695760,0,110444
8359,SOUNDKITENTRY,1695761,0,110444
8360,SOUNDKITENTRY,1695762,0,110444
8361,SOUNDKITENTRY,1695763,0,110444
8362,SOUNDKITENTRY,1695764,0,110444
8363,SOUNDKITENTRY,1695765,0,110444
8364,SOUNDKITENTRY,1695766,0,110444
8365,SPELLVISUAL,179573,0,110444
8366,SPELLVISUALEVENT,557052,0,110444
8367,SPELLVISUALEVENT,562410,0,110444
8368,SPELLVISUALKIT,274693,0,110444
8369,SPELLVISUALKITEFFECT,790270,0,110444
8370,SPELLVISUALKITEFFECT,790274,0,110444
8371,SPELLVISUALKITEFFECT,790275,0,110444
8372,SPELLVISUALKITEFFECT,790276,0,110444
8373,SPELLMISC,833305,0,110451
8374,SPELLMISC,840254,0,110453
8375,SPELLMISC,841996,0,110453
8376,SPELLMISC,853560,0,110453
8377,SPELLMISC,854046,0,110453
8378,SPELLMISC,855272,0,110453
8379,AREATRIGGERACTIONSET,43792,0,110456
8380,PLAYERCONDITION,163029,0,110456
8381,PLAYERCONDITION,163033,0,110456
8382,QUESTPOIBLOB,581836,0,110456
8383,QUESTPOIBLOB,581837,0,110456
8384,QUESTPOIBLOB,585559,0,110456
8385,QUESTPOIBLOB,585560,0,110456
8386,QUESTPOIPOINT,1315912,0,110456
8387,QUESTPOIPOINT,1315913,0,110456
8388,QUESTPOIPOINT,1315914,0,110456
8389,QUESTPOIPOINT,1315915,0,110456
8390,QUESTPOIPOINT,1315916,0,110456
8391,QUESTPOIPOINT,1315917,0,110456
8392,QUESTPOIPOINT,1315918,0,110456
8393,QUESTPOIPOINT,1315919,0,110456
8394,QUESTPOIPOINT,1315920,0,110456
8395,QUESTPOIPOINT,1315921,0,110456
8396,QUESTPOIPOINT,1315922,0,110456
8397,QUESTPOIPOINT,1315923,0,110456
8398,QUESTPOIPOINT,1315924,0,110456
8399,QUESTPOIPOINT,1315925,0,110456
8400,QUESTPOIPOINT,1315926,0,110456
8401,QUESTPOIPOINT,1315927,0,110456
8402,QUESTPOIPOINT,1315928,0,110456
8403,QUESTPOIPOINT,1315929,0,110456
8404,QUESTPOIPOINT,1315930,0,110456
8405,QUESTPOIPOINT,1315931,0,110456
8406,QUESTPOIPOINT,1315932,0,110456
8407,QUESTPOIPOINT,1315933,0,110456
8408,QUESTPOIPOINT,1315934,0,110456
8409,QUESTPOIPOINT,1315935,0,110456
8410,QUESTPOIPOINT,1327980,0,110456
8411,QUESTPOIPOINT,1327981,0,110456
8412,QUESTPOIPOINT,1327982,0,110456
8413,QUESTPOIPOINT,1327983,0,110456
8414,QUESTPOIPOINT,1327984,0,110456
8415,QUESTPOIPOINT,1327985,0,110456
8416,QUESTPOIPOINT,1327986,0,110456
8417,QUESTPOIPOINT,1327987,0,110456
8418,QUESTPOIPOINT,1327988,0,110456
8419,QUESTPOIPOINT,1327989,0,110456
8420,QUESTPOIPOINT,1327990,0,110456
8421,QUESTPOIPOINT,1327991,0,110456
8422,QUESTPOIPOINT,1327992,0,110456
8423,QUESTPOIPOINT,1327993,0,110456
8424,QUESTPOIPOINT,1327994,0,110456
8425,QUESTPOIPOINT,1327995,0,110456
8426,QUESTPOIPOINT,1327996,0,110456
8427,QUESTPOIPOINT,1327997,0,110456
8428,QUESTPOIPOINT,1327998,0,110456
8429,QUESTPOIPOINT,1327999,0,110456
8430,QUESTPOIPOINT,1328000,0,110456
8431,QUESTPOIPOINT,1328001,0,110456
8432,QUESTPOIPOINT,1328002,0,110456
8433,QUESTPOIPOINT,1328003,0,110456
8434,SCENARIOEVENTENTRY,43130,0,110456
8435,SCENARIOEVENTENTRY,45034,0,110456
8436,SCENARIOEVENTENTRY,45035,0,110456
8437,SCENARIOEVENTENTRY,45036,0,110456
8438,SPAWNEVENT,5347874,0,110456
8439,SPAWNGROUP,3175597,0,110456
8440,SPAWNGROUP,3175598,0,110456
8441,SPAWNGROUP,3342161,0,110456
8442,SPAWNLOC,5244289,0,110456
8443,SPAWNOBJECT,8287011,0,110456
8444,SPAWNSQUAD,5520859,0,110456
8445,WORLDSTATE,32596,0,110456
8446,WORLDSTATEACTION,109147,0,110456
8447,WORLDSTATEACTIONSET,34016,0,110456
8448,WORLDSTATEACTIONSET,34079,0,110456
8449,WORLDSTATEEXPRESSION,53887,0,110456
8450,SOUNDKIT,366455,0,110458
8451,SOUNDKIT,366458,0,110458
8452,SOUNDKIT,366459,0,110458
8453,COLLECTABLESOURCEINFO,183054,0,110463
8454,COLLECTABLESOURCEVENDOR,251393,0,110463
8455,COLLECTABLESOURCEVENDOR,251394,0,110463
8456,COLLECTABLESOURCEVENDOR,251397,0,110463
8457,COLLECTABLESOURCEVENDOR,251398,0,110463
8458,COLLECTABLESOURCEVENDOR,251399,0,110463
8459,COLLECTABLESOURCEVENDOR,251400,0,110463
8460,COLLECTABLESOURCEVENDOR,251401,0,110463
8461,COLLECTABLESOURCEVENDOR,251402,0,110463
8462,COLLECTABLESOURCEVENDOR,251403,0,110463
8463,COLLECTABLESOURCEVENDOR,251404,0,110463
8464,COLLECTABLESOURCEVENDOR,251407,0,110463
8465,COLLECTABLESOURCEVENDOR,251408,0,110463
8466,COLLECTABLESOURCEVENDOR,251409,0,110463
8467,COLLECTABLESOURCEVENDOR,251410,0,110463
8468,COLLECTABLESOURCEVENDOR,254649,0,110463
8469,COLLECTABLESOURCEVENDOR,254650,0,110463
8470,COLLECTABLESOURCEVENDOR,254651,0,110463
8471,COLLECTABLESOURCEVENDOR,254652,0,110463
8472,COLLECTABLESOURCEVENDOR,254653,0,110463
8473,COLLECTABLESOURCEVENDOR,254654,0,110463
8474,COLLECTABLESOURCEVENDOR,254655,0,110463
8475,COLLECTABLESOURCEVENDOR,254656,0,110463
8476,HOUSEDECOR,15266,0,110463
8477,HOUSEDECOR,26488,0,110463
8478,ITEM,263880,0,110463
8479,ITEM,279356,0,110463
8480,SOURCEINFO,26618,0,110463
8481,VENDORITEM,273016,0,110463
8482,VENDORITEM,273018,0,110463
8483,VENDORITEM,273019,0,110463
8484,VENDORITEM,273020,0,110463
8485,VENDORITEM,273021,0,110463
8486,VENDORITEM,273023,0,110463
8487,VENDORITEM,273024,0,110463
8488,VENDORITEM,274561,0,110463
8489,SPELLSCRIPT,119548,0,110464
8490,SPELLSCRIPT,119550,0,110464
8491,SPELLSCRIPTPACKAGE,74200,0,110464
8492,SPELLEFFECT,1329097,0,110465
8493,SPELLMISC,838292,0,110468
8494,SPELLMISC,856694,0,110468
8495,SPELLMISC,856699,0,110468
8496,SPELLSCRIPTTEXT,29555,0,110469
8497,SPELLSCRIPTTEXT,29556,0,110469
8498,SPELLMISC,842330,0,110470
8499,SPELLVISUALEFFECTNAME,57614,0,110470
8500,SPELLVISUALKITMODELATTACH,619023,0,110470
8501,ANIMKITSEGMENT,73840,0,110473
8502,ANIMKITSEGMENT,73841,0,110473
8503,ANIMKITSEGMENT,73842,0,110473
8504,CONSOLESCRIPTCOLLECTIONELEMENT,1432,0,110473
8505,CONSOLESCRIPTCOLLECTIONELEMENT,1433,0,110473
8506,CONSOLESCRIPTCOLLECTIONELEMENT,1434,0,110473
8507,CONSOLESCRIPTCOLLECTIONELEMENT,1435,0,110473
8508,CONSOLESCRIPTCOLLECTIONELEMENT,1436,0,110473
8509,CONSOLESCRIPTCOLLECTIONELEMENT,1437,0,110473
8510,CONSOLESCRIPTCOLLECTIONELEMENT,1438,0,110473
8511,CONSOLESCRIPTCOLLECTIONELEMENT,1561,0,110473
8512,CONSOLESCRIPTCOLLECTIONELEMENT,1562,0,110473
8513,CONSOLESCRIPTCOLLECTIONELEMENT,1563,0,110473
8514,CONSOLESCRIPTCOLLECTIONELEMENT,1564,0,110473
8515,CONSOLESCRIPTCOLLECTIONELEMENT,1565,0,110473
8516,CONSOLESCRIPTCOLLECTIONELEMENT,1937,0,110473
8517,CONSOLESCRIPTCOLLECTIONELEMENT,2686,0,110473
8518,CONSOLESCRIPTCOLLECTIONELEMENT,2687,0,110473
8519,CONSOLESCRIPTCOLLECTIONELEMENT,2688,0,110473
8520,CONSOLESCRIPTCOLLECTIONELEMENT,2689,0,110473
8521,CONSOLESCRIPTCOLLECTIONELEMENT,2690,0,110473
8522,CONSOLESCRIPTCOLLECTIONELEMENT,2691,0,110473
8523,CONSOLESCRIPTCOLLECTIONELEMENT,2692,0,110473
8524,CONSOLESCRIPTCOLLECTIONELEMENT,2693,0,110473
8525,CONSOLESCRIPTS,23826,0,110473
8526,CONSOLESCRIPTS,24037,0,110473
8527,CONSOLESCRIPTS,24038,0,110473
8528,CONSOLESCRIPTS,25210,0,110473
8529,CONSOLESCRIPTS,25211,0,110473
8530,CONSOLESCRIPTS,25254,0,110473
8531,CONSOLESCRIPTS,25255,0,110473
8532,CONSOLESCRIPTS,25458,0,110473
8533,CONSOLESCRIPTS,25467,0,110473
8534,CONSOLESCRIPTS,27964,0,110473
8535,CONSOLESCRIPTS,27965,0,110473
8536,CONSOLESCRIPTS,27966,0,110473
8537,WORLDSTATE,30730,0,110473
8538,SPAWNLOC,4909737,0,110474
8539,SPELLMISC,817377,0,110474
8540,SPELLMISC,817379,0,110474
8541,SPELLVISUALKITMODELATTACH,633075,0,110475
8542,CURVE,93301,0,110479
8543,CURVE,93302,0,110479
8544,CURVE,93335,0,110479
8545,CURVE,93336,0,110479
8546,SOUNDKIT,314891,0,110479
8547,SOUNDKIT,314892,0,110479
8548,SOUNDKIT,314894,0,110479
8549,SOUNDKIT,314895,0,110479
8550,SOUNDKIT,314900,0,110479
8551,SOUNDKIT,316699,0,110479
8552,SOUNDKIT,317586,0,110479
8553,SOUNDKIT,317587,0,110479
8554,SOUNDKIT,317588,0,110479
8555,SOUNDKIT,317590,0,110479
8556,SOUNDKIT,317591,0,110479
8557,SOUNDKITCHILD,31687,0,110479
8558,SOUNDKITCHILD,31688,0,110479
8559,SOUNDKITCHILD,31690,0,110479
8560,SOUNDKITCHILD,32391,0,110479
8561,SOUNDKITCHILD,32392,0,110479
8562,SOUNDKITCHILD,32393,0,110479
8563,SOUNDKITCHILD,32394,0,110479
8564,SOUNDKITCHILD,49462,0,110479
8565,SOUNDKITCHILD,49463,0,110479
8566,AI_GROUPACTIONSET,1211042,0,110480
8567,AI_GROUPACTIONSET,1211043,0,110480
8568,AI_TRIGGERACTION,223847,0,110480
8569,SPELLMISC,853595,0,110482
8570,SPELLVISUALEFFECTNAME,56905,0,110483
8571,SPELLMISC,842243,0,110485
8572,SPELLMISC,842461,0,110487
8573,SPELLMISC,842477,0,110487
8574,SPELLMISC,842478,0,110487
8575,SPELL,1307567,0,110492
8576,SPELLMISC,837021,0,110492
8577,SPELLTARGETFILTER,4090,0,110492
8578,SPELLTARGETFILTERRULE,8697,0,110492
8579,SPELLTARGETRESTRICTIONS,355765,0,110492
8580,SPELLCATEGORIES,186639,0,110497
8581,SPELLMISC,852952,0,110497
8582,SPELLMISC,842254,0,110499
8583,AI_GROUPACTION,1092476,0,110502
8584,AI_GROUPACTIONSET,1183674,0,110502
8585,AI_GROUPACTIONSET,1211114,0,110502
8586,AI_GROUPACTIONSET,1211115,0,110502
8587,GAMEOBJECTS,653176,0,110502
8588,SOUNDKIT,368752,0,110502
8589,SOUNDKIT,368753,0,110502
8590,SOUNDKITADVANCED,332331,0,110502
8591,SOUNDKITADVANCED,332332,0,110502
8592,SOUNDKITCHILD,49464,0,110502
8593,SOUNDKITENTRY,1696262,0,110502
8594,SOUNDKITENTRY,1696263,0,110502
8595,SPAWNEVENT,5252133,0,110502
8596,SPELLVISUAL,190780,0,110502
8597,SPELLVISUALEVENT,562473,0,110502
8598,SPELLVISUALKIT,279315,0,110502
8599,SPELLVISUALKITEFFECT,790436,0,110502
8600,SPELLMISC,853093,0,110511
8601,AREATRIGGERACTION,70724,0,110078
8602,CREATURE,274022,0,110078
8603,CREATUREDIFFICULTY,356238,0,110078
8604,CREATUREDIFFICULTY,356239,0,110078
8605,CREATUREDIFFICULTY,356240,0,110078
8606,CREATUREDIFFICULTY,356241,0,110078
8607,CREATUREDIFFICULTY,356242,0,110078
8608,CREATUREDIFFICULTY,356243,0,110078
8609,CREATUREDIFFICULTY,356415,0,110078
8610,CREATUREDIFFICULTY,357816,0,110078
8611,CREATURELABEL,94167,0,110078
8612,CREATUREMODELDATA,18100,0,110078
8613,CREATUREXDISPLAYINFO,681846,0,110078
8614,CREATUREXDISPLAYINFO,681847,0,110078
8615,DUNGEONENCOUNTERXCREATURE,3685,0,110078
8616,DUNGEONENCOUNTERXCREATURE,3686,0,110078
8617,DUNGEONENCOUNTERXCREATURE,3736,0,110078
8618,DUNGEONENCOUNTERXCREATURE,3891,0,110078
8619,DUNGEONENCOUNTERXCREATURE,3892,0,110078
8620,DUNGEONENCOUNTERXCREATURE,3893,0,110078
8621,DUNGEONENCOUNTERXCREATURE,3995,0,110078
8622,DUNGEONENCOUNTERXCREATURE,4131,0,110078
8623,JOURNALENCOUNTERSECTION,36763,0,110078
8624,SPELL,1310096,0,110078
8625,SPELLEFFECT,1307451,0,110078
8626,SPELLEFFECT,1309183,0,110078
8627,SPELLEFFECT,1310002,0,110078
8628,SPELLEFFECT,1329180,0,110078
8629,SPELLEFFECT,1339605,0,110078
8630,SPELLEFFECT,1339606,0,110078
8631,SPELLEFFECT,1339632,0,110078
8632,SPELLEFFECT,1339633,0,110078
8633,SPELLEFFECT,1339857,0,110078
8634,SPELLEFFECT,1339858,0,110078
8635,SPELLEFFECT,1340026,0,110078
8636,SPELLEFFECT,1340027,0,110078
8637,SPELLEFFECT,1340999,0,110078
8638,SPELLEFFECT,1341000,0,110078
8639,SPELLEFFECT,1341001,0,110078
8640,SPELLEFFECT,1341002,0,110078
8641,SPELLEFFECT,1341006,0,110078
8642,SPELLEFFECT,1341007,0,110078
8643,SPELLEFFECT,1346076,0,110078
8644,SPELLEFFECT,1346077,0,110078
8645,SPELLEFFECT,1346083,0,110078
8646,SPELLEFFECT,1346104,0,110078
8647,SPELLEFFECT,1346105,0,110078
8648,SPELLEFFECT,1346106,0,110078
8649,SPELLEFFECT,1346107,0,110078
8650,SPELLINTERRUPTS,248234,0,110078
8651,SPELLMISC,838392,0,110078
8652,SPELLMISC,840724,0,110078
8653,SPELLMISC,841398,0,110078
8654,SPELLSCRIPT,127288,0,110078
8655,SPELLSCRIPTTEXT,28381,0,110078
8656,SPELLSCRIPTTEXT,28382,0,110078
8657,SPELLSCRIPTTEXT,28383,0,110078
8658,SPELLSCRIPTTEXT,28403,0,110078
8659,SPELLSCRIPTTEXT,28551,0,110078
8660,SPELLSCRIPTTEXT,28661,0,110078
8661,SPELLSCRIPTTEXT,29056,0,110078
8662,SPELLSCRIPTTEXT,29079,0,110078
8663,SPELLSCRIPTTEXT,29389,0,110078
8664,SPELLSCRIPTTEXT,29390,0,110078
8665,SPELLSCRIPTTEXT,29405,0,110078
8666,SPELLSCRIPTTEXT,29413,0,110078
8667,SPELLSCRIPTTEXT,29545,0,110078
8668,SPELLSCRIPTTEXT,29635,0,110078
8669,SPELLSCRIPTTEXT,29636,0,110078
8670,SPELLVISUAL,190426,0,110078
8671,SPELLVISUALEVENT,561827,0,110078
8672,SPELLVISUALKIT,278742,0,110078
8673,SPELLVISUALKITEFFECT,788865,0,110078
8674,SPELLVISUALKITEFFECT,788866,0,110078
8675,SPELLVISUALKITMODELATTACH,637847,0,110078
8676,SPELLXSPELLVISUAL,531540,0,110078
8677,SOUNDKIT,363169,0,110398
8678,SOUNDKIT,363171,0,110398
8679,SOUNDKIT,363185,0,110398
8680,SOUNDKIT,368610,0,110398
8681,SOUNDKIT,368611,0,110398
8682,SOUNDKIT,368613,0,110398
8683,SOUNDKIT,368614,0,110398
8684,SOUNDKIT,368620,0,110398
8685,SOUNDKIT,368621,0,110398
8686,SOUNDKIT,368632,0,110398
8687,SOUNDKIT,368639,0,110398
8688,SOUNDKIT,368643,0,110398
8689,SOUNDKIT,368644,0,110398
8690,SOUNDKIT,368646,0,110398
8691,SOUNDKITADVANCED,332189,0,110398
8692,SOUNDKITADVANCED,332190,0,110398
8693,SOUNDKITADVANCED,332192,0,110398
8694,SOUNDKITADVANCED,332193,0,110398
8695,SOUNDKITADVANCED,332199,0,110398
8696,SOUNDKITADVANCED,332200,0,110398
8697,SOUNDKITADVANCED,332211,0,110398
8698,SOUNDKITADVANCED,332218,0,110398
8699,SOUNDKITADVANCED,332222,0,110398
8700,SOUNDKITADVANCED,332223,0,110398
8701,SOUNDKITADVANCED,332225,0,110398
8702,SOUNDKITCHILD,49430,0,110398
8703,SOUNDKITCHILD,49433,0,110398
8704,SOUNDKITCHILD,49434,0,110398
8705,SOUNDKITCHILD,49439,0,110398
8706,SOUNDKITENTRY,1695324,0,110398
8707,SOUNDKITENTRY,1695325,0,110398
8708,SOUNDKITENTRY,1695326,0,110398
8709,SOUNDKITENTRY,1695327,0,110398
8710,SOUNDKITENTRY,1695328,0,110398
8711,SOUNDKITENTRY,1695329,0,110398
8712,SOUNDKITENTRY,1695330,0,110398
8713,SOUNDKITENTRY,1695331,0,110398
8714,SOUNDKITENTRY,1695332,0,110398
8715,SOUNDKITENTRY,1695333,0,110398
8716,SOUNDKITENTRY,1695334,0,110398
8717,SOUNDKITENTRY,1695335,0,110398
8718,SOUNDKITENTRY,1695336,0,110398
8719,SOUNDKITENTRY,1695337,0,110398
8720,SOUNDKITENTRY,1695338,0,110398
8721,SOUNDKITENTRY,1695339,0,110398
8722,SOUNDKITENTRY,1695340,0,110398
8723,SOUNDKITENTRY,1695341,0,110398
8724,SOUNDKITENTRY,1695345,0,110398
8725,SOUNDKITENTRY,1695346,0,110398
8726,SOUNDKITENTRY,1695347,0,110398
8727,SOUNDKITENTRY,1695348,0,110398
8728,SOUNDKITENTRY,1695349,0,110398
8729,SOUNDKITENTRY,1695350,0,110398
8730,SOUNDKITENTRY,1695351,0,110398
8731,SOUNDKITENTRY,1695352,0,110398
8732,SOUNDKITENTRY,1695353,0,110398
8733,SOUNDKITENTRY,1695354,0,110398
8734,SOUNDKITENTRY,1695355,0,110398
8735,SOUNDKITENTRY,1695356,0,110398
8736,SOUNDKITENTRY,1695357,0,110398
8737,SOUNDKITENTRY,1695358,0,110398
8738,SOUNDKITENTRY,1695359,0,110398
8739,SOUNDKITENTRY,1695360,0,110398
8740,SOUNDKITENTRY,1695361,0,110398
8741,SOUNDKITENTRY,1695362,0,110398
8742,SOUNDKITENTRY,1695363,0,110398
8743,SOUNDKITENTRY,1695364,0,110398
8744,SOUNDKITENTRY,1695402,0,110398
8745,SOUNDKITENTRY,1695403,0,110398
8746,SOUNDKITENTRY,1695404,0,110398
8747,SOUNDKITENTRY,1695405,0,110398
8748,SOUNDKITENTRY,1695406,0,110398
8749,SOUNDKITENTRY,1695407,0,110398
8750,SOUNDKITENTRY,1695408,0,110398
8751,SOUNDKITENTRY,1695409,0,110398
8752,SOUNDKITENTRY,1695410,0,110398
8753,SOUNDKITENTRY,1695411,0,110398
8754,SOUNDKITENTRY,1695412,0,110398
8755,SOUNDKITENTRY,1695463,0,110398
8756,SOUNDKITENTRY,1695464,0,110398
8757,SOUNDKITENTRY,1695465,0,110398
8758,SOUNDKITENTRY,1695466,0,110398
8759,SOUNDKITENTRY,1695467,0,110398
8760,SOUNDKITENTRY,1695468,0,110398
8761,SOUNDKITENTRY,1695469,0,110398
8762,SOUNDKITENTRY,1695470,0,110398
8763,SOUNDKITENTRY,1695471,0,110398
8764,SOUNDKITENTRY,1695472,0,110398
8765,SOUNDKITENTRY,1695509,0,110398
8766,SOUNDKITENTRY,1695510,0,110398
8767,SOUNDKITENTRY,1695511,0,110398
8768,SOUNDKITENTRY,1695512,0,110398
8769,SOUNDKITENTRY,1695531,0,110398
8770,SOUNDKITENTRY,1695532,0,110398
8771,SOUNDKITENTRY,1695533,0,110398
8772,SOUNDKITENTRY,1695534,0,110398
8773,SOUNDKITENTRY,1695535,0,110398
8774,SOUNDKITENTRY,1695536,0,110398
8775,SOUNDKITENTRY,1695537,0,110398
8776,SOUNDKITENTRY,1695538,0,110398
8777,SOUNDKITENTRY,1695539,0,110398
8778,SOUNDKITENTRY,1695540,0,110398
8779,SOUNDKITENTRY,1695541,0,110398
8780,SOUNDKITENTRY,1695543,0,110398
8781,SOUNDKITENTRY,1695544,0,110398
8782,SOUNDKITENTRY,1695545,0,110398
8783,SOUNDKITENTRY,1695546,0,110398
8784,SOUNDKITENTRY,1695547,0,110398
8785,SPELLVISUAL,190741,0,110398
8786,SPELLVISUAL,190742,0,110398
8787,SPELLVISUAL,190744,0,110398
8788,SPELLVISUAL,190745,0,110398
8789,SPELLVISUAL,190747,0,110398
8790,SPELLVISUAL,190749,0,110398
8791,SPELLVISUALANIM,435039,0,110398
8792,SPELLVISUALEVENT,562380,0,110398
8793,SPELLVISUALEVENT,562381,0,110398
8794,SPELLVISUALEVENT,562382,0,110398
8795,SPELLVISUALEVENT,562385,0,110398
8796,SPELLVISUALEVENT,562386,0,110398
8797,SPELLVISUALEVENT,562387,0,110398
8798,SPELLVISUALEVENT,562389,0,110398
8799,SPELLVISUALEVENT,562392,0,110398
8800,SPELLVISUALKIT,279224,0,110398
8801,SPELLVISUALKIT,279226,0,110398
8802,SPELLVISUALKIT,279227,0,110398
8803,SPELLVISUALKIT,279231,0,110398
8804,SPELLVISUALKIT,279232,0,110398
8805,SPELLVISUALKIT,279234,0,110398
8806,SPELLVISUALKIT,279240,0,110398
8807,SPELLVISUALKITEFFECT,790142,0,110398
8808,SPELLVISUALKITEFFECT,790143,0,110398
8809,SPELLVISUALKITEFFECT,790148,0,110398
8810,SPELLVISUALKITEFFECT,790149,0,110398
8811,SPELLVISUALKITEFFECT,790153,0,110398
8812,SPELLVISUALKITEFFECT,790164,0,110398
8813,SPELLVISUALKITEFFECT,790165,0,110398
8814,SPELLVISUALKITEFFECT,790166,0,110398
8815,SPELLVISUALKITEFFECT,790167,0,110398
8816,SPELLVISUALKITEFFECT,790171,0,110398
8817,SPELLVISUALKITEFFECT,790176,0,110398
8818,SPELLVISUALKITEFFECT,790177,0,110398
8819,SPELLVISUALKITEFFECT,790179,0,110398
8820,SPELLVISUALKITEFFECT,790191,0,110398
8821,SPELLVISUALKITEFFECT,790192,0,110398
8822,SPELLVISUALKITEFFECT,790193,0,110398
8823,SPELLVISUALKITEFFECT,790194,0,110398
8824,SPELLVISUALKITEFFECT,790195,0,110398
8825,SPELLVISUALKITMODELATTACH,638526,0,110398
8826,SPELLVISUALKITMODELATTACH,638530,0,110398
8827,SPELLVISUALKITMODELATTACH,638537,0,110398
8828,SPELLVISUALKITMODELATTACH,638538,0,110398
8829,SPELLVISUALMISSILE,29833,0,110398
8830,SPELLVISUALMISSILE,29834,0,110398
8831,SPELLVISUALMISSILESET,24879,0,110398
8832,SPELLVISUALMISSILESET,24880,0,110398
8833,SPELLXSPELLVISUAL,506228,0,110398
8834,SPELLXSPELLVISUAL,518777,0,110398
8835,SPELLXSPELLVISUAL,518782,0,110398
8836,SPELLXSPELLVISUAL,518785,0,110398
8837,SPELLXSPELLVISUAL,518787,0,110398
8838,SPELLXSPELLVISUAL,518901,0,110398
8839,SPELLXSPELLVISUAL,532060,0,110398
8840,SPELLXSPELLVISUAL,532061,0,110398
8841,SPELLXSPELLVISUAL,532062,0,110398
8842,AREATRIGGERACTION,74213,0,110428
8843,AREATRIGGERCREATEPROPERTIES,36175,0,110428
8844,AREATRIGGERDISK,158,0,110428
8845,SPELL,1315369,0,110428
8846,SPELLEFFECT,1201411,0,110428
8847,SPELLEFFECT,1347650,0,110428
8848,SPELLMISC,771894,0,110428
8849,SPELLMISC,861571,0,110428
8850,SPELLSCRIPT,120375,0,110428
8851,AREAGROUP,9321,0,110488
8852,AREAGROUPMEMBER,43211,0,110488
8853,AREAGROUPMEMBER,43212,0,110488
8854,MODIFIERTREE,462608,0,110488
8855,MODIFIERTREE,462609,0,110488
8856,PHASE,30185,0,110488
8857,PLAYERCONDITION,163039,0,110488
8858,SPAWNGROUP,3260748,0,110488
8859,SOUNDKIT,368839,0,110544
8860,SOUNDKIT,368845,0,110544
8861,SOUNDKITADVANCED,332417,0,110544
8862,SOUNDKITADVANCED,332423,0,110544
8863,SOUNDKITENTRY,1696725,0,110544
8864,SOUNDKITENTRY,1696726,0,110544
8865,SOUNDKITENTRY,1696727,0,110544
8866,SOUNDKITENTRY,1696728,0,110544
8867,SOUNDKITENTRY,1696766,0,110544
8868,SOUNDKITENTRY,1696767,0,110544
8869,SOUNDKITENTRY,1696768,0,110544
8870,SPELLVISUAL,184986,0,110544
8871,SPELLVISUALEVENT,562496,0,110544
8872,SPELLVISUALKIT,279342,0,110544
8873,SPELLVISUALKITEFFECT,790511,0,110544
8874,SPELLVISUALKITEFFECT,790514,0,110544
8875,SOUNDKIT,364045,0,110548
8876,SOUNDKIT,364050,0,110548
8877,SOUNDKIT,367951,0,110548
8878,SOUNDKIT,367952,0,110548
8879,SOUNDKITADVANCED,327755,0,110548
8880,SOUNDKITADVANCED,327761,0,110548
8881,CREATURESPELLDATA,50009,0,110553
8882,SPELL,1315375,0,110553
8883,SPELLCATEGORIES,188314,0,110553
8884,SPELLCOOLDOWNS,101382,0,110553
8885,SPELLEFFECT,1302589,0,110553
8886,SPELLEFFECT,1302590,0,110553
8887,SPELLEFFECT,1306412,0,110553
8888,SPELLEFFECT,1347657,0,110553
8889,SPELLEFFECT,1347658,0,110553
8890,SPELLINTERRUPTS,248535,0,110553
8891,SPELLMISC,861577,0,110553
8892,SPELLXSPELLVISUAL,532125,0,110553
8893,SPELLMISC,836019,0,110558
8894,SOUNDKIT,364778,0,110563
8895,SOUNDKITADVANCED,327767,0,110563
8896,SPELL,1286720,0,110579
8897,SPELLCATEGORIES,185721,0,110579
8898,SOUNDKIT,364358,0,110528
8899,SOUNDKITADVANCED,328066,0,110528
8900,SOUNDKITENTRY,1672022,0,110528
8901,SOUNDKITENTRY,1672023,0,110528
8902,SOUNDKITENTRY,1672024,0,110528
8903,SPELLVISUAL,188012,0,110528
8904,SPELLVISUALEVENT,559992,0,110528
8905,SPELLVISUALKIT,277184,0,110528
8906,SPELLVISUALKITEFFECT,784035,0,110528
8907,SOUNDKIT,364299,0,110529
8908,SOUNDKITADVANCED,328007,0,110529
8909,SOUNDKITENTRY,1671499,0,110529
8910,SOUNDKITENTRY,1671500,0,110529
8911,SOUNDKITENTRY,1671501,0,110529
8912,SPELLVISUALKITEFFECT,783902,0,110529
8913,SPELLVISUALKITEFFECT,783903,0,110529
8914,SPELLVISUALKITEFFECT,783904,0,110529
8915,BATTLEPAYDELIVERABLE,1964,0,110607
8916,TIMEEVENT,1552,0,110609
8917,TIMEEVENT,3133,0,110609
8918,TIMEEVENTDATA,25791,0,110609
8919,TIMEEVENTDATA,25792,0,110609
8920,TIMEEVENTDATA,25793,0,110609
8921,TIMEEVENTDATA,25794,0,110609
8922,TIMEEVENTDATA,25795,0,110609
8923,SPELL,1292634,0,110246
8924,SPELL,1292635,0,110246
8925,SPELL,1292636,0,110246
8926,SPELL,1292637,0,110246
8927,SPELL,1292644,0,110246
8928,SPELLCASTINGREQUIREMENTS,233161,0,110246
8929,SPELLCASTINGREQUIREMENTS,233162,0,110246
8930,SPELLCASTINGREQUIREMENTS,233163,0,110246
8931,SPELLCASTINGREQUIREMENTS,233164,0,110246
8932,SPELLINTERRUPTS,248387,0,110246
8933,SPELLINTERRUPTS,248389,0,110246
8934,SPELLINTERRUPTS,248390,0,110246
8935,SPELLINTERRUPTS,248391,0,110246
8936,SPELLINTERRUPTS,248392,0,110246
8937,MODIFIERTREE,387752,0,110610
8938,MODIFIERTREE,402110,0,110610
8939,MODIFIERTREE,403868,0,110610
8940,MODIFIERTREE,403971,0,110610
8941,MODIFIERTREE,404335,0,110610
8942,QUESTV2,91302,0,110610
8943,QUESTV2,91457,0,110610
8944,QUESTV2,91475,0,110610
8945,SPELLSCRIPT,117659,0,110610
8946,SPELLSCRIPT,119089,0,110440
8947,CFG_REALMS,3897,0,110530
8948,CFG_REALMS,4279,0,110530
8949,CFG_REALMS,4280,0,110530
8950,CFG_REALMS,4281,0,110530
8951,CFG_REALMS,4283,0,110530
8952,CFG_REALMS,4284,0,110530
8953,CFG_REALMS,5860,0,110530
8954,CFG_REALMS,5861,0,110530
8955,CFG_REALMS,5862,0,110530
8956,CFG_REALMS,5863,0,110530
8957,JOURNALENCOUNTERSECTION,35058,0,110382
8958,JOURNALENCOUNTERSECTION,37052,0,110382
8959,SPELL,1304028,0,110382
8960,SPELLMISC,857341,0,110382
8961,SPELLEFFECT,1347373,0,110385
8962,SPELLEFFECT,1347374,0,110385
8963,SPELLEFFECT,1347375,0,110385
8964,SPELLEFFECT,1347376,0,110385
8965,SPELLEFFECT,1347377,0,110385
8966,SPELLEFFECT,1347378,0,110385
8967,SPELLMISC,851270,0,110385
8968,SPELLMISC,855003,0,110385
8969,SPELLMISC,857327,0,110385
8970,SPELLMISC,857352,0,110385
8971,SPELL,1310763,0,110386
8972,SPELLINTERRUPTS,248069,0,110387
8973,SPELLMISC,857352,0,110387
8974,AI_GROUPACTION,1092357,0,110395
8975,AI_GROUPACTIONSET,1210966,0,110395
8976,CREATUREDIFFICULTY,340847,0,110395
8977,CREATUREDIFFICULTY,352220,0,110395
8978,CREATUREDIFFICULTY,352221,0,110395
8979,CREATUREDIFFICULTY,352222,0,110395
8980,CREATUREDIFFICULTY,352223,0,110395
8981,CREATUREDIFFICULTY,356412,0,110395
8982,GAMEEVENTS,106736,0,110395
8983,SCREENEFFECT,2590,0,110395
8984,SPAWNEVENT,5347777,0,110395
8985,SPELL,1286905,0,110395
8986,SPELL,1295004,0,110395
8987,SPELL,1315225,0,110395
8988,SPELLEFFECT,1347399,0,110395
8989,SPELLEFFECT,1347400,0,110395
8990,SPELLINTERRUPTS,248484,0,110395
8991,SPELLMISC,834581,0,110395
8992,SPELLMISC,842401,0,110395
8993,SPELLMISC,861431,0,110395
8994,SPELLSCRIPT,129354,0,110395
8995,SPELLTARGETRESTRICTIONS,352128,0,110395
8996,SPELLVISUAL,178852,0,110395
8997,SPELLVISUAL,182244,0,110395
8998,SPELLVISUAL,190738,0,110395
8999,SPELLVISUAL,190739,0,110395
9000,SPELLVISUALANIM,430178,0,110395
9001,SPELLVISUALANIM,430179,0,110395
9002,SPELLVISUALANIM,435036,0,110395
9003,SPELLVISUALEVENT,562375,0,110395
9004,SPELLVISUALEVENT,562376,0,110395
9005,SPELLVISUALKIT,259612,0,110395
9006,SPELLVISUALKIT,265359,0,110395
9007,SPELLVISUALKIT,265361,0,110395
9008,SPELLVISUALKIT,279220,0,110395
9009,SPELLVISUALKIT,279221,0,110395
9010,SPELLVISUALKITEFFECT,733675,0,110395
9011,SPELLVISUALKITEFFECT,750345,0,110395
9012,SPELLVISUALKITEFFECT,750346,0,110395
9013,SPELLVISUALKITEFFECT,750347,0,110395
9014,SPELLVISUALKITEFFECT,750348,0,110395
9015,SPELLVISUALKITEFFECT,750349,0,110395
9016,SPELLVISUALKITEFFECT,759164,0,110395
9017,SPELLVISUALKITEFFECT,785211,0,110395
9018,SPELLVISUALKITEFFECT,785212,0,110395
9019,SPELLVISUALKITEFFECT,785213,0,110395
9020,SPELLVISUALKITEFFECT,785214,0,110395
9021,SPELLVISUALKITEFFECT,785215,0,110395
9022,SPELLVISUALKITEFFECT,790120,0,110395
9023,SPELLVISUALKITEFFECT,790121,0,110395
9024,SPELLVISUALKITEFFECT,790122,0,110395
9025,SPELLVISUALKITEFFECT,790123,0,110395
9026,SPELLVISUALKITEFFECT,790124,0,110395
9027,SPELLVISUALKITEFFECT,790125,0,110395
9028,SPELLVISUALKITEFFECT,790126,0,110395
9029,SPELLVISUALKITEFFECT,790127,0,110395
9030,SPELLVISUALKITEFFECT,790128,0,110395
9031,SPELLVISUALKITEFFECT,790129,0,110395
9032,SPELLVISUALKITEFFECT,790130,0,110395
9033,SPELLVISUALKITEFFECT,790131,0,110395
9034,SPELLVISUALKITEFFECT,790132,0,110395
9035,SPELLVISUALKITEFFECT,790133,0,110395
9036,SPELLVISUALKITEFFECT,790134,0,110395
9037,SPELLVISUALKITEFFECT,790135,0,110395
9038,SPELLVISUALKITMODELATTACH,611393,0,110395
9039,SPELLVISUALKITMODELATTACH,619141,0,110395
9040,SPELLVISUALKITMODELATTACH,619142,0,110395
9041,SPELLVISUALKITMODELATTACH,619143,0,110395
9042,SPELLVISUALKITMODELATTACH,619144,0,110395
9043,SPELLVISUALKITMODELATTACH,619145,0,110395
9044,SPELLVISUALKITMODELATTACH,636325,0,110395
9045,SPELLVISUALKITMODELATTACH,636326,0,110395
9046,SPELLVISUALKITMODELATTACH,636327,0,110395
9047,SPELLVISUALKITMODELATTACH,636328,0,110395
9048,SPELLVISUALKITMODELATTACH,636329,0,110395
9049,SPELLVISUALKITMODELATTACH,638510,0,110395
9050,SPELLVISUALKITMODELATTACH,638511,0,110395
9051,SPELLVISUALKITMODELATTACH,638512,0,110395
9052,SPELLVISUALKITMODELATTACH,638513,0,110395
9053,SPELLVISUALKITMODELATTACH,638514,0,110395
9054,SPELLVISUALKITMODELATTACH,638515,0,110395
9055,SPELLVISUALKITMODELATTACH,638516,0,110395
9056,SPELLVISUALKITMODELATTACH,638517,0,110395
9057,SPELLVISUALKITMODELATTACH,638518,0,110395
9058,SPELLVISUALKITMODELATTACH,638519,0,110395
9059,SPELLVISUALKITMODELATTACH,638520,0,110395
9060,SPELLVISUALKITMODELATTACH,638521,0,110395
9061,SPELLVISUALKITMODELATTACH,638522,0,110395
9062,SPELLXSPELLVISUAL,513415,0,110395
9063,SPELLXSPELLVISUAL,518705,0,110395
9064,SPELLXSPELLVISUAL,532059,0,110395
9065,ITEMBONUS,31678,0,110454
9066,AI_GROUPACTION,1092363,0,110407
9067,AI_GROUPACTION,1092364,0,110407
9068,AI_GROUPACTION,1092366,0,110407
9069,AI_GROUPACTION,1092367,0,110407
9070,AI_GROUPACTION,1092368,0,110407
9071,AI_GROUPACTION,1092369,0,110407
9072,AI_GROUPACTIONSET,1210971,0,110407
9073,AI_GROUPACTIONSET,1210972,0,110407
9074,AI_GROUPACTIONSET,1210975,0,110407
9075,AI_GROUPACTIONSET,1210976,0,110407
9076,AI_GROUPACTIONSET,1210977,0,110407
9077,AI_GROUPACTIONSET,1210978,0,110407
9078,AI_TRIGGERACTION,124449,0,110407
9079,AI_TRIGGERACTION,218317,0,110407
9080,AI_TRIGGERACTION,218940,0,110407
9081,AI_TRIGGERACTION,224681,0,110407
9082,AI_TRIGGERACTION,224682,0,110407
9083,AI_TRIGGERACTION,224683,0,110407
9084,AI_TRIGGERACTIONSET,76738,0,110407
9085,AI_TRIGGERACTIONSET,76836,0,110407
9086,AREATRIGGERACTION,28989,0,110407
9087,AREATRIGGERACTION,29017,0,110407
9088,AREATRIGGERACTION,29018,0,110407
9089,CONVERSATIONLINE,15843,0,110407
9090,CONVERSATIONLINE,15844,0,110407
9091,SPELLVISUALKITEFFECT,737959,0,110407
9092,MODIFIERTREE,445192,0,110450
9093,MODIFIERTREE,462596,0,110450
9094,MODIFIERTREE,462597,0,110450
9095,MODIFIERTREE,462598,0,110450
9096,PLAYERCONDITION,156363,0,110450
9097,PLAYERCONDITION,163035,0,110450
9098,TREASUREITEM,1513918,0,110450
9099,AREATRIGGERACTION,72972,0,110460
9100,AREATRIGGERACTIONSET,44509,0,110460
9101,SPELLMISC,852850,0,110460
9102,SPELLMISC,852861,0,110460
9103,DECORXDECORSUBCATEGORY,6256,0,110471
9104,DECORXDECORSUBCATEGORY,6259,0,110471
9105,DECORXDECORSUBCATEGORY,6336,0,110471
9106,DECORXDECORSUBCATEGORY,6337,0,110471
9107,DECORXDECORSUBCATEGORY,6338,0,110471
9108,ITEMCURRENCYCOST,108329,0,110471
9109,ITEMEXTENDEDCOST,11597,0,110471
9110,ITEMEXTENDEDCOST,11598,0,110471
9111,ITEMEXTENDEDCOST,11599,0,110471
9112,ITEMEXTENDEDCOST,11797,0,110471
9113,SOURCEINFO,24670,0,110471
9114,SOURCEINFO,25135,0,110471
9115,SOURCEINFO,25200,0,110471
9116,SOURCEINFO,25222,0,110471
9117,SOURCEINFO,25317,0,110471
9118,SOURCEINFO,26057,0,110471
9119,SOURCEINFO,26058,0,110471
9120,SOURCEINFO,26117,0,110471
9121,SOURCEINFO,26670,0,110471
9122,SOURCEINFO,26672,0,110471
9123,SOURCEINFO,26676,0,110471
9124,SOURCEINFO,26677,0,110471
9125,SOURCEINFO,26684,0,110471
9126,SOURCEINFO,26914,0,110471
9127,SOURCEINFO,27090,0,110471
9128,SOURCEINFO,27092,0,110471
9129,SOURCEINFO,27109,0,110471
9130,TREASUREITEM,1541243,0,110471
9131,TREASUREITEM,1543740,0,110471
9132,TREASUREITEM,1543763,0,110471
9133,PLAYERCONDITION,163072,0,110486
9134,TREASUREITEM,1544929,0,110486
9135,TREASUREITEM,1544930,0,110486
9136,TREASUREITEM,1544931,0,110486
9137,TREASUREITEM,1544939,0,110486
9138,TREASUREITEM,1544956,0,110486
9139,SPELL,1287934,0,110525
9140,SPELLAURARESTRICTIONS,25012,0,110525
9141,SPELLSCRIPT,133452,0,110525
9142,AREAXAURAS,21754,0,110534
9143,SPELL,1279438,0,110534
9144,SPELL,1279443,0,110534
9145,SPELLAURAOPTIONS,244936,0,110534
9146,SPELLAURAOPTIONS,244971,0,110534
9147,SPELLCASTINGREQUIREMENTS,231051,0,110534
9148,SPELLCOOLDOWNS,101380,0,110534
9149,SPELLEFFECT,1291939,0,110534
9150,SPELLINTERRUPTS,246637,0,110534
9151,SPELLLABEL,201169,0,110534
9152,SPELLMISC,827458,0,110534
9153,LFGDUNGEONS,3245,0,110562
9154,MODIFIERTREE,413537,0,110572
9155,SPELLSCRIPT,73964,0,110572
9156,SPELLSCRIPT,77727,0,110572
9157,SPELLTARGETFILTERRULE,8062,0,110052
9158,SPELLTARGETFILTERRULE,8478,0,110052
9159,SPELLEFFECT,1324422,0,110240
9160,SPELLMISC,110964,0,110240
9161,SPELLSCRIPT,60744,0,110240
9162,SPELLSCRIPT,119992,0,110240
9163,SPELLSCRIPT,121339,0,110240
9164,SPELLSCRIPT,127270,0,110240
9165,SPELLSCRIPT,133588,0,110240
9166,SPELLSCRIPT,133592,0,110240
9167,SPELLSCRIPTPACKAGE,82441,0,110240
9168,SPELLSCRIPTTEXT,29501,0,110240
9169,SPELLSCRIPTTEXT,29502,0,110240
9170,QUESTTREASUREPICKER,86321,0,110281
9171,QUESTV2,96528,0,110281
9172,TREASURE,143568,0,110281
9173,TREASUREITEM,1548380,0,110281
9174,TREASUREPICKER,5074,0,110281
9175,COOLDOWNSETLINKEDSPELL,17423,0,110297
9176,COOLDOWNSETLINKEDSPELL,17424,0,110297
9177,COOLDOWNSETLINKEDSPELL,17425,0,110297
9178,COOLDOWNSETLINKEDSPELL,17426,0,110297
9179,COOLDOWNSETLINKEDSPELL,17427,0,110297
9180,COOLDOWNSETLINKEDSPELL,17428,0,110297
9181,COOLDOWNSETLINKEDSPELL,17429,0,110297
9182,COOLDOWNSETLINKEDSPELL,17430,0,110297
9183,COOLDOWNSETLINKEDSPELL,17431,0,110297
9184,COOLDOWNSETSPELL,10062,0,110297
9185,COOLDOWNSETSPELL,11889,0,110297
9186,COOLDOWNSETSPELL,11890,0,110297
9187,COOLDOWNSETSPELL,12665,0,110297
9188,COOLDOWNSETSPELL,12821,0,110297
9189,COOLDOWNSETSPELL,13163,0,110297
9190,COOLDOWNSETSPELL,13253,0,110297
9191,COOLDOWNSETSPELL,13368,0,110297
9192,COOLDOWNSETSPELL,13369,0,110297
9193,COOLDOWNSETSPELL,13370,0,110297
9194,COOLDOWNSETSPELL,13371,0,110297
9195,COOLDOWNSETSPELL,13372,0,110297
9196,COOLDOWNSETSPELL,13374,0,110297
9197,COOLDOWNSETSPELL,13377,0,110297
9198,COOLDOWNSETSPELL,13380,0,110297
9199,COOLDOWNSETSPELL,13381,0,110297
9200,COOLDOWNSETSPELL,13382,0,110297
9201,COOLDOWNSETSPELL,13383,0,110297
9202,COOLDOWNSETSPELL,13384,0,110297
9203,COOLDOWNSETSPELL,13385,0,110297
9204,COOLDOWNSETSPELL,13388,0,110297
9205,COOLDOWNSETSPELL,13389,0,110297
9206,COOLDOWNSETSPELL,13390,0,110297
9207,COOLDOWNSETSPELL,13391,0,110297
9208,COOLDOWNSETSPELL,13392,0,110297
9209,COOLDOWNSETSPELL,13443,0,110297
9210,COOLDOWNSETSPELL,13444,0,110297
9211,COOLDOWNSETSPELL,13445,0,110297
9212,COOLDOWNSETSPELL,13446,0,110297
9213,COOLDOWNSETSPELL,13704,0,110297
9214,COOLDOWNSETSPELL,13705,0,110297
9215,COOLDOWNSETSPELL,13706,0,110297
9216,COOLDOWNSETSPELL,13707,0,110297
9217,COOLDOWNSETSPELL,13709,0,110297
9218,COOLDOWNSETSPELL,13710,0,110297
9219,COOLDOWNSETSPELL,13711,0,110297
9220,COOLDOWNSETSPELL,13712,0,110297
9221,COOLDOWNSETSPELL,13714,0,110297
9222,COOLDOWNSETSPELL,13715,0,110297
9223,COOLDOWNSETSPELL,13716,0,110297
9224,COOLDOWNSETSPELL,13936,0,110297
9225,COOLDOWNSETSPELL,14839,0,110297
9226,COOLDOWNSETSPELL,14865,0,110297
9227,COOLDOWNSETSPELL,14920,0,110297
9228,COOLDOWNSETSPELL,14948,0,110297
9229,COOLDOWNSETSPELL,15118,0,110297
9230,COOLDOWNSETSPELL,15149,0,110297
9231,COOLDOWNSETSPELL,15180,0,110297
9232,COOLDOWNSETSPELL,15736,0,110297
9233,COOLDOWNSETSPELL,15797,0,110297
9234,COOLDOWNSETSPELL,15858,0,110297
9235,COOLDOWNSETSPELL,15919,0,110297
9236,COOLDOWNSETSPELL,15950,0,110297
9237,COOLDOWNSETSPELL,15981,0,110297
9238,COOLDOWNSETSPELL,16114,0,110297
9239,COOLDOWNSETSPELL,16308,0,110297
9240,COOLDOWNSETSPELL,16503,0,110297
9241,COOLDOWNSETSPELL,16565,0,110297
9242,COOLDOWNSETSPELL,16773,0,110297
9243,COOLDOWNSETSPELL,16864,0,110297
9244,COOLDOWNSETSPELL,19387,0,110297
9245,COOLDOWNSETSPELL,23563,0,110297
9246,COOLDOWNSETSPELL,23652,0,110297
9247,COOLDOWNSETSPELL,24093,0,110297
9248,COOLDOWNSETSPELL,25449,0,110297
9249,COOLDOWNSETSPELL,59666,0,110297
9250,COOLDOWNSETSPELL,68547,0,110297
9251,COOLDOWNSETSPELL,68661,0,110297
9252,COOLDOWNSETSPELL,69174,0,110297
9253,COOLDOWNSETSPELL,79868,0,110297
9254,COOLDOWNSETSPELL,79869,0,110297
9255,COOLDOWNSETSPELL,79870,0,110297
9256,COOLDOWNSETSPELL,79871,0,110297
9257,COOLDOWNSETSPELL,79873,0,110297
9258,COOLDOWNSETSPELL,79874,0,110297
9259,COOLDOWNSETSPELL,79875,0,110297
9260,COOLDOWNSETSPELL,79877,0,110297
9261,COOLDOWNSETSPELL,79878,0,110297
9262,COOLDOWNSETSPELL,79879,0,110297
9263,COOLDOWNSETSPELL,79880,0,110297
9264,COOLDOWNSETSPELL,79881,0,110297
9265,COOLDOWNSETSPELL,79882,0,110297
9266,COOLDOWNSETSPELL,79883,0,110297
9267,COOLDOWNSETSPELL,79884,0,110297
9268,COOLDOWNSETSPELL,79885,0,110297
9269,COOLDOWNSETSPELL,79886,0,110297
9270,COOLDOWNSETSPELL,79892,0,110297
9271,COOLDOWNSETSPELL,79893,0,110297
9272,COOLDOWNSETSPELL,79894,0,110297
9273,COOLDOWNSETSPELL,79895,0,110297
9274,COOLDOWNSETSPELL,79896,0,110297
9275,COOLDOWNSETSPELL,79984,0,110297
9276,COOLDOWNSETSPELL,79985,0,110297
9277,COOLDOWNSETSPELL,79986,0,110297
9278,COOLDOWNSETSPELL,80074,0,110297
9279,COOLDOWNSETSPELL,80075,0,110297
9280,COOLDOWNSETSPELL,80164,0,110297
9281,COOLDOWNSETSPELL,80167,0,110297
9282,COOLDOWNSETSPELL,80173,0,110297
9283,COOLDOWNSETSPELL,80174,0,110297
9284,COOLDOWNSETSPELL,80175,0,110297
9285,COOLDOWNSETSPELL,80176,0,110297
9286,COOLDOWNSETSPELL,80177,0,110297
9287,COOLDOWNSETSPELL,80178,0,110297
9288,COOLDOWNSETSPELL,82252,0,110297
9289,COOLDOWNSETSPELL,82253,0,110297
9290,COOLDOWNSETSPELL,82254,0,110297
9291,COOLDOWNSETSPELL,82255,0,110297
9292,COOLDOWNSETSPELL,82256,0,110297
9293,COOLDOWNSETSPELL,82257,0,110297
9294,COOLDOWNSETSPELL,82259,0,110297
9295,COOLDOWNSETSPELL,82363,0,110297
9296,COOLDOWNSETSPELL,82364,0,110297
9297,COOLDOWNSETSPELL,82365,0,110297
9298,COOLDOWNSETSPELL,82367,0,110297
9299,COOLDOWNSETSPELL,82368,0,110297
9300,COOLDOWNSETSPELL,82369,0,110297
9301,COOLDOWNSETSPELL,82371,0,110297
9302,COOLDOWNSETSPELL,82372,0,110297
9303,COOLDOWNSETSPELL,82373,0,110297
9304,COOLDOWNSETSPELL,82374,0,110297
9305,COOLDOWNSETSPELL,82375,0,110297
9306,COOLDOWNSETSPELL,82377,0,110297
9307,COOLDOWNSETSPELL,82378,0,110297
9308,COOLDOWNSETSPELL,82379,0,110297
9309,COOLDOWNSETSPELL,82380,0,110297
9310,COOLDOWNSETSPELL,82388,0,110297
9311,COOLDOWNSETSPELL,82389,0,110297
9312,COOLDOWNSETSPELL,82390,0,110297
9313,COOLDOWNSETSPELL,82391,0,110297
9314,COOLDOWNSETSPELL,82392,0,110297
9315,COOLDOWNSETSPELL,82396,0,110297
9316,COOLDOWNSETSPELL,82398,0,110297
9317,COOLDOWNSETSPELL,82400,0,110297
9318,COOLDOWNSETSPELL,82401,0,110297
9319,COOLDOWNSETSPELL,82402,0,110297
9320,COOLDOWNSETSPELL,82403,0,110297
9321,COOLDOWNSETSPELL,82404,0,110297
9322,COOLDOWNSETSPELL,82405,0,110297
9323,COOLDOWNSETSPELL,82406,0,110297
9324,COOLDOWNSETSPELL,82407,0,110297
9325,COOLDOWNSETSPELL,82408,0,110297
9326,COOLDOWNSETSPELL,82615,0,110297
9327,COOLDOWNSETSPELL,82616,0,110297
9328,COOLDOWNSETSPELL,82617,0,110297
9329,COOLDOWNSETSPELL,82618,0,110297
9330,COOLDOWNSETSPELL,82621,0,110297
9331,COOLDOWNSETSPELL,82623,0,110297
9332,COOLDOWNSETSPELL,82624,0,110297
9333,COOLDOWNSETSPELL,82626,0,110297
9334,COOLDOWNSETSPELL,82627,0,110297
9335,COOLDOWNSETSPELL,82628,0,110297
9336,COOLDOWNSETSPELL,92350,0,110297
9337,COOLDOWNSETSPELL,92351,0,110297
9338,COOLDOWNSETSPELL,92352,0,110297
9339,COOLDOWNSETSPELL,92353,0,110297
9340,COOLDOWNSETSPELL,92500,0,110297
9341,COOLDOWNSETSPELL,92501,0,110297
9342,COOLDOWNSETSPELL,92502,0,110297
9343,COOLDOWNSETSPELL,95319,0,110297
9344,COOLDOWNSETSPELL,95405,0,110297
9345,COOLDOWNSETSPELL,99340,0,110297
9346,COOLDOWNSETSPELL,112545,0,110297
9347,COOLDOWNSETSPELL,113358,0,110297
9348,COOLDOWNSETSPELL,113359,0,110297
9349,COOLDOWNSETSPELL,113506,0,110297
9350,COOLDOWNSETSPELL,114243,0,110297
9351,COOLDOWNSETSPELL,114614,0,110297
9352,COOLDOWNSETSPELL,114939,0,110297
9353,COOLDOWNSETSPELL,115715,0,110297
9354,COOLDOWNSETSPELL,115716,0,110297
9355,COOLDOWNSETSPELL,115718,0,110297
9356,COOLDOWNSETSPELL,115719,0,110297
9357,COOLDOWNSETSPELL,115720,0,110297
9358,COOLDOWNSETSPELL,115721,0,110297
9359,COOLDOWNSETSPELL,115722,0,110297
9360,COOLDOWNSETSPELL,115723,0,110297
9361,COOLDOWNSETSPELL,115724,0,110297
9362,COOLDOWNSETSPELL,116327,0,110297
9363,COOLDOWNSETSPELL,119649,0,110297
9364,COOLDOWNSETSPELL,119816,0,110297
9365,COOLDOWNSETSPELL,119985,0,110297
9366,COOLDOWNSETSPELL,120082,0,110297
9367,COOLDOWNSETSPELL,142075,0,110297
9368,COOLDOWNSETSPELL,150925,0,110297
9369,COOLDOWNSETSPELL,158083,0,110297
9370,COOLDOWNSETSPELL,174832,0,110297
9371,COOLDOWNSETSPELL,175622,0,110297
9372,COOLDOWNSETSPELL,175821,0,110297
9373,COOLDOWNSETSPELL,181696,0,110297
9374,COOLDOWNSETSPELL,198749,0,110297
9375,COOLDOWNSETSPELL,198751,0,110297
9376,COOLDOWNSETSPELL,198754,0,110297
9377,COOLDOWNSETSPELL,198803,0,110297
9378,COOLDOWNSETSPELL,198914,0,110297
9379,COOLDOWNSETSPELL,198975,0,110297
9380,COOLDOWNSETSPELL,198978,0,110297
9381,COOLDOWNSETSPELL,198979,0,110297
9382,COOLDOWNSETSPELL,198980,0,110297
9383,PLAYERCONDITION,163006,0,110297
9384,PLAYERCONDITION,163007,0,110297
9385,SPELL,188389,0,110297
9386,SPELLCATEGORIES,48517,0,110297
9387,SPELLCOOLDOWNS,21669,0,110297
9388,SPELLEFFECT,889364,0,110297
9389,SPELLEFFECT,894590,0,110297
9390,SPELLEFFECT,894598,0,110297
9391,SPELLEFFECT,894599,0,110297
9392,HOLIDAYS,1844,0,110322
9393,HOLIDAYS,1845,0,110322
9394,HOLIDAYS,1846,0,110322
9395,HOLIDAYS,1847,0,110322
9396,HOLIDAYS,1848,0,110322
9397,HOLIDAYS,1849,0,110322
9398,HOLIDAYS,1850,0,110322
9399,HOLIDAYS,1851,0,110322
9400,HOLIDAYS,1852,0,110322
9401,HOLIDAYS,1853,0,110322
9402,HOLIDAYS,1854,0,110322
9403,HOLIDAYS,1855,0,110322
9404,HOLIDAYS,1856,0,110322
9405,HOLIDAYS,1857,0,110322
9406,HOLIDAYS,1858,0,110322
9407,HOLIDAYS,1859,0,110322
9408,HOLIDAYS,1860,0,110322
9409,HOLIDAYS,1861,0,110322
9410,HOLIDAYS,1862,0,110322
9411,HOLIDAYS,1863,0,110322
9412,HOLIDAYS,1864,0,110322
9413,HOLIDAYS,1865,0,110322
9414,HOLIDAYS,1866,0,110322
9415,HOLIDAYS,1867,0,110322
9416,SPELLEFFECT,1347371,0,110384
9417,SPELLEFFECT,1347372,0,110384
9418,SPELLMISC,834561,0,110384
9419,SPELLMISC,838568,0,110384
9420,SPELLMISC,839846,0,110384
9421,SPELLMISC,842401,0,110384
9422,SPELLMISC,846485,0,110384
9423,SPELLMISC,848175,0,110384
9424,SPELLMISC,848611,0,110384
9425,SPELLMISC,852524,0,110384
9426,SPELLMISC,852845,0,110384
9427,SPELLCATEGORIES,188050,0,110388
9428,SPELLMISC,859927,0,110388
9429,SPAWNEVENT,5339862,0,110389
9430,SPAWNEVENT,5339863,0,110389
9431,SPAWNEVENT,5339864,0,110389
9432,SPAWNEVENT,5339865,0,110389
9433,SPAWNGROUP,3335091,0,110389
9434,SPAWNGROUP,3335092,0,110389
9435,SPAWNLOC,5236007,0,110389
9436,SPAWNLOC,5236008,0,110389
9437,SPAWNOBJECT,8276587,0,110389
9438,SPAWNOBJECT,8276588,0,110389
9439,SPAWNSQUAD,5512271,0,110389
9440,SPAWNSQUAD,5512272,0,110389
9441,CREATUREDISPLAYINFO,145052,0,110390
9442,CREATUREMODELDATA,17700,0,110390
9443,CREATUREXDISPLAYINFO,680798,0,110390
9444,VEHICLESEAT,26618,0,110390
9445,CREATUREDIFFICULTY,347219,0,110394
9446,CREATUREDIFFICULTY,352852,0,110394
9447,CREATUREDIFFICULTY,356954,0,110394
9448,CREATUREDIFFICULTY,356955,0,110394
9449,CREATUREDIFFICULTY,356956,0,110394
9450,CREATUREDIFFICULTY,356957,0,110394
9451,CREATUREDIFFICULTY,356958,0,110394
9452,CREATUREDIFFICULTY,356959,0,110394
9453,CREATUREDIFFICULTY,356960,0,110394
9454,CREATUREDIFFICULTY,356961,0,110394
9455,MOUNT,2981,0,110408
9456,SPELLSCRIPT,125276,0,110424
9457,SPELLSCRIPT,129157,0,110424
9458,SPELLSCRIPTTEXT,29516,0,110424
9459,SPELLSCRIPTTEXT,29517,0,110424
9460,ITEM,273775,0,110438
9461,SPELLMISC,857471,0,110476
9462,SPELLMISC,857472,0,110476
9463,SPELLEFFECT,1318594,0,110489
9464,SPELLSCRIPT,133667,0,110489
9465,SPELLSCRIPTPACKAGE,80036,0,110489
9466,AREATRIGGERACTION,67331,0,110491
9467,AREATRIGGERACTIONSET,41333,0,110491
9468,AREATRIGGERCREATEPROPERTIES,39963,0,110491
9469,CONSOLESCRIPTS,24037,0,110491
9470,SPELL,1257717,0,110491
9471,SPELLEFFECT,1266328,0,110491
9472,SPELLEFFECT,1266513,0,110491
9473,SPELLEFFECT,1266582,0,110491
9474,SPELLEFFECT,1278727,0,110491
9475,SPELLEFFECT,1296383,0,110491
9476,SPELLEFFECT,1296384,0,110491
9477,SPELLEFFECT,1296385,0,110491
9478,SPELLEFFECT,1334747,0,110491
9479,SPELLEFFECT,1339719,0,110491
9480,SPELLEFFECT,1339720,0,110491
9481,SPELLEFFECT,1339721,0,110491
9482,SPELLEFFECT,1347581,0,110491
9483,SPELLINTERRUPTS,231527,0,110491
9484,SPELLMISC,811804,0,110491
9485,SPELLMISC,812305,0,110491
9486,SPELLMISC,812313,0,110491
9487,SPELLMISC,821543,0,110491
9488,SPELLMISC,825309,0,110491
9489,SPELLPOWER,313126,0,110491
9490,SPELLSCRIPT,119052,0,110491
9491,SPELLSCRIPT,119189,0,110491
9492,SPELLSCRIPT,121415,0,110491
9493,SPELLSCRIPT,121465,0,110491
9494,SPELLSCRIPT,124269,0,110491
9495,SPELLVISUAL,170493,0,110491
9496,SPELLVISUAL,190782,0,110491
9497,SPELLVISUALEVENT,522535,0,110491
9498,SPELLVISUALEVENT,562475,0,110491
9499,SPELLVISUALEVENT,562476,0,110491
9500,SPELLVISUALEVENT,562477,0,110491
9501,SPELLVISUALKIT,279317,0,110491
9502,SPELLVISUALKITEFFECT,691453,0,110491
9503,SPELLVISUALKITEFFECT,691454,0,110491
9504,SPELLVISUALKITEFFECT,691455,0,110491
9505,SPELLVISUALKITEFFECT,751565,0,110491
9506,SPELLVISUALKITEFFECT,790439,0,110491
9507,SPELLVISUALKITEFFECT,790440,0,110491
9508,SPELLVISUALKITEFFECT,790441,0,110491
9509,SPELLVISUALKITEFFECT,790442,0,110491
9510,SPELLVISUALKITMODELATTACH,592454,0,110491
9511,SPELLVISUALKITMODELATTACH,592455,0,110491
9512,SPELLVISUALKITMODELATTACH,592456,0,110491
9513,SPELLVISUALKITMODELATTACH,638631,0,110491
9514,SPELLVISUALKITMODELATTACH,638632,0,110491
9515,SPELLVISUALKITMODELATTACH,638633,0,110491
9516,SPELLXSPELLVISUAL,532110,0,110491
9517,SPELLMISC,842243,0,110504
9518,SPELLMISC,845238,0,110504
9519,SPELLMISC,846467,0,110504
9520,SPELLMISC,854682,0,110506
9521,SPELLMISC,853057,0,110508
9522,SPELLMISC,854404,0,110508
9523,SPELLSCRIPT,15507,0,110510
9524,SPELLSCRIPT,76133,0,110510
9525,SPELLMISC,838289,0,110516
9526,CREATUREDIFFICULTY,348622,0,110517
9527,SPELLEFFECT,1315426,0,110517
9528,SPELLMISC,841614,0,110517
9529,CREATURE,261915,0,110523
9530,CREATURE,263942,0,110523
9531,CREATURE,273577,0,110523
9532,SPELLMISC,842401,0,110524
9533,SPELLSCRIPTTEXT,29480,0,110539
9534,SPELLSCRIPTTEXT,29481,0,110539
9535,SPELLSCRIPTTEXT,29576,0,110542
9536,SPELLSCRIPTTEXT,29577,0,110542
9537,SPELLTARGETFILTER,4027,0,110542
9538,SPELLTARGETFILTERRULE,8553,0,110542
9539,UNITCONDITION,9923,0,110542
9540,UNITCONDITION,9924,0,110542
9541,SPELLEFFECT,1344056,0,110555
9542,SPELLEFFECT,1344057,0,110555
9543,SPELLEFFECT,1344058,0,110555
9544,SPELLEFFECT,1344059,0,110555
9545,SPELLEFFECT,1347661,0,110555
9546,SPELLLABEL,211260,0,110555
9547,SPELLSCRIPT,132800,0,110555
9548,AI_GROUPACTION,1092526,0,110560
9549,AI_GROUPACTIONSET,1211204,0,110560
9550,AI_GROUPACTIONSET,1211211,0,110560
9551,AI_GROUPACTIONSET,1211249,0,110560
9552,AI_TRIGGERACTION,219545,0,110560
9553,AI_TRIGGERACTION,221570,0,110560
9554,AI_TRIGGERACTION,224736,0,110560
9555,AI_TRIGGERACTIONSET,77175,0,110560
9556,AREATRIGGER2DPOLYGON,1132,0,110560
9557,AREATRIGGERACTION,74239,0,110560
9558,AREATRIGGERACTION,74240,0,110560
9559,AREATRIGGERACTIONSET,44129,0,110560
9560,AREATRIGGERACTIONSET,44139,0,110560
9561,AREATRIGGERACTIONSET,45253,0,110560
9562,AREATRIGGERCREATEPROPERTIES,44761,0,110560
9563,AREATRIGGERSPHERE,1655,0,110560
9564,CREATUREDIFFICULTY,344812,0,110560
9565,CREATUREDIFFICULTY,356439,0,110560
9566,CREATUREDISPLAYINFO,146677,0,110560
9567,CREATURESPELLDATA,50096,0,110560
9568,CREATURESPELLDATA,50097,0,110560
9569,CREATURESPELLDATA,50358,0,110560
9570,SPAWNLOC,5209983,0,110560
9571,SPAWNLOC,5209984,0,110560
9572,SPAWNLOC,5218758,0,110560
9573,SPAWNLOC,5218767,0,110560
9574,SPAWNLOC,5218769,0,110560
9575,SPELLEFFECT,1325752,0,110560
9576,SPELLEFFECT,1326050,0,110560
9577,SPELLEFFECT,1334506,0,110560
9578,SPELLEFFECT,1334510,0,110560
9579,SPELLEFFECT,1347694,0,110560
9580,SPELLMISC,848283,0,110560
9581,SPELLMISC,848478,0,110560
9582,SPELLMISC,855583,0,110560
9583,SPELLSCRIPT,129507,0,110560
9584,SPELLSCRIPT,129525,0,110560
9585,SPELLSCRIPT,129614,0,110560
9586,SPELLSCRIPT,130966,0,110560
9587,SPELLSCRIPT,131095,0,110560
9588,SPELLSCRIPT,132595,0,110560
9589,SPELLVISUAL,188497,0,110560
9590,SPELLVISUALKITMODELATTACH,633326,0,110560
9591,SPELLMISC,833962,0,110565
9592,SPELLSCRIPT,125047,0,110565
9593,SPELLSCRIPT,132564,0,110565
9594,SPELLSCRIPT,133686,0,110565
9595,SPELLSCRIPTPACKAGE,82500,0,110565
9596,SPELLSCRIPTTEXT,29376,0,110565
9597,SPELLSCRIPTTEXT,29377,0,110565
9598,BATTLEPETSPECIES,5077,0,110566
9599,CREATURE,266834,0,110566
9600,CREATUREDIFFICULTY,350449,0,110566
9601,ITEM,275703,0,110566
9602,SPELL,1297703,0,110566
9603,SPELLMISC,845068,0,110566
9604,SPELLAURAOPTIONS,246207,0,110577
9605,SPELLAURAOPTIONS,246228,0,110577
9606,SPELLAURAOPTIONS,246589,0,110577
9607,SPELLEFFECT,1316988,0,110577
9608,SPELLEFFECT,1319194,0,110577
9609,SPELLEFFECT,1319255,0,110577
9610,SPELLEFFECT,1319651,0,110577
9611,SPELLEFFECT,1319840,0,110577
9612,SPELLEFFECT,1326362,0,110577
9613,SPELLEFFECTSCALING,19843,0,110577
9614,SPELLEFFECTSCALING,19868,0,110577
9615,SPELLEFFECTSCALING,19872,0,110577
9616,SPELLEFFECTSCALING,19873,0,110577
9617,SPELLEFFECTSCALING,19880,0,110577
9618,SPELLEFFECTSCALING,19902,0,110577
9619,QUESTCOMPLETEDISPLAYSPELL,3327,0,110580
9620,CREATURESPELLDATA,51066,0,110583
9621,SPELL,1315446,0,110583
9622,SPELLCATEGORIES,188318,0,110583
9623,SPELLCOOLDOWNS,101384,0,110583
9624,SPELLEFFECT,1347777,0,110583
9625,SPELLEFFECT,1347778,0,110583
9626,SPELLINTERRUPTS,248555,0,110583
9627,SPELLMISC,861649,0,110583
9628,SPELLXSPELLVISUAL,532162,0,110583
9629,CREATUREDISPLAYINFO,145256,0,110585
9630,CREATURESPELLDATA,50912,0,110586
9631,SPELLMISC,852511,0,110586
9632,SOUNDKIT,358692,0,110501
9633,SOUNDKIT,358695,0,110501
9634,SOUNDKITADVANCED,322574,0,110501
9635,SOUNDKITADVANCED,322577,0,110501
9636,SOUNDKITCHILD,46219,0,110501
9637,SOUNDKITCHILD,46221,0,110501
9638,SPELLSCRIPT,89479,0,110619
9639,SPELLSCRIPT,89500,0,110619
9640,SPELLSCRIPT,89501,0,110619
9641,INTERNALRECORD,253110,0,110615
9642,SPELL,1296507,0,110615
9643,INTERNALRECORD,253111,0,110615
9644,SPELLCASTINGREQUIREMENTS,232057,0,110615
9645,INTERNALRECORD,253112,0,110615
9646,SPELLINTERRUPTS,243160,0,110615
9647,INTERNALRECORD,253113,0,110615
9648,SPELLREAGENTS,38909,0,110615
9649,INTERNALRECORD,253114,0,110615
9650,SPELLMISC,843860,0,110615
9651,INTERNALRECORD,253115,0,110615
9652,SPELLXDIFFICULTY,567315,0,110615
9653,INTERNALRECORD,253116,0,110615
9654,SPELLEFFECT,1319133,0,110615
9655,INTERNALRECORD,253117,0,110615
9656,SPELLLABEL,205275,0,110615
9657,INTERNALRECORD,253118,0,110615
9658,SPELLLABEL,205276,0,110615
9659,INTERNALRECORD,253119,0,110615
9660,SPELLLABEL,205277,0,110615
9661,INTERNALRECORD,253120,0,110615
9662,SPELLLABEL,205278,0,110615
9663,INTERNALRECORD,253121,0,110615
9664,SPELLXSPELLVISUAL,519782,0,110615
9665,INTERNALRECORD,253122,0,110615
9666,MODIFIEDCRAFTINGSPELLSLOT,19973,0,110615
9667,INTERNALRECORD,253123,0,110615
9668,MODIFIEDCRAFTINGSPELLSLOT,19974,0,110615
9669,INTERNALRECORD,253124,0,110615
9670,MODIFIEDCRAFTINGSPELLSLOT,19975,0,110615
9671,MODIFIEDCRAFTINGSPELLSLOT,19973,0,110615
9672,MODIFIEDCRAFTINGSPELLSLOT,19974,0,110615
9673,MODIFIEDCRAFTINGSPELLSLOT,19975,0,110615
9674,SKILLLINEABILITY,58533,0,110615
9675,SPELL,1296507,0,110615
9676,SPELLCASTINGREQUIREMENTS,232057,0,110615
9677,SPELLEFFECT,1319133,0,110615
9678,SPELLINTERRUPTS,243160,0,110615
9679,SPELLLABEL,205275,0,110615
9680,SPELLLABEL,205276,0,110615
9681,SPELLLABEL,205277,0,110615
9682,SPELLLABEL,205278,0,110615
9683,SPELLMISC,843860,0,110615
9684,SPELLREAGENTS,38909,0,110615
9685,SPELLXSPELLVISUAL,519782,0,110615
9686,SPELLMISC,857473,0,109947
9687,SPELLSCRIPT,129347,0,109947
9688,SPELLSCRIPT,132615,0,109947
9689,SPELLSCRIPTTEXT,28410,0,109947
9690,SPELLSCRIPTTEXT,28411,0,109947
9691,SPELLSCRIPTTEXT,28412,0,109947
9692,SPELLSCRIPTTEXT,29014,0,109947
9693,SPELLSCRIPTTEXT,29025,0,109947
9694,SPELLSCRIPTTEXT,29367,0,109947
9695,SPELLSCRIPTTEXT,29411,0,109947
9696,SPELLSCRIPTTEXT,29437,0,109947
9697,SPELLSCRIPTTEXT,29438,0,109947
9698,SPELLSCRIPTTEXT,29538,0,109947
9699,SPELLSCRIPTTEXT,29539,0,109947
9700,SPELLSCRIPTTEXT,29540,0,109947
9701,SPELLSCRIPTTEXT,29609,0,109947
9702,SPELLSCRIPTTEXT,29610,0,109947
9703,SPELLSCRIPTTEXT,29653,0,109947
9704,SPELLSCRIPTTEXT,29670,0,109947
9705,SPELLSCRIPTTEXT,29694,0,109947
9706,SPELLTARGETRESTRICTIONS,354992,0,109947
9707,SPELL,1288472,0,110556
9708,SPELLEFFECT,1306560,0,110556
9709,SPELLEFFECT,1306561,0,110556
9710,CREATURE,267736,0,110584
9711,CREATUREDISPLAYINFO,145256,0,110584
9712,CRITERIATREE,225266,0,110584
9713,DUNGEONENCOUNTER,3560,0,110584
9714,SPAWNGROUP,3291707,0,110584
9715,CREATUREDISPLAYINFO,145256,0,110585
9716,BROADCASTTEXT,324873,0,110391
9717,CREATUREDISPLAYINFO,142993,0,110391
9718,SPELL,1305049,0,110391
9719,SPELL,1315222,0,110391
9720,SPELL,1315223,0,110391
9721,SPELL,1315224,0,110391
9722,SPELLEFFECT,1344853,0,110391
9723,SPELLEFFECT,1347385,0,110391
9724,SPELLEFFECT,1347386,0,110391
9725,SPELLEFFECT,1347387,0,110391
9726,SPELLMISC,840035,0,110391
9727,SPELLMISC,841279,0,110391
9728,SPELLMISC,857352,0,110391
9729,SPELLMISC,861427,0,110391
9730,SPELLMISC,861428,0,110391
9731,SPELLMISC,861429,0,110391
9732,SPELLSCRIPT,133641,0,110391
9733,SPELLSCRIPT,133642,0,110391
9734,SPELLSCRIPTPACKAGE,82476,0,110391
9735,SPELLSCRIPTPACKAGE,82477,0,110391
9736,SPELLTARGETRESTRICTIONS,355751,0,110391
9737,SPELLVISUAL,190737,0,110391
9738,SPELLVISUALKITEFFECT,790118,0,110391
9739,SPELLVISUALKITMODELATTACH,637072,0,110391
9740,SPELLVISUALKITMODELATTACH,638509,0,110391
9741,SPELLVISUALMISSILE,29831,0,110391
9742,SPELLVISUALMISSILESET,24877,0,110391
9743,SPELLXSPELLVISUAL,532058,0,110391
9744,CREATUREDIFFICULTY,340847,0,110402
9745,CREATUREDIFFICULTY,342737,0,110402
9746,CREATUREDIFFICULTY,347369,0,110402
9747,CREATUREDIFFICULTY,351046,0,110402
9748,CREATUREDIFFICULTY,352204,0,110402
9749,CREATUREDIFFICULTY,352205,0,110402
9750,CREATUREDIFFICULTY,352206,0,110402
9751,CREATUREDIFFICULTY,352207,0,110402
9752,CREATUREDIFFICULTY,352208,0,110402
9753,CREATUREDIFFICULTY,352209,0,110402
9754,CREATUREDIFFICULTY,352210,0,110402
9755,CREATUREDIFFICULTY,352211,0,110402
9756,CREATUREDIFFICULTY,352212,0,110402
9757,CREATUREDIFFICULTY,352213,0,110402
9758,CREATUREDIFFICULTY,352214,0,110402
9759,CREATUREDIFFICULTY,352215,0,110402
9760,CREATUREDIFFICULTY,352217,0,110402
9761,CREATUREDIFFICULTY,352220,0,110402
9762,CREATUREDIFFICULTY,352221,0,110402
9763,CREATUREDIFFICULTY,352222,0,110402
9764,CREATUREDIFFICULTY,352223,0,110402
9765,CREATUREDIFFICULTY,356412,0,110402
9766,CREATUREDIFFICULTY,356418,0,110402
9767,CREATUREDIFFICULTY,356427,0,110402
9768,CREATUREDIFFICULTY,357365,0,110402
9769,CREATUREDIFFICULTY,357366,0,110402
9770,CREATUREDIFFICULTY,357367,0,110402
9771,CREATUREDIFFICULTY,357368,0,110402
9772,CREATUREDIFFICULTY,357369,0,110402
9773,CREATURESPELLDATA,50904,0,110402
9774,CREATURESPELLDATA,51008,0,110402
9775,CREATURESPELLDATA,51375,0,110402
9776,JOURNALENCOUNTERSECTION,35632,0,110402
9777,JOURNALENCOUNTERSECTION,35636,0,110402
9778,JOURNALENCOUNTERSECTION,36175,0,110402
9779,JOURNALENCOUNTERSECTION,36283,0,110402
9780,JOURNALENCOUNTERSECTION,36284,0,110402
9781,JOURNALENCOUNTERSECTION,36291,0,110402
9782,JOURNALENCOUNTERSECTION,36292,0,110402
9783,JOURNALENCOUNTERSECTION,36309,0,110402
9784,JOURNALENCOUNTERSECTION,36320,0,110402
9785,JOURNALENCOUNTERSECTION,36322,0,110402
9786,JOURNALENCOUNTERSECTION,36323,0,110402
9787,JOURNALENCOUNTERSECTION,36324,0,110402
9788,JOURNALENCOUNTERSECTION,36325,0,110402
9789,JOURNALENCOUNTERSECTION,36336,0,110402
9790,JOURNALENCOUNTERSECTION,36337,0,110402
9791,JOURNALENCOUNTERSECTION,36341,0,110402
9792,JOURNALENCOUNTERSECTION,36343,0,110402
9793,JOURNALENCOUNTERSECTION,36352,0,110402
9794,JOURNALENCOUNTERSECTION,36353,0,110402
9795,JOURNALENCOUNTERSECTION,36354,0,110402
9796,JOURNALENCOUNTERSECTION,36373,0,110402
9797,JOURNALENCOUNTERSECTION,36374,0,110402
9798,JOURNALENCOUNTERSECTION,36375,0,110402
9799,JOURNALENCOUNTERSECTION,36413,0,110402
9800,JOURNALENCOUNTERSECTION,36427,0,110402
9801,JOURNALENCOUNTERSECTION,36437,0,110402
9802,JOURNALENCOUNTERSECTION,36438,0,110402
9803,JOURNALENCOUNTERSECTION,36551,0,110402
9804,JOURNALENCOUNTERSECTION,36592,0,110402
9805,JOURNALENCOUNTERSECTION,36593,0,110402
9806,JOURNALENCOUNTERSECTION,36653,0,110402
9807,JOURNALENCOUNTERSECTION,36654,0,110402
9808,JOURNALENCOUNTERSECTION,36740,0,110402
9809,JOURNALENCOUNTERSECTION,36741,0,110402
9810,JOURNALENCOUNTERSECTION,36868,0,110402
9811,JOURNALENCOUNTERSECTION,36878,0,110402
9812,JOURNALENCOUNTERSECTION,36879,0,110402
9813,JOURNALENCOUNTERSECTION,36880,0,110402
9814,JOURNALENCOUNTERSECTION,36881,0,110402
9815,JOURNALENCOUNTERSECTION,36883,0,110402
9816,JOURNALENCOUNTERSECTION,36884,0,110402
9817,JOURNALENCOUNTERSECTION,36885,0,110402
9818,JOURNALENCOUNTERSECTION,36886,0,110402
9819,JOURNALENCOUNTERSECTION,36887,0,110402
9820,JOURNALENCOUNTERSECTION,36889,0,110402
9821,JOURNALENCOUNTERSECTION,36890,0,110402
9822,JOURNALENCOUNTERSECTION,36891,0,110402
9823,JOURNALENCOUNTERSECTION,36892,0,110402
9824,JOURNALENCOUNTERSECTION,36893,0,110402
9825,JOURNALENCOUNTERSECTION,36894,0,110402
9826,JOURNALENCOUNTERSECTION,36895,0,110402
9827,JOURNALENCOUNTERSECTION,36896,0,110402
9828,JOURNALENCOUNTERSECTION,36910,0,110402
9829,JOURNALENCOUNTERSECTION,36911,0,110402
9830,JOURNALENCOUNTERSECTION,36912,0,110402
9831,JOURNALENCOUNTERSECTION,36919,0,110402
9832,JOURNALENCOUNTERSECTION,36920,0,110402
9833,JOURNALENCOUNTERSECTION,36921,0,110402
9834,JOURNALENCOUNTERSECTION,37009,0,110402
9835,JOURNALENCOUNTERSECTION,37016,0,110402
9836,JOURNALENCOUNTERSECTION,37017,0,110402
9837,JOURNALENCOUNTERSECTION,37018,0,110402
9838,JOURNALENCOUNTERSECTION,37019,0,110402
9839,JOURNALENCOUNTERSECTION,37020,0,110402
9840,JOURNALENCOUNTERSECTION,37021,0,110402
9841,JOURNALENCOUNTERSECTION,37022,0,110402
9842,JOURNALENCOUNTERSECTION,37023,0,110402
9843,JOURNALENCOUNTERSECTION,37024,0,110402
9844,JOURNALENCOUNTERSECTION,37025,0,110402
9845,JOURNALENCOUNTERSECTION,37026,0,110402
9846,JOURNALENCOUNTERSECTION,37027,0,110402
9847,JOURNALENCOUNTERSECTION,37031,0,110402
9848,JOURNALENCOUNTERSECTION,37033,0,110402
9849,JOURNALENCOUNTERSECTION,37034,0,110402
9850,JOURNALENCOUNTERSECTION,37041,0,110402
9851,JOURNALENCOUNTERSECTION,37061,0,110402
9852,JOURNALENCOUNTERSECTION,37062,0,110402
9853,JOURNALENCOUNTERSECTION,37066,0,110402
9854,JOURNALENCOUNTERSECTION,37067,0,110402
9855,JOURNALENCOUNTERSECTION,37068,0,110402
9856,JOURNALENCOUNTERSECTION,37070,0,110402
9857,JOURNALENCOUNTERSECTION,37146,0,110402
9858,JOURNALENCOUNTERSECTION,37147,0,110402
9859,JOURNALENCOUNTERSECTION,37176,0,110402
9860,JOURNALENCOUNTERSECTION,37177,0,110402
9861,JOURNALENCOUNTERSECTION,37178,0,110402
9862,JOURNALENCOUNTERSECTION,37206,0,110402
9863,JOURNALENCOUNTERSECTION,37207,0,110402
9864,JOURNALENCOUNTERSECTION,37208,0,110402
9865,JOURNALENCOUNTERSECTION,37216,0,110402
9866,JOURNALENCOUNTERSECTION,37217,0,110402
9867,JOURNALENCOUNTERSECTION,37223,0,110402
9868,JOURNALENCOUNTERSECTION,37224,0,110402
9869,JOURNALENCOUNTERSECTION,37225,0,110402
9870,JOURNALENCOUNTERSECTION,37226,0,110402
9871,JOURNALENCOUNTERSECTION,37251,0,110402
9872,JOURNALENCOUNTERSECTION,37254,0,110402
9873,JOURNALENCOUNTERSECTION,37255,0,110402
9874,JOURNALENCOUNTERSECTION,37267,0,110402
9875,JOURNALENCOUNTERSECTION,37268,0,110402
9876,JOURNALENCOUNTERSECTION,37269,0,110402
9877,JOURNALENCOUNTERSECTION,37270,0,110402
9878,JOURNALENCOUNTERSECTION,37283,0,110402
9879,JOURNALENCOUNTERSECTION,37284,0,110402
9880,SPAWNEVENT,5347777,0,110402
9881,SPELL,1305796,0,110402
9882,SPELL,1311600,0,110402
9883,SPELL,1315270,0,110402
9884,SPELL,1315298,0,110402
9885,SPELLCATEGORIES,184434,0,110402
9886,SPELLEFFECT,1303913,0,110402
9887,SPELLEFFECT,1322073,0,110402
9888,SPELLEFFECT,1322350,0,110402
9889,SPELLEFFECT,1332978,0,110402
9890,SPELLEFFECT,1339668,0,110402
9891,SPELLEFFECT,1342001,0,110402
9892,SPELLEFFECT,1342013,0,110402
9893,SPELLEFFECT,1344927,0,110402
9894,SPELLEFFECT,1344928,0,110402
9895,SPELLEFFECT,1346828,0,110402
9896,SPELLEFFECT,1346829,0,110402
9897,SPELLEFFECT,1347471,0,110402
9898,SPELLEFFECT,1347472,0,110402
9899,SPELLEFFECT,1347473,0,110402
9900,SPELLEFFECT,1347474,0,110402
9901,SPELLEFFECT,1347523,0,110402
9902,SPELLEFFECT,1347524,0,110402
9903,SPELLEFFECT,1347525,0,110402
9904,SPELLEFFECT,1347526,0,110402
9905,SPELLEFFECT,1347531,0,110402
9906,SPELLEFFECT,1347532,0,110402
9907,SPELLMISC,845754,0,110402
9908,SPELLMISC,849997,0,110402
9909,SPELLMISC,858183,0,110402
9910,SPELLMISC,859927,0,110402
9911,SPELLMISC,861473,0,110402
9912,SPELLMISC,861498,0,110402
9913,SPELLSCRIPT,128006,0,110402
9914,SPELLSCRIPT,128826,0,110402
9915,SPELLSCRIPT,129353,0,110402
9916,SPELLSCRIPT,132414,0,110402
9917,SPELLSCRIPT,132415,0,110402
9918,SPELLSCRIPTPACKAGE,82487,0,110402
9919,SPELLTARGETRESTRICTIONS,353616,0,110402
9920,SPELLTARGETRESTRICTIONS,355754,0,110402
9921,SPELLTARGETRESTRICTIONS,355762,0,110402
9922,SPELLVISUAL,190750,0,110402
9923,SPELLVISUALANIM,435043,0,110402
9924,SPELLVISUALEVENT,562393,0,110402
9925,SPELLVISUALEVENT,562394,0,110402
9926,SPELLVISUALKIT,279237,0,110402
9927,SPELLVISUALKIT,279239,0,110402
9928,SPELLVISUALKITEFFECT,790118,0,110402
9929,SPELLVISUALKITEFFECT,790183,0,110402
9930,SPELLVISUALKITEFFECT,790184,0,110402
9931,SPELLVISUALKITEFFECT,790185,0,110402
9932,SPELLVISUALKITEFFECT,790188,0,110402
9933,SPELLVISUALKITEFFECT,790189,0,110402
9934,SPELLVISUALKITEFFECT,790190,0,110402
9935,SPELLVISUALKITMODELATTACH,616314,0,110402
9936,SPELLVISUALKITMODELATTACH,638509,0,110402
9937,SPELLVISUALKITMODELATTACH,638533,0,110402
9938,SPELLVISUALKITMODELATTACH,638535,0,110402
9939,SPELLVISUALKITMODELATTACH,638536,0,110402
9940,SPELLXSPELLVISUAL,525779,0,110402
9941,SPELLXSPELLVISUAL,532073,0,110402
9942,SOUNDKIT,368635,0,110403
9943,SOUNDKIT,368636,0,110403
9944,SOUNDKIT,368637,0,110403
9945,SOUNDKIT,368638,0,110403
9946,SOUNDKIT,368640,0,110403
9947,SOUNDKITADVANCED,332214,0,110403
9948,SOUNDKITADVANCED,332215,0,110403
9949,SOUNDKITADVANCED,332216,0,110403
9950,SOUNDKITADVANCED,332217,0,110403
9951,SOUNDKITADVANCED,332219,0,110403
9952,SOUNDKITCHILD,49435,0,110403
9953,SOUNDKITCHILD,49436,0,110403
9954,SOUNDKITCHILD,49437,0,110403
9955,SOUNDKITCHILD,49438,0,110403
9956,SOUNDKITENTRY,1695483,0,110403
9957,SOUNDKITENTRY,1695484,0,110403
9958,SOUNDKITENTRY,1695485,0,110403
9959,SOUNDKITENTRY,1695486,0,110403
9960,SOUNDKITENTRY,1695487,0,110403
9961,SOUNDKITENTRY,1695488,0,110403
9962,SOUNDKITENTRY,1695489,0,110403
9963,SOUNDKITENTRY,1695490,0,110403
9964,SOUNDKITENTRY,1695491,0,110403
9965,SOUNDKITENTRY,1695492,0,110403
9966,SOUNDKITENTRY,1695493,0,110403
9967,SOUNDKITENTRY,1695494,0,110403
9968,SOUNDKITENTRY,1695495,0,110403
9969,SOUNDKITENTRY,1695496,0,110403
9970,SOUNDKITENTRY,1695497,0,110403
9971,SOUNDKITENTRY,1695498,0,110403
9972,SOUNDKITENTRY,1695499,0,110403
9973,SOUNDKITENTRY,1695500,0,110403
9974,SOUNDKITENTRY,1695501,0,110403
9975,SOUNDKITENTRY,1695502,0,110403
9976,SOUNDKITENTRY,1695503,0,110403
9977,SOUNDKITENTRY,1695504,0,110403
9978,SOUNDKITENTRY,1695505,0,110403
9979,SOUNDKITENTRY,1695506,0,110403
9980,SOUNDKITENTRY,1695507,0,110403
9981,SOUNDKITENTRY,1695508,0,110403
9982,SOUNDKITENTRY,1695513,0,110403
9983,SOUNDKITENTRY,1695514,0,110403
9984,SOUNDKITENTRY,1695515,0,110403
9985,SOUNDKITENTRY,1695516,0,110403
9986,SOUNDKITENTRY,1695517,0,110403
9987,SOUNDKITENTRY,1695518,0,110403
9988,SOUNDKITENTRY,1695519,0,110403
9989,SOUNDKITENTRY,1695520,0,110403
9990,SPELLVISUAL,179379,0,110403
9991,SPELLVISUALEVENT,562390,0,110403
9992,SPELLVISUALKIT,279235,0,110403
9993,SPELLVISUALKITEFFECT,790175,0,110403
9994,SPELLVISUALKITEFFECT,790178,0,110403
9995,SOUNDKIT,363772,0,110422
9996,SOUNDKIT,363773,0,110422
9997,SOUNDKIT,363774,0,110422
9998,SOUNDKIT,368661,0,110422
9999,SOUNDKITADVANCED,327488,0,110422
10000,SOUNDKITADVANCED,332242,0,110422
10001,SOUNDKITENTRY,1695626,0,110422
10002,SPELLVISUALKITEFFECT,790229,0,110422
10003,SPELLVISUALKITEFFECT,790231,0,110422
10004,SPELLVISUALKITEFFECT,790232,0,110422
10005,SOUNDKIT,345046,0,110434
10006,SOUNDKIT,352152,0,110434
10007,SOUNDKIT,353332,0,110434
10008,SOUNDKIT,368664,0,110434
10009,SOUNDKIT,368665,0,110434
10010,SOUNDKIT,368666,0,110434
10011,SOUNDKIT,368674,0,110434
10012,SOUNDKITADVANCED,308701,0,110434
10013,SOUNDKITADVANCED,308994,0,110434
10014,SOUNDKITADVANCED,309092,0,110434
10015,SOUNDKITADVANCED,328372,0,110434
10016,SOUNDKITADVANCED,328374,0,110434
10017,SOUNDKITADVANCED,332245,0,110434
10018,SOUNDKITADVANCED,332246,0,110434
10019,SOUNDKITADVANCED,332247,0,110434
10020,SOUNDKITADVANCED,332255,0,110434
10021,SOUNDKITCHILD,49446,0,110434
10022,SOUNDKITENTRY,1654564,0,110434
10023,SOUNDKITENTRY,1654565,0,110434
10024,SOUNDKITENTRY,1695633,0,110434
10025,SOUNDKITENTRY,1695634,0,110434
10026,SOUNDKITENTRY,1695635,0,110434
10027,SOUNDKITENTRY,1695636,0,110434
10028,SOUNDKITENTRY,1695637,0,110434
10029,SOUNDKITENTRY,1695638,0,110434
10030,SOUNDKITENTRY,1695639,0,110434
10031,SOUNDKITENTRY,1695640,0,110434
10032,SOUNDKITENTRY,1695641,0,110434
10033,SOUNDKITENTRY,1695642,0,110434
10034,SOUNDKITENTRY,1695643,0,110434
10035,SOUNDKITENTRY,1695644,0,110434
10036,SOUNDKITENTRY,1695645,0,110434
10037,SOUNDKITENTRY,1695646,0,110434
10038,SOUNDKITENTRY,1695647,0,110434
10039,SOUNDKITENTRY,1695648,0,110434
10040,SOUNDKITENTRY,1695649,0,110434
10041,SOUNDKITENTRY,1695650,0,110434
10042,SOUNDKITENTRY,1695651,0,110434
10043,SOUNDKITENTRY,1695652,0,110434
10044,SOUNDKITENTRY,1695653,0,110434
10045,SOUNDKITENTRY,1695654,0,110434
10046,SOUNDKITENTRY,1695655,0,110434
10047,SOUNDKITENTRY,1695656,0,110434
10048,SOUNDKITENTRY,1695657,0,110434
10049,SOUNDKITENTRY,1695712,0,110434
10050,SOUNDKITENTRY,1695723,0,110434
10051,SOUNDKITENTRY,1695724,0,110434
10052,SOUNDKITENTRY,1695725,0,110434
10053,SOUNDKITENTRY,1695726,0,110434
10054,SOUNDKITENTRY,1695727,0,110434
10055,SOUNDKITENTRY,1695728,0,110434
10056,SOUNDKITENTRY,1695729,0,110434
10057,SOUNDKITENTRY,1695730,0,110434
10058,SOUNDKITENTRY,1695731,0,110434
10059,SOUNDKITENTRY,1695732,0,110434
10060,SPELLVISUALKITEFFECT,790247,0,110434
10061,SPELLVISUALKITEFFECT,790250,0,110434
10062,SPELLVISUALKITEFFECT,790254,0,110434
10063,SPELLVISUALKITEFFECT,790268,0,110434
10064,CREATURESOUNDDATA,10744,0,110459
10065,AREATRIGGERCREATEPROPERTIES,43922,0,110522
10066,CREATURE,263942,0,110522
10067,CREATURE,273577,0,110522
10068,CREATUREDIFFICULTY,353994,0,110522
10069,CREATUREXDISPLAYINFO,674424,0,110522
10070,JOURNALENCOUNTERCREATURE,6201,0,110522
10071,JOURNALENCOUNTERCREATURE,6202,0,110522
10072,JOURNALENCOUNTERCREATURE,6232,0,110522
10073,JOURNALENCOUNTERCREATURE,6239,0,110522
10074,JOURNALENCOUNTERCREATURE,6241,0,110522
10075,JOURNALENCOUNTERSECTION,37060,0,110522
10076,JOURNALENCOUNTERSECTION,37062,0,110522
10077,JOURNALENCOUNTERSECTION,37216,0,110522
10078,JOURNALENCOUNTERSECTION,37217,0,110522
10079,SPAWNEVENT,5348135,0,110522
10080,SPAWNEVENT,5348136,0,110522
10081,SPAWNGROUP,3342395,0,110522
10082,SPAWNGROUP,3342396,0,110522
10083,SPAWNLOC,5208257,0,110522
10084,SPAWNLOC,5244533,0,110522
10085,SPAWNLOC,5244534,0,110522
10086,SPAWNOBJECT,8287256,0,110522
10087,SPAWNOBJECT,8287257,0,110522
10088,SPAWNSQUAD,5521094,0,110522
10089,SPAWNSQUAD,5521095,0,110522
10090,SPELL,1299757,0,110522
10091,SPELL,1299764,0,110522
10092,SPELL,1310738,0,110522
10093,SPELL,1310763,0,110522
10094,SPELL,1310764,0,110522
10095,SPELL,1315341,0,110522
10096,SPELLEFFECT,1335326,0,110522
10097,SPELLEFFECT,1347589,0,110522
10098,SPELLMISC,853102,0,110522
10099,SPELLMISC,858747,0,110522
10100,SPELLMISC,861540,0,110522
10101,SPELLSCRIPT,131053,0,110522
10102,SPELLVISUALEFFECTNAME,57620,0,110522
10103,SPELLVISUALKITEFFECT,790443,0,110522
10104,SPELLVISUALKITEFFECT,790444,0,110522
10105,SPELLVISUALKITMODELATTACH,638634,0,110522
10106,SPELLVISUALKITMODELATTACH,638635,0,110522
10107,SPELLVISUALMISSILE,29503,0,110522
10108,SPELLEFFECT,1333827,0,110526
10109,SPELLEFFECT,1342968,0,110526
10110,SPELLMISC,853102,0,110526
10111,SPELLMISC,858747,0,110526
10112,AI_GROUPACTION,1092479,0,110527
10113,AI_GROUPACTIONSET,1211121,0,110527
10114,AI_TRIGGERACTION,224276,0,110527
10115,AI_TRIGGERACTION,224711,0,110527
10116,AI_TRIGGERACTIONSET,78992,0,110527
10117,JOURNALENCOUNTERSECTION,35564,0,110527
10118,JOURNALENCOUNTERSECTION,35565,0,110527
10119,JOURNALENCOUNTERSECTION,35632,0,110527
10120,JOURNALENCOUNTERSECTION,35636,0,110527
10121,JOURNALENCOUNTERSECTION,35678,0,110527
10122,JOURNALENCOUNTERSECTION,35818,0,110527
10123,JOURNALENCOUNTERSECTION,35866,0,110527
10124,JOURNALENCOUNTERSECTION,36166,0,110527
10125,JOURNALENCOUNTERSECTION,36167,0,110527
10126,JOURNALENCOUNTERSECTION,36171,0,110527
10127,JOURNALENCOUNTERSECTION,36173,0,110527
10128,JOURNALENCOUNTERSECTION,36174,0,110527
10129,JOURNALENCOUNTERSECTION,36175,0,110527
10130,JOURNALENCOUNTERSECTION,36177,0,110527
10131,JOURNALENCOUNTERSECTION,36283,0,110527
10132,JOURNALENCOUNTERSECTION,36284,0,110527
10133,JOURNALENCOUNTERSECTION,36291,0,110527
10134,JOURNALENCOUNTERSECTION,36292,0,110527
10135,JOURNALENCOUNTERSECTION,36294,0,110527
10136,JOURNALENCOUNTERSECTION,36309,0,110527
10137,JOURNALENCOUNTERSECTION,36312,0,110527
10138,JOURNALENCOUNTERSECTION,36313,0,110527
10139,JOURNALENCOUNTERSECTION,36320,0,110527
10140,JOURNALENCOUNTERSECTION,36322,0,110527
10141,JOURNALENCOUNTERSECTION,36323,0,110527
10142,JOURNALENCOUNTERSECTION,36324,0,110527
10143,JOURNALENCOUNTERSECTION,36325,0,110527
10144,JOURNALENCOUNTERSECTION,36336,0,110527
10145,JOURNALENCOUNTERSECTION,36337,0,110527
10146,JOURNALENCOUNTERSECTION,36341,0,110527
10147,JOURNALENCOUNTERSECTION,36343,0,110527
10148,JOURNALENCOUNTERSECTION,36352,0,110527
10149,JOURNALENCOUNTERSECTION,36353,0,110527
10150,JOURNALENCOUNTERSECTION,36354,0,110527
10151,JOURNALENCOUNTERSECTION,36373,0,110527
10152,JOURNALENCOUNTERSECTION,36374,0,110527
10153,JOURNALENCOUNTERSECTION,36375,0,110527
10154,JOURNALENCOUNTERSECTION,36413,0,110527
10155,JOURNALENCOUNTERSECTION,36425,0,110527
10156,JOURNALENCOUNTERSECTION,36427,0,110527
10157,JOURNALENCOUNTERSECTION,36437,0,110527
10158,JOURNALENCOUNTERSECTION,36438,0,110527
10159,JOURNALENCOUNTERSECTION,36492,0,110527
10160,JOURNALENCOUNTERSECTION,36536,0,110527
10161,JOURNALENCOUNTERSECTION,36537,0,110527
10162,JOURNALENCOUNTERSECTION,36538,0,110527
10163,JOURNALENCOUNTERSECTION,36539,0,110527
10164,JOURNALENCOUNTERSECTION,36551,0,110527
10165,JOURNALENCOUNTERSECTION,36592,0,110527
10166,JOURNALENCOUNTERSECTION,36593,0,110527
10167,JOURNALENCOUNTERSECTION,36608,0,110527
10168,JOURNALENCOUNTERSECTION,36653,0,110527
10169,JOURNALENCOUNTERSECTION,36654,0,110527
10170,JOURNALENCOUNTERSECTION,36739,0,110527
10171,JOURNALENCOUNTERSECTION,36740,0,110527
10172,JOURNALENCOUNTERSECTION,36741,0,110527
10173,JOURNALENCOUNTERSECTION,36801,0,110527
10174,JOURNALENCOUNTERSECTION,36868,0,110527
10175,JOURNALENCOUNTERSECTION,36878,0,110527
10176,JOURNALENCOUNTERSECTION,36879,0,110527
10177,JOURNALENCOUNTERSECTION,36880,0,110527
10178,JOURNALENCOUNTERSECTION,36881,0,110527
10179,JOURNALENCOUNTERSECTION,36883,0,110527
10180,JOURNALENCOUNTERSECTION,36884,0,110527
10181,JOURNALENCOUNTERSECTION,36885,0,110527
10182,JOURNALENCOUNTERSECTION,36886,0,110527
10183,JOURNALENCOUNTERSECTION,36887,0,110527
10184,JOURNALENCOUNTERSECTION,36889,0,110527
10185,JOURNALENCOUNTERSECTION,36890,0,110527
10186,JOURNALENCOUNTERSECTION,36891,0,110527
10187,JOURNALENCOUNTERSECTION,36892,0,110527
10188,JOURNALENCOUNTERSECTION,36893,0,110527
10189,JOURNALENCOUNTERSECTION,36894,0,110527
10190,JOURNALENCOUNTERSECTION,36895,0,110527
10191,JOURNALENCOUNTERSECTION,36896,0,110527
10192,JOURNALENCOUNTERSECTION,36910,0,110527
10193,JOURNALENCOUNTERSECTION,36911,0,110527
10194,JOURNALENCOUNTERSECTION,36912,0,110527
10195,JOURNALENCOUNTERSECTION,36919,0,110527
10196,JOURNALENCOUNTERSECTION,36920,0,110527
10197,JOURNALENCOUNTERSECTION,36921,0,110527
10198,JOURNALENCOUNTERSECTION,37007,0,110527
10199,JOURNALENCOUNTERSECTION,37008,0,110527
10200,JOURNALENCOUNTERSECTION,37009,0,110527
10201,JOURNALENCOUNTERSECTION,37010,0,110527
10202,JOURNALENCOUNTERSECTION,37011,0,110527
10203,JOURNALENCOUNTERSECTION,37012,0,110527
10204,JOURNALENCOUNTERSECTION,37013,0,110527
10205,JOURNALENCOUNTERSECTION,37014,0,110527
10206,JOURNALENCOUNTERSECTION,37015,0,110527
10207,JOURNALENCOUNTERSECTION,37016,0,110527
10208,JOURNALENCOUNTERSECTION,37017,0,110527
10209,JOURNALENCOUNTERSECTION,37018,0,110527
10210,JOURNALENCOUNTERSECTION,37019,0,110527
10211,JOURNALENCOUNTERSECTION,37020,0,110527
10212,JOURNALENCOUNTERSECTION,37021,0,110527
10213,JOURNALENCOUNTERSECTION,37022,0,110527
10214,JOURNALENCOUNTERSECTION,37023,0,110527
10215,JOURNALENCOUNTERSECTION,37024,0,110527
10216,JOURNALENCOUNTERSECTION,37025,0,110527
10217,JOURNALENCOUNTERSECTION,37026,0,110527
10218,JOURNALENCOUNTERSECTION,37027,0,110527
10219,JOURNALENCOUNTERSECTION,37031,0,110527
10220,JOURNALENCOUNTERSECTION,37033,0,110527
10221,JOURNALENCOUNTERSECTION,37034,0,110527
10222,JOURNALENCOUNTERSECTION,37039,0,110527
10223,JOURNALENCOUNTERSECTION,37040,0,110527
10224,JOURNALENCOUNTERSECTION,37041,0,110527
10225,JOURNALENCOUNTERSECTION,37042,0,110527
10226,JOURNALENCOUNTERSECTION,37043,0,110527
10227,JOURNALENCOUNTERSECTION,37044,0,110527
10228,JOURNALENCOUNTERSECTION,37060,0,110527
10229,JOURNALENCOUNTERSECTION,37061,0,110527
10230,JOURNALENCOUNTERSECTION,37062,0,110527
10231,JOURNALENCOUNTERSECTION,37063,0,110527
10232,JOURNALENCOUNTERSECTION,37064,0,110527
10233,JOURNALENCOUNTERSECTION,37065,0,110527
10234,JOURNALENCOUNTERSECTION,37066,0,110527
10235,JOURNALENCOUNTERSECTION,37067,0,110527
10236,JOURNALENCOUNTERSECTION,37068,0,110527
10237,JOURNALENCOUNTERSECTION,37069,0,110527
10238,JOURNALENCOUNTERSECTION,37070,0,110527
10239,JOURNALENCOUNTERSECTION,37146,0,110527
10240,JOURNALENCOUNTERSECTION,37147,0,110527
10241,JOURNALENCOUNTERSECTION,37175,0,110527
10242,JOURNALENCOUNTERSECTION,37176,0,110527
10243,JOURNALENCOUNTERSECTION,37177,0,110527
10244,JOURNALENCOUNTERSECTION,37178,0,110527
10245,JOURNALENCOUNTERSECTION,37206,0,110527
10246,JOURNALENCOUNTERSECTION,37207,0,110527
10247,JOURNALENCOUNTERSECTION,37208,0,110527
10248,JOURNALENCOUNTERSECTION,37216,0,110527
10249,JOURNALENCOUNTERSECTION,37217,0,110527
10250,JOURNALENCOUNTERSECTION,37223,0,110527
10251,JOURNALENCOUNTERSECTION,37224,0,110527
10252,JOURNALENCOUNTERSECTION,37225,0,110527
10253,JOURNALENCOUNTERSECTION,37226,0,110527
10254,JOURNALENCOUNTERSECTION,37249,0,110527
10255,JOURNALENCOUNTERSECTION,37250,0,110527
10256,JOURNALENCOUNTERSECTION,37251,0,110527
10257,JOURNALENCOUNTERSECTION,37252,0,110527
10258,JOURNALENCOUNTERSECTION,37253,0,110527
10259,JOURNALENCOUNTERSECTION,37254,0,110527
10260,JOURNALENCOUNTERSECTION,37255,0,110527
10261,JOURNALENCOUNTERSECTION,37256,0,110527
10262,JOURNALENCOUNTERSECTION,37257,0,110527
10263,JOURNALENCOUNTERSECTION,37258,0,110527
10264,JOURNALENCOUNTERSECTION,37259,0,110527
10265,JOURNALENCOUNTERSECTION,37260,0,110527
10266,JOURNALENCOUNTERSECTION,37261,0,110527
10267,JOURNALENCOUNTERSECTION,37262,0,110527
10268,JOURNALENCOUNTERSECTION,37263,0,110527
10269,JOURNALENCOUNTERSECTION,37264,0,110527
10270,JOURNALENCOUNTERSECTION,37267,0,110527
10271,JOURNALENCOUNTERSECTION,37268,0,110527
10272,JOURNALENCOUNTERSECTION,37269,0,110527
10273,JOURNALENCOUNTERSECTION,37270,0,110527
10274,JOURNALENCOUNTERSECTION,37283,0,110527
10275,JOURNALENCOUNTERSECTION,37284,0,110527
10276,JOURNALENCOUNTERSECTION,37285,0,110527
10277,JOURNALENCOUNTERSECTION,37286,0,110527
10278,SPELL,1313758,0,110527
10279,SPELL,1315342,0,110527
10280,SPELL,1315343,0,110527
10281,SPELLEFFECT,1340540,0,110527
10282,SPELLEFFECT,1347600,0,110527
10283,SPELLEFFECT,1347601,0,110527
10284,SPELLEFFECT,1347602,0,110527
10285,SPELLINTERRUPTS,248525,0,110527
10286,SPELLINTERRUPTS,248526,0,110527
10287,SPELLMISC,857325,0,110527
10288,SPELLMISC,861541,0,110527
10289,SPELLMISC,861542,0,110527
10290,SPELLXSPELLVISUAL,532112,0,110527
10291,AI_GROUPACTIONSET,1211255,0,110547
10292,AI_TRIGGERACTION,219190,0,110547
10293,CREATURE,265644,0,110547
10294,CREATURE,268121,0,110547
10295,CREATUREDIFFICULTY,345116,0,110547
10296,CREATUREDIFFICULTY,349156,0,110547
10297,CREATUREDIFFICULTY,351714,0,110547
10298,CREATUREDIFFICULTY,352222,0,110547
10299,CREATUREDIFFICULTY,356284,0,110547
10300,CREATUREDIFFICULTY,358201,0,110547
10301,CREATUREDIFFICULTY,358202,0,110547
10302,CREATUREDIFFICULTY,358203,0,110547
10303,CREATUREDIFFICULTY,358204,0,110547
10304,CREATUREDIFFICULTY,358205,0,110547
10305,CREATUREDIFFICULTY,358213,0,110547
10306,CREATUREDIFFICULTY,358214,0,110547
10307,CREATUREDIFFICULTY,358215,0,110547
10308,CREATUREDIFFICULTY,358216,0,110547
10309,CREATUREDIFFICULTY,358217,0,110547
10310,SPELL,1310763,0,110547
10311,SPELLEFFECT,1324891,0,110547
10312,SPELLEFFECT,1340576,0,110547
10313,SPELLEFFECT,1344853,0,110547
10314,SPELLEFFECT,1346808,0,110547
10315,SPELLEFFECT,1347377,0,110547
10316,SPELLEFFECT,1347378,0,110547
10317,SPELLEFFECT,1347689,0,110547
10318,SPELLMISC,858181,0,110547
10319,SPELLMISC,860120,0,110547
10320,SPELLVISUALKITMODELATTACH,637071,0,110547
10321,SPELLVISUALKITMODELATTACH,637072,0,110547
10322,SPELL,1306853,0,110590
10323,SPELLTARGETRESTRICTIONS,355788,0,110590
10324,SPELLMISC,834411,0,110591
10325,SPELL,1293983,0,110595
10326,SPELL,1293985,0,110595
10327,SPELL,1294197,0,110595
10328,AI_GROUPACTIONSET,1211405,0,110597
10329,AI_TRIGGERACTION,220482,0,110597
10330,AI_TRIGGERACTION,224757,0,110597
10331,AI_TRIGGERACTIONSET,77213,0,110597
10332,CREATUREDIFFICULTY,356424,0,110597
10333,CREATUREDIFFICULTY,356426,0,110597
10334,CREATURELABEL,92518,0,110597
10335,CREATURELABEL,92519,0,110597
10336,CREATURELABEL,92520,0,110597
10337,CREATURELABEL,92521,0,110597
10338,CREATURELABEL,93474,0,110597
10339,CREATURELABEL,94298,0,110597
10340,CREATURELABEL,94299,0,110597
10341,CREATURELABEL,94300,0,110597
10342,CREATURELABEL,94301,0,110597
10343,CREATURELABEL,94302,0,110597
10344,CREATURELABEL,94303,0,110597
10345,CREATURELABEL,94304,0,110597
10346,CREATURELABEL,94305,0,110597
10347,CREATURELABEL,94306,0,110597
10348,CREATURELABEL,94307,0,110597
10349,CREATURELABEL,94308,0,110597
10350,SPAWNEVENT,5348407,0,110597
10351,SPAWNEVENT,5348408,0,110597
10352,SPAWNEVENT,5348409,0,110597
10353,SPAWNGROUP,3342605,0,110597
10354,SPAWNLOC,5240368,0,110597
10355,SPAWNLOC,5240370,0,110597
10356,SPAWNLOC,5240371,0,110597
10357,SPAWNLOC,5240372,0,110597
10358,SPAWNLOC,5240373,0,110597
10359,SPAWNLOC,5240374,0,110597
10360,SPAWNLOC,5240375,0,110597
10361,SPAWNLOC,5240376,0,110597
10362,SPAWNLOC,5240377,0,110597
10363,SPAWNLOC,5240378,0,110597
10364,SPAWNLOC,5244777,0,110597
10365,SPAWNOBJECT,8287619,0,110597
10366,SPAWNSQUAD,5521420,0,110597
10367,SPELL,1315525,0,110597
10368,SPELLEFFECT,1341064,0,110597
10369,SPELLEFFECT,1347912,0,110597
10370,SPELLEFFECT,1347932,0,110597
10371,SPELLEFFECT,1347939,0,110597
10372,SPELLEFFECT,1347951,0,110597
10373,SPELLLABEL,211309,0,110597
10374,SPELLMISC,861725,0,110597
10375,SPELLSCRIPT,130332,0,110597
10376,SPELLSCRIPT,133710,0,110597
10377,SPELLSCRIPTPACKAGE,82521,0,110597
10378,SPELLSCRIPTTEXT,22517,0,110597
10379,SPELLSCRIPTTEXT,22518,0,110597
10380,SPELLSCRIPTTEXT,22811,0,110597
10381,SPELLSCRIPTTEXT,22814,0,110597
10382,SPELLSCRIPTTEXT,22826,0,110597
10383,SPELLSCRIPTTEXT,22908,0,110597
10384,SPELLSCRIPTTEXT,22930,0,110597
10385,SPELLSCRIPTTEXT,22969,0,110597
10386,SPELLSCRIPTTEXT,22977,0,110597
10387,SPELLSCRIPTTEXT,22984,0,110597
10388,SPELLSCRIPTTEXT,22987,0,110597
10389,SPELLSCRIPTTEXT,23327,0,110597
10390,SPELLSCRIPTTEXT,23850,0,110597
10391,SPELLSCRIPTTEXT,23916,0,110597
10392,SPELLSCRIPTTEXT,24051,0,110597
10393,SPELLSCRIPTTEXT,24195,0,110597
10394,SPELLSCRIPTTEXT,24285,0,110597
10395,SPELLSCRIPTTEXT,24309,0,110597
10396,SPELLSCRIPTTEXT,24328,0,110597
10397,SPELLSCRIPTTEXT,24345,0,110597
10398,SPELLSCRIPTTEXT,25143,0,110597
10399,SPELLSCRIPTTEXT,27212,0,110597
10400,SPELLSCRIPTTEXT,27638,0,110597
10401,SPELLSCRIPTTEXT,27746,0,110597
10402,SPELLSCRIPTTEXT,27807,0,110597
10403,SPELLSCRIPTTEXT,28465,0,110597
10404,SPELLSCRIPTTEXT,28466,0,110597
10405,SPELLSCRIPTTEXT,28624,0,110597
10406,SPELLSCRIPTTEXT,29080,0,110597
10407,SPELLSCRIPTTEXT,29334,0,110597
10408,SPELLSCRIPTTEXT,29335,0,110597
10409,SPELLSCRIPTTEXT,29532,0,110597
10410,SPELLSCRIPTTEXT,29548,0,110597
10411,SPELLSCRIPTTEXT,29549,0,110597
10412,SPELLSCRIPTTEXT,29624,0,110597
10413,SPELLSCRIPTTEXT,29740,0,110597
10414,SPELLSCRIPTTEXT,29771,0,110597
10415,STRINGID,119068,0,110597
10416,STRINGID,119071,0,110597
10417,SPAWNEVENT,5320741,0,110616
10418,SPAWNEVENT,5320742,0,110616
10419,SPAWNEVENT,5320755,0,110616
10420,SPAWNEVENT,5320756,0,110616
10421,SPAWNEVENT,5348429,0,110616
10422,SPAWNEVENT,5348430,0,110616
10423,SPAWNEVENT,5348431,0,110616
10424,SPAWNEVENT,5348432,0,110616
10425,SPAWNEVENT,5348433,0,110616
10426,SPAWNEVENT,5348434,0,110616
10427,SPAWNEVENT,5348435,0,110616
10428,SPAWNEVENT,5348436,0,110616
10429,SPAWNEVENT,5348437,0,110616
10430,SPAWNEVENT,5348438,0,110616
10431,SPAWNEVENT,5348439,0,110616
10432,SPAWNEVENT,5348440,0,110616
10433,SPAWNEVENT,5348441,0,110616
10434,SPAWNEVENT,5348442,0,110616
10435,SPAWNEVENT,5348443,0,110616
10436,SPAWNEVENT,5348444,0,110616
10437,SPAWNEVENT,5348445,0,110616
10438,SPAWNEVENT,5348446,0,110616
10439,SPAWNEVENT,5348447,0,110616
10440,SPAWNEVENT,5348448,0,110616
10441,SPAWNEVENT,5348449,0,110616
10442,SPAWNEVENT,5348450,0,110616
10443,SPAWNEVENT,5348451,0,110616
10444,SPAWNEVENT,5348452,0,110616
10445,SPAWNEVENT,5348453,0,110616
10446,SPAWNEVENT,5348454,0,110616
10447,SPAWNEVENT,5348455,0,110616
10448,SPAWNEVENT,5348456,0,110616
10449,SPAWNEVENT,5348457,0,110616
10450,SPAWNEVENT,5348458,0,110616
10451,SPAWNEVENT,5348459,0,110616
10452,SPAWNEVENT,5348460,0,110616
10453,SPAWNEVENT,5348461,0,110616
10454,SPAWNEVENT,5348462,0,110616
10455,SPAWNEVENT,5348463,0,110616
10456,SPAWNEVENT,5348464,0,110616
10457,SPAWNEVENT,5348465,0,110616
10458,SPAWNEVENT,5348466,0,110616
10459,SPAWNEVENT,5348467,0,110616
10460,SPAWNEVENT,5348468,0,110616
10461,SPAWNEVENT,5348469,0,110616
10462,SPAWNEVENT,5348470,0,110616
10463,SPAWNGROUP,3287460,0,110616
10464,SPAWNGROUP,3287467,0,110616
10465,SPAWNGROUP,3293287,0,110616
10466,SPAWNGROUP,3293288,0,110616
10467,SPAWNGROUP,3293289,0,110616
10468,SPAWNGROUP,3293290,0,110616
10469,SPAWNGROUP,3293291,0,110616
10470,SPAWNGROUP,3293292,0,110616
10471,SPAWNGROUP,3317799,0,110616
10472,SPAWNGROUP,3317806,0,110616
10473,SPAWNGROUP,3342622,0,110616
10474,SPAWNGROUP,3342623,0,110616
10475,SPAWNGROUP,3342624,0,110616
10476,SPAWNGROUP,3342625,0,110616
10477,SPAWNGROUP,3342626,0,110616
10478,SPAWNGROUP,3342627,0,110616
10479,SPAWNGROUP,3342628,0,110616
10480,SPAWNGROUP,3342629,0,110616
10481,SPAWNGROUP,3342630,0,110616
10482,SPAWNGROUP,3342631,0,110616
10483,SPAWNGROUP,3342632,0,110616
10484,SPAWNGROUP,3342633,0,110616
10485,SPAWNGROUP,3342634,0,110616
10486,SPAWNGROUP,3342635,0,110616
10487,SPAWNLOC,5216051,0,110616
10488,SPAWNLOC,5216058,0,110616
10489,SPAWNLOC,5244794,0,110616
10490,SPAWNLOC,5244795,0,110616
10491,SPAWNLOC,5244796,0,110616
10492,SPAWNLOC,5244797,0,110616
10493,SPAWNLOC,5244798,0,110616
10494,SPAWNLOC,5244799,0,110616
10495,SPAWNLOC,5244800,0,110616
10496,SPAWNLOC,5244801,0,110616
10497,SPAWNLOC,5244802,0,110616
10498,SPAWNLOC,5244803,0,110616
10499,SPAWNLOC,5244804,0,110616
10500,SPAWNLOC,5244805,0,110616
10501,SPAWNLOC,5244806,0,110616
10502,SPAWNLOC,5244807,0,110616
10503,SPAWNOBJECT,8253332,0,110616
10504,SPAWNOBJECT,8253339,0,110616
10505,SPAWNOBJECT,8287636,0,110616
10506,SPAWNOBJECT,8287637,0,110616
10507,SPAWNOBJECT,8287638,0,110616
10508,SPAWNOBJECT,8287639,0,110616
10509,SPAWNOBJECT,8287640,0,110616
10510,SPAWNOBJECT,8287641,0,110616
10511,SPAWNOBJECT,8287642,0,110616
10512,SPAWNOBJECT,8287643,0,110616
10513,SPAWNOBJECT,8287644,0,110616
10514,SPAWNOBJECT,8287645,0,110616
10515,SPAWNOBJECT,8287646,0,110616
10516,SPAWNOBJECT,8287647,0,110616
10517,SPAWNOBJECT,8287648,0,110616
10518,SPAWNOBJECT,8287649,0,110616
10519,SPAWNSQUAD,5493530,0,110616
10520,SPAWNSQUAD,5493537,0,110616
10521,SPAWNSQUAD,5521437,0,110616
10522,SPAWNSQUAD,5521438,0,110616
10523,SPAWNSQUAD,5521439,0,110616
10524,SPAWNSQUAD,5521440,0,110616
10525,SPAWNSQUAD,5521441,0,110616
10526,SPAWNSQUAD,5521442,0,110616
10527,SPAWNSQUAD,5521443,0,110616
10528,SPAWNSQUAD,5521444,0,110616
10529,SPAWNSQUAD,5521445,0,110616
10530,SPAWNSQUAD,5521446,0,110616
10531,SPAWNSQUAD,5521447,0,110616
10532,SPAWNSQUAD,5521448,0,110616
10533,SPAWNSQUAD,5521449,0,110616
10534,SPAWNSQUAD,5521450,0,110616
10535,SPELL,1315541,0,110616
10536,SPELL,1315542,0,110616
10537,SPELL,1315543,0,110616
10538,SPELL,1315544,0,110616
10539,SPELL,1315545,0,110616
10540,SPELL,1315546,0,110616
10541,SPELL,1315547,0,110616
10542,SPELL,1315548,0,110616
10543,SPELL,1315549,0,110616
10544,SPELLEFFECT,1347953,0,110616
10545,SPELLEFFECT,1347954,0,110616
10546,SPELLEFFECT,1347955,0,110616
10547,SPELLEFFECT,1347956,0,110616
10548,SPELLEFFECT,1347957,0,110616
10549,SPELLEFFECT,1347958,0,110616
10550,SPELLEFFECT,1347959,0,110616
10551,SPELLEFFECT,1347960,0,110616
10552,SPELLEFFECT,1347961,0,110616
10553,SPELLINTERRUPTS,248573,0,110616
10554,SPELLMISC,852454,0,110616
10555,SPELLMISC,861738,0,110616
10556,SPELLMISC,861739,0,110616
10557,SPELLMISC,861740,0,110616
10558,SPELLMISC,861741,0,110616
10559,SPELLMISC,861742,0,110616
10560,SPELLMISC,861743,0,110616
10561,SPELLMISC,861744,0,110616
10562,SPELLMISC,861745,0,110616
10563,SPELLMISC,861746,0,110616
10564,SPELLSCRIPT,126716,0,110616
10565,SPELLSCRIPT,129353,0,110616
10566,SPELLSCRIPT,133716,0,110616
10567,SPELLSCRIPTPACKAGE,82522,0,110616
10568,SPELLSCRIPTTEXT,29772,0,110616
10569,SPELLSCRIPTTEXT,29773,0,110616
10570,SPELLTARGETRESTRICTIONS,355795,0,110616
10571,SPELLXSPELLVISUAL,532206,0,110616
10572,STRINGID,119072,0,110616
10573,STRINGID,119073,0,110616
10574,STRINGID,119074,0,110616
10575,STRINGID,119075,0,110616
10576,STRINGID,119076,0,110616
10577,STRINGID,119077,0,110616
10578,STRINGID,119078,0,110616
10579,STRINGID,119079,0,110616
10580,STRINGID,119080,0,110616
10581,SPELLVISUALMISSILE,29223,0,110633
10582,BEAMEFFECT,9582,0,110393
10583,BEAMEFFECT,9617,0,110393
10584,BEAMEFFECT,9657,0,110393
10585,SPELLVISUAL,189298,0,110393
10586,SPELLVISUAL,189460,0,110393
10587,SPELLVISUAL,190884,0,110393
10588,SPELLVISUALEVENT,562374,0,110393
10589,SPELLVISUALEVENT,562677,0,110393
10590,SPELLVISUALEVENT,562678,0,110393
10591,SPELLVISUALEVENT,562679,0,110393
10592,SPELLVISUALEVENT,562680,0,110393
10593,SPELLVISUALEVENT,562681,0,110393
10594,SPELLVISUALEVENT,562682,0,110393
10595,SPELLVISUALKIT,279219,0,110393
10596,SPELLVISUALKITEFFECT,782956,0,110393
10597,SPELLVISUALKITEFFECT,785824,0,110393
10598,SPELLVISUALKITEFFECT,790119,0,110393
10599,SPELLXSPELLVISUAL,529714,0,110393
10600,SPELLXSPELLVISUAL,529946,0,110393
10601,SPELLXSPELLVISUAL,532240,0,110393
10602,CREATUREDIFFICULTY,351618,0,110396
10603,CREATUREDIFFICULTY,358320,0,110396
10604,CREATUREDIFFICULTY,358321,0,110396
10605,CREATUREDIFFICULTY,358322,0,110396
10606,CREATUREDIFFICULTY,358323,0,110396
10607,CREATURELABEL,94341,0,110396
10608,CREATURELABEL,94342,0,110396
10609,CREATURELABEL,94343,0,110396
10610,CREATURELABEL,94344,0,110396
10611,SPELLEFFECT,1347401,0,110396
10612,SPELLMISC,847145,0,110396
10613,SPELLSCRIPT,129194,0,110396
10614,SPELLEFFECT,1323041,0,110509
10615,SPELLMISC,844660,0,110509
10616,SPELLMISC,846347,0,110509
10617,SPELLVISUALKITMODELATTACH,614494,0,110509
10618,LIQUIDTYPE,1293,0,110647
10619,LIQUIDTYPE,1294,0,110647
10620,SPELL,1315732,0,110647
10621,SPELLAURARESTRICTIONS,25014,0,110647
10622,SPELLEFFECT,1348175,0,110647
10623,SPELLINTERRUPTS,248611,0,110647
10624,SPELLLABEL,211332,0,110647
10625,SPELLMISC,844691,0,110647
10626,SPELLMISC,844696,0,110647
10627,SPELLMISC,844697,0,110647
10628,SPELLMISC,861919,0,110647
10629,CREATUREDIFFICULTY,352852,0,110648
10630,CREATUREDIFFICULTY,356954,0,110648
10631,CREATUREDIFFICULTY,356955,0,110648
10632,CREATUREDIFFICULTY,356956,0,110648
10633,CREATUREDIFFICULTY,356957,0,110648
10634,QUESTV2,95268,0,110690
10635,UIWIDGET,7649,0,110690
10636,UIWIDGET,7840,0,110690
10637,UIWIDGET,7843,0,110690
10638,UIWIDGET,8152,0,110690
10639,WORLDSTATEEXPRESSION,50493,0,110690
10640,EXTERIORCOMPONENT,7258,0,110478
10641,EXTERIORCOMPONENT,7259,0,110478
10642,EXTERIORCOMPONENTEXITPOINT,648,0,110478
10643,EXTERIORCOMPONENTEXITPOINT,649,0,110478
10644,FILEDATA,7864253,0,110478
10645,FILEDATA,7864255,0,110478
10646,FILEDATA,7864256,0,110478
10647,FILEDATA,7864257,0,110478
10648,FILEDATA,7864258,0,110478
10649,FILEDATA,7864259,0,110478
10650,FILEDATA,7864264,0,110478
10651,FILEDATA,7864265,0,110478
10652,FILEDATA,7864266,0,110478
10653,FILEDATA,7864267,0,110478
10654,FILEDATA,7864275,0,110478
10655,FILEDATA,7864302,0,110478
10656,FILEDATA,7864303,0,110478
10657,FILEDATA,7864304,0,110478
10658,FILEDATA,7864305,0,110478
10659,FILEDATA,7864312,0,110478
10660,FILEDATA,7864314,0,110478
10661,FILEDATA,7864315,0,110478
10662,FILEDATA,7864316,0,110478
10663,FILEDATA,7864317,0,110478
10664,FILEDATA,7864324,0,110478
10665,FILEDATA,7864325,0,110478
10666,FILEDATA,7864345,0,110478
10667,FILEDATA,7864347,0,110478
10668,FILEDATA,7864349,0,110478
10669,FILEDATA,7864380,0,110478
10670,FILEDATA,7864381,0,110478
10671,FILEDATA,7864382,0,110478
10672,FILEDATA,7864383,0,110478
10673,FILEDATA,7864390,0,110478
10674,FILEDATA,7864391,0,110478
10675,FILEDATA,7864416,0,110478
10676,FILEDATA,7864444,0,110478
10677,FILEDATA,7864445,0,110478
10678,FILEDATA,7864446,0,110478
10679,FILEDATA,7864447,0,110478
10680,FILEDATA,7864448,0,110478
10681,FILEDATA,7864449,0,110478
10682,FILEDATA,7864450,0,110478
10683,FILEDATA,7864451,0,110478
10684,FILEDATA,7864464,0,110478
10685,FILEDATA,7864475,0,110478
10686,FILEDATA,7864476,0,110478
10687,FILEDATA,7864484,0,110478
10688,FILEDATA,7865292,0,110478
10689,FILEDATA,8015390,0,110478
10690,FILEDATA,8018234,0,110478
10691,FILEDATA,8018240,0,110478
10692,FILEDATA,8018828,0,110478
10693,FILEDATA,8018830,0,110478
10694,GAMEOBJECTDISPLAYINFO,129445,0,110478
10695,GAMEOBJECTDISPLAYINFO,129446,0,110478
10696,MODELFILEDATA,145812,0,110478
10697,MODELFILEDATA,145813,0,110478
10698,TEXTUREFILEDATA,2054120,0,110478
10699,TEXTUREFILEDATA,2054121,0,110478
10700,TEXTUREFILEDATA,2054122,0,110478
10701,TEXTUREFILEDATA,2054123,0,110478
10702,TEXTUREFILEDATA,2054124,0,110478
10703,TEXTUREFILEDATA,2054125,0,110478
10704,TEXTUREFILEDATA,2054151,0,110478
10705,TEXTUREFILEDATA,2054152,0,110478
10706,TEXTUREFILEDATA,2054153,0,110478
10707,TEXTUREFILEDATA,2054154,0,110478
10708,TEXTUREFILEDATA,2054155,0,110478
10709,TEXTUREFILEDATA,2054156,0,110478
10710,TEXTUREFILEDATA,2054166,0,110478
10711,TEXTUREFILEDATA,2054167,0,110478
10712,TEXTUREFILEDATA,2054168,0,110478
10713,TEXTUREFILEDATA,2054169,0,110478
10714,TEXTUREFILEDATA,2054170,0,110478
10715,TEXTUREFILEDATA,2054171,0,110478
10716,TEXTUREFILEDATA,2054178,0,110478
10717,TEXTUREFILEDATA,2054179,0,110478
10718,TEXTUREFILEDATA,2054180,0,110478
10719,TEXTUREFILEDATA,2054181,0,110478
10720,TEXTUREFILEDATA,2054182,0,110478
10721,TEXTUREFILEDATA,2054183,0,110478
10722,WMO,20934,0,110478
10723,WMO,20935,0,110478
10724,WMO,20936,0,110478
10725,WMO,20937,0,110478
10726,WMO,20938,0,110478
10727,WMO,20939,0,110478
10728,WMOGROUP,83491,0,110478
10729,WMOGROUP,83492,0,110478
10730,WMOGROUP,83493,0,110478
10731,WMOGROUP,83494,0,110478
10732,WMOGROUP,83495,0,110478
10733,WMOGROUP,83496,0,110478
10734,DBDATA_M2CAMERA,55133,0,110675
10735,DBDATA_M2CAMERA,55134,0,110675
10736,DBDATA_M2MULTIPASS,1446151,0,110675
10737,FILEDATA,8282764,0,110675
10738,FILEDATA,8284165,0,110675
10739,FILEDATA,8284168,0,110675
10740,FILEDATA,8284169,0,110675
10741,FILEDATA,8284170,0,110675
10742,FILEDATA,8284171,0,110675
10743,FILEDATA,8284172,0,110675
10744,FILEDATA,8284173,0,110675
10745,FILEDATA,8284174,0,110675
10746,FILEDATA,8284175,0,110675
10747,FILEDATA,8284176,0,110675
10748,FILEDATA,8284177,0,110675
10749,FILEDATA,8284178,0,110675
10750,FILEDATA,8284179,0,110675
10751,MODELFILEDATA,148505,0,110675
10752,TEXTUREFILEDATA,2088423,0,110675
10753,TEXTUREFILEDATA,2088424,0,110675
10754,TEXTUREFILEDATA,2088425,0,110675
10755,CATALOGSHOPGAMETITLEINFO,23,0,110500
10756,DBDATA_M2CAMERA,51303,0,110671
10757,DBDATA_M2CAMERA,52530,0,110671
10758,DBDATA_M2CAMERA,52592,0,110671
10759,FILEDATA,4996289,0,110671
10760,FILEDATA,6163853,0,110671
10761,FILEDATA,6163854,0,110671
10762,FILEDATA,6164828,0,110671
10763,FILEDATA,6164829,0,110671
10764,FILEDATA,6175508,0,110671
10765,FILEDATA,6175509,0,110671
10766,FILEDATA,6195752,0,110671
10767,FILEDATA,6209346,0,110671
10768,FILEDATA,6209347,0,110671
10769,FILEDATA,6209348,0,110671
10770,FILEDATA,6209349,0,110671
10771,FILEDATA,6213445,0,110671
10772,FILEDATA,6253978,0,110671
10773,FILEDATA,6654736,0,110671
10774,FILEDATA,6661663,0,110671
10775,FILEDATA,6661694,0,110671
10776,FILEDATA,6661695,0,110671
10777,FILEDATA,6661699,0,110671
10778,FILEDATA,6786831,0,110671
10779,FILEDATA,6860323,0,110671
10780,FILEDATA,6870560,0,110671
10781,FILEDATA,6904679,0,110671
10782,FILEDATA,6904680,0,110671
10783,FILEDATA,6904682,0,110671
10784,FILEDATA,6904684,0,110671
10785,FILEDATA,6913994,0,110671
10786,FILEDATA,6913995,0,110671
10787,FILEDATA,6913996,0,110671
10788,FILEDATA,6914028,0,110671
10789,FILEDATA,6914030,0,110671
10790,FILEDATA,7193999,0,110671
10791,FILEDATA,7194000,0,110671
10792,FILEDATA,7194001,0,110671
10793,FILEDATA,7194002,0,110671
10794,FILEDATA,7214677,0,110671
10795,FILEDATA,7345549,0,110671
10796,FILEDATA,7357587,0,110671
10797,FILEDATA,7416529,0,110671
10798,FILEDATA,7416530,0,110671
10799,FILEDATA,7416531,0,110671
10800,FILEDATA,7416532,0,110671
10801,FILEDATA,7416565,0,110671
10802,FILEDATA,7416566,0,110671
10803,FILEDATA,7416567,0,110671
10804,FILEDATA,7416568,0,110671
10805,FILEDATA,7417197,0,110671
10806,FILEDATA,7417198,0,110671
10807,FILEDATA,7417199,0,110671
10808,FILEDATA,7417200,0,110671
10809,FILEDATA,7424023,0,110671
10810,FILEDATA,7424024,0,110671
10811,FILEDATA,7424025,0,110671
10812,FILEDATA,7424026,0,110671
10813,FILEDATA,7424027,0,110671
10814,FILEDATA,7424028,0,110671
10815,FILEDATA,7424029,0,110671
10816,FILEDATA,7424030,0,110671
10817,FILEDATA,7425515,0,110671
10818,FILEDATA,7425516,0,110671
10819,FILEDATA,7425517,0,110671
10820,FILEDATA,7425518,0,110671
10821,FILEDATA,7583062,0,110671
10822,FILEDATA,7583063,0,110671
10823,FILEDATA,7845201,0,110671
10824,FILEDATA,7845203,0,110671
10825,FILEDATA,7845204,0,110671
10826,FILEDATA,7845206,0,110671
10827,FILEDATA,7845209,0,110671
10828,FILEDATA,7845212,0,110671
10829,FILEDATA,7845215,0,110671
10830,FILEDATA,7852014,0,110671
10831,FILEDATA,7852019,0,110671
10832,FILEDATA,7948835,0,110671
10833,FILEDATA,7948838,0,110671
10834,FILEDATA,7948841,0,110671
10835,FILEDATA,7949480,0,110671
10836,FILEDATA,7967693,0,110671
10837,FILEDATA,7967698,0,110671
10838,FILEDATA,7967701,0,110671
10839,FILEDATA,7967702,0,110671
10840,FILEDATA,7976271,0,110671
10841,FILEDATA,8035585,0,110671
10842,FILEDATA,8035586,0,110671
10843,FILEDATA,8105863,0,110671
10844,FILEDATA,8105867,0,110671
10845,FILEDATA,8105869,0,110671
10846,FILEDATA,8106816,0,110671
10847,FILEDATA,8106818,0,110671
10848,FILEDATA,8106819,0,110671
10849,FILEDATA,8106820,0,110671
10850,FILEDATA,8106829,0,110671
10851,FILEDATA,8117396,0,110671
10852,FILEDATA,8117400,0,110671
10853,FILEDATA,8117468,0,110671
10854,FILEDATA,8117478,0,110671
10855,FILEDATA,8117479,0,110671
10856,FILEDATA,8117495,0,110671
10857,FILEDATA,8121386,0,110671
10858,FILEDATA,8121389,0,110671
10859,FILEDATA,8121391,0,110671
10860,FILEDATA,8186768,0,110671
10861,GAMEOBJECTDISPLAYINFO,125478,0,110671
10862,GAMEOBJECTDISPLAYINFO,126379,0,110671
10863,GAMEOBJECTDISPLAYINFO,126380,0,110671
10864,GAMEOBJECTDISPLAYINFO,126381,0,110671
10865,GAMEOBJECTDISPLAYINFO,126393,0,110671
10866,GAMEOBJECTDISPLAYINFO,128477,0,110671
10867,MODELFILEDATA,143964,0,110671
10868,MODELFILEDATA,143965,0,110671
10869,MODELFILEDATA,144007,0,110671
10870,MODELFILEDATA,144008,0,110671
10871,MODELFILEDATA,145177,0,110671
10872,MODELFILEDATA,145178,0,110671
10873,MODELFILEDATA,145179,0,110671
10874,MODELFILEDATA,145198,0,110671
10875,MODELFILEDATA,145571,0,110671
10876,MODELFILEDATA,147646,0,110671
10877,TEXTUREFILEDATA,1980552,0,110671
10878,TEXTUREFILEDATA,1980553,0,110671
10879,TEXTUREFILEDATA,1980570,0,110671
10880,TEXTUREFILEDATA,1980571,0,110671
10881,TEXTUREFILEDATA,1980886,0,110671
10882,TEXTUREFILEDATA,1980887,0,110671
10883,TEXTUREFILEDATA,1982361,0,110671
10884,TEXTUREFILEDATA,1982362,0,110671
10885,TEXTUREFILEDATA,1982363,0,110671
10886,TEXTUREFILEDATA,1982364,0,110671
10887,TEXTUREFILEDATA,1982991,0,110671
10888,TEXTUREFILEDATA,1982992,0,110671
10889,TEXTUREFILEDATA,1983107,0,110671
10890,TEXTUREFILEDATA,1983108,0,110671
10891,TEXTUREFILEDATA,2064949,0,110671
10892,TEXTUREFILEDATA,2064950,0,110671
10893,TEXTUREFILEDATA,2070285,0,110671
10894,TEXTUREFILEDATA,2070286,0,110671
10895,TEXTUREFILEDATA,2070353,0,110671
10896,TEXTUREFILEDATA,2070354,0,110671
10897,TEXTUREFILEDATA,2070693,0,110671
10898,TEXTUREFILEDATA,2070694,0,110671
10899,TEXTUREFILEDATA,2071074,0,110671
10900,TEXTUREFILEDATA,2071075,0,110671
10901,TEXTUREFILEDATA,2071076,0,110671
10902,TEXTUREFILEDATA,2071089,0,110671
10903,TEXTUREFILEDATA,2071090,0,110671
10904,FILEDATA,5275145,0,110672
10905,FILEDATA,7669339,0,110672
10906,FILEDATA,8173797,0,110672
10907,FILEDATA,8174447,0,110672
10908,FILEDATA,8174450,0,110672
10909,FILEDATA,8174453,0,110672
10910,FILEDATA,8174549,0,110672
10911,MODELFILEDATA,147486,0,110672
10912,AI_GROUPACTIONSET,1210834,0,110183
10913,AI_GROUPACTIONSET,1210927,0,110183
10914,AI_TRIGGERACTION,217732,0,110183
10915,AI_TRIGGERACTION,222105,0,110183
10916,CREATUREDIFFICULTY,343681,0,110183
10917,CREATUREDIFFICULTY,356332,0,110183
10918,EDGEGLOWEFFECT,8536,0,110183
10919,EDGEGLOWEFFECT,8538,0,110183
10920,GRADIENTEFFECT,1752,0,110183
10921,JOURNALENCOUNTERSECTION,35062,0,110183
10922,JOURNALENCOUNTERSECTION,35063,0,110183
10923,JOURNALENCOUNTERSECTION,35403,0,110183
10924,JOURNALENCOUNTERSECTION,35533,0,110183
10925,JOURNALENCOUNTERSECTION,35534,0,110183
10926,JOURNALENCOUNTERSECTION,35568,0,110183
10927,JOURNALENCOUNTERSECTION,35572,0,110183
10928,JOURNALENCOUNTERSECTION,35573,0,110183
10929,JOURNALENCOUNTERSECTION,35574,0,110183
10930,JOURNALENCOUNTERSECTION,35577,0,110183
10931,JOURNALENCOUNTERSECTION,35578,0,110183
10932,JOURNALENCOUNTERSECTION,35579,0,110183
10933,JOURNALENCOUNTERSECTION,35582,0,110183
10934,JOURNALENCOUNTERSECTION,35583,0,110183
10935,JOURNALENCOUNTERSECTION,35613,0,110183
10936,JOURNALENCOUNTERSECTION,35614,0,110183
10937,JOURNALENCOUNTERSECTION,35615,0,110183
10938,JOURNALENCOUNTERSECTION,36109,0,110183
10939,JOURNALENCOUNTERSECTION,36110,0,110183
10940,JOURNALENCOUNTERSECTION,36111,0,110183
10941,JOURNALENCOUNTERSECTION,36112,0,110183
10942,JOURNALENCOUNTERSECTION,36114,0,110183
10943,JOURNALENCOUNTERSECTION,36115,0,110183
10944,JOURNALENCOUNTERSECTION,36116,0,110183
10945,JOURNALENCOUNTERSECTION,36141,0,110183
10946,JOURNALENCOUNTERSECTION,36142,0,110183
10947,JOURNALENCOUNTERSECTION,36143,0,110183
10948,JOURNALENCOUNTERSECTION,36148,0,110183
10949,JOURNALENCOUNTERSECTION,36149,0,110183
10950,JOURNALENCOUNTERSECTION,36152,0,110183
10951,JOURNALENCOUNTERSECTION,36179,0,110183
10952,JOURNALENCOUNTERSECTION,36180,0,110183
10953,JOURNALENCOUNTERSECTION,36181,0,110183
10954,JOURNALENCOUNTERSECTION,36279,0,110183
10955,JOURNALENCOUNTERSECTION,36280,0,110183
10956,JOURNALENCOUNTERSECTION,36317,0,110183
10957,JOURNALENCOUNTERSECTION,36318,0,110183
10958,JOURNALENCOUNTERSECTION,36319,0,110183
10959,JOURNALENCOUNTERSECTION,36617,0,110183
10960,JOURNALENCOUNTERSECTION,36618,0,110183
10961,JOURNALENCOUNTERSECTION,36619,0,110183
10962,JOURNALENCOUNTERSECTION,36620,0,110183
10963,JOURNALENCOUNTERSECTION,36621,0,110183
10964,JOURNALENCOUNTERSECTION,36622,0,110183
10965,JOURNALENCOUNTERSECTION,36623,0,110183
10966,JOURNALENCOUNTERSECTION,36624,0,110183
10967,JOURNALENCOUNTERSECTION,36658,0,110183
10968,JOURNALENCOUNTERSECTION,36659,0,110183
10969,JOURNALENCOUNTERSECTION,36660,0,110183
10970,JOURNALENCOUNTERSECTION,36661,0,110183
10971,JOURNALENCOUNTERSECTION,36662,0,110183
10972,JOURNALENCOUNTERSECTION,36663,0,110183
10973,JOURNALENCOUNTERSECTION,36712,0,110183
10974,JOURNALENCOUNTERSECTION,36713,0,110183
10975,JOURNALENCOUNTERSECTION,36715,0,110183
10976,JOURNALENCOUNTERSECTION,36719,0,110183
10977,JOURNALENCOUNTERSECTION,36720,0,110183
10978,JOURNALENCOUNTERSECTION,36721,0,110183
10979,JOURNALENCOUNTERSECTION,36723,0,110183
10980,JOURNALENCOUNTERSECTION,36724,0,110183
10981,JOURNALENCOUNTERSECTION,36725,0,110183
10982,JOURNALENCOUNTERSECTION,36768,0,110183
10983,JOURNALENCOUNTERSECTION,36833,0,110183
10984,JOURNALENCOUNTERSECTION,36834,0,110183
10985,JOURNALENCOUNTERSECTION,36837,0,110183
10986,JOURNALENCOUNTERSECTION,36853,0,110183
10987,JOURNALENCOUNTERSECTION,36854,0,110183
10988,JOURNALENCOUNTERSECTION,36862,0,110183
10989,JOURNALENCOUNTERSECTION,36863,0,110183
10990,JOURNALENCOUNTERSECTION,36864,0,110183
10991,JOURNALENCOUNTERSECTION,36865,0,110183
10992,JOURNALENCOUNTERSECTION,36866,0,110183
10993,JOURNALENCOUNTERSECTION,36867,0,110183
10994,JOURNALENCOUNTERSECTION,36929,0,110183
10995,JOURNALENCOUNTERSECTION,36931,0,110183
10996,JOURNALENCOUNTERSECTION,36932,0,110183
10997,JOURNALENCOUNTERSECTION,36933,0,110183
10998,JOURNALENCOUNTERSECTION,36951,0,110183
10999,JOURNALENCOUNTERSECTION,36952,0,110183
11000,JOURNALENCOUNTERSECTION,36953,0,110183
11001,JOURNALENCOUNTERSECTION,36954,0,110183
11002,JOURNALENCOUNTERSECTION,36955,0,110183
11003,JOURNALENCOUNTERSECTION,36956,0,110183
11004,JOURNALENCOUNTERSECTION,36964,0,110183
11005,JOURNALENCOUNTERSECTION,36965,0,110183
11006,JOURNALENCOUNTERSECTION,36966,0,110183
11007,JOURNALENCOUNTERSECTION,36967,0,110183
11008,JOURNALENCOUNTERSECTION,36968,0,110183
11009,JOURNALENCOUNTERSECTION,36975,0,110183
11010,JOURNALENCOUNTERSECTION,36976,0,110183
11011,JOURNALENCOUNTERSECTION,36978,0,110183
11012,JOURNALENCOUNTERSECTION,36979,0,110183
11013,JOURNALENCOUNTERSECTION,36981,0,110183
11014,JOURNALENCOUNTERSECTION,37054,0,110183
11015,JOURNALENCOUNTERSECTION,37055,0,110183
11016,JOURNALENCOUNTERSECTION,37056,0,110183
11017,JOURNALENCOUNTERSECTION,37057,0,110183
11018,JOURNALENCOUNTERSECTION,37058,0,110183
11019,JOURNALENCOUNTERSECTION,37079,0,110183
11020,JOURNALENCOUNTERSECTION,37081,0,110183
11021,JOURNALENCOUNTERSECTION,37082,0,110183
11022,JOURNALENCOUNTERSECTION,37083,0,110183
11023,JOURNALENCOUNTERSECTION,37084,0,110183
11024,JOURNALENCOUNTERSECTION,37085,0,110183
11025,JOURNALENCOUNTERSECTION,37086,0,110183
11026,JOURNALENCOUNTERSECTION,37087,0,110183
11027,JOURNALENCOUNTERSECTION,37088,0,110183
11028,JOURNALENCOUNTERSECTION,37089,0,110183
11029,JOURNALENCOUNTERSECTION,37090,0,110183
11030,JOURNALENCOUNTERSECTION,37091,0,110183
11031,JOURNALENCOUNTERSECTION,37184,0,110183
11032,JOURNALENCOUNTERSECTION,37185,0,110183
11033,JOURNALENCOUNTERSECTION,37191,0,110183
11034,JOURNALENCOUNTERSECTION,37192,0,110183
11035,JOURNALENCOUNTERSECTION,37280,0,110183
11036,JOURNALENCOUNTERSECTION,37281,0,110183
11037,JOURNALENCOUNTERSECTION,37282,0,110183
11038,SPELL,1315157,0,110183
11039,SPELL,1315202,0,110183
11040,SPELL,1315205,0,110183
11041,SPELLEFFECT,1303202,0,110183
11042,SPELLEFFECT,1304096,0,110183
11043,SPELLEFFECT,1322595,0,110183
11044,SPELLEFFECT,1344416,0,110183
11045,SPELLEFFECT,1346517,0,110183
11046,SPELLEFFECT,1346518,0,110183
11047,SPELLEFFECT,1346742,0,110183
11048,SPELLEFFECT,1346743,0,110183
11049,SPELLEFFECT,1347260,0,110183
11050,SPELLEFFECT,1347332,0,110183
11051,SPELLEFFECT,1347345,0,110183
11052,SPELLEFFECT,1347346,0,110183
11053,SPELLEFFECT,1347359,0,110183
11054,SPELLINTERRUPTS,248477,0,110183
11055,SPELLLABEL,211158,0,110183
11056,SPELLLABEL,211159,0,110183
11057,SPELLMISC,834094,0,110183
11058,SPELLMISC,854324,0,110183
11059,SPELLMISC,855033,0,110183
11060,SPELLMISC,857405,0,110183
11061,SPELLMISC,857406,0,110183
11062,SPELLMISC,861079,0,110183
11063,SPELLMISC,861373,0,110183
11064,SPELLMISC,861406,0,110183
11065,SPELLMISC,861409,0,110183
11066,SPELLSCRIPT,124923,0,110183
11067,SPELLSCRIPT,125184,0,110183
11068,SPELLSCRIPT,125913,0,110183
11069,SPELLSCRIPT,133635,0,110183
11070,SPELLSCRIPTPACKAGE,82472,0,110183
11071,SPELLSCRIPTPACKAGE,82473,0,110183
11072,SPELLSCRIPTTEXT,28410,0,110183
11073,SPELLSCRIPTTEXT,28411,0,110183
11074,SPELLSCRIPTTEXT,28412,0,110183
11075,SPELLSCRIPTTEXT,28980,0,110183
11076,SPELLSCRIPTTEXT,28981,0,110183
11077,SPELLSCRIPTTEXT,29014,0,110183
11078,SPELLSCRIPTTEXT,29025,0,110183
11079,SPELLSCRIPTTEXT,29367,0,110183
11080,SPELLSCRIPTTEXT,29411,0,110183
11081,SPELLSCRIPTTEXT,29437,0,110183
11082,SPELLSCRIPTTEXT,29438,0,110183
11083,SPELLSCRIPTTEXT,29525,0,110183
11084,SPELLSCRIPTTEXT,29526,0,110183
11085,SPELLSCRIPTTEXT,29531,0,110183
11086,SPELLSCRIPTTEXT,29538,0,110183
11087,SPELLSCRIPTTEXT,29539,0,110183
11088,SPELLSCRIPTTEXT,29540,0,110183
11089,SPELLSCRIPTTEXT,29609,0,110183
11090,SPELLSCRIPTTEXT,29610,0,110183
11091,SPELLSCRIPTTEXT,29653,0,110183
11092,SPELLSCRIPTTEXT,29670,0,110183
11093,SPELLSCRIPTTEXT,29694,0,110183
11094,SPELLSCRIPTTEXT,29748,0,110183
11095,SPELLTARGETFILTERRULE,8278,0,110183
11096,SPELLTARGETFILTERRULE,8279,0,110183
11097,SPELLTARGETFILTERRULE,8280,0,110183
11098,SPELLTARGETFILTERRULE,8612,0,110183
11099,SPELLTARGETFILTERRULE,8613,0,110183
11100,SPELLTARGETFILTERRULE,8614,0,110183
11101,SPELLTARGETFILTERRULE,8691,0,110183
11102,SPELLTARGETRESTRICTIONS,353011,0,110183
11103,SPELLVISUAL,190731,0,110183
11104,SPELLVISUALEVENT,562363,0,110183
11105,SPELLVISUALEVENT,562366,0,110183
11106,SPELLVISUALKIT,279211,0,110183
11107,SPELLVISUALKIT,279214,0,110183
11108,SPELLVISUALKITEFFECT,789276,0,110183
11109,SPELLVISUALKITEFFECT,790087,0,110183
11110,SPELLVISUALKITEFFECT,790092,0,110183
11111,SPELLVISUALKITEFFECT,790093,0,110183
11112,SPELLVISUALKITEFFECT,790094,0,110183
11113,SPELLVISUALKITEFFECT,790095,0,110183
11114,SPELLVISUALKITEFFECT,790096,0,110183
11115,SPELLVISUALKITMODELATTACH,632675,0,110183
11116,SPELLVISUALKITMODELATTACH,634435,0,110183
11117,SPELLVISUALKITMODELATTACH,635261,0,110183
11118,SPELLVISUALKITMODELATTACH,638065,0,110183
11119,SPELLVISUALKITMODELATTACH,638487,0,110183
11120,SPELLVISUALKITMODELATTACH,638488,0,110183
11121,SPELLVISUALKITMODELATTACH,638489,0,110183
11122,SPELLXSPELLVISUAL,532049,0,110183
11123,UNITCONDITION,9918,0,110183
11124,AI_TRIGGERACTION,223840,0,110484
11125,ENCOUNTEREVENT,803,0,110484
11126,SPELLSCRIPT,132335,0,110484
11127,SPELLSCRIPT,133670,0,110484
11128,SPELLSCRIPTPACKAGE,79683,0,110484
11129,SPELLSCRIPTTEXT,28410,0,110484
11130,SPELLSCRIPTTEXT,28411,0,110484
11131,SPELLSCRIPTTEXT,28412,0,110484
11132,SPELLSCRIPTTEXT,29014,0,110484
11133,SPELLSCRIPTTEXT,29025,0,110484
11134,SPELLSCRIPTTEXT,29367,0,110484
11135,SPELLSCRIPTTEXT,29411,0,110484
11136,SPELLSCRIPTTEXT,29437,0,110484
11137,SPELLSCRIPTTEXT,29438,0,110484
11138,SPELLSCRIPTTEXT,29538,0,110484
11139,SPELLSCRIPTTEXT,29539,0,110484
11140,SPELLSCRIPTTEXT,29540,0,110484
11141,SPELLSCRIPTTEXT,29653,0,110484
11142,SPELLSCRIPTTEXT,29670,0,110484
11143,SPELLSCRIPTTEXT,29609,0,110515
11144,SPELLSCRIPTTEXT,29610,0,110515
11145,SPELLSCRIPTTEXT,29694,0,110515
11146,SPELLVISUAL,190781,0,110512
11147,SPELLVISUALEVENT,562474,0,110512
11148,SPELLVISUALKIT,279316,0,110512
11149,SPELLVISUALKITEFFECT,777663,0,110512
11150,SPELLVISUALKITEFFECT,789276,0,110512
11151,SPELLVISUALKITEFFECT,790437,0,110512
11152,SPELLVISUALKITEFFECT,790438,0,110512
11153,SPELLVISUALKITMODELATTACH,632675,0,110512
11154,SPELLVISUALKITMODELATTACH,638065,0,110512
11155,SPELLVISUALKITMODELATTACH,638629,0,110512
11156,SPELLVISUALKITMODELATTACH,638630,0,110512
11157,SPELLXSPELLVISUAL,532107,0,110512
11158,CREATURE,268042,0,110571
11159,CREATUREDIFFICULTY,351631,0,110571
11160,CREATUREXDISPLAYINFO,669905,0,110571
11161,CREATUREXDISPLAYINFO,669906,0,110571
11162,SPELLSCRIPT,129157,0,110571
11163,SPELLSCRIPTTEXT,28980,0,110571
11164,SPELLSCRIPTTEXT,28981,0,110571
11165,SPELLSCRIPTTEXT,29451,0,110571
11166,SPELLSCRIPTTEXT,29452,0,110571
11167,SPELLSCRIPTTEXT,29457,0,110571
11168,SPELLSCRIPTTEXT,29458,0,110571
11169,SPELLSCRIPTTEXT,29516,0,110571
11170,SPELLSCRIPTTEXT,29517,0,110571
11171,SPELLSCRIPTTEXT,29525,0,110571
11172,SPELLSCRIPTTEXT,29526,0,110571
11173,SPELLSCRIPTTEXT,29531,0,110571
11174,SPELLSCRIPTTEXT,29627,0,110571
11175,SPELLSCRIPTTEXT,29628,0,110571
11176,SPELLSCRIPTTEXT,29748,0,110571
11177,AI_TRIGGERACTION,220260,0,110540
11178,AI_TRIGGERACTION,220651,0,110540
11179,SPAWNEVENT,5349321,0,110540
11180,SPAWNEVENT,5349322,0,110540
11181,SPAWNEVENT,5349323,0,110540
11182,SPAWNEVENT,5349324,0,110540
11183,SPAWNEVENT,5349325,0,110540
11184,SPAWNEVENT,5349326,0,110540
11185,SPAWNEVENT,5349327,0,110540
11186,SPAWNEVENT,5349328,0,110540
11187,SPAWNEVENT,5349329,0,110540
11188,SPAWNEVENT,5349330,0,110540
11189,SPAWNEVENT,5349331,0,110540
11190,SPAWNEVENT,5349332,0,110540
11191,SPAWNEVENT,5349333,0,110540
11192,SPAWNEVENT,5349334,0,110540
11193,SPAWNEVENT,5349335,0,110540
11194,SPAWNGROUP,3342622,0,110540
11195,SPAWNGROUP,3342623,0,110540
11196,SPAWNGROUP,3342624,0,110540
11197,SPAWNGROUP,3342625,0,110540
11198,SPAWNGROUP,3342626,0,110540
11199,SPAWNGROUP,3342627,0,110540
11200,SPAWNGROUP,3342628,0,110540
11201,SPAWNGROUP,3342629,0,110540
11202,SPAWNGROUP,3342630,0,110540
11203,SPAWNGROUP,3342631,0,110540
11204,SPAWNGROUP,3342632,0,110540
11205,SPAWNGROUP,3342633,0,110540
11206,SPAWNGROUP,3342634,0,110540
11207,SPAWNGROUP,3342635,0,110540
11208,SPAWNGROUP,3343378,0,110540
11209,SPAWNGROUP,3343379,0,110540
11210,SPAWNGROUP,3343380,0,110540
11211,SPAWNGROUP,3343381,0,110540
11212,SPAWNGROUP,3343382,0,110540
11213,SPAWNLOC,5245834,0,110540
11214,SPAWNLOC,5245835,0,110540
11215,SPAWNLOC,5245836,0,110540
11216,SPAWNLOC,5245837,0,110540
11217,SPAWNLOC,5245838,0,110540
11218,SPAWNOBJECT,8288738,0,110540
11219,SPAWNOBJECT,8288739,0,110540
11220,SPAWNOBJECT,8288740,0,110540
11221,SPAWNOBJECT,8288741,0,110540
11222,SPAWNOBJECT,8288742,0,110540
11223,SPAWNSQUAD,5522219,0,110540
11224,SPAWNSQUAD,5522220,0,110540
11225,SPAWNSQUAD,5522221,0,110540
11226,SPAWNSQUAD,5522222,0,110540
11227,SPAWNSQUAD,5522223,0,110540
11228,SPELL,1315270,0,110540
11229,SPELL,1315353,0,110540
11230,SPELL,1315354,0,110540
11231,SPELLCATEGORIES,188310,0,110540
11232,SPELLEFFECT,1336985,0,110540
11233,SPELLEFFECT,1347471,0,110540
11234,SPELLEFFECT,1347472,0,110540
11235,SPELLEFFECT,1347473,0,110540
11236,SPELLEFFECT,1347474,0,110540
11237,SPELLEFFECT,1347619,0,110540
11238,SPELLEFFECT,1347620,0,110540
11239,SPELLEFFECT,1347621,0,110540
11240,SPELLEFFECT,1347624,0,110540
11241,SPELLMISC,855182,0,110540
11242,SPELLMISC,861551,0,110540
11243,SPELLMISC,861552,0,110540
11244,SPELLSCRIPT,128965,0,110540
11245,SPELLSCRIPT,131504,0,110540
11246,SPELLSCRIPT,133678,0,110540
11247,SPELLSCRIPT,133746,0,110540
11248,SPELLSCRIPTPACKAGE,82487,0,110540
11249,SPELLSCRIPTPACKAGE,82495,0,110540
11250,SPELLTARGETRESTRICTIONS,353862,0,110540
11251,SPELLTARGETRESTRICTIONS,355772,0,110540
11252,SPELLTARGETRESTRICTIONS,355773,0,110540
11253,SPELLTARGETRESTRICTIONS,355836,0,110540
11254,SPELLXSPELLVISUAL,532116,0,110540
11255,SPELLXSPELLVISUAL,532117,0,110540
11256,STRINGID,119108,0,110540
11257,UIWIDGET,7380,0,110551
11258,UIWIDGET,7757,0,110551
11259,UIWIDGET,7758,0,110551
11260,UIWIDGET,8355,0,110551
11261,UIWIDGET,8356,0,110551
11262,UIWIDGETCONSTANTSOURCE,49279,0,110551
11263,UIWIDGETCONSTANTSOURCE,49280,0,110551
11264,UIWIDGETCONSTANTSOURCE,49282,0,110551
11265,UIWIDGETCONSTANTSOURCE,49284,0,110551
11266,UIWIDGETCONSTANTSOURCE,54053,0,110551
11267,UIWIDGETCONSTANTSOURCE,54054,0,110551
11268,UIWIDGETCONSTANTSOURCE,54056,0,110551
11269,UIWIDGETCONSTANTSOURCE,54058,0,110551
11270,UIWIDGETCONSTANTSOURCE,54067,0,110551
11271,UIWIDGETCONSTANTSOURCE,54068,0,110551
11272,UIWIDGETCONSTANTSOURCE,54070,0,110551
11273,UIWIDGETCONSTANTSOURCE,54072,0,110551
11274,UIWIDGETCONSTANTSOURCE,54315,0,110551
11275,UIWIDGETCONSTANTSOURCE,55739,0,110551
11276,UIWIDGETCONSTANTSOURCE,62834,0,110551
11277,UIWIDGETCONSTANTSOURCE,62835,0,110551
11278,UIWIDGETCONSTANTSOURCE,62836,0,110551
11279,UIWIDGETCONSTANTSOURCE,62837,0,110551
11280,UIWIDGETCONSTANTSOURCE,62838,0,110551
11281,UIWIDGETCONSTANTSOURCE,62839,0,110551
11282,UIWIDGETCONSTANTSOURCE,62840,0,110551
11283,UIWIDGETCONSTANTSOURCE,62841,0,110551
11284,UIWIDGETCONSTANTSOURCE,62842,0,110551
11285,UIWIDGETCONSTANTSOURCE,62843,0,110551
11286,UIWIDGETCONSTANTSOURCE,62844,0,110551
11287,UIWIDGETCONSTANTSOURCE,62845,0,110551
11288,UIWIDGETCONSTANTSOURCE,62846,0,110551
11289,UIWIDGETCONSTANTSOURCE,62847,0,110551
11290,UIWIDGETCONSTANTSOURCE,62848,0,110551
11291,UIWIDGETCONSTANTSOURCE,62849,0,110551
11292,UIWIDGETDATASOURCE,9974,0,110551
11293,UIWIDGETDATASOURCE,9975,0,110551
11294,UIWIDGETDATASOURCE,10006,0,110551
11295,UIWIDGETDATASOURCE,10715,0,110551
11296,UIWIDGETDATASOURCE,10716,0,110551
11297,UIWIDGETDATASOURCE,10717,0,110551
11298,UIWIDGETSET,1927,0,110551
11299,UIWIDGETSTRINGSOURCE,20458,0,110551
11300,UIWIDGETSTRINGSOURCE,21685,0,110551
11301,UIWIDGETSTRINGSOURCE,21688,0,110551
11302,UIWIDGETSTRINGSOURCE,23723,0,110551
11303,UIWIDGETSTRINGSOURCE,23724,0,110551
11304,UIWIDGETSTRINGSOURCE,23725,0,110551
11305,UIWIDGETXWIDGETSET,23846,0,110551
11306,UIWIDGETXWIDGETSET,23847,0,110551
11307,UIWIDGETXWIDGETSET,23848,0,110551
11308,UIWIDGETXWIDGETSET,23849,0,110551
11309,UIWIDGETXWIDGETSET,23850,0,110551
11310,UIWIDGETXWIDGETSET,23851,0,110551
11311,UIWIDGETXWIDGETSET,23852,0,110551
11312,UIWIDGETXWIDGETSET,23853,0,110551
11313,UIWIDGETXWIDGETSET,23854,0,110551
11314,WORLDSTATEEXPRESSION,53897,0,110551
11315,SPELLSCRIPTTEXT,25302,0,110573
11316,SPELLSCRIPTTEXT,25303,0,110573
11317,SPELLAURARESTRICTIONS,24733,0,110613
11318,SPELLAURARESTRICTIONS,24734,0,110613
11319,SPELLAURARESTRICTIONS,24735,0,110613
11320,SPELLAURARESTRICTIONS,24736,0,110613
11321,SPELLAURARESTRICTIONS,24737,0,110613
11322,SPELLAURARESTRICTIONS,24738,0,110613
11323,SPELLAURARESTRICTIONS,24740,0,110613
11324,SPELLEFFECT,1329040,0,110613
11325,SPELLSCRIPT,122334,0,110613
11326,SPELLSCRIPT,125126,0,110613
11327,SPELLSCRIPT,133715,0,110613
11328,SPELLSCRIPTPACKAGE,75939,0,110613
11329,ITEM,279288,0,110618
11330,ITEM,279345,0,110618
11331,UIWIDGETCONSTANTSOURCE,59944,0,110618
11332,UIWIDGETSTRINGSOURCE,22583,0,110618
11333,UIWIDGETSTRINGSOURCE,22608,0,110618
11334,UIWIDGETSTRINGSOURCE,23042,0,110618
11335,ITEMEFFECT,231984,0,110673
11336,ITEMEFFECT,231985,0,110673
11337,ITEMEFFECT,231986,0,110673
11338,WORLDSTATEEXPRESSION,53302,0,110723
11339,WORLDSTATEEXPRESSION,53450,0,110723
11340,WORLDSTATEEXPRESSION,53915,0,110723
11341,WORLDSTATEEXPRESSION,53916,0,110723
11342,SPELLEFFECT,1347484,0,110684
11343,SPELLEFFECT,1347485,0,110684
11344,SPELLEFFECT,1348277,0,110684
11345,SPELLEFFECT,1348278,0,110684
11346,SPELLMISC,402105,0,110684
11347,SPELLMISC,444609,0,110684
11348,SPELLEFFECT,1013205,0,110588
11349,SPELLEFFECT,1013873,0,110588
11350,SPELLEFFECT,1015314,0,110588
11351,SPELLEFFECT,1083888,0,110588
11352,SPELLEFFECT,1083902,0,110588
11353,SPELLEFFECT,1083909,0,110588
11354,SPELLEFFECT,1347734,0,110588
11355,SPELLEFFECT,1347735,0,110588
11356,SPELLEFFECT,1347741,0,110588
11357,SPELLEFFECT,1347742,0,110588
11358,SPELL,1248130,0,110596
11359,SPELL,1264191,0,110596
11360,SPELL,1313448,0,110600
11361,SPELL,1287615,0,110604
11362,SPELL,1287636,0,110604
11363,SPELL,1288326,0,110604
11364,SPELL,1288331,0,110604
11365,SPELLMISC,835282,0,110604
11366,SPELLMISC,835283,0,110604
11367,SPELLMISC,835303,0,110604
11368,SPELLMISC,835307,0,110604
11369,SPELLMISC,843394,0,110611
11370,GAMEOBJECTS,657487,0,110617
11371,SPELLSCRIPTTEXT,29738,0,110621
11372,SPELLSCRIPTTEXT,29739,0,110621
11373,SPELL,1299053,0,110623
11374,BROADCASTTEXT,313717,0,110624
11375,BROADCASTTEXT,313723,0,110624
11376,BROADCASTTEXT,313727,0,110624
11377,BROADCASTTEXT,314010,0,110624
11378,BROADCASTTEXT,314042,0,110624
11379,BROADCASTTEXT,314043,0,110624
11380,BROADCASTTEXT,314044,0,110624
11381,BROADCASTTEXT,314045,0,110624
11382,BROADCASTTEXT,318448,0,110624
11383,BROADCASTTEXT,318450,0,110624
11384,CONVERSATION,35754,0,110624
11385,CONVERSATION,35755,0,110624
11386,CONVERSATION,35760,0,110624
11387,CONVERSATION,35761,0,110624
11388,CONVERSATION,35762,0,110624
11389,CONVERSATION,35763,0,110624
11390,CONVERSATION,35766,0,110624
11391,CONVERSATION,35767,0,110624
11392,CONVERSATION,35774,0,110624
11393,CONVERSATION,35775,0,110624
11394,CONVERSATION,35776,0,110624
11395,CONVERSATIONLINE,60857,0,110624
11396,CONVERSATIONLINE,98864,0,110624
11397,CONVERSATIONLINE,98865,0,110624
11398,CONVERSATIONLINE,98883,0,110624
11399,CONVERSATIONLINE,98884,0,110624
11400,CONVERSATIONLINE,98885,0,110624
11401,CONVERSATIONLINE,98886,0,110624
11402,CONVERSATIONLINE,98891,0,110624
11403,CONVERSATIONLINE,98892,0,110624
11404,CONVERSATIONLINE,98900,0,110624
11405,CONVERSATIONLINE,98901,0,110624
11406,CONVERSATIONLINE,98902,0,110624
11407,RANDOMTEXT,51206,0,110624
11408,SPELLMISC,827144,0,110624
11409,SPELLSCRIPT,86512,0,110624
11410,SPELLSCRIPT,115980,0,110624
11411,SPELLSCRIPT,120415,0,110624
11412,SPELLSCRIPT,120417,0,110624
11413,SPELLSCRIPT,120421,0,110624
11414,SPELLSCRIPT,120423,0,110624
11415,SPELLSCRIPT,120424,0,110624
11416,SPELLSCRIPT,133731,0,110624
11417,SPELLSCRIPT,133741,0,110624
11418,SPELLSCRIPTPACKAGE,72126,0,110624
11419,SPELLSCRIPTPACKAGE,82531,0,110624
11420,SPELLSCRIPTTEXT,26942,0,110624
11421,SPELLSCRIPTTEXT,26943,0,110624
11422,SPELLSCRIPTTEXT,26944,0,110624
11423,SPELLSCRIPTTEXT,26945,0,110624
11424,SPELLSCRIPTTEXT,26946,0,110624
11425,SPELLSCRIPTTEXT,27064,0,110624
11426,SPELLSCRIPTTEXT,27681,0,110624
11427,SPELL,1306233,0,110626
11428,SPELLMISC,852953,0,110626
11429,TIMEEVENTDATA,23350,0,110629
11430,TIMEEVENTDATA,23351,0,110629
11431,SPELLSCRIPTTEXT,29738,0,110631
11432,SPELLSCRIPTTEXT,29739,0,110631
11433,PHASE,28625,0,110635
11434,SPAWNEVENT,5099658,0,110636
11435,SPAWNGROUP,3107236,0,110636
11436,SPAWNLOC,4961701,0,110636
11437,SPAWNOBJECT,7921403,0,110636
11438,SPAWNSQUAD,5241557,0,110636
11439,SPAWNLOC,4780942,0,110640
11440,SPAWNLOC,4781978,0,110640
11441,SPELLSCRIPTTEXT,28410,0,110641
11442,SPELLSCRIPTTEXT,28411,0,110641
11443,SPELLSCRIPTTEXT,28412,0,110641
11444,SPELLSCRIPTTEXT,29014,0,110641
11445,SPELLSCRIPTTEXT,29025,0,110641
11446,SPELLSCRIPTTEXT,29367,0,110641
11447,SPELLSCRIPTTEXT,29411,0,110641
11448,SPELLSCRIPTTEXT,29437,0,110641
11449,SPELLSCRIPTTEXT,29438,0,110641
11450,SPELLSCRIPTTEXT,29538,0,110641
11451,SPELLSCRIPTTEXT,29539,0,110641
11452,SPELLSCRIPTTEXT,29540,0,110641
11453,SPELLSCRIPTTEXT,29653,0,110641
11454,SPELLSCRIPTTEXT,29670,0,110641
11455,UNITCONDITION,9918,0,110641
11456,ITEM,275332,0,110642
11457,ITEM,275334,0,110642
11458,AREATRIGGERACTIONSET,44900,0,110644
11459,SPELLEFFECT,1320708,0,110644
11460,SPELLSCRIPT,124872,0,110644
11461,SPELLSCRIPT,124907,0,110644
11462,SPELLSCRIPTTEXT,28410,0,110644
11463,SPELLSCRIPTTEXT,28411,0,110644
11464,SPELLSCRIPTTEXT,28412,0,110644
11465,SPELLSCRIPTTEXT,29014,0,110644
11466,SPELLSCRIPTTEXT,29025,0,110644
11467,SPELLSCRIPTTEXT,29367,0,110644
11468,SPELLSCRIPTTEXT,29411,0,110644
11469,SPELLSCRIPTTEXT,29437,0,110644
11470,SPELLSCRIPTTEXT,29438,0,110644
11471,SPELLSCRIPTTEXT,29538,0,110644
11472,SPELLSCRIPTTEXT,29539,0,110644
11473,SPELLSCRIPTTEXT,29540,0,110644
11474,SPELLSCRIPTTEXT,29653,0,110644
11475,SPELLSCRIPTTEXT,29670,0,110644
11476,CREATUREDIFFICULTY,352831,0,110655
11477,CREATUREDIFFICULTY,353362,0,110655
11478,CREATUREDIFFICULTY,354520,0,110655
11479,CREATUREDIFFICULTY,354655,0,110655
11480,SPAWNLOC,5195096,0,110659
11481,SPAWNLOC,5205672,0,110659
11482,SPAWNLOC,5205673,0,110659
11483,SPAWNREGION,180490,0,110659
11484,SPAWNREGION,180491,0,110659
11485,SPAWNREGION,180492,0,110659
11486,SPAWNREGION,180493,0,110659
11487,SPAWNREGION,180494,0,110659
11488,SPELLMISC,844560,0,110659
11489,SPELLMISC,837492,0,110670
11490,QUESTV2,97321,0,110674
11491,QUESTV2,98787,0,110674
11492,SPELL,1315796,0,110674
11493,SPELLEFFECT,1348261,0,110674
11494,SPELLMISC,861980,0,110674
11495,TRAITCOND,50884,0,110674
11496,TRAITCOND,50885,0,110674
11497,TRAITCOND,50886,0,110674
11498,CREATURELABEL,94369,0,110692
11499,SPELLEFFECT,1348308,0,110692
11500,SPELLEFFECT,1348310,0,110692
11501,TREASUREITEM,1541009,0,110702
11502,ENCOUNTEREVENT,995,0,110706
11503,SPELLSCRIPTTEXT,28389,0,110706
11504,SPELLSCRIPTTEXT,28390,0,110706
11505,SPELLSCRIPTTEXT,28680,0,110706
11506,SPELLSCRIPTTEXT,29357,0,110706
11507,SPELLSCRIPTTEXT,29412,0,110706
11508,AI_GROUPACTIONSET,1211820,0,110710
11509,AI_GROUPACTIONSET,1211821,0,110710
11510,AI_TRIGGERACTION,213511,0,110710
11511,AREATRIGGERCREATEPROPERTIES,44075,0,110711
11512,AI_TRIGGERACTION,224722,0,110541
11513,AI_TRIGGERACTIONSET,76683,0,110541
11514,AREATRIGGERACTION,70343,0,110541
11515,AREATRIGGERBOX,4084,0,110541
11516,AREATRIGGERCREATEPROPERTIES,42145,0,110541
11517,SPELL,1287711,0,110541
11518,SPELLEFFECT,1305396,0,110541
11519,SPELLMISC,835379,0,110541
11520,SPELLSCRIPT,133674,0,110541
11521,SPELLVISUALKITMODELATTACH,612392,0,110541
11522,SPELLINTERRUPTS,245935,0,110554
11523,SPELLMISC,835459,0,110554
11524,BROADCASTTEXT,319736,0,110683
11525,BROADCASTTEXT,322787,0,110683
11526,CREATURE,259446,0,110683
11527,CRITERIATREE,223051,0,110683
11528,CRITERIATREE,223058,0,110683
11529,CRITERIATREE,223062,0,110683
11530,CRITERIATREE,224244,0,110683
11531,DUNGEONENCOUNTER,3457,0,110683
11532,JOURNALENCOUNTER,2879,0,110683
11533,JOURNALENCOUNTERCREATURE,6230,0,110683
11534,JOURNALENCOUNTERSECTION,35024,0,110683
11535,JOURNALENCOUNTERSECTION,35026,0,110683
11536,JOURNALENCOUNTERSECTION,36355,0,110683
11537,MOUNT,3058,0,110683
11538,SPELL,1217610,0,110683
11539,SPELL,1287798,0,110683
11540,SPELL,1287811,0,110683
11541,SPELL,1288123,0,110683
11542,SPELL,1298931,0,110683
11543,SPELL,1298949,0,110683
11544,SPELL,1299189,0,110683
11545,SPELL,1299940,0,110683
11546,SPELL,1300044,0,110683
11547,SPELL,1300083,0,110683
11548,SPELL,1300612,0,110683
11549,SPELL,1300686,0,110683
11550,SPELL,1305071,0,110683
11551,SPELL,1306916,0,110683
11552,SPELL,1310357,0,110683
11553,CREATURE,95937,0,110728
11554,CREATURE,102886,0,110728
11555,CREATUREDIFFICULTY,96365,0,110728
11556,CREATUREDIFFICULTY,103714,0,110728
11557,CATALOGSHOPGAMETITLEINFO,23,0,110500
11558,LFGDUNGEONS,3245,0,110687
11559,SPELLSCRIPT,129217,0,110713
11560,SPELLSCRIPT,133790,0,110713
11561,SPELLSCRIPTPACKAGE,79778,0,110713
11562,HOUSEDECOR,3913,0,110714
11563,VEHICLESEAT,26127,0,110716
11564,JOURNALENCOUNTERITEM,47233,0,110749
11565,JOURNALITEMXDIFFICULTY,41378,0,110749
11566,JOURNALITEMXDIFFICULTY,41379,0,110749
11567,MODIFIERTREE,463195,0,110749
11568,MODIFIERTREE,463196,0,110749
11569,PLAYERCONDITION,163278,0,110749
11570,TREASUREITEM,1544217,0,110749
11571,TREASUREITEM,1544218,0,110749
11572,SOUNDKIT,353188,0,109894
11573,SOUNDKIT,353190,0,109894
11574,SOUNDKIT,353195,0,109894
11575,SOUNDKIT,353305,0,109894
11576,SOUNDKIT,353315,0,109894
11577,SOUNDKIT,353374,0,109894
11578,SOUNDKIT,353385,0,109894
11579,SOUNDKIT,353386,0,109894
11580,SOUNDKIT,353597,0,109894
11581,SOUNDKIT,353704,0,109894
11582,SOUNDKIT,353722,0,109894
11583,SOUNDMIXGROUP,1206,0,109894
11584,SOUNDMIXGROUP,1207,0,109894
11585,SOUNDKIT,352377,0,109897
11586,SOUNDKIT,352378,0,109897
11587,SOUNDKIT,352428,0,109897
11588,SOUNDKIT,352429,0,109897
11589,SOUNDKIT,352431,0,109897
11590,SOUNDKIT,352437,0,109897
11591,SOUNDKIT,352438,0,109897
11592,SOUNDKIT,352441,0,109897
11593,SOUNDKIT,352444,0,109897
11594,SOUNDKIT,352447,0,109897
11595,SOUNDKIT,352448,0,109897
11596,SOUNDKIT,352462,0,109897
11597,SOUNDKIT,359048,0,109897
11598,SOUNDKIT,359586,0,109897
11599,SOUNDKIT,363897,0,109897
11600,SOUNDKIT,363899,0,109897
11601,SOUNDKIT,367508,0,109897
11602,SOUNDKIT,367514,0,109897
11603,SOUNDKIT,367515,0,109897
11604,SOUNDKIT,367518,0,109897
11605,SOUNDKIT,367519,0,109897
11606,SOUNDKIT,367526,0,109897
11607,SOUNDKIT,367527,0,109897
11608,SOUNDKIT,367532,0,109897
11609,SOUNDKIT,367533,0,109897
11610,SOUNDKIT,368003,0,109897
11611,SOUNDKIT,368010,0,109897
11612,SOUNDKIT,368011,0,109897
11613,SOUNDKITADVANCED,316362,0,109897
11614,SOUNDKITADVANCED,327611,0,109897
11615,SOUNDKITADVANCED,331107,0,109897
11616,SOUNDKITADVANCED,331113,0,109897
11617,SOUNDKITADVANCED,331114,0,109897
11618,SOUNDKITADVANCED,331117,0,109897
11619,SOUNDKITADVANCED,331118,0,109897
11620,SOUNDKITADVANCED,331125,0,109897
11621,SOUNDKITADVANCED,331126,0,109897
11622,SOUNDKITADVANCED,331131,0,109897
11623,SOUNDKITADVANCED,331132,0,109897
11624,SOUNDKITADVANCED,331594,0,109897
11625,SOUNDKITADVANCED,331601,0,109897
11626,SOUNDKITADVANCED,331602,0,109897
11627,SOUNDKITCHILD,49002,0,109897
11628,SOUNDKITCHILD,49003,0,109897
11629,SOUNDKITCHILD,49004,0,109897
11630,SOUNDKITCHILD,49006,0,109897
11631,SOUNDKITCHILD,49009,0,109897
11632,SOUNDKITCHILD,49190,0,109897
11633,SOUNDKITENTRY,1687530,0,109897
11634,SOUNDKITENTRY,1687531,0,109897
11635,SOUNDKITENTRY,1687532,0,109897
11636,SOUNDKITENTRY,1687568,0,109897
11637,SOUNDKITENTRY,1687569,0,109897
11638,SOUNDKITENTRY,1687570,0,109897
11639,SOUNDKITENTRY,1687571,0,109897
11640,SOUNDKITENTRY,1687572,0,109897
11641,SOUNDKITENTRY,1687573,0,109897
11642,SOUNDKITENTRY,1687574,0,109897
11643,SOUNDKITENTRY,1687575,0,109897
11644,SOUNDKITENTRY,1687576,0,109897
11645,SOUNDKITENTRY,1687577,0,109897
11646,SOUNDKITENTRY,1687578,0,109897
11647,SOUNDKITENTRY,1687579,0,109897
11648,SOUNDKITENTRY,1687580,0,109897
11649,SOUNDKITENTRY,1687581,0,109897
11650,SOUNDKITENTRY,1687584,0,109897
11651,SOUNDKITENTRY,1687585,0,109897
11652,SOUNDKITENTRY,1687586,0,109897
11653,SOUNDKITENTRY,1687587,0,109897
11654,SOUNDKITENTRY,1687588,0,109897
11655,SOUNDKITENTRY,1687589,0,109897
11656,SOUNDKITENTRY,1687590,0,109897
11657,SOUNDKITENTRY,1687591,0,109897
11658,SOUNDKITENTRY,1687592,0,109897
11659,SOUNDKITENTRY,1687593,0,109897
11660,SOUNDKITENTRY,1687594,0,109897
11661,SOUNDKITENTRY,1687595,0,109897
11662,SOUNDKITENTRY,1687596,0,109897
11663,SOUNDKITENTRY,1687597,0,109897
11664,SOUNDKITENTRY,1687598,0,109897
11665,SOUNDKITENTRY,1687599,0,109897
11666,SOUNDKITENTRY,1687600,0,109897
11667,SOUNDKITENTRY,1687601,0,109897
11668,SOUNDKITENTRY,1687602,0,109897
11669,SOUNDKITENTRY,1687603,0,109897
11670,SOUNDKITENTRY,1687620,0,109897
11671,SOUNDKITENTRY,1687621,0,109897
11672,SOUNDKITENTRY,1687622,0,109897
11673,SOUNDKITENTRY,1687623,0,109897
11674,SOUNDKITENTRY,1687624,0,109897
11675,SOUNDKITENTRY,1687625,0,109897
11676,SOUNDKITENTRY,1687626,0,109897
11677,SOUNDKITENTRY,1687627,0,109897
11678,SOUNDKITENTRY,1687628,0,109897
11679,SOUNDKITENTRY,1687629,0,109897
11680,SOUNDKITENTRY,1687630,0,109897
11681,SOUNDKITENTRY,1687631,0,109897
11682,SOUNDKITENTRY,1687632,0,109897
11683,SOUNDKITENTRY,1687633,0,109897
11684,SOUNDKITENTRY,1687634,0,109897
11685,SOUNDKITENTRY,1687635,0,109897
11686,SOUNDKITENTRY,1687636,0,109897
11687,SOUNDKITENTRY,1687637,0,109897
11688,SOUNDKITENTRY,1687638,0,109897
11689,SOUNDKITENTRY,1687639,0,109897
11690,SOUNDKITENTRY,1687657,0,109897
11691,SOUNDKITENTRY,1687658,0,109897
11692,SOUNDKITENTRY,1687659,0,109897
11693,SOUNDKITENTRY,1687660,0,109897
11694,SOUNDKITENTRY,1687661,0,109897
11695,SOUNDKITENTRY,1687662,0,109897
11696,SOUNDKITENTRY,1687663,0,109897
11697,SOUNDKITENTRY,1687664,0,109897
11698,SOUNDKITENTRY,1687665,0,109897
11699,SOUNDKITENTRY,1687666,0,109897
11700,SOUNDKITENTRY,1687667,0,109897
11701,SOUNDKITENTRY,1687668,0,109897
11702,SOUNDKITENTRY,1687669,0,109897
11703,SOUNDKITENTRY,1687670,0,109897
11704,SOUNDKITENTRY,1687671,0,109897
11705,SOUNDKITENTRY,1687672,0,109897
11706,SOUNDKITENTRY,1690867,0,109897
11707,SOUNDKITENTRY,1690868,0,109897
11708,SOUNDKITENTRY,1690869,0,109897
11709,SOUNDKITENTRY,1690870,0,109897
11710,SOUNDKITENTRY,1690871,0,109897
11711,SOUNDKITENTRY,1690921,0,109897
11712,SOUNDKITENTRY,1690922,0,109897
11713,SOUNDKITENTRY,1690923,0,109897
11714,SOUNDKITENTRY,1690924,0,109897
11715,SOUNDKITENTRY,1690925,0,109897
11716,SOUNDKITENTRY,1690926,0,109897
11717,SOUNDKITENTRY,1690927,0,109897
11718,SOUNDKITENTRY,1690928,0,109897
11719,SPELLVISUAL,187150,0,109897
11720,SPELLVISUAL,190199,0,109897
11721,SPELLVISUAL,190206,0,109897
11722,SPELLVISUAL,190213,0,109897
11723,SPELLVISUALEVENT,561347,0,109897
11724,SPELLVISUALEVENT,561379,0,109897
11725,SPELLVISUALEVENT,561396,0,109897
11726,SPELLVISUALEVENT,561397,0,109897
11727,SPELLVISUALEVENT,561411,0,109897
11728,SPELLVISUALKIT,278358,0,109897
11729,SPELLVISUALKIT,278386,0,109897
11730,SPELLVISUALKIT,278403,0,109897
11731,SPELLVISUALKIT,278404,0,109897
11732,SPELLVISUALKIT,278420,0,109897
11733,SPELLVISUALKITEFFECT,787932,0,109897
11734,SPELLVISUALKITEFFECT,788006,0,109897
11735,SPELLVISUALKITEFFECT,788010,0,109897
11736,SPELLVISUALKITEFFECT,788018,0,109897
11737,SPELLVISUALKITEFFECT,788025,0,109897
11738,SPELLVISUALKITEFFECT,788045,0,109897
11739,SPELLVISUALKITEFFECT,788050,0,109897
11740,SPELLVISUALKITEFFECT,788052,0,109897
11741,SPELLVISUALKITEFFECT,788054,0,109897
11742,SPELLVISUALKITEFFECT,788094,0,109897
11743,SPELLVISUALKITEFFECT,789144,0,109897
11744,SPELLVISUALKITEFFECT,789145,0,109897
11745,SPELLVISUALKITEFFECT,789146,0,109897
11746,SPELLVISUALKITEFFECT,789147,0,109897
11747,SPELLVISUALKITEFFECT,789148,0,109897
11748,SPELLXSPELLVISUAL,531286,0,109897
11749,SPELLXSPELLVISUAL,531293,0,109897
11750,SPELLXSPELLVISUAL,531300,0,109897
11751,SOUNDKIT,334527,0,109930
11752,SOUNDKIT,345953,0,109930
11753,SOUNDKIT,346124,0,109930
11754,SOUNDKIT,346184,0,109930
11755,SOUNDKIT,346209,0,109930
11756,SOUNDKIT,346213,0,109930
11757,SOUNDKIT,346220,0,109930
11758,SOUNDKIT,346247,0,109930
11759,SOUNDKIT,346333,0,109930
11760,SOUNDKIT,346335,0,109930
11761,SOUNDKIT,346336,0,109930
11762,SOUNDKIT,346337,0,109930
11763,SOUNDKIT,346347,0,109930
11764,SOUNDKIT,346348,0,109930
11765,SOUNDKIT,346353,0,109930
11766,SOUNDKIT,346354,0,109930
11767,SOUNDKIT,346380,0,109930
11768,SOUNDKIT,346382,0,109930
11769,SOUNDKIT,346385,0,109930
11770,SOUNDKIT,346386,0,109930
11771,SOUNDKIT,346387,0,109930
11772,SOUNDKIT,346401,0,109930
11773,SOUNDKIT,346515,0,109930
11774,SOUNDKIT,346577,0,109930
11775,SOUNDKIT,351865,0,109930
11776,SOUNDKIT,351872,0,109930
11777,SOUNDKIT,351876,0,109930
11778,SOUNDKIT,351896,0,109930
11779,SOUNDKIT,351898,0,109930
11780,SOUNDKIT,351899,0,109930
11781,SOUNDKIT,351900,0,109930
11782,SOUNDKIT,351901,0,109930
11783,SOUNDKIT,351902,0,109930
11784,SOUNDKIT,351903,0,109930
11785,SOUNDKIT,351905,0,109930
11786,SOUNDKIT,351906,0,109930
11787,SOUNDKIT,351931,0,109930
11788,SOUNDKIT,351932,0,109930
11789,SOUNDKIT,351934,0,109930
11790,SOUNDKIT,351935,0,109930
11791,SOUNDKIT,351936,0,109930
11792,SOUNDKIT,351938,0,109930
11793,SOUNDKIT,351939,0,109930
11794,SOUNDKIT,351940,0,109930
11795,SOUNDKIT,351941,0,109930
11796,SOUNDKIT,351942,0,109930
11797,SOUNDKIT,351943,0,109930
11798,SOUNDKIT,351946,0,109930
11799,SOUNDKIT,351947,0,109930
11800,SOUNDKIT,351948,0,109930
11801,SOUNDKIT,351949,0,109930
11802,SOUNDKIT,351950,0,109930
11803,SOUNDKIT,351951,0,109930
11804,SOUNDKIT,351952,0,109930
11805,SOUNDKIT,351953,0,109930
11806,SOUNDKIT,351954,0,109930
11807,SOUNDKIT,351955,0,109930
11808,SOUNDKIT,351956,0,109930
11809,SOUNDKIT,351957,0,109930
11810,SOUNDKIT,351958,0,109930
11811,SOUNDKIT,351959,0,109930
11812,SOUNDKIT,351960,0,109930
11813,SOUNDKIT,351961,0,109930
11814,SOUNDKIT,351964,0,109930
11815,SOUNDKIT,351965,0,109930
11816,SOUNDKIT,351966,0,109930
11817,SOUNDKIT,351967,0,109930
11818,SOUNDKIT,351968,0,109930
11819,SOUNDKIT,351991,0,109930
11820,SOUNDKIT,351996,0,109930
11821,SOUNDKIT,352003,0,109930
11822,SOUNDKIT,352004,0,109930
11823,SOUNDKIT,352005,0,109930
11824,SOUNDKIT,352007,0,109930
11825,SOUNDKIT,352008,0,109930
11826,SOUNDKIT,352009,0,109930
11827,SOUNDKIT,352010,0,109930
11828,SOUNDKIT,352018,0,109930
11829,SOUNDKIT,352019,0,109930
11830,SOUNDKIT,352020,0,109930
11831,SOUNDKIT,352021,0,109930
11832,SOUNDKIT,352022,0,109930
11833,SOUNDKIT,352027,0,109930
11834,SOUNDKIT,352035,0,109930
11835,SOUNDKIT,352043,0,109930
11836,SOUNDKIT,352050,0,109930
11837,SOUNDKIT,352083,0,109930
11838,SOUNDKIT,352084,0,109930
11839,SOUNDKIT,352085,0,109930
11840,SOUNDKIT,352086,0,109930
11841,SOUNDKIT,352090,0,109930
11842,SOUNDKIT,352091,0,109930
11843,SOUNDKIT,352092,0,109930
11844,SOUNDKIT,352113,0,109930
11845,SOUNDKIT,352114,0,109930
11846,SOUNDKIT,352144,0,109930
11847,SOUNDKIT,352145,0,109930
11848,SOUNDKIT,352146,0,109930
11849,SOUNDKIT,352147,0,109930
11850,SOUNDKIT,352148,0,109930
11851,SOUNDKIT,352153,0,109930
11852,SOUNDKIT,352223,0,109930
11853,SOUNDKIT,353440,0,109930
11854,SOUNDKIT,353441,0,109930
11855,SOUNDKIT,353463,0,109930
11856,SOUNDKIT,353464,0,109930
11857,SOUNDKIT,353465,0,109930
11858,SOUNDKIT,353771,0,109930
11859,SOUNDKIT,353772,0,109930
11860,SOUNDKIT,353840,0,109930
11861,SOUNDKIT,353844,0,109930
11862,SOUNDKIT,353858,0,109930
11863,SOUNDKIT,353887,0,109930
11864,SOUNDKIT,353888,0,109930
11865,SOUNDKIT,353896,0,109930
11866,SOUNDKIT,353897,0,109930
11867,SOUNDKIT,353898,0,109930
11868,SOUNDKIT,356722,0,109930
11869,SOUNDKIT,356728,0,109930
11870,SOUNDKIT,359825,0,109930
11871,SOUNDKIT,359827,0,109930
11872,SOUNDKIT,359828,0,109930
11873,SOUNDKIT,359834,0,109930
11874,SOUNDKIT,359835,0,109930
11875,SOUNDKIT,363136,0,109930
11876,SOUNDKIT,363137,0,109930
11877,SOUNDKIT,363138,0,109930
11878,SOUNDKIT,363139,0,109930
11879,SOUNDKIT,363140,0,109930
11880,SOUNDKIT,363151,0,109930
11881,SOUNDKIT,363164,0,109930
11882,SOUNDKIT,363165,0,109930
11883,SOUNDKIT,363166,0,109930
11884,SOUNDKIT,363167,0,109930
11885,SOUNDKIT,363193,0,109930
11886,SOUNDKIT,363194,0,109930
11887,SOUNDKIT,363195,0,109930
11888,SOUNDKIT,363196,0,109930
11889,SOUNDKIT,363197,0,109930
11890,SOUNDKIT,363198,0,109930
11891,SOUNDKIT,363199,0,109930
11892,SOUNDKIT,363200,0,109930
11893,SOUNDKIT,363204,0,109930
11894,SOUNDKIT,363206,0,109930
11895,SOUNDKIT,363207,0,109930
11896,SOUNDKIT,363208,0,109930
11897,SOUNDKIT,363225,0,109930
11898,SOUNDKIT,363226,0,109930
11899,SOUNDKIT,363229,0,109930
11900,SOUNDKIT,363234,0,109930
11901,SOUNDKIT,363235,0,109930
11902,SOUNDKIT,363240,0,109930
11903,SOUNDKIT,363241,0,109930
11904,SOUNDKIT,363248,0,109930
11905,SOUNDKIT,363249,0,109930
11906,SOUNDKIT,363287,0,109930
11907,SOUNDKIT,363296,0,109930
11908,SOUNDKIT,363297,0,109930
11909,SOUNDKIT,363305,0,109930
11910,SOUNDKIT,363306,0,109930
11911,SOUNDKIT,363328,0,109930
11912,SOUNDKIT,363329,0,109930
11913,SOUNDKIT,363336,0,109930
11914,SOUNDKIT,363338,0,109930
11915,SOUNDKIT,363339,0,109930
11916,SOUNDKIT,363343,0,109930
11917,SOUNDKIT,363353,0,109930
11918,SOUNDKIT,363365,0,109930
11919,SOUNDKIT,363366,0,109930
11920,SOUNDKIT,363370,0,109930
11921,SOUNDKIT,363371,0,109930
11922,SOUNDKIT,363372,0,109930
11923,SOUNDKIT,363373,0,109930
11924,SOUNDKIT,363383,0,109930
11925,SOUNDKIT,363384,0,109930
11926,SOUNDKIT,363385,0,109930
11927,SOUNDKIT,363386,0,109930
11928,SOUNDKIT,367567,0,109930
11929,SOUNDKIT,367573,0,109930
11930,SOUNDKIT,367577,0,109930
11931,SOUNDKIT,367582,0,109930
11932,SOUNDKIT,367618,0,109930
11933,SOUNDKIT,367640,0,109930
11934,SOUNDKIT,367641,0,109930
11935,SOUNDKIT,367642,0,109930
11936,SOUNDKIT,367645,0,109930
11937,SOUNDKIT,367646,0,109930
11938,SOUNDKITADVANCED,331164,0,109930
11939,SOUNDKITADVANCED,331170,0,109930
11940,SOUNDKITADVANCED,331174,0,109930
11941,SOUNDKITADVANCED,331179,0,109930
11942,SOUNDKITADVANCED,331215,0,109930
11943,SOUNDKITADVANCED,331233,0,109930
11944,SOUNDKITADVANCED,331234,0,109930
11945,SOUNDKITADVANCED,331237,0,109930
11946,SOUNDKITADVANCED,331238,0,109930
11947,SOUNDKITCHILD,49039,0,109930
11948,SOUNDKITCHILD,49041,0,109930
11949,SOUNDKITENTRY,1687904,0,109930
11950,SOUNDKITENTRY,1687905,0,109930
11951,SOUNDKITENTRY,1687906,0,109930
11952,SOUNDKITENTRY,1687907,0,109930
11953,SOUNDKITENTRY,1687957,0,109930
11954,SOUNDKITENTRY,1687958,0,109930
11955,SOUNDKITENTRY,1687959,0,109930
11956,SOUNDKITENTRY,1687960,0,109930
11957,SOUNDKITENTRY,1687961,0,109930
11958,SOUNDKITENTRY,1687962,0,109930
11959,SOUNDKITENTRY,1687963,0,109930
11960,SOUNDKITENTRY,1687974,0,109930
11961,SOUNDKITENTRY,1687975,0,109930
11962,SOUNDKITENTRY,1687976,0,109930
11963,SOUNDKITENTRY,1687977,0,109930
11964,SOUNDKITENTRY,1687978,0,109930
11965,SOUNDKITENTRY,1687979,0,109930
11966,SOUNDKITENTRY,1688002,0,109930
11967,SOUNDKITENTRY,1688185,0,109930
11968,SOUNDKITENTRY,1688186,0,109930
11969,SOUNDKITENTRY,1688187,0,109930
11970,SOUNDKITENTRY,1688188,0,109930
11971,SOUNDKITENTRY,1688306,0,109930
11972,SOUNDKITENTRY,1688307,0,109930
11973,SOUNDKITENTRY,1688308,0,109930
11974,SOUNDKITENTRY,1688309,0,109930
11975,SOUNDKITENTRY,1688310,0,109930
11976,SOUNDKITENTRY,1688311,0,109930
11977,SOUNDKITENTRY,1688312,0,109930
11978,SOUNDKITENTRY,1688313,0,109930
11979,SOUNDKITENTRY,1688314,0,109930
11980,SOUNDKITENTRY,1688315,0,109930
11981,SOUNDKITENTRY,1688316,0,109930
11982,SOUNDKITENTRY,1688317,0,109930
11983,SOUNDKITENTRY,1688318,0,109930
11984,SOUNDKITENTRY,1688319,0,109930
11985,SOUNDKITENTRY,1688333,0,109930
11986,SOUNDKITENTRY,1688334,0,109930
11987,SOUNDKITENTRY,1688335,0,109930
11988,SOUNDKITENTRY,1688336,0,109930
11989,SOUNDKITENTRY,1688337,0,109930
11990,SOUNDKITENTRY,1688338,0,109930
11991,SOUNDKITENTRY,1688339,0,109930
11992,SOUNDKITENTRY,1688340,0,109930
11993,SOUNDKITENTRY,1688341,0,109930
11994,SOUNDKITENTRY,1688342,0,109930
11995,SOUNDKITENTRY,1688343,0,109930
11996,SOUNDKITENTRY,1688344,0,109930
11997,SOUNDKITENTRY,1688345,0,109930
11998,SOUNDKITENTRY,1688346,0,109930
11999,SOUNDKITENTRY,1688347,0,109930
12000,SOUNDKITENTRY,1688348,0,109930
12001,SOUNDKITENTRY,1688349,0,109930
12002,SOUNDKITENTRY,1688350,0,109930
12003,SOUNDKITENTRY,1688351,0,109930
12004,SOUNDKITENTRY,1688352,0,109930
12005,SOUNDMIXGROUP,1209,0,109930
12006,SPELLVISUAL,190234,0,109930
12007,SPELLVISUAL,190235,0,109930
12008,SPELLVISUALEVENT,561446,0,109930
12009,SPELLVISUALEVENT,561447,0,109930
12010,SPELLVISUALEVENT,561448,0,109930
12011,SPELLVISUALEVENT,561449,0,109930
12012,SPELLVISUALEVENT,561450,0,109930
12013,SPELLVISUALEVENT,561454,0,109930
12014,SPELLVISUALKIT,278455,0,109930
12015,SPELLVISUALKIT,278456,0,109930
12016,SPELLVISUALKIT,278457,0,109930
12017,SPELLVISUALKIT,278461,0,109930
12018,SPELLVISUALKITEFFECT,763688,0,109930
12019,SPELLVISUALKITEFFECT,763689,0,109930
12020,SPELLVISUALKITEFFECT,788156,0,109930
12021,SPELLVISUALKITEFFECT,788158,0,109930
12022,SPELLVISUALKITEFFECT,788161,0,109930
12023,SPELLVISUALKITEFFECT,788162,0,109930
12024,SPELLVISUALKITEFFECT,788164,0,109930
12025,SPELLVISUALKITEFFECT,788169,0,109930
12026,SPELLVISUALKITEFFECT,788170,0,109930
12027,SPELLVISUALKITEFFECT,788205,0,109930
12028,SPELLVISUALKITEFFECT,788207,0,109930
12029,SPELLVISUALKITEFFECT,788247,0,109930
12030,SPELLVISUALKITEFFECT,788253,0,109930
12031,SPELLVISUALKITEFFECT,788256,0,109930
12032,SPELLXSPELLVISUAL,522850,0,109930
12033,SPELLXSPELLVISUAL,522852,0,109930
12034,CREATURE,261503,0,110230
12035,CREATUREDISPLAYINFO,143008,0,110230
12036,CREATUREDISPLAYINFO,147676,0,110230
12037,CREATUREXDISPLAYINFO,655251,0,110230
12038,CREATUREXDISPLAYINFO,682028,0,110230
12039,SPELLEFFECT,737255,0,110367
12040,SPELLEFFECT,737256,0,110367
12041,SPELLEFFECT,737257,0,110367
12042,SPELLEFFECT,740242,0,110367
12043,SPELLEFFECT,740243,0,110367
12044,SPELLEFFECT,740244,0,110367
12045,SPELLMISC,343065,0,110367
12046,SPELLMISC,350191,0,110367
12047,SPELLMISC,350192,0,110367
12048,SPELLMISC,350193,0,110367
12049,SPELLMISC,350194,0,110367
12050,SPELLMISC,351882,0,110367
12051,WORLDSTATEACTION,109142,0,110367
12052,WORLDSTATEACTION,109143,0,110367
12053,WORLDSTATEACTIONSET,34077,0,110367
12054,SPELLEFFECT,1270075,0,110392
12055,SPELLEFFECT,1284166,0,110392
12056,SPELLEFFECT,1296383,0,110392
12057,SPELLEFFECT,1296384,0,110392
12058,SPELLEFFECT,1296385,0,110392
12059,SPELLEFFECT,1297021,0,110392
12060,SPELLEFFECT,1297035,0,110392
12061,SPELLEFFECT,1297036,0,110392
12062,SPELLEFFECT,1315256,0,110392
12063,SPELLEFFECT,1315257,0,110392
12064,SPELLEFFECT,1334747,0,110392
12065,SPELLEFFECT,1344608,0,110392
12066,SPELLEFFECT,1344609,0,110392
12067,SPELLEFFECT,1344610,0,110392
12068,SPELLEFFECT,1344683,0,110392
12069,SPELLEFFECT,1344684,0,110392
12070,SPELLEFFECT,1344685,0,110392
12071,SPELLEFFECT,1347388,0,110392
12072,SPELLEFFECT,1347389,0,110392
12073,SPELLEFFECT,1347390,0,110392
12074,SPELLEFFECT,1347391,0,110392
12075,SPELLEFFECT,1347392,0,110392
12076,SPELLEFFECT,1347393,0,110392
12077,SPELLEFFECT,1347394,0,110392
12078,SPELLEFFECT,1347395,0,110392
12079,SPELLEFFECT,1347396,0,110392
12080,SPELLEFFECT,1347397,0,110392
12081,SPELLMISC,859792,0,110392
12082,SPELLMISC,861430,0,110392
12083,SPELLEFFECT,1185918,0,110443
12084,BEAMEFFECT,9355,0,110447
12085,CREATURE,268317,0,110447
12086,CREATUREDIFFICULTY,351915,0,110447
12087,CREATUREDISPLAYINFO,147718,0,110447
12088,CREATUREDISPLAYINFOGEOSETDATA,133713,0,110447
12089,CREATUREDISPLAYINFOGEOSETDATA,133714,0,110447
12090,CREATUREXDISPLAYINFO,670350,0,110447
12091,CURVE,114672,0,110447
12092,CURVE,114674,0,110447
12093,CURVE,114675,0,110447
12094,CURVE,114676,0,110447
12095,CURVE,114677,0,110447
12096,CURVE,114678,0,110447
12097,CURVE,114679,0,110447
12098,CURVEPOINT,340992,0,110447
12099,CURVEPOINT,340993,0,110447
12100,CURVEPOINT,340994,0,110447
12101,CURVEPOINT,340995,0,110447
12102,CURVEPOINT,340996,0,110447
12103,CURVEPOINT,340997,0,110447
12104,CURVEPOINT,340998,0,110447
12105,CURVEPOINT,341003,0,110447
12106,CURVEPOINT,341004,0,110447
12107,CURVEPOINT,341005,0,110447
12108,CURVEPOINT,341006,0,110447
12109,CURVEPOINT,341007,0,110447
12110,CURVEPOINT,341008,0,110447
12111,CURVEPOINT,341009,0,110447
12112,CURVEPOINT,341010,0,110447
12113,CURVEPOINT,341011,0,110447
12114,CURVEPOINT,341012,0,110447
12115,SOUNDENVELOPE,13100,0,110447
12116,SOUNDENVELOPE,13101,0,110447
12117,SOUNDENVELOPE,13102,0,110447
12118,SOUNDENVELOPE,13103,0,110447
12119,SOUNDENVELOPE,13104,0,110447
12120,SOUNDKIT,368680,0,110447
12121,SOUNDKIT,368681,0,110447
12122,SOUNDKIT,368684,0,110447
12123,SOUNDKIT,368685,0,110447
12124,SOUNDKIT,368689,0,110447
12125,SOUNDKIT,368696,0,110447
12126,SOUNDKIT,368697,0,110447
12127,SOUNDKIT,368700,0,110447
12128,SOUNDKIT,368701,0,110447
12129,SOUNDKIT,368703,0,110447
12130,SOUNDKIT,368704,0,110447
12131,SOUNDKIT,368705,0,110447
12132,SOUNDKIT,368706,0,110447
12133,SOUNDKIT,368707,0,110447
12134,SOUNDKIT,368708,0,110447
12135,SOUNDKIT,368712,0,110447
12136,SOUNDKIT,368713,0,110447
12137,SOUNDKIT,368714,0,110447
12138,SOUNDKITADVANCED,326966,0,110447
12139,SOUNDKITADVANCED,332261,0,110447
12140,SOUNDKITADVANCED,332262,0,110447
12141,SOUNDKITADVANCED,332265,0,110447
12142,SOUNDKITADVANCED,332266,0,110447
12143,SOUNDKITADVANCED,332269,0,110447
12144,SOUNDKITADVANCED,332276,0,110447
12145,SOUNDKITADVANCED,332277,0,110447
12146,SOUNDKITADVANCED,332280,0,110447
12147,SOUNDKITADVANCED,332281,0,110447
12148,SOUNDKITADVANCED,332283,0,110447
12149,SOUNDKITADVANCED,332284,0,110447
12150,SOUNDKITADVANCED,332285,0,110447
12151,SOUNDKITADVANCED,332286,0,110447
12152,SOUNDKITADVANCED,332287,0,110447
12153,SOUNDKITADVANCED,332288,0,110447
12154,SOUNDKITADVANCED,332292,0,110447
12155,SOUNDKITADVANCED,332293,0,110447
12156,SOUNDKITADVANCED,332294,0,110447
12157,SOUNDKITCHILD,49453,0,110447
12158,SOUNDKITCHILD,49454,0,110447
12159,SOUNDKITCHILD,49456,0,110447
12160,SOUNDKITENTRY,1695770,0,110447
12161,SOUNDKITENTRY,1695771,0,110447
12162,SOUNDKITENTRY,1695772,0,110447
12163,SOUNDKITENTRY,1695783,0,110447
12164,SOUNDKITENTRY,1695784,0,110447
12165,SOUNDKITENTRY,1695785,0,110447
12166,SOUNDKITENTRY,1695786,0,110447
12167,SOUNDKITENTRY,1695787,0,110447
12168,SOUNDKITENTRY,1695821,0,110447
12169,SOUNDKITENTRY,1695822,0,110447
12170,SOUNDKITENTRY,1695823,0,110447
12171,SOUNDKITENTRY,1695824,0,110447
12172,SOUNDKITENTRY,1695825,0,110447
12173,SOUNDKITENTRY,1695826,0,110447
12174,SOUNDKITENTRY,1695827,0,110447
12175,SOUNDKITENTRY,1695828,0,110447
12176,SOUNDKITENTRY,1695829,0,110447
12177,SOUNDKITENTRY,1695830,0,110447
12178,SOUNDKITENTRY,1695834,0,110447
12179,SOUNDKITENTRY,1695835,0,110447
12180,SOUNDKITENTRY,1695836,0,110447
12181,SOUNDKITENTRY,1695882,0,110447
12182,SOUNDKITENTRY,1695883,0,110447
12183,SOUNDKITENTRY,1695884,0,110447
12184,SOUNDKITENTRY,1695885,0,110447
12185,SOUNDKITENTRY,1695886,0,110447
12186,SOUNDKITENTRY,1695887,0,110447
12187,SOUNDKITENTRY,1695888,0,110447
12188,SOUNDKITENTRY,1695895,0,110447
12189,SOUNDKITENTRY,1695896,0,110447
12190,SOUNDKITENTRY,1695897,0,110447
12191,SOUNDKITENTRY,1695898,0,110447
12192,SOUNDKITENTRY,1695899,0,110447
12193,SOUNDKITENTRY,1695900,0,110447
12194,SOUNDKITENTRY,1695901,0,110447
12195,SOUNDKITENTRY,1695902,0,110447
12196,SOUNDKITENTRY,1695903,0,110447
12197,SOUNDKITENTRY,1695904,0,110447
12198,SOUNDKITENTRY,1695908,0,110447
12199,SOUNDKITENTRY,1695909,0,110447
12200,SOUNDKITENTRY,1695910,0,110447
12201,SOUNDKITENTRY,1695911,0,110447
12202,SOUNDKITENTRY,1695912,0,110447
12203,SOUNDKITENTRY,1695913,0,110447
12204,SOUNDKITENTRY,1695914,0,110447
12205,SOUNDKITENTRY,1695915,0,110447
12206,SOUNDKITENTRY,1695916,0,110447
12207,SOUNDKITENTRY,1695917,0,110447
12208,SOUNDKITENTRY,1695918,0,110447
12209,SOUNDKITENTRY,1695919,0,110447
12210,SOUNDKITENTRY,1695920,0,110447
12211,SOUNDKITENTRY,1695921,0,110447
12212,SOUNDKITENTRY,1695922,0,110447
12213,SOUNDKITENTRY,1695923,0,110447
12214,SOUNDKITENTRY,1695924,0,110447
12215,SOUNDKITENTRY,1695925,0,110447
12216,SOUNDKITENTRY,1695926,0,110447
12217,SOUNDKITENTRY,1695927,0,110447
12218,SOUNDKITENTRY,1695928,0,110447
12219,SOUNDKITENTRY,1695929,0,110447
12220,SOUNDKITENTRY,1695930,0,110447
12221,SOUNDKITENTRY,1695931,0,110447
12222,SOUNDKITENTRY,1695932,0,110447
12223,SOUNDKITENTRY,1695933,0,110447
12224,SOUNDKITENTRY,1695934,0,110447
12225,SOUNDKITENTRY,1695935,0,110447
12226,SOUNDKITENTRY,1695936,0,110447
12227,SOUNDKITENTRY,1695937,0,110447
12228,SOUNDKITENTRY,1695938,0,110447
12229,SOUNDKITENTRY,1695969,0,110447
12230,SOUNDKITENTRY,1695970,0,110447
12231,SOUNDKITENTRY,1695971,0,110447
12232,SOUNDKITENTRY,1695972,0,110447
12233,SOUNDKITENTRY,1695973,0,110447
12234,SOUNDKITENTRY,1695974,0,110447
12235,SOUNDKITENTRY,1695975,0,110447
12236,SOUNDKITENTRY,1695976,0,110447
12237,SOUNDKITENTRY,1695977,0,110447
12238,SOUNDKITENTRY,1695978,0,110447
12239,SOUNDKITENTRY,1695979,0,110447
12240,SOUNDKITENTRY,1695980,0,110447
12241,SOUNDKITENTRY,1695981,0,110447
12242,SOUNDKITENTRY,1695982,0,110447
12243,SOUNDKITENTRY,1695983,0,110447
12244,SOUNDKITENTRY,1695984,0,110447
12245,SOUNDKITENTRY,1695985,0,110447
12246,SOUNDKITENTRY,1695986,0,110447
12247,SOUNDKITENTRY,1695987,0,110447
12248,SOUNDKITENTRY,1695988,0,110447
12249,SOUNDKITENTRY,1695989,0,110447
12250,SOUNDKITENTRY,1695990,0,110447
12251,SOUNDKITENTRY,1695991,0,110447
12252,SOUNDKITENTRY,1695992,0,110447
12253,SOUNDKITENTRY,1695993,0,110447
12254,SOUNDKITENTRY,1695994,0,110447
12255,SOUNDKITENTRY,1695995,0,110447
12256,SOUNDKITENTRY,1695996,0,110447
12257,SOUNDKITENTRY,1695997,0,110447
12258,SOUNDKITENTRY,1695998,0,110447
12259,SOUNDKITENTRY,1695999,0,110447
12260,SOUNDKITENTRY,1696000,0,110447
12261,SOUNDKITENTRY,1696001,0,110447
12262,SPELLCHAINEFFECTS,9361,0,110447
12263,SPELLVISUAL,181203,0,110447
12264,SPELLVISUAL,190759,0,110447
12265,SPELLVISUALANIM,435059,0,110447
12266,SPELLVISUALEVENT,562413,0,110447
12267,SPELLVISUALEVENT,562419,0,110447
12268,SPELLVISUALKIT,279266,0,110447
12269,SPELLVISUALKIT,279271,0,110447
12270,SPELLVISUALKITEFFECT,763346,0,110447
12271,SPELLVISUALKITEFFECT,763348,0,110447
12272,SPELLVISUALKITEFFECT,763353,0,110447
12273,SPELLVISUALKITEFFECT,763822,0,110447
12274,SPELLVISUALKITEFFECT,763824,0,110447
12275,SPELLVISUALKITEFFECT,766202,0,110447
12276,SPELLVISUALKITEFFECT,766209,0,110447
12277,SPELLVISUALKITEFFECT,766212,0,110447
12278,SPELLVISUALKITEFFECT,767130,0,110447
12279,SPELLVISUALKITEFFECT,767132,0,110447
12280,SPELLVISUALKITEFFECT,767670,0,110447
12281,SPELLVISUALKITEFFECT,768698,0,110447
12282,SPELLVISUALKITEFFECT,781239,0,110447
12283,SPELLVISUALKITEFFECT,790277,0,110447
12284,SPELLVISUALKITEFFECT,790284,0,110447
12285,SPELLVISUALKITEFFECT,790285,0,110447
12286,SPELLVISUALKITEFFECT,790286,0,110447
12287,SPELLVISUALKITEFFECT,790287,0,110447
12288,SPELLVISUALKITEFFECT,790295,0,110447
12289,SPELLVISUALKITEFFECT,790297,0,110447
12290,SPELLVISUALKITEFFECT,790299,0,110447
12291,SPELLVISUALKITEFFECT,790300,0,110447
12292,SPELLVISUALKITEFFECT,790308,0,110447
12293,SPELLVISUALKITEFFECT,790310,0,110447
12294,SPELLVISUALKITEFFECT,790315,0,110447
12295,SPELLVISUALKITEFFECT,790320,0,110447
12296,SPELLVISUALKITEFFECT,790321,0,110447
12297,SPELLVISUALKITEFFECT,790323,0,110447
12298,SPELLVISUALKITEFFECT,790326,0,110447
12299,SPELLVISUALKITEFFECT,790331,0,110447
12300,SPELLVISUALKITEFFECT,790333,0,110447
12301,SPELLVISUALKITMODELATTACH,638573,0,110447
12302,SPELLXSPELLVISUAL,254795,0,110447
12303,EDGEGLOWEFFECT,7726,0,110561
12304,SPELLTARGETRESTRICTIONS,348423,0,110561
12305,SPELLVISUALEFFECTNAME,46765,0,110561
12306,SPELLVISUALEFFECTNAME,57160,0,110561
12307,SPELLVISUALEFFECTNAME,57621,0,110561
12308,SPELLVISUALKITEFFECT,729514,0,110561
12309,SPELLVISUALKITEFFECT,729516,0,110561
12310,SPELLVISUALKITEFFECT,729562,0,110561
12311,SPELLVISUALKITEFFECT,729564,0,110561
12312,SPELLVISUALKITEFFECT,729573,0,110561
12313,SPELLVISUALKITEFFECT,790503,0,110561
12314,SPELLVISUALKITMODELATTACH,609739,0,110561
12315,SPELLVISUALKITMODELATTACH,609760,0,110561
12316,SPELLVISUALKITMODELATTACH,609763,0,110561
12317,SPELLVISUALKITMODELATTACH,609764,0,110561
12318,SPELLVISUALKITMODELATTACH,609765,0,110561
12319,SPELLVISUALKITMODELATTACH,609767,0,110561
12320,SPELLVISUALKITMODELATTACH,609768,0,110561
12321,SPELLVISUALKITMODELATTACH,609781,0,110561
12322,SPELLVISUALKITMODELATTACH,609783,0,110561
12323,SPELLVISUALKITMODELATTACH,609784,0,110561
12324,SPELLVISUALKITMODELATTACH,609785,0,110561
12325,SPELLVISUALKITMODELATTACH,609786,0,110561
12326,SPELLVISUALKITMODELATTACH,609787,0,110561
12327,SPELLVISUALKITMODELATTACH,609788,0,110561
12328,SPELLVISUALKITMODELATTACH,609789,0,110561
12329,SPELLVISUALKITMODELATTACH,609790,0,110561
12330,SPELLVISUALKITMODELATTACH,609791,0,110561
12331,SPELLVISUALKITMODELATTACH,611471,0,110561
12332,SPELLVISUALKITMODELATTACH,611472,0,110561
12333,SPELLVISUALKITMODELATTACH,611480,0,110561
12334,SPELLVISUALKITMODELATTACH,629821,0,110561
12335,SPELLVISUALKITMODELATTACH,629822,0,110561
12336,SPELLVISUALKITMODELATTACH,638656,0,110561
12337,SPELLSCRIPTTEXT,29016,0,110592
12338,SPELLSCRIPTTEXT,29017,0,110592
12339,SPELLSCRIPTTEXT,29347,0,110592
12340,SPELLMISC,859792,0,110602
12341,SPELLMISC,861430,0,110602
12342,AREATRIGGERACTION,72367,0,110688
12343,AREATRIGGERACTION,74150,0,110688
12344,GOSSIP,33367,0,110691
12345,GOSSIPHEADER,147254,0,110691
12346,GOSSIPHEADERXGOSSIPOPTION,274843,0,110691
12347,GOSSIPOPTION,142313,0,110691
12348,MODIFIERTREE,463065,0,110691
12349,MODIFIERTREE,463066,0,110691
12350,MODIFIERTREE,463067,0,110691
12351,MODIFIERTREE,463068,0,110691
12352,MODIFIERTREE,463069,0,110691
12353,MODIFIERTREE,463070,0,110691
12354,PHASE,30224,0,110691
12355,PLAYERCONDITION,163226,0,110691
12356,SPAWNEVENT,5349492,0,110691
12357,SPAWNGROUP,3343534,0,110691
12358,SPAWNLOC,5246035,0,110691
12359,SPAWNOBJECT,8288939,0,110691
12360,SPAWNREGION,182437,0,110691
12361,SPAWNSQUAD,5522375,0,110691
12362,SPELL,1302872,0,110694
12363,SPELLEFFECT,1328582,0,110694
12364,SPELLEFFECT,1348191,0,110694
12365,SPELLMISC,849892,0,110694
12366,SPELLTARGETRESTRICTIONS,355828,0,110694
12367,SPELLCOOLDOWNS,100337,0,110697
12368,SPELLEFFECT,1328328,0,110697
12369,SPELLEFFECT,1328332,0,110697
12370,SPELLEFFECT,1328339,0,110697
12371,SPELLMISC,849710,0,110697
12372,AI_GROUPACTIONSET,1199239,0,110679
12373,AI_GROUPACTIONSET,1212007,0,110679
12374,AI_TRIGGERACTION,224425,0,110679
12375,AI_TRIGGERACTION,224849,0,110679
12376,AI_TRIGGERACTION,224850,0,110679
12377,AI_TRIGGERACTIONSET,77960,0,110679
12378,AI_TRIGGERACTIONSET,79207,0,110679
12379,AREATRIGGERCREATEPROPERTIES,44814,0,110679
12380,BEAMEFFECT,9642,0,110679
12381,CAMERAEFFECT,1333,0,110679
12382,CAMERAEFFECTENTRY,2062,0,110679
12383,CAMERAEFFECTENTRY,2063,0,110679
12384,CREATUREDIFFICULTY,142530,0,110679
12385,CREATUREDIFFICULTY,214686,0,110679
12386,CREATUREDIFFICULTY,214938,0,110679
12387,CREATUREDIFFICULTY,215918,0,110679
12388,CREATUREDIFFICULTY,216897,0,110679
12389,CREATUREDIFFICULTY,226048,0,110679
12390,CREATUREDIFFICULTY,226347,0,110679
12391,CREATUREDIFFICULTY,346969,0,110679
12392,CREATURESPELLDATA,41711,0,110679
12393,CREATURESPELLDATA,42257,0,110679
12394,CREATURESPELLDATA,50004,0,110679
12395,CREATURESPELLDATA,50024,0,110679
12396,CREATURESPELLDATA,50194,0,110679
12397,CREATURESPELLDATA,51267,0,110679
12398,CREATURESPELLDATA,51268,0,110679
12399,CRITERIATREE,224246,0,110679
12400,CURVE,115005,0,110679
12401,CURVE,115006,0,110679
12402,CURVEPOINT,341837,0,110679
12403,CURVEPOINT,341838,0,110679
12404,CURVEPOINT,341839,0,110679
12405,CURVEPOINT,341840,0,110679
12406,CURVEPOINT,341841,0,110679
12407,CURVEPOINT,341842,0,110679
12408,CURVEPOINT,341843,0,110679
12409,CURVEPOINT,341844,0,110679
12410,JOURNALENCOUNTERSECTION,36421,0,110679
12411,JOURNALENCOUNTERSECTION,36422,0,110679
12412,JOURNALENCOUNTERSECTION,37036,0,110679
12413,JOURNALENCOUNTERSECTION,37098,0,110679
12414,JOURNALENCOUNTERSECTION,37099,0,110679
12415,JOURNALENCOUNTERSECTION,37100,0,110679
12416,MAPCHALLENGEMODE,250,0,110679
12417,MYTHICPLUSSEASONTRACKEDMAP,285,0,110679
12418,SPAWNEVENT,4106446,0,110679
12419,SPAWNGROUP,3312100,0,110679
12420,SPAWNGROUP,3312102,0,110679
12421,SPAWNGROUP,3312169,0,110679
12422,SPAWNLOC,3872997,0,110679
12423,SPAWNLOC,3878307,0,110679
12424,SPAWNLOC,3880404,0,110679
12425,SPAWNLOC,3888095,0,110679
12426,SPAWNLOC,3944663,0,110679
12427,SPAWNLOC,5209839,0,110679
12428,SPAWNOBJECT,8244705,0,110679
12429,SPAWNPATHNODE,3554196,0,110679
12430,SPAWNPATHNODE,3554197,0,110679
12431,SPAWNSQUAD,5486522,0,110679
12432,SPAWNSQUAD,5486524,0,110679
12433,SPELL,1293307,0,110679
12434,SPELL,1314082,0,110679
12435,SPELL,1314090,0,110679
12436,SPELL,1314091,0,110679
12437,SPELL,1315798,0,110679
12438,SPELL,1315876,0,110679
12439,SPELLCATEGORIES,188394,0,110679
12440,SPELLEFFECT,1030600,0,110679
12441,SPELLEFFECT,1031014,0,110679
12442,SPELLEFFECT,1039011,0,110679
12443,SPELLEFFECT,1313868,0,110679
12444,SPELLEFFECT,1318477,0,110679
12445,SPELLEFFECT,1325759,0,110679
12446,SPELLEFFECT,1325775,0,110679
12447,SPELLEFFECT,1327849,0,110679
12448,SPELLEFFECT,1328513,0,110679
12449,SPELLEFFECT,1328631,0,110679
12450,SPELLEFFECT,1329616,0,110679
12451,SPELLEFFECT,1334983,0,110679
12452,SPELLEFFECT,1335581,0,110679
12453,SPELLEFFECT,1336494,0,110679
12454,SPELLEFFECT,1336495,0,110679
12455,SPELLEFFECT,1339865,0,110679
12456,SPELLEFFECT,1340222,0,110679
12457,SPELLEFFECT,1340223,0,110679
12458,SPELLEFFECT,1343671,0,110679
12459,SPELLEFFECT,1348265,0,110679
12460,SPELLEFFECT,1348266,0,110679
12461,SPELLEFFECT,1348267,0,110679
12462,SPELLEFFECT,1348268,0,110679
12463,SPELLEFFECT,1348430,0,110679
12464,SPELLINTERRUPTS,248659,0,110679
12465,SPELLMISC,631685,0,110679
12466,SPELLMISC,642734,0,110679
12467,SPELLMISC,840736,0,110679
12468,SPELLMISC,848045,0,110679
12469,SPELLMISC,858506,0,110679
12470,SPELLMISC,860442,0,110679
12471,SPELLMISC,861982,0,110679
12472,SPELLMISC,862059,0,110679
12473,SPELLSCRIPT,129486,0,110679
12474,SPELLSCRIPT,131723,0,110679
12475,SPELLSCRIPT,132515,0,110679
12476,SPELLTARGETFILTER,4094,0,110679
12477,SPELLTARGETFILTERRULE,8311,0,110679
12478,SPELLTARGETFILTERRULE,8703,0,110679
12479,SPELLTARGETFILTERRULE,8704,0,110679
12480,SPELLTARGETFILTERRULE,8705,0,110679
12481,SPELLTARGETFILTERRULE,8706,0,110679
12482,SPELLTARGETRESTRICTIONS,351768,0,110679
12483,SPELLTARGETRESTRICTIONS,353472,0,110679
12484,SPELLTARGETRESTRICTIONS,355144,0,110679
12485,SPELLTARGETRESTRICTIONS,355851,0,110679
12486,SPELLVISUAL,181462,0,110679
12487,SPELLVISUAL,185696,0,110679
12488,SPELLVISUAL,190286,0,110679
12489,SPELLVISUAL,190961,0,110679
12490,SPELLVISUALANIM,434808,0,110679
12491,SPELLVISUALEFFECTNAME,57642,0,110679
12492,SPELLVISUALEVENT,544650,0,110679
12493,SPELLVISUALEVENT,558725,0,110679
12494,SPELLVISUALEVENT,562843,0,110679
12495,SPELLVISUALEVENT,562883,0,110679
12496,SPELLVISUALEVENT,562906,0,110679
12497,SPELLVISUALKIT,279619,0,110679
12498,SPELLVISUALKIT,279646,0,110679
12499,SPELLVISUALKITEFFECT,788424,0,110679
12500,SPELLVISUALKITEFFECT,791178,0,110679
12501,SPELLVISUALKITEFFECT,791240,0,110679
12502,SPELLVISUALKITEFFECT,791257,0,110679
12503,SPELLVISUALKITMODELATTACH,625744,0,110679
12504,SPELLVISUALKITMODELATTACH,637647,0,110679
12505,SPELLVISUALKITMODELATTACH,639022,0,110679
12506,SPELLVISUALKITMODELATTACH,639064,0,110679
12507,SPELLVISUALMISSILE,29671,0,110679
12508,SPELLVISUALMISSILE,29860,0,110679
12509,SPELLVISUALMISSILESET,24901,0,110679
12510,SPELLXSPELLVISUAL,532308,0,110679
12511,SPELLXSPELLVISUAL,532355,0,110679
12512,SPELLXSPELLVISUAL,532403,0,110679
12513,VEHICLESEAT,18924,0,110679
12514,AREATRIGGERCREATEPROPERTIES,38197,0,110708
12515,AREATRIGGERCREATEPROPERTIES,40278,0,110708
12516,AREATRIGGERCREATEPROPERTIES,44297,0,110708
12517,AREATRIGGERCYLINDER,1698,0,110708
12518,CREATUREDISPLAYINFO,137564,0,110708
12519,CREATURESPELLDATA,33059,0,110708
12520,MAPCHALLENGEMODE,584,0,110708
12521,MAPTRANSFERLOCATIONS,1003,0,110708
12522,MAPTRANSFERLOCATIONS,1051,0,110708
12523,MAPTRANSFERLOCATIONS,1093,0,110708
12524,MYTHICPLUSSEASONTRACKEDMAP,287,0,110708
12525,SPAWNEVENT,5350055,0,110708
12526,SPAWNEVENT,5350056,0,110708
12527,SPAWNGROUP,3262953,0,110708
12528,SPAWNGROUP,3344066,0,110708
12529,SPAWNGROUP,3344067,0,110708
12530,SPAWNLOC,5246904,0,110708
12531,SPAWNLOC,5246905,0,110708
12532,SPAWNOBJECT,8289882,0,110708
12533,SPAWNOBJECT,8289883,0,110708
12534,SPAWNSQUAD,5522939,0,110708
12535,SPAWNSQUAD,5522940,0,110708
12536,SPELLEFFECT,714623,0,110708
12537,SPELLEFFECT,1277186,0,110708
12538,SPELLEFFECT,1322762,0,110708
12539,SPELLEFFECT,1322763,0,110708
12540,SPELLMISC,793381,0,110708
12541,SPELLMISC,846194,0,110708
12542,SPELLMISC,846195,0,110708
12543,SPELLPROCEDURALEFFECT,376918,0,110708
12544,SPELLPROCEDURALEFFECT,376920,0,110708
12545,SPELLPROCEDURALEFFECT,376921,0,110708
12546,SPELLPROCEDURALEFFECT,376922,0,110708
12547,SPELLVISUAL,190975,0,110708
12548,SPELLVISUAL,190985,0,110708
12549,SPELLVISUALEVENT,562863,0,110708
12550,SPELLVISUALEVENT,562881,0,110708
12551,SPELLVISUALEVENT,562901,0,110708
12552,SPELLVISUALKIT,279634,0,110708
12553,SPELLVISUALKIT,279644,0,110708
12554,SPELLVISUALKIT,279661,0,110708
12555,SPELLVISUALKITAREAMODEL,1309,0,110708
12556,SPELLVISUALKITAREAMODEL,1310,0,110708
12557,SPELLVISUALKITAREAMODEL,1311,0,110708
12558,SPELLVISUALKITEFFECT,791221,0,110708
12559,SPELLVISUALKITEFFECT,791248,0,110708
12560,SPELLVISUALKITEFFECT,791278,0,110708
12561,SPELLVISUALKITEFFECT,791281,0,110708
12562,SPELLVISUALKITMODELATTACH,576185,0,110708
12563,SPELLVISUALKITMODELATTACH,619000,0,110708
12564,SPELLVISUALKITMODELATTACH,634322,0,110708
12565,SPELLVISUALKITMODELATTACH,634323,0,110708
12566,SPELLVISUALKITMODELATTACH,634324,0,110708
12567,SPELLVISUALKITMODELATTACH,634325,0,110708
12568,SPELLVISUALKITMODELATTACH,634326,0,110708
12569,SPELLVISUALKITMODELATTACH,634327,0,110708
12570,SPELLVISUALKITMODELATTACH,638262,0,110708
12571,SPELLXSPELLVISUAL,532380,0,110708
12572,SPELLXSPELLVISUAL,532392,0,110708
12573,WORLDSAFELOCS,11450,0,110708
12574,WORLDSAFELOCS,11692,0,110708
12575,ENUMERATEDSTRING,25488,0,110718
12576,LFGDUNGEONS,3245,0,110718
12577,LFGDUNGEONS,3277,0,110718
12578,LFGDUNGEONS,3360,0,110718
12579,LFGDUNGEONS,3361,0,110718
12580,SPELLSCRIPT,129721,0,110718
12581,SPELLSCRIPT,130693,0,110718
12582,SPELLSCRIPT,130695,0,110718
12583,TACTENCRYPTION,8280,0,110751
12584,TIMEEVENT,3155,0,110751
12585,TIMEEVENTDATA,25854,0,110751
12586,TIMEEVENTDATA,25855,0,110751
12587,TIMEEVENTDATA,25856,0,110751
12588,TIMEEVENTDATA,25857,0,110751
12589,TIMEEVENTDATA,25858,0,110751
12590,TIMEEVENTDATA,25859,0,110751
12591,TIMEEVENTDATA,25860,0,110751
12592,TIMEEVENTDATA,25861,0,110751
12593,TIMEEVENTDATA,25862,0,110751
12594,TIMEEVENTDATA,25863,0,110751
12595,EXTERIORCOMPONENT,7258,0,110478
12596,EXTERIORCOMPONENT,7259,0,110478
12597,EXTERIORCOMPONENTEXITPOINT,648,0,110478
12598,EXTERIORCOMPONENTEXITPOINT,649,0,110478
12599,FILEDATA,7864253,0,110478
12600,FILEDATA,7864255,0,110478
12601,FILEDATA,7864256,0,110478
12602,FILEDATA,7864257,0,110478
12603,FILEDATA,7864258,0,110478
12604,FILEDATA,7864259,0,110478
12605,FILEDATA,7864264,0,110478
12606,FILEDATA,7864265,0,110478
12607,FILEDATA,7864266,0,110478
12608,FILEDATA,7864267,0,110478
12609,FILEDATA,7864275,0,110478
12610,FILEDATA,7864302,0,110478
12611,FILEDATA,7864303,0,110478
12612,FILEDATA,7864304,0,110478
12613,FILEDATA,7864305,0,110478
12614,FILEDATA,7864312,0,110478
12615,FILEDATA,7864314,0,110478
12616,FILEDATA,7864315,0,110478
12617,FILEDATA,7864316,0,110478
12618,FILEDATA,7864317,0,110478
12619,FILEDATA,7864324,0,110478
12620,FILEDATA,7864325,0,110478
12621,FILEDATA,7864345,0,110478
12622,FILEDATA,7864347,0,110478
12623,FILEDATA,7864349,0,110478
12624,FILEDATA,7864380,0,110478
12625,FILEDATA,7864381,0,110478
12626,FILEDATA,7864382,0,110478
12627,FILEDATA,7864383,0,110478
12628,FILEDATA,7864390,0,110478
12629,FILEDATA,7864391,0,110478
12630,FILEDATA,7864416,0,110478
12631,FILEDATA,7864444,0,110478
12632,FILEDATA,7864445,0,110478
12633,FILEDATA,7864446,0,110478
12634,FILEDATA,7864447,0,110478
12635,FILEDATA,7864448,0,110478
12636,FILEDATA,7864449,0,110478
12637,FILEDATA,7864450,0,110478
12638,FILEDATA,7864451,0,110478
12639,FILEDATA,7864464,0,110478
12640,FILEDATA,7864475,0,110478
12641,FILEDATA,7864476,0,110478
12642,FILEDATA,7864484,0,110478
12643,FILEDATA,7865292,0,110478
12644,FILEDATA,8015390,0,110478
12645,FILEDATA,8018234,0,110478
12646,FILEDATA,8018240,0,110478
12647,FILEDATA,8018828,0,110478
12648,FILEDATA,8018830,0,110478
12649,GAMEOBJECTDISPLAYINFO,129445,0,110478
12650,GAMEOBJECTDISPLAYINFO,129446,0,110478
12651,MODELFILEDATA,145812,0,110478
12652,MODELFILEDATA,145813,0,110478
12653,TEXTUREFILEDATA,2054120,0,110478
12654,TEXTUREFILEDATA,2054121,0,110478
12655,TEXTUREFILEDATA,2054122,0,110478
12656,TEXTUREFILEDATA,2054123,0,110478
12657,TEXTUREFILEDATA,2054124,0,110478
12658,TEXTUREFILEDATA,2054125,0,110478
12659,TEXTUREFILEDATA,2054151,0,110478
12660,TEXTUREFILEDATA,2054152,0,110478
12661,TEXTUREFILEDATA,2054153,0,110478
12662,TEXTUREFILEDATA,2054154,0,110478
12663,TEXTUREFILEDATA,2054155,0,110478
12664,TEXTUREFILEDATA,2054156,0,110478
12665,TEXTUREFILEDATA,2054166,0,110478
12666,TEXTUREFILEDATA,2054167,0,110478
12667,TEXTUREFILEDATA,2054168,0,110478
12668,TEXTUREFILEDATA,2054169,0,110478
12669,TEXTUREFILEDATA,2054170,0,110478
12670,TEXTUREFILEDATA,2054171,0,110478
12671,TEXTUREFILEDATA,2054178,0,110478
12672,TEXTUREFILEDATA,2054179,0,110478
12673,TEXTUREFILEDATA,2054180,0,110478
12674,TEXTUREFILEDATA,2054181,0,110478
12675,TEXTUREFILEDATA,2054182,0,110478
12676,TEXTUREFILEDATA,2054183,0,110478
12677,WMO,20934,0,110478
12678,WMO,20935,0,110478
12679,WMO,20936,0,110478
12680,WMO,20937,0,110478
12681,WMO,20938,0,110478
12682,WMO,20939,0,110478
12683,WMOGROUP,83491,0,110478
12684,WMOGROUP,83492,0,110478
12685,WMOGROUP,83493,0,110478
12686,WMOGROUP,83494,0,110478
12687,WMOGROUP,83495,0,110478
12688,WMOGROUP,83496,0,110478
12689,GAMEOBJECTS,670640,1,110709
12690,GAMEOBJECTS,670641,1,110709
12691,GAMEOBJECTS,670642,1,110709
12692,GAMEOBJECTS,679038,1,110709
12693,GAMEOBJECTS,679039,1,110709
12694,GAMEOBJECTS,679040,1,110709
12695,QUESTOBJECTIVE,466817,1,110709
12696,QUESTOBJECTIVE,466819,1,110709
12697,QUESTOBJECTIVE,466871,1,110709
12698,SPAWNEVENT,5349589,1,110709
12699,SPAWNEVENT,5349590,1,110709
12700,SPAWNEVENT,5349591,1,110709
12701,SPAWNGROUP,3343617,1,110709
12702,SPAWNGROUP,3343618,1,110709
12703,SPAWNGROUP,3343619,1,110709
12704,SPAWNLOC,5246144,1,110709
12705,SPAWNLOC,5246145,1,110709
12706,SPAWNLOC,5246146,1,110709
12707,SPAWNOBJECT,8289048,1,110709
12708,SPAWNOBJECT,8289049,1,110709
12709,SPAWNOBJECT,8289050,1,110709
12710,SPAWNREGION,182441,1,110709
12711,SPAWNREGION,182442,1,110709
12712,SPAWNSQUAD,5522458,1,110709
12713,SPAWNSQUAD,5522459,1,110709
12714,SPAWNSQUAD,5522460,1,110709
12715,SPELLSCRIPT,100018,0,110162
12716,SPELLSCRIPTTEXT,26845,0,110162
12717,SPELLSCRIPTTEXT,26846,0,110162
12718,AREATRIGGERACTIONSET,44072,0,110235
12719,AREATRIGGERCREATEPROPERTIES,44275,0,110235
12720,SPELLSCRIPT,133533,0,110235
12721,SPELLSCRIPTTEXT,21222,0,110582
12722,SPELLSCRIPTTEXT,26858,0,110582
12723,SPELLSCRIPTTEXT,26859,0,110582
12724,SPELLSCRIPT,124265,0,110654
12725,DBDATA_M2CAMERA,51303,0,110671
12726,DBDATA_M2CAMERA,52530,0,110671
12727,DBDATA_M2CAMERA,52592,0,110671
12728,FILEDATA,4996289,0,110671
12729,FILEDATA,6163853,0,110671
12730,FILEDATA,6163854,0,110671
12731,FILEDATA,6164828,0,110671
12732,FILEDATA,6164829,0,110671
12733,FILEDATA,6175508,0,110671
12734,FILEDATA,6175509,0,110671
12735,FILEDATA,6195752,0,110671
12736,FILEDATA,6209346,0,110671
12737,FILEDATA,6209347,0,110671
12738,FILEDATA,6209348,0,110671
12739,FILEDATA,6209349,0,110671
12740,FILEDATA,6213445,0,110671
12741,FILEDATA,6253978,0,110671
12742,FILEDATA,6654736,0,110671
12743,FILEDATA,6661663,0,110671
12744,FILEDATA,6661694,0,110671
12745,FILEDATA,6661695,0,110671
12746,FILEDATA,6661699,0,110671
12747,FILEDATA,6786831,0,110671
12748,FILEDATA,6860323,0,110671
12749,FILEDATA,6870560,0,110671
12750,FILEDATA,6904679,0,110671
12751,FILEDATA,6904680,0,110671
12752,FILEDATA,6904682,0,110671
12753,FILEDATA,6904684,0,110671
12754,FILEDATA,6913994,0,110671
12755,FILEDATA,6913995,0,110671
12756,FILEDATA,6913996,0,110671
12757,FILEDATA,6914028,0,110671
12758,FILEDATA,6914030,0,110671
12759,FILEDATA,7193999,0,110671
12760,FILEDATA,7194000,0,110671
12761,FILEDATA,7194001,0,110671
12762,FILEDATA,7194002,0,110671
12763,FILEDATA,7214677,0,110671
12764,FILEDATA,7345549,0,110671
12765,FILEDATA,7357587,0,110671
12766,FILEDATA,7416529,0,110671
12767,FILEDATA,7416530,0,110671
12768,FILEDATA,7416531,0,110671
12769,FILEDATA,7416532,0,110671
12770,FILEDATA,7416565,0,110671
12771,FILEDATA,7416566,0,110671
12772,FILEDATA,7416567,0,110671
12773,FILEDATA,7416568,0,110671
12774,FILEDATA,7417197,0,110671
12775,FILEDATA,7417198,0,110671
12776,FILEDATA,7417199,0,110671
12777,FILEDATA,7417200,0,110671
12778,FILEDATA,7424023,0,110671
12779,FILEDATA,7424024,0,110671
12780,FILEDATA,7424025,0,110671
12781,FILEDATA,7424026,0,110671
12782,FILEDATA,7424027,0,110671
12783,FILEDATA,7424028,0,110671
12784,FILEDATA,7424029,0,110671
12785,FILEDATA,7424030,0,110671
12786,FILEDATA,7425515,0,110671
12787,FILEDATA,7425516,0,110671
12788,FILEDATA,7425517,0,110671
12789,FILEDATA,7425518,0,110671
12790,FILEDATA,7583062,0,110671
12791,FILEDATA,7583063,0,110671
12792,FILEDATA,7845201,0,110671
12793,FILEDATA,7845203,0,110671
12794,FILEDATA,7845204,0,110671
12795,FILEDATA,7845206,0,110671
12796,FILEDATA,7845209,0,110671
12797,FILEDATA,7845212,0,110671
12798,FILEDATA,7845215,0,110671
12799,FILEDATA,7852014,0,110671
12800,FILEDATA,7852019,0,110671
12801,FILEDATA,7948835,0,110671
12802,FILEDATA,7948838,0,110671
12803,FILEDATA,7948841,0,110671
12804,FILEDATA,7949480,0,110671
12805,FILEDATA,7967693,0,110671
12806,FILEDATA,7967698,0,110671
12807,FILEDATA,7967701,0,110671
12808,FILEDATA,7967702,0,110671
12809,FILEDATA,7976271,0,110671
12810,FILEDATA,8035585,0,110671
12811,FILEDATA,8035586,0,110671
12812,FILEDATA,8105863,0,110671
12813,FILEDATA,8105867,0,110671
12814,FILEDATA,8105869,0,110671
12815,FILEDATA,8106816,0,110671
12816,FILEDATA,8106818,0,110671
12817,FILEDATA,8106819,0,110671
12818,FILEDATA,8106820,0,110671
12819,FILEDATA,8106829,0,110671
12820,FILEDATA,8117396,0,110671
12821,FILEDATA,8117400,0,110671
12822,FILEDATA,8117468,0,110671
12823,FILEDATA,8117478,0,110671
12824,FILEDATA,8117479,0,110671
12825,FILEDATA,8117495,0,110671
12826,FILEDATA,8121386,0,110671
12827,FILEDATA,8121389,0,110671
12828,FILEDATA,8121391,0,110671
12829,FILEDATA,8186768,0,110671
12830,GAMEOBJECTDISPLAYINFO,125478,0,110671
12831,GAMEOBJECTDISPLAYINFO,126379,0,110671
12832,GAMEOBJECTDISPLAYINFO,126380,0,110671
12833,GAMEOBJECTDISPLAYINFO,126381,0,110671
12834,GAMEOBJECTDISPLAYINFO,126393,0,110671
12835,GAMEOBJECTDISPLAYINFO,128477,0,110671
12836,MODELFILEDATA,143964,0,110671
12837,MODELFILEDATA,143965,0,110671
12838,MODELFILEDATA,144007,0,110671
12839,MODELFILEDATA,144008,0,110671
12840,MODELFILEDATA,145177,0,110671
12841,MODELFILEDATA,145178,0,110671
12842,MODELFILEDATA,145179,0,110671
12843,MODELFILEDATA,145198,0,110671
12844,MODELFILEDATA,145571,0,110671
12845,MODELFILEDATA,147646,0,110671
12846,TEXTUREFILEDATA,1980552,0,110671
12847,TEXTUREFILEDATA,1980553,0,110671
12848,TEXTUREFILEDATA,1980570,0,110671
12849,TEXTUREFILEDATA,1980571,0,110671
12850,TEXTUREFILEDATA,1980886,0,110671
12851,TEXTUREFILEDATA,1980887,0,110671
12852,TEXTUREFILEDATA,1982361,0,110671
12853,TEXTUREFILEDATA,1982362,0,110671
12854,TEXTUREFILEDATA,1982363,0,110671
12855,TEXTUREFILEDATA,1982364,0,110671
12856,TEXTUREFILEDATA,1982991,0,110671
12857,TEXTUREFILEDATA,1982992,0,110671
12858,TEXTUREFILEDATA,1983107,0,110671
12859,TEXTUREFILEDATA,1983108,0,110671
12860,TEXTUREFILEDATA,2064949,0,110671
12861,TEXTUREFILEDATA,2064950,0,110671
12862,TEXTUREFILEDATA,2070285,0,110671
12863,TEXTUREFILEDATA,2070286,0,110671
12864,TEXTUREFILEDATA,2070353,0,110671
12865,TEXTUREFILEDATA,2070354,0,110671
12866,TEXTUREFILEDATA,2070693,0,110671
12867,TEXTUREFILEDATA,2070694,0,110671
12868,TEXTUREFILEDATA,2071074,0,110671
12869,TEXTUREFILEDATA,2071075,0,110671
12870,TEXTUREFILEDATA,2071076,0,110671
12871,TEXTUREFILEDATA,2071089,0,110671
12872,TEXTUREFILEDATA,2071090,0,110671
12873,BROADCASTTEXT,325158,0,110712
12874,BROADCASTTEXT,325159,0,110712
12875,CREATURE,274578,0,110712
12876,CREATUREDIFFICULTY,358398,0,110712
12877,CREATUREXDISPLAYINFO,682960,0,110712
12878,GOSSIP,42226,0,110712
12879,GOSSIP,42751,0,110712
12880,GOSSIP,44756,0,110712
12881,GOSSIPHEADER,147256,0,110712
12882,GOSSIPHEADERXGOSSIPOPTION,270868,0,110712
12883,GOSSIPHEADERXGOSSIPOPTION,274845,0,110712
12884,GOSSIPHEADERXGOSSIPOPTION,274848,0,110712
12885,GOSSIPHEADERXGOSSIPOPTION,274849,0,110712
12886,GOSSIPOPTION,142315,0,110712
12887,GOSSIPOPTION,142318,0,110712
12888,GOSSIPOPTION,142319,0,110712
12889,MODIFIERTREE,463100,0,110712
12890,MODIFIERTREE,463101,0,110712
12891,MODIFIERTREE,463102,0,110712
12892,MODIFIERTREE,463103,0,110712
12893,PHASE,30230,0,110712
12894,PLAYERCONDITION,163237,0,110712
12895,SPAWNEVENT,5349600,0,110712
12896,SPAWNEVENT,5349601,0,110712
12897,SPAWNGROUP,3343627,0,110712
12898,SPAWNGROUP,3343628,0,110712
12899,SPAWNLOC,5246171,0,110712
12900,SPAWNLOC,5246172,0,110712
12901,SPAWNOBJECT,8289075,0,110712
12902,SPAWNOBJECT,8289076,0,110712
12903,SPAWNSQUAD,5522468,0,110712
12904,SPAWNSQUAD,5522469,0,110712
12905,SPELL,1315888,0,110712
12906,SPELL,1315932,0,110712
12907,SPELLEFFECT,1348456,0,110712
12908,SPELLEFFECT,1348457,0,110712
12909,SPELLEFFECT,1348467,0,110712
12910,SPELLEFFECT,1348532,0,110712
12911,SPELLMISC,862071,0,110712
12912,SPELLMISC,862114,0,110712
12913,AREATRIGGERACTION,70760,0,110639
12914,AREATRIGGERACTION,70760,0,110721
12915,CREATURE,265805,0,110397
12916,CREATURE,265817,0,110397
12917,CREATURE,265827,0,110397
12918,CREATUREDIFFICULTY,349375,0,110397
12919,CREATUREDIFFICULTY,349387,0,110397
12920,CREATUREDIFFICULTY,349397,0,110397
12921,CREATUREDISPLAYINFO,147705,0,110397
12922,CREATUREDISPLAYINFO,147706,0,110397
12923,CREATUREDISPLAYINFO,147707,0,110397
12924,CREATURESOUNDDATA,10809,0,110397
12925,CREATURESOUNDDATA,10810,0,110397
12926,CREATURESOUNDDATA,10811,0,110397
12927,CREATUREXDISPLAYINFO,664943,0,110397
12928,CREATUREXDISPLAYINFO,664957,0,110397
12929,CREATUREXDISPLAYINFO,665002,0,110397
12930,SOUNDKIT,357898,0,110397
12931,SOUNDKIT,368604,0,110397
12932,SOUNDKIT,368605,0,110397
12933,SOUNDKIT,368607,0,110397
12934,SOUNDKITADVANCED,332183,0,110397
12935,SOUNDKITADVANCED,332184,0,110397
12936,SOUNDKITADVANCED,332186,0,110397
12937,SOUNDKITENTRY,1695310,0,110397
12938,SOUNDKITENTRY,1695311,0,110397
12939,SOUNDKITENTRY,1695315,0,110397
12940,SPELLVISUALKITEFFECT,769204,0,110397
12941,CREATUREDIFFICULTY,321184,0,110457
12942,CREATUREDISPLAYINFO,73034,0,110457
12943,SOUNDKIT,318306,0,110457
12944,SOUNDKIT,318333,0,110457
12945,SOUNDKIT,368690,0,110457
12946,SOUNDKIT,368691,0,110457
12947,SOUNDKIT,368693,0,110457
12948,SOUNDKIT,368698,0,110457
12949,SOUNDKIT,368699,0,110457
12950,SOUNDKIT,368702,0,110457
12951,SOUNDKIT,368709,0,110457
12952,SOUNDKIT,368710,0,110457
12953,SOUNDKIT,368711,0,110457
12954,SOUNDKIT,368715,0,110457
12955,SOUNDKIT,368724,0,110457
12956,SOUNDKIT,368725,0,110457
12957,SOUNDKIT,368727,0,110457
12958,SOUNDKIT,368728,0,110457
12959,SOUNDKIT,368733,0,110457
12960,SOUNDKIT,368740,0,110457
12961,SOUNDKIT,368743,0,110457
12962,SOUNDKIT,368744,0,110457
12963,SOUNDKIT,368747,0,110457
12964,SOUNDKITADVANCED,282303,0,110457
12965,SOUNDKITADVANCED,282330,0,110457
12966,SOUNDKITADVANCED,332270,0,110457
12967,SOUNDKITADVANCED,332271,0,110457
12968,SOUNDKITADVANCED,332272,0,110457
12969,SOUNDKITADVANCED,332278,0,110457
12970,SOUNDKITADVANCED,332279,0,110457
12971,SOUNDKITADVANCED,332282,0,110457
12972,SOUNDKITADVANCED,332289,0,110457
12973,SOUNDKITADVANCED,332290,0,110457
12974,SOUNDKITADVANCED,332291,0,110457
12975,SOUNDKITADVANCED,332295,0,110457
12976,SOUNDKITADVANCED,332304,0,110457
12977,SOUNDKITADVANCED,332305,0,110457
12978,SOUNDKITADVANCED,332307,0,110457
12979,SOUNDKITADVANCED,332308,0,110457
12980,SOUNDKITADVANCED,332313,0,110457
12981,SOUNDKITADVANCED,332320,0,110457
12982,SOUNDKITADVANCED,332323,0,110457
12983,SOUNDKITADVANCED,332324,0,110457
12984,SOUNDKITADVANCED,332327,0,110457
12985,SOUNDKITCHILD,49455,0,110457
12986,SOUNDKITCHILD,49457,0,110457
12987,SOUNDKITCHILD,49458,0,110457
12988,SOUNDKITCHILD,49459,0,110457
12989,SOUNDKITCHILD,49460,0,110457
12990,SOUNDKITCHILD,49461,0,110457
12991,SOUNDKITENTRY,1695837,0,110457
12992,SOUNDKITENTRY,1695838,0,110457
12993,SOUNDKITENTRY,1695839,0,110457
12994,SOUNDKITENTRY,1695840,0,110457
12995,SOUNDKITENTRY,1695841,0,110457
12996,SOUNDKITENTRY,1695842,0,110457
12997,SOUNDKITENTRY,1695843,0,110457
12998,SOUNDKITENTRY,1695844,0,110457
12999,SOUNDKITENTRY,1695845,0,110457
13000,SOUNDKITENTRY,1695846,0,110457
13001,SOUNDKITENTRY,1695847,0,110457
13002,SOUNDKITENTRY,1695848,0,110457
13003,SOUNDKITENTRY,1695854,0,110457
13004,SOUNDKITENTRY,1695855,0,110457
13005,SOUNDKITENTRY,1695856,0,110457
13006,SOUNDKITENTRY,1695857,0,110457
13007,SOUNDKITENTRY,1695858,0,110457
13008,SOUNDKITENTRY,1695859,0,110457
13009,SOUNDKITENTRY,1695860,0,110457
13010,SOUNDKITENTRY,1695867,0,110457
13011,SOUNDKITENTRY,1695868,0,110457
13012,SOUNDKITENTRY,1695869,0,110457
13013,SOUNDKITENTRY,1695870,0,110457
13014,SOUNDKITENTRY,1695871,0,110457
13015,SOUNDKITENTRY,1695872,0,110457
13016,SOUNDKITENTRY,1695873,0,110457
13017,SOUNDKITENTRY,1695879,0,110457
13018,SOUNDKITENTRY,1695880,0,110457
13019,SOUNDKITENTRY,1695881,0,110457
13020,SOUNDKITENTRY,1695889,0,110457
13021,SOUNDKITENTRY,1695890,0,110457
13022,SOUNDKITENTRY,1695891,0,110457
13023,SOUNDKITENTRY,1695892,0,110457
13024,SOUNDKITENTRY,1695893,0,110457
13025,SOUNDKITENTRY,1695894,0,110457
13026,SOUNDKITENTRY,1695905,0,110457
13027,SOUNDKITENTRY,1695906,0,110457
13028,SOUNDKITENTRY,1695907,0,110457
13029,SOUNDKITENTRY,1695939,0,110457
13030,SOUNDKITENTRY,1695940,0,110457
13031,SOUNDKITENTRY,1695941,0,110457
13032,SOUNDKITENTRY,1695942,0,110457
13033,SOUNDKITENTRY,1695943,0,110457
13034,SOUNDKITENTRY,1695944,0,110457
13035,SOUNDKITENTRY,1695945,0,110457
13036,SOUNDKITENTRY,1695946,0,110457
13037,SOUNDKITENTRY,1695947,0,110457
13038,SOUNDKITENTRY,1695948,0,110457
13039,SOUNDKITENTRY,1695949,0,110457
13040,SOUNDKITENTRY,1695950,0,110457
13041,SOUNDKITENTRY,1695951,0,110457
13042,SOUNDKITENTRY,1695952,0,110457
13043,SOUNDKITENTRY,1695953,0,110457
13044,SOUNDKITENTRY,1695954,0,110457
13045,SOUNDKITENTRY,1695955,0,110457
13046,SOUNDKITENTRY,1695956,0,110457
13047,SOUNDKITENTRY,1695957,0,110457
13048,SOUNDKITENTRY,1695958,0,110457
13049,SOUNDKITENTRY,1695959,0,110457
13050,SOUNDKITENTRY,1695960,0,110457
13051,SOUNDKITENTRY,1695961,0,110457
13052,SOUNDKITENTRY,1695962,0,110457
13053,SOUNDKITENTRY,1695963,0,110457
13054,SOUNDKITENTRY,1695964,0,110457
13055,SOUNDKITENTRY,1695965,0,110457
13056,SOUNDKITENTRY,1695966,0,110457
13057,SOUNDKITENTRY,1695967,0,110457
13058,SOUNDKITENTRY,1695968,0,110457
13059,SOUNDKITENTRY,1696002,0,110457
13060,SOUNDKITENTRY,1696003,0,110457
13061,SOUNDKITENTRY,1696004,0,110457
13062,SOUNDKITENTRY,1696005,0,110457
13063,SOUNDKITENTRY,1696006,0,110457
13064,SOUNDKITENTRY,1696040,0,110457
13065,SOUNDKITENTRY,1696041,0,110457
13066,SOUNDKITENTRY,1696042,0,110457
13067,SOUNDKITENTRY,1696043,0,110457
13068,SOUNDKITENTRY,1696044,0,110457
13069,SOUNDKITENTRY,1696045,0,110457
13070,SOUNDKITENTRY,1696046,0,110457
13071,SOUNDKITENTRY,1696047,0,110457
13072,SOUNDKITENTRY,1696048,0,110457
13073,SOUNDKITENTRY,1696049,0,110457
13074,SOUNDKITENTRY,1696050,0,110457
13075,SOUNDKITENTRY,1696051,0,110457
13076,SOUNDKITENTRY,1696052,0,110457
13077,SOUNDKITENTRY,1696053,0,110457
13078,SOUNDKITENTRY,1696054,0,110457
13079,SOUNDKITENTRY,1696055,0,110457
13080,SOUNDKITENTRY,1696056,0,110457
13081,SOUNDKITENTRY,1696057,0,110457
13082,SOUNDKITENTRY,1696058,0,110457
13083,SOUNDKITENTRY,1696059,0,110457
13084,SOUNDKITENTRY,1696060,0,110457
13085,SOUNDKITENTRY,1696061,0,110457
13086,SOUNDKITENTRY,1696062,0,110457
13087,SOUNDKITENTRY,1696079,0,110457
13088,SOUNDKITENTRY,1696080,0,110457
13089,SOUNDKITENTRY,1696081,0,110457
13090,SOUNDKITENTRY,1696082,0,110457
13091,SOUNDKITENTRY,1696083,0,110457
13092,SOUNDKITENTRY,1696084,0,110457
13093,SOUNDKITENTRY,1696114,0,110457
13094,SOUNDKITENTRY,1696115,0,110457
13095,SOUNDKITENTRY,1696116,0,110457
13096,SOUNDKITENTRY,1696117,0,110457
13097,SOUNDKITENTRY,1696118,0,110457
13098,SOUNDKITENTRY,1696161,0,110457
13099,SOUNDKITENTRY,1696162,0,110457
13100,SOUNDKITENTRY,1696163,0,110457
13101,SOUNDKITENTRY,1696164,0,110457
13102,SOUNDKITENTRY,1696165,0,110457
13103,SOUNDKITENTRY,1696166,0,110457
13104,SOUNDKITENTRY,1696167,0,110457
13105,SOUNDKITENTRY,1696168,0,110457
13106,SOUNDKITENTRY,1696184,0,110457
13107,SOUNDKITENTRY,1696185,0,110457
13108,SOUNDKITENTRY,1696186,0,110457
13109,SOUNDKITENTRY,1696187,0,110457
13110,SOUNDKITENTRY,1696188,0,110457
13111,SOUNDKITENTRY,1696189,0,110457
13112,SOUNDKITENTRY,1696190,0,110457
13113,SOUNDKITENTRY,1696191,0,110457
13114,SOUNDKITENTRY,1696192,0,110457
13115,SOUNDKITENTRY,1696193,0,110457
13116,SOUNDKITENTRY,1696194,0,110457
13117,SOUNDKITENTRY,1696195,0,110457
13118,SOUNDKITENTRY,1696196,0,110457
13119,SOUNDKITENTRY,1696207,0,110457
13120,SOUNDKITENTRY,1696208,0,110457
13121,SOUNDKITENTRY,1696209,0,110457
13122,SOUNDKITENTRY,1696210,0,110457
13123,SOUNDKITENTRY,1696211,0,110457
13124,SOUNDKITENTRY,1696212,0,110457
13125,SOUNDKITENTRY,1696213,0,110457
13126,SOUNDKITENTRY,1696214,0,110457
13127,SOUNDKITENTRY,1696215,0,110457
13128,SOUNDKITENTRY,1696222,0,110457
13129,SOUNDKITENTRY,1696223,0,110457
13130,SOUNDKITENTRY,1696224,0,110457
13131,SOUNDKITENTRY,1696225,0,110457
13132,SOUNDKITENTRY,1696226,0,110457
13133,SOUNDKITENTRY,1696227,0,110457
13134,SOUNDKITENTRY,1696228,0,110457
13135,SOUNDKITENTRY,1696229,0,110457
13136,SOUNDKITENTRY,1696230,0,110457
13137,SPELLVISUALKITEFFECT,709097,0,110457
13138,SPELLVISUALKITEFFECT,714413,0,110457
13139,SPELLVISUALKITEFFECT,714517,0,110457
13140,SPELLVISUALKITEFFECT,790293,0,110457
13141,SPELLVISUALKITEFFECT,790294,0,110457
13142,SPELLVISUALKITEFFECT,790296,0,110457
13143,SPELLVISUALKITEFFECT,790298,0,110457
13144,SPELLVISUALKITEFFECT,790324,0,110457
13145,SPELLVISUALKITEFFECT,790332,0,110457
13146,SPELLVISUALKITEFFECT,790334,0,110457
13147,SPELLVISUALKITEFFECT,790337,0,110457
13148,SPELLVISUALKITEFFECT,790360,0,110457
13149,SPELLVISUALKITEFFECT,790371,0,110457
13150,SPELLVISUALKITEFFECT,790376,0,110457
13151,SPELLVISUALKITEFFECT,790377,0,110457
13152,SPELLVISUALKITEFFECT,790379,0,110457
13153,SPELLVISUALKITEFFECT,790380,0,110457
13154,SPELLVISUALKITEFFECT,790381,0,110457
13155,SPELLVISUALKITEFFECT,790388,0,110457
13156,SPELLVISUALKITEFFECT,790389,0,110457
13157,SPELLVISUALKITEFFECT,790390,0,110457
13158,SPELLVISUALKITEFFECT,790392,0,110457
13159,SPELLSCRIPT,121628,0,110606
13160,QUESTV2,92896,0,110724
13161,INSTANCESTARTLOCATION,184,0,110736
13162,INSTANCESTARTLOCATION,185,0,110736
13163,INSTANCESTARTLOCATION,186,0,110736
13164,INSTANCESTARTLOCATION,187,0,110736
13165,AI_GROUPACTIONSET,1212056,0,110738
13166,AI_TRIGGERACTION,214068,0,110738
13167,SPAWNEVENT,5328423,0,110753
13168,SPAWNEVENT,5328424,0,110753
13169,SPAWNEVENT,5328425,0,110753
13170,SPAWNGROUP,3324665,0,110753
13171,SPAWNGROUP,3324666,0,110753
13172,SPAWNGROUP,3324667,0,110753
13173,SPAWNLOC,5224078,0,110753
13174,SPAWNLOC,5224079,0,110753
13175,SPAWNLOC,5224080,0,110753
13176,SPAWNOBJECT,8262714,0,110753
13177,SPAWNOBJECT,8262715,0,110753
13178,SPAWNOBJECT,8262716,0,110753
13179,SPAWNSQUAD,5501100,0,110753
13180,SPAWNSQUAD,5501101,0,110753
13181,SPAWNSQUAD,5501102,0,110753
13182,SOUNDKIT,368199,0,110245
13183,SOUNDKIT,368266,0,110245
13184,SOUNDKIT,368268,0,110245
13185,SOUNDKIT,368273,0,110245
13186,SOUNDKIT,368275,0,110245
13187,SOUNDKIT,368317,0,110245
13188,SOUNDKIT,368324,0,110245
13189,SOUNDKIT,368325,0,110245
13190,SOUNDKITADVANCED,331782,0,110245
13191,SOUNDKITADVANCED,331849,0,110245
13192,SOUNDKITADVANCED,331850,0,110245
13193,SOUNDKITADVANCED,331856,0,110245
13194,SOUNDKITADVANCED,331858,0,110245
13195,SOUNDKITADVANCED,331901,0,110245
13196,SOUNDKITADVANCED,331908,0,110245
13197,SOUNDKITADVANCED,331909,0,110245
13198,SOUNDKITCHILD,49302,0,110245
13199,SOUNDKITENTRY,1692327,0,110245
13200,SOUNDKITENTRY,1692328,0,110245
13201,SOUNDKITENTRY,1692329,0,110245
13202,SOUNDKITENTRY,1692709,0,110245
13203,SOUNDKITENTRY,1692710,0,110245
13204,SOUNDKITENTRY,1692711,0,110245
13205,SOUNDKITENTRY,1692712,0,110245
13206,SOUNDKITENTRY,1692713,0,110245
13207,SOUNDKITENTRY,1692714,0,110245
13208,SOUNDKITENTRY,1692715,0,110245
13209,SOUNDKITENTRY,1692716,0,110245
13210,SOUNDKITENTRY,1692717,0,110245
13211,SOUNDKITENTRY,1692718,0,110245
13212,SOUNDKITENTRY,1692723,0,110245
13213,SOUNDKITENTRY,1692724,0,110245
13214,SOUNDKITENTRY,1692725,0,110245
13215,SOUNDKITENTRY,1692726,0,110245
13216,SOUNDKITENTRY,1692727,0,110245
13217,SOUNDKITENTRY,1692744,0,110245
13218,SOUNDKITENTRY,1692745,0,110245
13219,SOUNDKITENTRY,1692746,0,110245
13220,SOUNDKITENTRY,1692747,0,110245
13221,SOUNDKITENTRY,1692748,0,110245
13222,SOUNDKITENTRY,1692749,0,110245
13223,SOUNDKITENTRY,1692760,0,110245
13224,SOUNDKITENTRY,1692761,0,110245
13225,SOUNDKITENTRY,1692762,0,110245
13226,SOUNDKITENTRY,1692763,0,110245
13227,SOUNDKITENTRY,1692764,0,110245
13228,SOUNDKITENTRY,1693115,0,110245
13229,SOUNDKITENTRY,1693116,0,110245
13230,SOUNDKITENTRY,1693117,0,110245
13231,SOUNDKITENTRY,1693118,0,110245
13232,SOUNDKITENTRY,1693119,0,110245
13233,SOUNDKITENTRY,1693180,0,110245
13234,SOUNDKITENTRY,1693181,0,110245
13235,SOUNDKITENTRY,1693182,0,110245
13236,SOUNDKITENTRY,1693183,0,110245
13237,SPELLVISUAL,190620,0,110245
13238,SPELLVISUALEVENT,562179,0,110245
13239,SPELLVISUALKIT,279050,0,110245
13240,SPELLVISUALKITEFFECT,715143,0,110245
13241,SPELLVISUALKITEFFECT,789516,0,110245
13242,SPELLVISUALKITEFFECT,789517,0,110245
13243,SPELLVISUALKITEFFECT,789519,0,110245
13244,SPELLVISUALKITEFFECT,789546,0,110245
13245,SPELLVISUALKITEFFECT,789549,0,110245
13246,SPELLVISUALKITEFFECT,789550,0,110245
13247,SPELLVISUALKITEFFECT,789554,0,110245
13248,SPELLVISUALKITEFFECT,789652,0,110245
13249,SPELLVISUALKITEFFECT,789653,0,110245
13250,SPELLVISUALKITEFFECT,789658,0,110245
13251,SPELLVISUALKITEFFECT,789660,0,110245
13252,SPELLVISUALKITEFFECT,789661,0,110245
13253,SPELLVISUALKITEFFECT,789663,0,110245
13254,SPELLVISUALKITEFFECT,789670,0,110245
13255,SPELLVISUALKITEFFECT,789675,0,110245
13256,SPELLVISUALKITEFFECT,789676,0,110245
13257,SPELLVISUALKITEFFECT,789681,0,110245
13258,SPELLVISUALKITEFFECT,789682,0,110245
13259,SPELLVISUALKITEFFECT,789683,0,110245
13260,SPELLVISUALKITEFFECT,789685,0,110245
13261,SPELLVISUALKITEFFECT,789688,0,110245
13262,SPELLVISUALKITEFFECT,789691,0,110245
13263,SPELLVISUALKITEFFECT,789758,0,110245
13264,SPELLVISUALKITEFFECT,789771,0,110245
13265,SPELLVISUALKITEFFECT,789772,0,110245
13266,SPELLXSPELLVISUAL,531857,0,110245
13267,SPELLEFFECT,1347340,0,110376
13268,SPELLLABEL,211255,0,110376
13269,SOUNDKIT,368667,0,110436
13270,SOUNDKIT,368668,0,110436
13271,SOUNDKIT,368669,0,110436
13272,SOUNDKIT,368670,0,110436
13273,SOUNDKIT,368671,0,110436
13274,SOUNDKIT,368672,0,110436
13275,SOUNDKIT,368673,0,110436
13276,SOUNDKITADVANCED,332248,0,110436
13277,SOUNDKITADVANCED,332249,0,110436
13278,SOUNDKITADVANCED,332250,0,110436
13279,SOUNDKITADVANCED,332251,0,110436
13280,SOUNDKITADVANCED,332252,0,110436
13281,SOUNDKITADVANCED,332253,0,110436
13282,SOUNDKITADVANCED,332254,0,110436
13283,SOUNDKITCHILD,49447,0,110436
13284,SOUNDKITCHILD,49448,0,110436
13285,SOUNDKITCHILD,49449,0,110436
13286,SOUNDKITENTRY,1695658,0,110436
13287,SOUNDKITENTRY,1695659,0,110436
13288,SOUNDKITENTRY,1695660,0,110436
13289,SOUNDKITENTRY,1695661,0,110436
13290,SOUNDKITENTRY,1695662,0,110436
13291,SOUNDKITENTRY,1695663,0,110436
13292,SOUNDKITENTRY,1695664,0,110436
13293,SOUNDKITENTRY,1695665,0,110436
13294,SOUNDKITENTRY,1695666,0,110436
13295,SOUNDKITENTRY,1695667,0,110436
13296,SOUNDKITENTRY,1695668,0,110436
13297,SOUNDKITENTRY,1695669,0,110436
13298,SOUNDKITENTRY,1695670,0,110436
13299,SOUNDKITENTRY,1695671,0,110436
13300,SOUNDKITENTRY,1695672,0,110436
13301,SOUNDKITENTRY,1695673,0,110436
13302,SOUNDKITENTRY,1695674,0,110436
13303,SOUNDKITENTRY,1695675,0,110436
13304,SOUNDKITENTRY,1695676,0,110436
13305,SOUNDKITENTRY,1695677,0,110436
13306,SOUNDKITENTRY,1695678,0,110436
13307,SOUNDKITENTRY,1695679,0,110436
13308,SOUNDKITENTRY,1695680,0,110436
13309,SOUNDKITENTRY,1695681,0,110436
13310,SOUNDKITENTRY,1695682,0,110436
13311,SOUNDKITENTRY,1695683,0,110436
13312,SOUNDKITENTRY,1695684,0,110436
13313,SOUNDKITENTRY,1695685,0,110436
13314,SOUNDKITENTRY,1695686,0,110436
13315,SOUNDKITENTRY,1695687,0,110436
13316,SOUNDKITENTRY,1695688,0,110436
13317,SOUNDKITENTRY,1695689,0,110436
13318,SOUNDKITENTRY,1695690,0,110436
13319,SOUNDKITENTRY,1695691,0,110436
13320,SOUNDKITENTRY,1695692,0,110436
13321,SOUNDKITENTRY,1695693,0,110436
13322,SOUNDKITENTRY,1695694,0,110436
13323,SOUNDKITENTRY,1695695,0,110436
13324,SOUNDKITENTRY,1695696,0,110436
13325,SOUNDKITENTRY,1695697,0,110436
13326,SOUNDKITENTRY,1695698,0,110436
13327,SOUNDKITENTRY,1695699,0,110436
13328,SOUNDKITENTRY,1695700,0,110436
13329,SOUNDKITENTRY,1695701,0,110436
13330,SOUNDKITENTRY,1695702,0,110436
13331,SOUNDKITENTRY,1695703,0,110436
13332,SOUNDKITENTRY,1695704,0,110436
13333,SOUNDKITENTRY,1695705,0,110436
13334,SOUNDKITENTRY,1695706,0,110436
13335,SOUNDKITENTRY,1695707,0,110436
13336,SOUNDKITENTRY,1695708,0,110436
13337,SOUNDKITENTRY,1695709,0,110436
13338,SOUNDKITENTRY,1695710,0,110436
13339,SOUNDKITENTRY,1695711,0,110436
13340,SOUNDKITENTRY,1695713,0,110436
13341,SOUNDKITENTRY,1695714,0,110436
13342,SOUNDKITENTRY,1695715,0,110436
13343,SOUNDKITENTRY,1695716,0,110436
13344,SOUNDKITENTRY,1695717,0,110436
13345,SOUNDKITENTRY,1695718,0,110436
13346,SOUNDKITENTRY,1695719,0,110436
13347,SOUNDKITENTRY,1695720,0,110436
13348,SOUNDKITENTRY,1695721,0,110436
13349,SOUNDKITENTRY,1695722,0,110436
13350,SPELLVISUAL,189258,0,110436
13351,SPELLVISUALANIM,435053,0,110436
13352,SPELLVISUALANIM,435054,0,110436
13353,SPELLVISUALEVENT,559435,0,110436
13354,SPELLVISUALEVENT,559436,0,110436
13355,SPELLVISUALEVENT,559437,0,110436
13356,SPELLVISUALEVENT,559438,0,110436
13357,SPELLVISUALEVENT,559439,0,110436
13358,SPELLVISUALEVENT,559440,0,110436
13359,SPELLVISUALEVENT,559441,0,110436
13360,SPELLVISUALEVENT,559442,0,110436
13361,SPELLVISUALKIT,279257,0,110436
13362,SPELLVISUALKIT,279258,0,110436
13363,SPELLVISUALKIT,279259,0,110436
13364,SPELLVISUALKIT,279260,0,110436
13365,SPELLVISUALKIT,279262,0,110436
13366,SPELLVISUALKIT,279263,0,110436
13367,SPELLVISUALKIT,279264,0,110436
13368,SPELLVISUALKITEFFECT,790255,0,110436
13369,SPELLVISUALKITEFFECT,790256,0,110436
13370,SPELLVISUALKITEFFECT,790257,0,110436
13371,SPELLVISUALKITEFFECT,790258,0,110436
13372,SPELLVISUALKITEFFECT,790259,0,110436
13373,SPELLVISUALKITEFFECT,790260,0,110436
13374,SPELLVISUALKITEFFECT,790261,0,110436
13375,SPELLVISUALKITEFFECT,790264,0,110436
13376,SPELLVISUALKITEFFECT,790265,0,110436
13377,SPELLVISUALKITEFFECT,790266,0,110436
13378,SPELLVISUALKITEFFECT,790267,0,110436
13379,SPELLVISUALKITMODELATTACH,638561,0,110436
13380,SPELLVISUALKITMODELATTACH,638562,0,110436
13381,SPELLVISUALKITMODELATTACH,638563,0,110436
13382,SPELLVISUALKITMODELATTACH,638564,0,110436
13383,SPELLVISUALKITMODELATTACH,638567,0,110436
13384,SPELLVISUALMISSILE,29835,0,110436
13385,SPELLVISUALMISSILESET,24881,0,110436
13386,CURVE,108839,0,110449
13387,SOUNDKIT,354626,0,110449
13388,SOUNDKIT,355561,0,110449
13389,SOUNDKIT,362828,0,110449
13390,SOUNDKIT,368679,0,110449
13391,SOUNDKIT,368682,0,110449
13392,SOUNDKIT,368683,0,110449
13393,SOUNDKITADVANCED,318512,0,110449
13394,SOUNDKITADVANCED,319449,0,110449
13395,SOUNDKITADVANCED,326584,0,110449
13396,SOUNDKITADVANCED,332260,0,110449
13397,SOUNDKITADVANCED,332263,0,110449
13398,SOUNDKITADVANCED,332264,0,110449
13399,SOUNDKITCHILD,49450,0,110449
13400,SOUNDKITCHILD,49451,0,110449
13401,SOUNDKITCHILD,49452,0,110449
13402,SOUNDKITENTRY,1661143,0,110449
13403,SOUNDKITENTRY,1661144,0,110449
13404,SOUNDKITENTRY,1661145,0,110449
13405,SOUNDKITENTRY,1695767,0,110449
13406,SOUNDKITENTRY,1695768,0,110449
13407,SOUNDKITENTRY,1695769,0,110449
13408,SOUNDKITENTRY,1695773,0,110449
13409,SOUNDKITENTRY,1695774,0,110449
13410,SOUNDKITENTRY,1695775,0,110449
13411,SOUNDKITENTRY,1695776,0,110449
13412,SOUNDKITENTRY,1695777,0,110449
13413,SOUNDKITENTRY,1695778,0,110449
13414,SOUNDKITENTRY,1695779,0,110449
13415,SOUNDKITENTRY,1695780,0,110449
13416,SOUNDKITENTRY,1695781,0,110449
13417,SOUNDKITENTRY,1695782,0,110449
13418,SOUNDKITENTRY,1695788,0,110449
13419,SOUNDKITENTRY,1695789,0,110449
13420,SOUNDKITENTRY,1695790,0,110449
13421,SOUNDKITENTRY,1695791,0,110449
13422,SOUNDKITENTRY,1695792,0,110449
13423,SOUNDKITENTRY,1695793,0,110449
13424,SOUNDKITENTRY,1695794,0,110449
13425,SOUNDKITENTRY,1695795,0,110449
13426,SOUNDKITENTRY,1695796,0,110449
13427,SOUNDKITENTRY,1695797,0,110449
13428,SOUNDKITENTRY,1695798,0,110449
13429,SOUNDKITENTRY,1695799,0,110449
13430,SOUNDKITENTRY,1695800,0,110449
13431,SOUNDKITENTRY,1695801,0,110449
13432,SOUNDKITENTRY,1695802,0,110449
13433,SOUNDKITENTRY,1695803,0,110449
13434,SOUNDKITENTRY,1695804,0,110449
13435,SOUNDKITENTRY,1695805,0,110449
13436,SOUNDKITENTRY,1695806,0,110449
13437,SOUNDKITENTRY,1695807,0,110449
13438,SOUNDKITENTRY,1695808,0,110449
13439,SOUNDKITENTRY,1695809,0,110449
13440,SOUNDKITENTRY,1695810,0,110449
13441,SOUNDKITENTRY,1695811,0,110449
13442,SOUNDKITENTRY,1695812,0,110449
13443,SOUNDKITENTRY,1695813,0,110449
13444,SOUNDKITENTRY,1695814,0,110449
13445,SOUNDKITENTRY,1695815,0,110449
13446,SOUNDKITENTRY,1695816,0,110449
13447,SOUNDKITENTRY,1695817,0,110449
13448,SOUNDKITENTRY,1695818,0,110449
13449,SOUNDKITENTRY,1695819,0,110449
13450,SOUNDKITENTRY,1695820,0,110449
13451,SOUNDKIT,365372,0,110467
13452,SOUNDKIT,365373,0,110467
13453,SOUNDKIT,365374,0,110467
13454,SOUNDKIT,365375,0,110467
13455,SOUNDKIT,365376,0,110467
13456,SOUNDKIT,365377,0,110467
13457,SOUNDKIT,368756,0,110467
13458,SOUNDKIT,368757,0,110467
13459,SOUNDKIT,368758,0,110467
13460,SOUNDKIT,368760,0,110467
13461,SOUNDKITADVANCED,332335,0,110467
13462,SOUNDKITADVANCED,332336,0,110467
13463,SOUNDKITADVANCED,332337,0,110467
13464,SOUNDKITADVANCED,332339,0,110467
13465,SOUNDKITCHILD,49465,0,110467
13466,SOUNDKITCHILD,49466,0,110467
13467,SOUNDKITENTRY,1696280,0,110467
13468,SOUNDKITENTRY,1696281,0,110467
13469,SOUNDKITENTRY,1696282,0,110467
13470,SOUNDKITENTRY,1696283,0,110467
13471,SOUNDKITENTRY,1696284,0,110467
13472,SOUNDKITENTRY,1696285,0,110467
13473,SOUNDKITENTRY,1696286,0,110467
13474,SOUNDKITENTRY,1696287,0,110467
13475,SOUNDKITENTRY,1696288,0,110467
13476,SOUNDKITENTRY,1696289,0,110467
13477,SOUNDKITENTRY,1696293,0,110467
13478,SOUNDKITENTRY,1696294,0,110467
13479,SOUNDKITENTRY,1696295,0,110467
13480,SOUNDKITENTRY,1696296,0,110467
13481,SOUNDKITENTRY,1696297,0,110467
13482,SOUNDKITENTRY,1696298,0,110467
13483,SOUNDKITENTRY,1696299,0,110467
13484,SOUNDKITENTRY,1696300,0,110467
13485,SOUNDKITENTRY,1696301,0,110467
13486,SOUNDKITENTRY,1696302,0,110467
13487,SPELLVISUALKITEFFECT,773464,0,110467
13488,SPELLVISUALKITEFFECT,786097,0,110467
13489,SPELLVISUALKITEFFECT,790449,0,110467
13490,SPELLVISUALKITEFFECT,790450,0,110467
13491,SPELL,1260269,0,110576
13492,SPELLINTERRUPTS,248545,0,110576
13493,SPELLACTIVATIONOVERLAY,4598,0,110601
13494,SPELLSCRIPT,46834,0,110601
13495,SPELLSCRIPT,122501,0,110601
13496,SOUNDKIT,364707,0,110638
13497,SOUNDKITADVANCED,327768,0,110638
13498,SOUNDKITADVANCED,327948,0,110638
13499,SOUNDKIT,364749,0,110651
13500,SOUNDKITADVANCED,327770,0,110651
13501,SOUNDKIT,364057,0,110653
13502,SOUNDKIT,364773,0,110653
13503,SOUNDKITADVANCED,327769,0,110653
13504,SPELLSCRIPT,132681,0,110740
13505,SPAWNREGION,181058,0,110735
13506,SOUNDKIT,368074,0,110179
13507,SOUNDKIT,368078,0,110179
13508,SOUNDKITADVANCED,331661,0,110179
13509,SOUNDKITADVANCED,331665,0,110179
13510,SOUNDKITCHILD,49229,0,110179
13511,SOUNDKITENTRY,1691326,0,110179
13512,SOUNDKITENTRY,1691334,0,110179
13513,SOUNDKITENTRY,1691335,0,110179
13514,SOUNDKITENTRY,1691336,0,110179
13515,SOUNDKITENTRY,1691337,0,110179
13516,SOUNDKITENTRY,1691338,0,110179
13517,SOUNDKITENTRY,1691339,0,110179
13518,SOUNDKITENTRY,1691340,0,110179
13519,SOUNDKITENTRY,1691341,0,110179
13520,SOUNDKITENTRY,1691342,0,110179
13521,SOUNDKITENTRY,1691343,0,110179
13522,SPELLVISUAL,190517,0,110179
13523,SPELLVISUALEVENT,561999,0,110179
13524,SPELLVISUALEVENT,562004,0,110179
13525,SPELLVISUALKIT,278897,0,110179
13526,SPELLVISUALKITEFFECT,789241,0,110179
13527,SPELLVISUALKITEFFECT,789247,0,110179
13528,SPELLVISUALKITEFFECT,789249,0,110179
13529,SPELLXSPELLVISUAL,528185,0,110179
13530,CREATUREDIFFICULTY,343374,0,110632
13531,CREATURESPELLDATA,51008,0,110658
13532,SCREENEFFECT,2594,0,110700
13533,SOUNDAMBIENCE,3564,0,110700
13534,SOUNDKIT,308264,0,110700
13535,SOUNDKIT,308270,0,110700
13536,SOUNDKIT,308273,0,110700
13537,SOUNDKIT,308274,0,110700
13538,SOUNDKIT,308416,0,110700
13539,SOUNDKIT,320950,0,110700
13540,SOUNDKIT,320955,0,110700
13541,SOUNDKIT,320959,0,110700
13542,SOUNDKIT,320960,0,110700
13543,SOUNDKIT,321361,0,110700
13544,SOUNDKIT,321894,0,110700
13545,SOUNDKIT,321895,0,110700
13546,SOUNDKIT,326166,0,110700
13547,SOUNDKIT,326167,0,110700
13548,SOUNDKIT,336756,0,110700
13549,SOUNDKIT,364979,0,110700
13550,SOUNDKIT,364985,0,110700
13551,SOUNDKIT,364989,0,110700
13552,SOUNDKIT,364990,0,110700
13553,SOUNDKIT,365347,0,110700
13554,SOUNDKIT,365356,0,110700
13555,SOUNDKIT,366472,0,110700
13556,SOUNDKIT,366473,0,110700
13557,SOUNDKIT,366506,0,110700
13558,SOUNDKIT,366901,0,110700
13559,SOUNDKIT,366902,0,110700
13560,SOUNDKIT,367099,0,110700
13561,SOUNDKIT,367100,0,110700
13562,SOUNDKIT,367101,0,110700
13563,SOUNDKIT,369251,0,110700
13564,SOUNDKIT,369254,0,110700
13565,SOUNDKIT,369256,0,110700
13566,SOUNDKIT,369261,0,110700
13567,SOUNDKIT,369263,0,110700
13568,SOUNDKIT,369276,0,110700
13569,SOUNDKIT,369277,0,110700
13570,SOUNDKIT,369300,0,110700
13571,SOUNDKIT,369301,0,110700
13572,SOUNDKITADVANCED,272368,0,110700
13573,SOUNDKITADVANCED,272375,0,110700
13574,SOUNDKITADVANCED,272377,0,110700
13575,SOUNDKITADVANCED,272378,0,110700
13576,SOUNDKITADVANCED,272520,0,110700
13577,SOUNDKITADVANCED,328977,0,110700
13578,SOUNDKITADVANCED,330438,0,110700
13579,SOUNDKITADVANCED,332828,0,110700
13580,SOUNDKITADVANCED,332831,0,110700
13581,SOUNDKITADVANCED,332833,0,110700
13582,SOUNDKITADVANCED,332838,0,110700
13583,SOUNDKITADVANCED,332840,0,110700
13584,SOUNDKITADVANCED,332853,0,110700
13585,SOUNDKITADVANCED,332854,0,110700
13586,SOUNDKITADVANCED,332877,0,110700
13587,SOUNDKITADVANCED,332878,0,110700
13588,SOUNDKITCHILD,49634,0,110700
13589,SOUNDKITCHILD,49635,0,110700
13590,SOUNDKITCHILD,49636,0,110700
13591,SOUNDKITCHILD,49637,0,110700
13592,SOUNDKITCHILD,49645,0,110700
13593,SOUNDKITENTRY,1699042,0,110700
13594,SOUNDKITENTRY,1699043,0,110700
13595,SOUNDKITENTRY,1699044,0,110700
13596,SOUNDKITENTRY,1699054,0,110700
13597,SOUNDKITENTRY,1699055,0,110700
13598,SOUNDKITENTRY,1699056,0,110700
13599,SOUNDKITENTRY,1699057,0,110700
13600,SOUNDKITENTRY,1699058,0,110700
13601,SOUNDKITENTRY,1699059,0,110700
13602,SOUNDKITENTRY,1699060,0,110700
13603,SOUNDKITENTRY,1699061,0,110700
13604,SOUNDKITENTRY,1699062,0,110700
13605,SOUNDKITENTRY,1699063,0,110700
13606,SOUNDKITENTRY,1699064,0,110700
13607,SOUNDKITENTRY,1699065,0,110700
13608,SOUNDKITENTRY,1699066,0,110700
13609,SOUNDKITENTRY,1699067,0,110700
13610,SOUNDKITENTRY,1699068,0,110700
13611,SOUNDKITENTRY,1699069,0,110700
13612,SOUNDKITENTRY,1699070,0,110700
13613,SOUNDKITENTRY,1699071,0,110700
13614,SOUNDKITENTRY,1699072,0,110700
13615,SOUNDKITENTRY,1699073,0,110700
13616,SOUNDKITENTRY,1699074,0,110700
13617,SOUNDKITENTRY,1699075,0,110700
13618,SOUNDKITENTRY,1699076,0,110700
13619,SOUNDKITENTRY,1699080,0,110700
13620,SOUNDKITENTRY,1699081,0,110700
13621,SOUNDKITENTRY,1699082,0,110700
13622,SOUNDKITENTRY,1699083,0,110700
13623,SOUNDKITENTRY,1699084,0,110700
13624,SOUNDKITENTRY,1699085,0,110700
13625,SOUNDKITENTRY,1699086,0,110700
13626,SOUNDKITENTRY,1699087,0,110700
13627,SOUNDKITENTRY,1699088,0,110700
13628,SOUNDKITENTRY,1699089,0,110700
13629,SOUNDKITENTRY,1699090,0,110700
13630,SOUNDKITENTRY,1699091,0,110700
13631,SOUNDKITENTRY,1699092,0,110700
13632,SOUNDKITENTRY,1699093,0,110700
13633,SOUNDKITENTRY,1699094,0,110700
13634,SOUNDKITENTRY,1699095,0,110700
13635,SOUNDKITENTRY,1699096,0,110700
13636,SOUNDKITENTRY,1699097,0,110700
13637,SOUNDKITENTRY,1699098,0,110700
13638,SOUNDKITENTRY,1699099,0,110700
13639,SOUNDKITENTRY,1699100,0,110700
13640,SOUNDKITENTRY,1699101,0,110700
13641,SOUNDKITENTRY,1699102,0,110700
13642,SOUNDKITENTRY,1699123,0,110700
13643,SOUNDKITENTRY,1699124,0,110700
13644,SOUNDKITENTRY,1699125,0,110700
13645,SOUNDKITENTRY,1699126,0,110700
13646,SOUNDKITENTRY,1699127,0,110700
13647,SOUNDKITENTRY,1699135,0,110700
13648,SOUNDKITENTRY,1699136,0,110700
13649,SOUNDKITENTRY,1699137,0,110700
13650,SOUNDKITENTRY,1699175,0,110700
13651,SOUNDKITENTRY,1699176,0,110700
13652,SOUNDKITENTRY,1699177,0,110700
13653,SOUNDKITENTRY,1699178,0,110700
13654,SOUNDKITENTRY,1699179,0,110700
13655,SOUNDKITENTRY,1699180,0,110700
13656,SOUNDKITENTRY,1699181,0,110700
13657,SOUNDKITENTRY,1699182,0,110700
13658,SOUNDKITENTRY,1699183,0,110700
13659,SOUNDKITENTRY,1699184,0,110700
13660,SOUNDKITENTRY,1699185,0,110700
13661,SOUNDKITENTRY,1699186,0,110700
13662,SOUNDKITENTRY,1699187,0,110700
13663,SOUNDKITENTRY,1699188,0,110700
13664,SOUNDKITENTRY,1699189,0,110700
13665,SOUNDKITENTRY,1699190,0,110700
13666,SOUNDKITENTRY,1699191,0,110700
13667,SOUNDKITENTRY,1699192,0,110700
13668,SOUNDKITENTRY,1699360,0,110700
13669,SOUNDKITENTRY,1699361,0,110700
13670,SOUNDKITENTRY,1699362,0,110700
13671,SOUNDKITENTRY,1699363,0,110700
13672,SOUNDKITENTRY,1699364,0,110700
13673,SOUNDKITENTRY,1699365,0,110700
13674,SOUNDKITENTRY,1699366,0,110700
13675,SOUNDKITENTRY,1699367,0,110700
13676,SOUNDKITENTRY,1699368,0,110700
13677,SOUNDKITENTRY,1699369,0,110700
13678,SOUNDKITENTRY,1699370,0,110700
13679,SOUNDKITENTRY,1699371,0,110700
13680,SOUNDKITENTRY,1699372,0,110700
13681,SOUNDKITENTRY,1699373,0,110700
13682,SOUNDKITENTRY,1699374,0,110700
13683,SOUNDKITENTRY,1699375,0,110700
13684,SOUNDKITENTRY,1699376,0,110700
13685,SOUNDKITENTRY,1699377,0,110700
13686,SOUNDKITENTRY,1699378,0,110700
13687,SOUNDKITENTRY,1699379,0,110700
13688,SOUNDKITENTRY,1699383,0,110700
13689,SOUNDKITENTRY,1699384,0,110700
13690,SOUNDKITENTRY,1699385,0,110700
13691,SOUNDKITENTRY,1699386,0,110700
13692,SOUNDKITENTRY,1699387,0,110700
13693,SOUNDKITENTRY,1699388,0,110700
13694,SOUNDKITENTRY,1699389,0,110700
13695,SOUNDKITENTRY,1699390,0,110700
13696,SOUNDKITENTRY,1699391,0,110700
13697,SOUNDKITENTRY,1699392,0,110700
13698,SOUNDMIXGROUP,718,0,110700
13699,SOUNDMIXGROUP,1194,0,110700
13700,SPELLEFFECT,1229383,0,110700
13701,SPELLVISUAL,190962,0,110700
13702,SPELLVISUALEVENT,562844,0,110700
13703,SPELLVISUALKIT,279620,0,110700
13704,SPELLVISUALKITEFFECT,791179,0,110700
13705,SPELLXSPELLVISUAL,532356,0,110700
13706,SPELL,1301672,0,109974
13707,SPELLCATEGORIES,185544,0,109974
13708,SPELLINTERRUPTS,248161,0,109974
13709,SPELLEFFECT,1347213,0,110353
13710,AREATRIGGERACTION,72112,0,110260
13711,SPELL,1300083,0,110260
13712,SPELL,1314838,0,110260
13713,SPELL,1314949,0,110260
13714,SPELLCATEGORIES,188227,0,110260
13715,SPELLEFFECT,1324547,0,110260
13716,SPELLEFFECT,1346797,0,110260
13717,SPELLEFFECT,1346967,0,110260
13718,SPELLMISC,847296,0,110260
13719,SPELLMISC,861084,0,110260
13720,SPELLMISC,861190,0,110260
13721,SPELLSCRIPT,129178,0,110260
13722,SPELLSCRIPT,133576,0,110260
13723,SPELLSCRIPTPACKAGE,79749,0,110260
13724,SPELLTARGETRESTRICTIONS,355681,0,110260
13725,SPELLTARGETRESTRICTIONS,355700,0,110260
13726,SPELLTARGETRESTRICTIONS,355708,0,110260
13727,SPELLVISUAL,190596,0,110260
13728,SPELLVISUAL,190657,0,110260
13729,SPELLVISUALEVENT,562144,0,110260
13730,SPELLVISUALEVENT,562242,0,110260
13731,SPELLVISUALKIT,279018,0,110260
13732,SPELLVISUALKIT,279110,0,110260
13733,SPELLVISUALKITEFFECT,789557,0,110260
13734,SPELLVISUALKITEFFECT,789835,0,110260
13735,SPELLVISUALKITMODELATTACH,638223,0,110260
13736,SPELLVISUALKITMODELATTACH,638328,0,110260
13737,SPELLXSPELLVISUAL,531895,0,110260
13738,CREATUREDISPLAYINFO,140993,0,109999
13739,CREATUREDISPLAYINFO,141309,0,109999
13740,CURVE,113092,0,109999
13741,CURVEPOINT,337696,0,109999
13742,CURVEPOINT,337697,0,109999
13743,CURVEPOINT,337698,0,109999
13744,CURVEPOINT,337699,0,109999
13745,CURVEPOINT,337700,0,109999
13746,OBJECTEFFECT,9462,0,109999
13747,OBJECTEFFECTGROUP,5934,0,109999
13748,OBJECTEFFECTPACKAGE,2943,0,109999
13749,OBJECTEFFECTPACKAGEELEM,12708,0,109999
13750,SOUNDENVELOPE,13087,0,109999
13751,SOUNDKIT,334527,0,109999
13752,SOUNDKIT,346124,0,109999
13753,SOUNDKIT,346213,0,109999
13754,SOUNDKIT,346247,0,109999
13755,SOUNDKIT,346348,0,109999
13756,SOUNDKIT,346353,0,109999
13757,SOUNDKIT,346354,0,109999
13758,SOUNDKIT,346380,0,109999
13759,SOUNDKIT,346382,0,109999
13760,SOUNDKIT,346385,0,109999
13761,SOUNDKIT,346386,0,109999
13762,SOUNDKIT,351876,0,109999
13763,SOUNDKIT,351938,0,109999
13764,SOUNDKIT,351939,0,109999
13765,SOUNDKIT,351940,0,109999
13766,SOUNDKIT,351958,0,109999
13767,SOUNDKIT,352050,0,109999
13768,SOUNDKIT,352153,0,109999
13769,SOUNDKIT,352500,0,109999
13770,SOUNDKIT,353840,0,109999
13771,SOUNDKIT,353844,0,109999
13772,SOUNDKIT,363343,0,109999
13773,SOUNDKIT,363365,0,109999
13774,SOUNDKIT,363370,0,109999
13775,SOUNDKIT,363371,0,109999
13776,SOUNDKIT,363372,0,109999
13777,SOUNDKIT,363373,0,109999
13778,SOUNDKIT,363383,0,109999
13779,SOUNDKIT,363384,0,109999
13780,SOUNDKIT,363385,0,109999
13781,SOUNDKIT,363386,0,109999
13782,SOUNDKIT,367724,0,109999
13783,SOUNDKIT,367727,0,109999
13784,SOUNDKIT,367728,0,109999
13785,SOUNDKIT,367729,0,109999
13786,SOUNDKIT,367748,0,109999
13787,SOUNDKIT,367794,0,109999
13788,SOUNDKIT,367795,0,109999
13789,SOUNDKIT,367796,0,109999
13790,SOUNDKIT,367815,0,109999
13791,SOUNDKIT,367816,0,109999
13792,SOUNDKIT,367817,0,109999
13793,SOUNDKIT,367907,0,109999
13794,SOUNDKIT,367908,0,109999
13795,SOUNDKIT,367909,0,109999
13796,SOUNDKIT,367913,0,109999
13797,SOUNDKIT,367914,0,109999
13798,SOUNDKITADVANCED,298259,0,109999
13799,SOUNDKITADVANCED,315988,0,109999
13800,SOUNDKITADVANCED,316400,0,109999
13801,SOUNDKITADVANCED,317324,0,109999
13802,SOUNDKITADVANCED,327046,0,109999
13803,SOUNDKITADVANCED,331318,0,109999
13804,SOUNDKITADVANCED,331319,0,109999
13805,SOUNDKITADVANCED,331320,0,109999
13806,SOUNDKITADVANCED,331321,0,109999
13807,SOUNDKITADVANCED,331340,0,109999
13808,SOUNDKITADVANCED,331386,0,109999
13809,SOUNDKITADVANCED,331387,0,109999
13810,SOUNDKITADVANCED,331388,0,109999
13811,SOUNDKITADVANCED,331406,0,109999
13812,SOUNDKITADVANCED,331407,0,109999
13813,SOUNDKITADVANCED,331408,0,109999
13814,SOUNDKITADVANCED,331499,0,109999
13815,SOUNDKITADVANCED,331500,0,109999
13816,SOUNDKITADVANCED,331504,0,109999
13817,SOUNDKITADVANCED,331505,0,109999
13818,SOUNDKITCHILD,49072,0,109999
13819,SOUNDKITCHILD,49095,0,109999
13820,SOUNDKITCHILD,49096,0,109999
13821,SOUNDKITCHILD,49145,0,109999
13822,SOUNDKITENTRY,1688856,0,109999
13823,SOUNDKITENTRY,1688857,0,109999
13824,SOUNDKITENTRY,1688858,0,109999
13825,SOUNDKITENTRY,1688859,0,109999
13826,SOUNDKITENTRY,1688860,0,109999
13827,SOUNDKITENTRY,1688869,0,109999
13828,SOUNDKITENTRY,1688870,0,109999
13829,SOUNDKITENTRY,1688871,0,109999
13830,SOUNDKITENTRY,1688872,0,109999
13831,SOUNDKITENTRY,1688873,0,109999
13832,SOUNDKITENTRY,1688874,0,109999
13833,SOUNDKITENTRY,1688875,0,109999
13834,SOUNDKITENTRY,1688876,0,109999
13835,SOUNDKITENTRY,1688877,0,109999
13836,SOUNDKITENTRY,1688878,0,109999
13837,SOUNDKITENTRY,1688879,0,109999
13838,SOUNDKITENTRY,1688880,0,109999
13839,SOUNDKITENTRY,1688881,0,109999
13840,SOUNDKITENTRY,1688882,0,109999
13841,SOUNDKITENTRY,1688883,0,109999
13842,SOUNDKITENTRY,1688884,0,109999
13843,SOUNDKITENTRY,1688885,0,109999
13844,SOUNDKITENTRY,1688886,0,109999
13845,SOUNDKITENTRY,1688887,0,109999
13846,SOUNDKITENTRY,1688888,0,109999
13847,SOUNDKITENTRY,1688889,0,109999
13848,SOUNDKITENTRY,1688890,0,109999
13849,SOUNDKITENTRY,1688891,0,109999
13850,SOUNDKITENTRY,1689043,0,109999
13851,SOUNDKITENTRY,1689044,0,109999
13852,SOUNDKITENTRY,1689045,0,109999
13853,SOUNDKITENTRY,1689046,0,109999
13854,SOUNDKITENTRY,1689047,0,109999
13855,SOUNDKITENTRY,1689048,0,109999
13856,SOUNDKITENTRY,1689049,0,109999
13857,SOUNDKITENTRY,1689050,0,109999
13858,SOUNDKITENTRY,1689314,0,109999
13859,SOUNDKITENTRY,1689315,0,109999
13860,SOUNDKITENTRY,1689316,0,109999
13861,SOUNDKITENTRY,1689317,0,109999
13862,SOUNDKITENTRY,1689318,0,109999
13863,SOUNDKITENTRY,1689319,0,109999
13864,SOUNDKITENTRY,1689320,0,109999
13865,SOUNDKITENTRY,1689321,0,109999
13866,SOUNDKITENTRY,1689322,0,109999
13867,SOUNDKITENTRY,1689323,0,109999
13868,SOUNDKITENTRY,1689324,0,109999
13869,SOUNDKITENTRY,1689325,0,109999
13870,SOUNDKITENTRY,1689326,0,109999
13871,SOUNDKITENTRY,1689327,0,109999
13872,SOUNDKITENTRY,1689328,0,109999
13873,SOUNDKITENTRY,1689329,0,109999
13874,SOUNDKITENTRY,1689330,0,109999
13875,SOUNDKITENTRY,1689331,0,109999
13876,SOUNDKITENTRY,1689332,0,109999
13877,SOUNDKITENTRY,1689333,0,109999
13878,SOUNDKITENTRY,1689334,0,109999
13879,SOUNDKITENTRY,1689335,0,109999
13880,SOUNDKITENTRY,1689336,0,109999
13881,SOUNDKITENTRY,1689337,0,109999
13882,SOUNDKITENTRY,1689338,0,109999
13883,SOUNDKITENTRY,1689339,0,109999
13884,SOUNDKITENTRY,1689340,0,109999
13885,SOUNDKITENTRY,1689447,0,109999
13886,SOUNDKITENTRY,1689448,0,109999
13887,SOUNDKITENTRY,1689449,0,109999
13888,SOUNDKITENTRY,1689450,0,109999
13889,SOUNDKITENTRY,1689451,0,109999
13890,SOUNDKITENTRY,1689452,0,109999
13891,SOUNDKITENTRY,1689453,0,109999
13892,SOUNDKITENTRY,1689454,0,109999
13893,SOUNDKITENTRY,1689455,0,109999
13894,SOUNDKITENTRY,1689456,0,109999
13895,SOUNDKITENTRY,1689457,0,109999
13896,SOUNDKITENTRY,1689458,0,109999
13897,SOUNDKITENTRY,1689459,0,109999
13898,SOUNDKITENTRY,1689460,0,109999
13899,SOUNDKITENTRY,1689461,0,109999
13900,SOUNDKITENTRY,1689462,0,109999
13901,SOUNDKITENTRY,1689463,0,109999
13902,SOUNDKITENTRY,1689464,0,109999
13903,SOUNDKITENTRY,1689465,0,109999
13904,SOUNDKITENTRY,1689466,0,109999
13905,SOUNDKITENTRY,1689467,0,109999
13906,SOUNDKITENTRY,1689468,0,109999
13907,SOUNDKITENTRY,1689469,0,109999
13908,SOUNDKITENTRY,1689470,0,109999
13909,SOUNDKITENTRY,1689471,0,109999
13910,SOUNDKITENTRY,1689472,0,109999
13911,SOUNDKITENTRY,1689473,0,109999
13912,SOUNDKITENTRY,1689474,0,109999
13913,SOUNDKITENTRY,1689475,0,109999
13914,SOUNDKITENTRY,1689476,0,109999
13915,SOUNDKITENTRY,1689477,0,109999
13916,SOUNDKITENTRY,1689478,0,109999
13917,SOUNDKITENTRY,1689479,0,109999
13918,SOUNDKITENTRY,1689480,0,109999
13919,SOUNDKITENTRY,1689481,0,109999
13920,SOUNDKITENTRY,1689482,0,109999
13921,SOUNDKITENTRY,1689483,0,109999
13922,SOUNDKITENTRY,1689484,0,109999
13923,SOUNDKITENTRY,1689485,0,109999
13924,SOUNDKITENTRY,1689486,0,109999
13925,SOUNDKITENTRY,1689487,0,109999
13926,SOUNDKITENTRY,1689488,0,109999
13927,SOUNDKITENTRY,1689489,0,109999
13928,SOUNDKITENTRY,1689490,0,109999
13929,SOUNDKITENTRY,1689491,0,109999
13930,SOUNDKITENTRY,1689492,0,109999
13931,SOUNDKITENTRY,1690147,0,109999
13932,SOUNDKITENTRY,1690148,0,109999
13933,SOUNDKITENTRY,1690149,0,109999
13934,SOUNDKITENTRY,1690150,0,109999
13935,SOUNDKITENTRY,1690151,0,109999
13936,SOUNDKITENTRY,1690152,0,109999
13937,SOUNDKITENTRY,1690153,0,109999
13938,SOUNDKITENTRY,1690154,0,109999
13939,SOUNDKITENTRY,1690155,0,109999
13940,SOUNDKITENTRY,1690156,0,109999
13941,SOUNDKITENTRY,1690157,0,109999
13942,SOUNDKITENTRY,1690158,0,109999
13943,SOUNDKITENTRY,1690159,0,109999
13944,SOUNDKITENTRY,1690160,0,109999
13945,SOUNDKITENTRY,1690161,0,109999
13946,SOUNDKITENTRY,1690162,0,109999
13947,SOUNDKITENTRY,1690163,0,109999
13948,SOUNDKITENTRY,1690164,0,109999
13949,SOUNDKITENTRY,1690165,0,109999
13950,SOUNDKITENTRY,1690166,0,109999
13951,SOUNDKITENTRY,1690167,0,109999
13952,SOUNDKITENTRY,1690168,0,109999
13953,SOUNDKITENTRY,1690169,0,109999
13954,SOUNDKITENTRY,1690170,0,109999
13955,SOUNDKITENTRY,1690171,0,109999
13956,SOUNDKITENTRY,1690172,0,109999
13957,SOUNDKITENTRY,1690173,0,109999
13958,SOUNDKITENTRY,1690174,0,109999
13959,SOUNDKITENTRY,1690175,0,109999
13960,SOUNDKITENTRY,1690176,0,109999
13961,SOUNDKITENTRY,1690177,0,109999
13962,SOUNDKITENTRY,1690178,0,109999
13963,SOUNDKITENTRY,1690179,0,109999
13964,SOUNDKITENTRY,1690217,0,109999
13965,SOUNDKITENTRY,1690218,0,109999
13966,SOUNDKITENTRY,1690219,0,109999
13967,SOUNDKITENTRY,1690220,0,109999
13968,SOUNDKITENTRY,1690221,0,109999
13969,SOUNDKITENTRY,1690222,0,109999
13970,SOUNDKITENTRY,1690223,0,109999
13971,SOUNDKITENTRY,1690224,0,109999
13972,SOUNDKITENTRY,1690225,0,109999
13973,SOUNDKITENTRY,1690226,0,109999
13974,SOUNDKITENTRY,1690227,0,109999
13975,SOUNDKITENTRY,1690228,0,109999
13976,SOUNDKITENTRY,1690229,0,109999
13977,SOUNDKITENTRY,1690230,0,109999
13978,SOUNDKITENTRY,1690231,0,109999
13979,SOUNDKITENTRY,1690232,0,109999
13980,SOUNDKITENTRY,1690233,0,109999
13981,SOUNDKITENTRY,1690234,0,109999
13982,SOUNDKITENTRY,1690235,0,109999
13983,SOUNDKITENTRY,1690236,0,109999
13984,SOUNDMIXGROUP,1205,0,109999
13985,SOUNDMIXGROUP,1210,0,109999
13986,SPELLVISUALKITEFFECT,742226,0,109999
13987,SPELLVISUALKITEFFECT,752452,0,109999
13988,SPELLVISUALKITEFFECT,758234,0,109999
13989,SPELLVISUALKITEFFECT,758399,0,109999
13990,SPELLVISUALKITEFFECT,788527,0,109999
13991,SPELLVISUALKITEFFECT,788535,0,109999
13992,SPELLVISUALKITEFFECT,788539,0,109999
13993,SPELLVISUALKITEFFECT,788726,0,109999
13994,SPELLVISUALKITEFFECT,788728,0,109999
13995,SPELLVISUALKITEFFECT,788758,0,109999
13996,SPELLVISUALKITEFFECT,788759,0,109999
13997,SPELLVISUALKITEFFECT,788763,0,109999
13998,SPELLVISUALKITEFFECT,788866,0,109999
13999,SPELLVISUALKITEFFECT,788917,0,109999
14000,SPELLVISUALKITEFFECT,788937,0,109999
14001,SPELLVISUALKITEFFECT,788948,0,109999
14002,SPELLVISUALMISSILE,28513,0,109999
14003,SPELLVISUALMISSILE,28846,0,109999
14004,SOUNDKIT,334527,0,109949
14005,SOUNDKIT,346209,0,109949
14006,SOUNDKIT,346213,0,109949
14007,SOUNDKIT,351941,0,109949
14008,SOUNDKIT,351947,0,109949
14009,SOUNDKIT,351948,0,109949
14010,SOUNDKIT,351951,0,109949
14011,SOUNDKIT,351952,0,109949
14012,SOUNDKIT,351955,0,109949
14013,SOUNDKIT,351965,0,109949
14014,SOUNDKIT,351966,0,109949
14015,SOUNDKIT,351968,0,109949
14016,SOUNDKIT,351991,0,109949
14017,SOUNDKIT,352003,0,109949
14018,SOUNDKIT,352004,0,109949
14019,SOUNDKIT,352005,0,109949
14020,SOUNDKIT,352007,0,109949
14021,SOUNDKIT,352008,0,109949
14022,SOUNDKIT,352020,0,109949
14023,SOUNDKIT,352021,0,109949
14024,SOUNDKIT,352022,0,109949
14025,SOUNDKIT,352027,0,109949
14026,SOUNDKIT,352035,0,109949
14027,SOUNDKIT,352043,0,109949
14028,SOUNDKIT,352050,0,109949
14029,SOUNDKIT,352085,0,109949
14030,SOUNDKIT,352086,0,109949
14031,SOUNDKIT,352146,0,109949
14032,SOUNDKIT,352147,0,109949
14033,SOUNDKIT,352148,0,109949
14034,SOUNDKIT,353464,0,109949
14035,SOUNDKIT,353465,0,109949
14036,SOUNDKIT,353771,0,109949
14037,SOUNDKIT,363136,0,109949
14038,SOUNDKIT,363137,0,109949
14039,SOUNDKIT,363138,0,109949
14040,SOUNDKIT,363139,0,109949
14041,SOUNDKIT,363140,0,109949
14042,SOUNDKIT,363151,0,109949
14043,SOUNDKIT,363164,0,109949
14044,SOUNDKIT,363165,0,109949
14045,SOUNDKIT,363196,0,109949
14046,SOUNDKIT,363204,0,109949
14047,SOUNDKIT,363206,0,109949
14048,SOUNDKIT,363225,0,109949
14049,SOUNDKIT,363226,0,109949
14050,SOUNDKIT,363234,0,109949
14051,SOUNDKIT,363235,0,109949
14052,SOUNDKIT,363249,0,109949
14053,SOUNDKIT,363370,0,109949
14054,SOUNDKIT,363371,0,109949
14055,SOUNDKIT,367908,0,109949
14056,SOUNDKITADVANCED,310101,0,109949
14057,SOUNDKITADVANCED,315810,0,109949
14058,SOUNDKITADVANCED,315835,0,109949
14059,SOUNDKITADVANCED,315910,0,109949
14060,SOUNDKITADVANCED,315955,0,109949
14061,SOUNDKITADVANCED,317775,0,109949
14062,SOUNDKITADVANCED,326873,0,109949
14063,SOUNDKITADVANCED,326970,0,109949
14064,SOUNDKITADVANCED,331499,0,109949
14065,SOUNDKITENTRY,1548139,0,109949
14066,SOUNDKITENTRY,1588761,0,109949
14067,SOUNDKITENTRY,1588762,0,109949
14068,SOUNDKITENTRY,1588763,0,109949
14069,SOUNDKITENTRY,1588764,0,109949
14070,SOUNDKITENTRY,1588765,0,109949
14071,SOUNDKITENTRY,1588766,0,109949
14072,SOUNDKITENTRY,1588767,0,109949
14073,SOUNDKITENTRY,1588768,0,109949
14074,SOUNDKITENTRY,1588769,0,109949
14075,SOUNDKITENTRY,1588770,0,109949
14076,SOUNDKITENTRY,1690156,0,109949
14077,SOUNDKITENTRY,1690157,0,109949
14078,SOUNDKITENTRY,1690158,0,109949
14079,SOUNDKITENTRY,1690159,0,109949
14080,SOUNDKITENTRY,1690160,0,109949
14081,SOUNDKITENTRY,1690161,0,109949
14082,SOUNDKITENTRY,1690162,0,109949
14083,SOUNDKITENTRY,1690163,0,109949
14084,SOUNDKITENTRY,1690164,0,109949
14085,SOUNDKITENTRY,1690165,0,109949
14086,SOUNDKITENTRY,1690166,0,109949
14087,SOUNDKITENTRY,1690167,0,109949
14088,SOUNDKITENTRY,1690168,0,109949
14089,SOUNDKITENTRY,1690169,0,109949
14090,SOUNDMIXGROUP,1208,0,109949
14091,SPELLCHAINEFFECTS,9047,0,109949
14092,SPELLVISUALKITEFFECT,758233,0,109949
14093,SPELLSCRIPT,86130,0,110369
14094,SPELLSCRIPT,128415,0,110369
14095,SPELLSCRIPTTEXT,19936,0,110369
14096,SPELLSCRIPTTEXT,19937,0,110369
14097,SPELLSCRIPTTEXT,20880,0,110369
14098,SPELLSCRIPTTEXT,20881,0,110369
14099,SPELLSCRIPTTEXT,23954,0,110369
14100,CREATUREDISPLAYINFO,136833,0,110514
14101,CREATUREDISPLAYINFO,136834,0,110514
14102,CREATUREDISPLAYINFO,137044,0,110514
14103,CREATUREDISPLAYINFO,137045,0,110514
14104,ITEM,1901,0,110514
14105,OBJECTEFFECT,9470,0,110514
14106,OBJECTEFFECT,9471,0,110514
14107,OBJECTEFFECTGROUP,5942,0,110514
14108,OBJECTEFFECTGROUP,5943,0,110514
14109,OBJECTEFFECTPACKAGE,2947,0,110514
14110,OBJECTEFFECTPACKAGE,2948,0,110514
14111,OBJECTEFFECTPACKAGEELEM,12728,0,110514
14112,OBJECTEFFECTPACKAGEELEM,12729,0,110514
14113,SOUNDKIT,118477,0,110514
14114,SOUNDKIT,321881,0,110514
14115,SOUNDKIT,322554,0,110514
14116,SOUNDKIT,322570,0,110514
14117,SOUNDKIT,322571,0,110514
14118,SOUNDKIT,322572,0,110514
14119,SOUNDKIT,322573,0,110514
14120,SOUNDKIT,322574,0,110514
14121,SOUNDKIT,322575,0,110514
14122,SOUNDKIT,322576,0,110514
14123,SOUNDKIT,322577,0,110514
14124,SOUNDKIT,322578,0,110514
14125,SOUNDKIT,322579,0,110514
14126,SOUNDKIT,322580,0,110514
14127,SOUNDKIT,322581,0,110514
14128,SOUNDKIT,322582,0,110514
14129,SOUNDKIT,322583,0,110514
14130,SOUNDKIT,322584,0,110514
14131,SOUNDKIT,322588,0,110514
14132,SOUNDKIT,322589,0,110514
14133,SOUNDKIT,322590,0,110514
14134,SOUNDKIT,322591,0,110514
14135,SOUNDKIT,322592,0,110514
14136,SOUNDKIT,322593,0,110514
14137,SOUNDKIT,322594,0,110514
14138,SOUNDKIT,322595,0,110514
14139,SOUNDKIT,322596,0,110514
14140,SOUNDKIT,322597,0,110514
14141,SOUNDKIT,322598,0,110514
14142,SOUNDKIT,322599,0,110514
14143,SOUNDKIT,322600,0,110514
14144,SOUNDKIT,322601,0,110514
14145,SOUNDKIT,322602,0,110514
14146,SOUNDKIT,322603,0,110514
14147,SOUNDKIT,322604,0,110514
14148,SOUNDKIT,322605,0,110514
14149,SOUNDKIT,322606,0,110514
14150,SOUNDKIT,322607,0,110514
14151,SOUNDKIT,322897,0,110514
14152,SOUNDKIT,322898,0,110514
14153,SOUNDKIT,322899,0,110514
14154,SOUNDKIT,322900,0,110514
14155,SOUNDKIT,322901,0,110514
14156,SOUNDKIT,322902,0,110514
14157,SOUNDKIT,322903,0,110514
14158,SOUNDKIT,322904,0,110514
14159,SOUNDKIT,322905,0,110514
14160,SOUNDKIT,322906,0,110514
14161,SOUNDKIT,322907,0,110514
14162,SOUNDKIT,322908,0,110514
14163,SOUNDKIT,322909,0,110514
14164,SOUNDKIT,322910,0,110514
14165,SOUNDKIT,322911,0,110514
14166,SOUNDKIT,322912,0,110514
14167,SOUNDKIT,322913,0,110514
14168,SOUNDKIT,322914,0,110514
14169,SOUNDKIT,322915,0,110514
14170,SOUNDKIT,322916,0,110514
14171,SOUNDKIT,322917,0,110514
14172,SOUNDKIT,322918,0,110514
14173,SOUNDKIT,322919,0,110514
14174,SOUNDKIT,322920,0,110514
14175,SOUNDKIT,322921,0,110514
14176,SOUNDKIT,322923,0,110514
14177,SOUNDKIT,322925,0,110514
14178,SOUNDKIT,322926,0,110514
14179,SOUNDKIT,322927,0,110514
14180,SOUNDKIT,322928,0,110514
14181,SOUNDKIT,322929,0,110514
14182,SOUNDKIT,322930,0,110514
14183,SOUNDKIT,322931,0,110514
14184,SOUNDKIT,322932,0,110514
14185,SOUNDKIT,322933,0,110514
14186,SOUNDKIT,322936,0,110514
14187,SOUNDKIT,322937,0,110514
14188,SOUNDKIT,322938,0,110514
14189,SOUNDKIT,322939,0,110514
14190,SOUNDKIT,322940,0,110514
14191,SOUNDKIT,322941,0,110514
14192,SOUNDKIT,322942,0,110514
14193,SOUNDKIT,322943,0,110514
14194,SOUNDKIT,322944,0,110514
14195,SOUNDKIT,322945,0,110514
14196,SOUNDKIT,322946,0,110514
14197,SOUNDKIT,322947,0,110514
14198,SOUNDKIT,322948,0,110514
14199,SOUNDKIT,322949,0,110514
14200,SOUNDKIT,322950,0,110514
14201,SOUNDKIT,322951,0,110514
14202,SOUNDKIT,322952,0,110514
14203,SOUNDKIT,322953,0,110514
14204,SOUNDKIT,322954,0,110514
14205,SOUNDKIT,322955,0,110514
14206,SOUNDKIT,322956,0,110514
14207,SOUNDKIT,322957,0,110514
14208,SOUNDKIT,322958,0,110514
14209,SOUNDKIT,322959,0,110514
14210,SOUNDKIT,322960,0,110514
14211,SOUNDKIT,322961,0,110514
14212,SOUNDKIT,322962,0,110514
14213,SOUNDKIT,322963,0,110514
14214,SOUNDKIT,322964,0,110514
14215,SOUNDKIT,322965,0,110514
14216,SOUNDKIT,322966,0,110514
14217,SOUNDKIT,322967,0,110514
14218,SOUNDKIT,322968,0,110514
14219,SOUNDKIT,322969,0,110514
14220,SOUNDKIT,322970,0,110514
14221,SOUNDKIT,322971,0,110514
14222,SOUNDKIT,322972,0,110514
14223,SOUNDKIT,322973,0,110514
14224,SOUNDKIT,322974,0,110514
14225,SOUNDKIT,322975,0,110514
14226,SOUNDKIT,322976,0,110514
14227,SOUNDKIT,322977,0,110514
14228,SOUNDKIT,322978,0,110514
14229,SOUNDKIT,322979,0,110514
14230,SOUNDKIT,322980,0,110514
14231,SOUNDKIT,322981,0,110514
14232,SOUNDKIT,332208,0,110514
14233,SOUNDKIT,332209,0,110514
14234,SOUNDKIT,332210,0,110514
14235,SOUNDKIT,338226,0,110514
14236,SOUNDKIT,338265,0,110514
14237,SOUNDKIT,338376,0,110514
14238,SOUNDKIT,338377,0,110514
14239,SOUNDKIT,338378,0,110514
14240,SOUNDKIT,338379,0,110514
14241,SOUNDKIT,338380,0,110514
14242,SOUNDKIT,366978,0,110514
14243,SOUNDKIT,366979,0,110514
14244,SOUNDKIT,366980,0,110514
14245,SOUNDKIT,366981,0,110514
14246,SOUNDKIT,366982,0,110514
14247,SOUNDKIT,366987,0,110514
14248,SOUNDKIT,366992,0,110514
14249,SOUNDKIT,366994,0,110514
14250,SOUNDKIT,366995,0,110514
14251,SOUNDKIT,366996,0,110514
14252,SOUNDKIT,366997,0,110514
14253,SOUNDKIT,366998,0,110514
14254,SOUNDKIT,368754,0,110514
14255,SOUNDKIT,368755,0,110514
14256,SOUNDKITADVANCED,332333,0,110514
14257,SOUNDKITADVANCED,332334,0,110514
14258,SOUNDKITENTRY,1696264,0,110514
14259,SOUNDKITENTRY,1696265,0,110514
14260,SOUNDKITENTRY,1696266,0,110514
14261,SOUNDKITENTRY,1696267,0,110514
14262,SOUNDKITENTRY,1696268,0,110514
14263,SOUNDKITENTRY,1696269,0,110514
14264,SOUNDKITENTRY,1696270,0,110514
14265,SOUNDKITENTRY,1696271,0,110514
14266,SOUNDKITENTRY,1696272,0,110514
14267,SOUNDKITENTRY,1696273,0,110514
14268,SOUNDKITENTRY,1696274,0,110514
14269,SOUNDKITENTRY,1696275,0,110514
14270,SOUNDKITENTRY,1696276,0,110514
14271,SOUNDKITENTRY,1696277,0,110514
14272,SOUNDKITENTRY,1696278,0,110514
14273,SOUNDKITENTRY,1696279,0,110514
14274,SPELL,457803,0,110546
14275,SPELLAURAOPTIONS,238090,0,110546
14276,SPELLEFFECT,1163297,0,110546
14277,SPELLEFFECT,1347638,0,110546
14278,SPELLMISC,750455,0,110546
14279,SPELLSCRIPT,38810,0,110546
14280,SPELLSCRIPT,100243,0,110546
14281,SPELLSCRIPTPACKAGE,63051,0,110546
14282,SPELLSCRIPTTEXT,26762,0,110587
14283,SPELLSCRIPTTEXT,26763,0,110587
14284,BROADCASTTEXT,317398,0,110628
14285,BROADCASTTEXT,317402,0,110628
14286,BROADCASTTEXT,317406,0,110628
14287,SOUNDKIT,364601,0,110628
14288,SOUNDKIT,364776,0,110628
14289,SOUNDKITADVANCED,328273,0,110628
14290,GLOBALSTRINGS,58002,0,110363
14291,GLOBALSTRINGS,59758,0,110363
14292,SPELL,432181,0,110446
14293,SPELLAURAOPTIONS,235141,0,110446
14294,SPELLSCRIPTTEXT,26925,0,110089
14295,SPELLSCRIPT,132335,0,110643
14296,SPELLSCRIPTTEXT,15870,0,110643
14297,SPELLSCRIPTTEXT,15871,0,110643
14298,SPELLSCRIPTTEXT,22656,0,110643
14299,SPELLSCRIPTTEXT,22719,0,110643
14300,SPELLSCRIPTTEXT,22720,0,110643
14301,SPELLSCRIPTTEXT,22721,0,110643
14302,SPELLSCRIPTTEXT,22722,0,110643
14303,SPELLSCRIPTTEXT,22746,0,110643
14304,SPELLSCRIPTTEXT,23005,0,110643
14305,SPELLSCRIPTTEXT,23574,0,110643
14306,SPELLSCRIPTTEXT,25405,0,110643
14307,SPELLSCRIPTTEXT,26967,0,110643
14308,SPELLSCRIPTTEXT,26968,0,110643
14309,SPELLSCRIPTTEXT,26969,0,110643
14310,SPELLSCRIPTTEXT,27020,0,110643
14311,SPELLSCRIPTTEXT,27870,0,110643
14312,SPELLSCRIPTTEXT,27878,0,110643
14313,SPELLSCRIPTTEXT,28098,0,110643
14314,SPELLSCRIPTTEXT,29776,0,110643
14315,MODIFIERTREE,463011,0,110646
14316,MODIFIERTREE,463012,0,110646
14317,MODIFIERTREE,463013,0,110646
14318,MODIFIERTREE,463014,0,110646
14319,MODIFIERTREE,463015,0,110646
14320,MODIFIERTREE,463016,0,110646
14321,MODIFIERTREE,463017,0,110646
14322,MODIFIERTREE,463018,0,110646
14323,MODIFIERTREE,463019,0,110646
14324,MODIFIERTREE,463020,0,110646
14325,MODIFIERTREE,463021,0,110646
14326,MODIFIERTREE,463022,0,110646
14327,MODIFIERTREE,463023,0,110646
14328,PLAYERCONDITION,163205,0,110646
14329,VENDORITEM,274115,0,110646
14330,AI_GROUPACTIONSET,1211685,0,110668
14331,AI_GROUPACTIONSET,1211686,0,110668
14332,AI_GROUPACTIONSET,1211687,0,110668
14333,AI_GROUPACTIONSET,1211688,0,110668
14334,AI_GROUPACTIONSET,1211689,0,110668
14335,AI_GROUPACTIONSET,1211690,0,110668
14336,AI_GROUPACTIONSET,1211691,0,110668
14337,AI_GROUPACTIONSET,1211692,0,110668
14338,AI_TRIGGERACTION,221302,0,110668
14339,AI_TRIGGERACTION,221532,0,110668
14340,AI_TRIGGERACTION,221533,0,110668
14341,AI_TRIGGERACTION,223098,0,110668
14342,SPELL,1300090,0,110668
14343,SPELLAURARESTRICTIONS,25015,0,110668
14344,SPELLEFFECT,1324559,0,110668
14345,SPELLMISC,847303,0,110668
14346,SPELLSCRIPT,10613,0,110686
14347,WORLDSTATEEXPRESSION,52359,0,110727
14348,WORLDSTATEEXPRESSION,53303,0,110727
14349,WORLDSTATEEXPRESSION,53309,0,110727
14350,LFGDUNGEONS,3245,0,110743
14351,CRITERIATREE,206696,0,110754
14352,CRITERIATREE,207767,0,110754
14353,CRITERIATREE,233528,0,110754
14354,CRITERIATREE,233529,0,110754
14355,SPELLSCRIPT,116265,0,110754
14356,SPELLSCRIPTTEXT,26925,0,110754
14357,SPELLSCRIPTTEXT,26928,0,110754
14358,SPELLSCRIPTTEXT,28884,0,110754
14359,AI_GROUPACTION,1093459,0,110666
14360,AI_GROUPACTIONSET,1212079,0,110666
14361,AI_TRIGGERACTION,224851,0,110666
14362,AI_TRIGGERACTIONSET,79208,0,110666
14363,CREATURE,274633,0,110666
14364,CREATUREDIFFICULTY,358456,0,110666
14365,CREATUREXDISPLAYINFO,683066,0,110666
14366,CREATUREXDISPLAYINFO,683067,0,110666
14367,DUNGEONENCOUNTER,3379,0,110666
14368,NAMEDPOINT,184190,0,110666
14369,NAMEDPOINT,184191,0,110666
14370,NAMEDPOINT,184192,0,110666
14371,NAMEDPOINT,184193,0,110666
14372,NAMEDPOINT,184194,0,110666
14373,NAMEDPOINT,184195,0,110666
14374,NAMEDPOINT,184196,0,110666
14375,NAMEDPOINT,184197,0,110666
14376,NAMEDPOINT,184198,0,110666
14377,NAMEDPOINT,184199,0,110666
14378,NAMEDPOINT,184200,0,110666
14379,NAMEDPOINT,184201,0,110666
14380,NAMEDPOINT,184202,0,110666
14381,SPAWNEVENT,5350059,0,110666
14382,SPAWNGROUP,3344070,0,110666
14383,SPAWNLOC,5246917,0,110666
14384,SPAWNOBJECT,8289895,0,110666
14385,SPAWNSQUAD,5522943,0,110666
14386,SPELL,1316060,0,110666
14387,SPELLEFFECT,1348687,0,110666
14388,SPELLMISC,862218,0,110666
14389,SPELLSCRIPT,133745,0,110666
14390,SPELLSCRIPTTEXT,29779,0,110666
14391,SPELLSCRIPTTEXT,29780,0,110666
14392,SPELLSCRIPTTEXT,29781,0,110666
14393,SPELLSCRIPTTEXT,29783,0,110666
14394,SPELLVISUAL,191043,0,110666
14395,SPELLVISUALEVENT,563010,0,110666
14396,SPELLVISUALEVENT,563012,0,110666
14397,SPELLVISUALEVENT,563013,0,110666
14398,SPELLVISUALKIT,279748,0,110666
14399,SPELLVISUALKIT,279750,0,110666
14400,SPELLVISUALKITEFFECT,791490,0,110666
14401,SPELLVISUALKITEFFECT,791492,0,110666
14402,SPELLVISUALKITMODELATTACH,639212,0,110666
14403,SPELLVISUALKITMODELATTACH,639213,0,110666
14404,SPELLXSPELLVISUAL,532467,0,110666
14405,STRINGID,119148,0,110666
14406,STRINGID,119149,0,110666
14407,STRINGID,119150,0,110666
14408,STRINGID,119151,0,110666
14409,STRINGID,119152,0,110666
14410,AI_GROUPACTION,1093698,0,110773
14411,AI_GROUPACTION,1093699,0,110773
14412,AI_GROUPACTION,1093700,0,110773
14413,AI_GROUPACTION,1093701,0,110773
14414,AI_GROUPACTION,1093702,0,110773
14415,AI_GROUPACTIONSET,1212322,0,110773
14416,AI_GROUPACTIONSET,1212323,0,110773
14417,AI_GROUPACTIONSET,1212324,0,110773
14418,AI_GROUPACTIONSET,1212325,0,110773
14419,AI_GROUPACTIONSET,1212326,0,110773
14420,AI_GROUPACTIONSET,1212327,0,110773
14421,AI_TRIGGERACTION,216881,0,110773
14422,AI_TRIGGERACTION,217016,0,110773
14423,AI_TRIGGERACTION,219732,0,110773
14424,AI_TRIGGERACTION,220268,0,110773
14425,AI_TRIGGERACTION,220269,0,110773
14426,AI_TRIGGERACTION,220270,0,110773
14427,AI_TRIGGERACTION,220271,0,110773
14428,AI_TRIGGERACTION,220272,0,110773
14429,AI_TRIGGERACTION,220274,0,110773
14430,AI_TRIGGERACTION,220275,0,110773
14431,AI_TRIGGERACTION,220276,0,110773
14432,AI_TRIGGERACTION,220277,0,110773
14433,AI_TRIGGERACTIONSET,74846,0,110773
14434,CREATUREDIFFICULTY,348403,0,110773
14435,CREATUREDIFFICULTY,353991,0,110773
14436,CREATUREDIFFICULTY,354111,0,110773
14437,CREATURESPELLDATA,50998,0,110773
14438,ENCOUNTEREVENT,370,0,110773
14439,RANDOMTEXT,50760,0,110773
14440,SPELLEFFECT,1289736,0,110773
14441,SPELLEFFECT,1334748,0,110773
14442,SPELLEFFECT,1340322,0,110773
14443,SPELLEFFECT,1340323,0,110773
14444,SPELLEFFECT,1344593,0,110773
14445,SPELLEFFECT,1344594,0,110773
14446,SPELLEFFECT,1344782,0,110773
14447,SPELLEFFECT,1344785,0,110773
14448,SPELLEFFECT,1347391,0,110773
14449,SPELLEFFECT,1347392,0,110773
14450,SPELLEFFECT,1349052,0,110773
14451,SPELLEFFECT,1349053,0,110773
14452,SPELLEFFECT,1349054,0,110773
14453,SPELLEFFECT,1349055,0,110773
14454,SPELLEFFECT,1349056,0,110773
14455,SPELLMISC,813878,0,110773
14456,SPELLMISC,825519,0,110773
14457,SPELLMISC,830583,0,110773
14458,SPELLMISC,859790,0,110773
14459,SPELLSCRIPTTEXT,29779,0,110773
14460,SPELLSCRIPTTEXT,29780,0,110773
14461,SPELLSCRIPTTEXT,29783,0,110773
14462,HOUSEDECOR,21616,0,110787
14463,HOUSEDECOR,21725,0,110787
14464,INTERNALRECORD,245858,0,110787
14465,ITEM,271609,0,110787
14466,INTERNALRECORD,245859,0,110787
14467,ITEMEFFECT,231806,0,110787
14468,INTERNALRECORD,245860,0,110787
14469,ITEMXITEMEFFECT,163964,0,110787
14470,INTERNALRECORD,245861,0,110787
14471,SPELL,1289118,0,110787
14472,INTERNALRECORD,245862,0,110787
14473,SPELLINTERRUPTS,240905,0,110787
14474,INTERNALRECORD,245863,0,110787
14475,SPELLSHAPESHIFT,57210,0,110787
14476,INTERNALRECORD,245864,0,110787
14477,SPELLMISC,836739,0,110787
14478,INTERNALRECORD,245865,0,110787
14479,SPELLXDIFFICULTY,559538,0,110787
14480,INTERNALRECORD,245866,0,110787
14481,SPELLEFFECT,1307333,0,110787
14482,INTERNALRECORD,245867,0,110787
14483,SPELLXSPELLVISUAL,514839,0,110787
14484,INTERNALRECORD,245878,0,110787
14485,ITEM,271176,0,110787
14486,INTERNALRECORD,245879,0,110787
14487,ITEMEFFECT,231704,0,110787
14488,INTERNALRECORD,245880,0,110787
14489,ITEMXITEMEFFECT,163855,0,110787
14490,INTERNALRECORD,245881,0,110787
14491,SPELL,1288743,0,110787
14492,INTERNALRECORD,245882,0,110787
14493,SPELLINTERRUPTS,240758,0,110787
14494,INTERNALRECORD,245883,0,110787
14495,SPELLSHAPESHIFT,57127,0,110787
14496,INTERNALRECORD,245884,0,110787
14497,SPELLMISC,836387,0,110787
14498,INTERNALRECORD,245885,0,110787
14499,SPELLXDIFFICULTY,559175,0,110787
14500,INTERNALRECORD,245886,0,110787
14501,SPELLEFFECT,1306855,0,110787
14502,INTERNALRECORD,245887,0,110787
14503,SPELLXSPELLVISUAL,514627,0,110787
14504,INTERNALRECORD,251747,0,110787
14505,ITEMCURRENCYCOST,108385,0,110787
14506,INTERNALRECORD,251748,0,110787
14507,ITEMCURRENCYCOST,108386,0,110787
14508,ITEM,271176,0,110787
14509,ITEM,271609,0,110787
14510,ITEMCURRENCYCOST,108385,0,110787
14511,ITEMCURRENCYCOST,108386,0,110787
14512,ITEMEFFECT,231704,0,110787
14513,ITEMEFFECT,231806,0,110787
14514,ITEMXITEMEFFECT,163855,0,110787
14515,ITEMXITEMEFFECT,163964,0,110787
14516,SOURCEINFO,25111,0,110787
14517,SOURCEINFO,25205,0,110787
14518,SPELL,1288743,0,110787
14519,SPELL,1289118,0,110787
14520,SPELLEFFECT,1306855,0,110787
14521,SPELLEFFECT,1307333,0,110787
14522,SPELLINTERRUPTS,240758,0,110787
14523,SPELLINTERRUPTS,240905,0,110787
14524,SPELLMISC,836387,0,110787
14525,SPELLMISC,836739,0,110787
14526,SPELLSHAPESHIFT,57127,0,110787
14527,SPELLSHAPESHIFT,57210,0,110787
14528,SPELLXSPELLVISUAL,514627,0,110787
14529,SPELLXSPELLVISUAL,514839,0,110787
14530,TIEREDENTRANCE,34,0,110790
14531,AREATRIGGERCREATEPROPERTIES,43889,0,109928
14532,CREATURE,264423,0,109928
14533,CREATUREDISPLAYINFO,147587,0,109928
14534,CREATUREDISPLAYINFO,147600,0,109928
14535,CREATURESOUNDDATA,10778,0,109928
14536,CREATURESOUNDDATA,10781,0,109928
14537,CREATURESOUNDFIDGET,65247,0,109928
14538,CREATURESOUNDFIDGET,65248,0,109928
14539,CREATURESOUNDFIDGET,65249,0,109928
14540,CREATURESOUNDFIDGET,65255,0,109928
14541,CREATURESOUNDFIDGET,65256,0,109928
14542,CREATURESOUNDFIDGET,65257,0,109928
14543,CREATUREXDISPLAYINFO,662006,0,109928
14544,OBJECTEFFECT,9437,0,109928
14545,OBJECTEFFECT,9438,0,109928
14546,OBJECTEFFECT,9439,0,109928
14547,OBJECTEFFECT,9440,0,109928
14548,OBJECTEFFECT,9441,0,109928
14549,OBJECTEFFECT,9442,0,109928
14550,OBJECTEFFECT,9443,0,109928
14551,OBJECTEFFECT,9444,0,109928
14552,OBJECTEFFECT,9445,0,109928
14553,OBJECTEFFECT,9446,0,109928
14554,OBJECTEFFECT,9447,0,109928
14555,OBJECTEFFECT,9448,0,109928
14556,OBJECTEFFECT,9449,0,109928
14557,OBJECTEFFECT,9450,0,109928
14558,OBJECTEFFECT,9451,0,109928
14559,OBJECTEFFECT,9452,0,109928
14560,OBJECTEFFECT,9453,0,109928
14561,OBJECTEFFECT,9454,0,109928
14562,OBJECTEFFECT,9455,0,109928
14563,OBJECTEFFECT,9456,0,109928
14564,OBJECTEFFECT,9457,0,109928
14565,OBJECTEFFECT,9458,0,109928
14566,OBJECTEFFECT,9459,0,109928
14567,OBJECTEFFECT,9460,0,109928
14568,OBJECTEFFECTGROUP,5927,0,109928
14569,OBJECTEFFECTGROUP,5928,0,109928
14570,OBJECTEFFECTGROUP,5929,0,109928
14571,OBJECTEFFECTGROUP,5930,0,109928
14572,OBJECTEFFECTGROUP,5931,0,109928
14573,OBJECTEFFECTGROUP,5932,0,109928
14574,OBJECTEFFECTPACKAGE,2941,0,109928
14575,OBJECTEFFECTPACKAGEELEM,12696,0,109928
14576,OBJECTEFFECTPACKAGEELEM,12697,0,109928
14577,OBJECTEFFECTPACKAGEELEM,12698,0,109928
14578,OBJECTEFFECTPACKAGEELEM,12699,0,109928
14579,OBJECTEFFECTPACKAGEELEM,12700,0,109928
14580,OBJECTEFFECTPACKAGEELEM,12701,0,109928
14581,OBJECTEFFECTPACKAGEELEM,12702,0,109928
14582,SOUNDKIT,361057,0,109928
14583,SOUNDKIT,361058,0,109928
14584,SOUNDKIT,367057,0,109928
14585,SOUNDKIT,367058,0,109928
14586,SOUNDKIT,367059,0,109928
14587,SOUNDKIT,367499,0,109928
14588,SOUNDKIT,367500,0,109928
14589,SOUNDKIT,367501,0,109928
14590,SOUNDKIT,367511,0,109928
14591,SOUNDKIT,367512,0,109928
14592,SOUNDKIT,367513,0,109928
14593,SOUNDKIT,367565,0,109928
14594,SOUNDKIT,367566,0,109928
14595,SOUNDKIT,367568,0,109928
14596,SOUNDKIT,367569,0,109928
14597,SOUNDKIT,367584,0,109928
14598,SOUNDKIT,367585,0,109928
14599,SOUNDKIT,367586,0,109928
14600,SOUNDKIT,367587,0,109928
14601,SOUNDKIT,367588,0,109928
14602,SOUNDKIT,367589,0,109928
14603,SOUNDKIT,367590,0,109928
14604,SOUNDKIT,367593,0,109928
14605,SOUNDKIT,367598,0,109928
14606,SOUNDKIT,367600,0,109928
14607,SOUNDKIT,367604,0,109928
14608,SOUNDKIT,367606,0,109928
14609,SOUNDKIT,367607,0,109928
14610,SOUNDKIT,367609,0,109928
14611,SOUNDKIT,367613,0,109928
14612,SOUNDKIT,367614,0,109928
14613,SOUNDKIT,367615,0,109928
14614,SOUNDKIT,367617,0,109928
14615,SOUNDKIT,367629,0,109928
14616,SOUNDKIT,367630,0,109928
14617,SOUNDKIT,367631,0,109928
14618,SOUNDKIT,367632,0,109928
14619,SOUNDKIT,367633,0,109928
14620,SOUNDKIT,367634,0,109928
14621,SOUNDKIT,367649,0,109928
14622,SOUNDKIT,367650,0,109928
14623,SOUNDKIT,367651,0,109928
14624,SOUNDKIT,367652,0,109928
14625,SOUNDKIT,367653,0,109928
14626,SOUNDKIT,367654,0,109928
14627,SOUNDKIT,367655,0,109928
14628,SOUNDKIT,367657,0,109928
14629,SOUNDKIT,367660,0,109928
14630,SOUNDKIT,367662,0,109928
14631,SOUNDKIT,367663,0,109928
14632,SOUNDKIT,367664,0,109928
14633,SOUNDKIT,367665,0,109928
14634,SOUNDKIT,367666,0,109928
14635,SOUNDKIT,367667,0,109928
14636,SOUNDKIT,367668,0,109928
14637,SOUNDKIT,367669,0,109928
14638,SOUNDKIT,367670,0,109928
14639,SOUNDKIT,367672,0,109928
14640,SOUNDKIT,367674,0,109928
14641,SOUNDKIT,367675,0,109928
14642,SOUNDKIT,367676,0,109928
14643,SOUNDKIT,367677,0,109928
14644,SOUNDKITADVANCED,331162,0,109928
14645,SOUNDKITADVANCED,331163,0,109928
14646,SOUNDKITADVANCED,331165,0,109928
14647,SOUNDKITADVANCED,331166,0,109928
14648,SOUNDKITADVANCED,331181,0,109928
14649,SOUNDKITADVANCED,331182,0,109928
14650,SOUNDKITADVANCED,331183,0,109928
14651,SOUNDKITADVANCED,331184,0,109928
14652,SOUNDKITADVANCED,331185,0,109928
14653,SOUNDKITADVANCED,331186,0,109928
14654,SOUNDKITADVANCED,331187,0,109928
14655,SOUNDKITADVANCED,331190,0,109928
14656,SOUNDKITADVANCED,331195,0,109928
14657,SOUNDKITADVANCED,331197,0,109928
14658,SOUNDKITADVANCED,331201,0,109928
14659,SOUNDKITADVANCED,331203,0,109928
14660,SOUNDKITADVANCED,331204,0,109928
14661,SOUNDKITADVANCED,331206,0,109928
14662,SOUNDKITADVANCED,331210,0,109928
14663,SOUNDKITADVANCED,331211,0,109928
14664,SOUNDKITADVANCED,331212,0,109928
14665,SOUNDKITADVANCED,331214,0,109928
14666,SOUNDKITADVANCED,331226,0,109928
14667,SOUNDKITADVANCED,331227,0,109928
14668,SOUNDKITADVANCED,331228,0,109928
14669,SOUNDKITADVANCED,331229,0,109928
14670,SOUNDKITADVANCED,331230,0,109928
14671,SOUNDKITADVANCED,331231,0,109928
14672,SOUNDKITADVANCED,331240,0,109928
14673,SOUNDKITADVANCED,331241,0,109928
14674,SOUNDKITADVANCED,331242,0,109928
14675,SOUNDKITADVANCED,331243,0,109928
14676,SOUNDKITADVANCED,331244,0,109928
14677,SOUNDKITADVANCED,331245,0,109928
14678,SOUNDKITADVANCED,331246,0,109928
14679,SOUNDKITADVANCED,331248,0,109928
14680,SOUNDKITADVANCED,331251,0,109928
14681,SOUNDKITADVANCED,331253,0,109928
14682,SOUNDKITADVANCED,331254,0,109928
14683,SOUNDKITADVANCED,331255,0,109928
14684,SOUNDKITADVANCED,331256,0,109928
14685,SOUNDKITADVANCED,331257,0,109928
14686,SOUNDKITADVANCED,331258,0,109928
14687,SOUNDKITADVANCED,331259,0,109928
14688,SOUNDKITADVANCED,331260,0,109928
14689,SOUNDKITADVANCED,331261,0,109928
14690,SOUNDKITADVANCED,331263,0,109928
14691,SOUNDKITADVANCED,331265,0,109928
14692,SOUNDKITADVANCED,331266,0,109928
14693,SOUNDKITADVANCED,331267,0,109928
14694,SOUNDKITADVANCED,331268,0,109928
14695,SOUNDKITCHILD,49018,0,109928
14696,SOUNDKITCHILD,49019,0,109928
14697,SOUNDKITCHILD,49031,0,109928
14698,SOUNDKITCHILD,49032,0,109928
14699,SOUNDKITCHILD,49037,0,109928
14700,SOUNDKITCHILD,49038,0,109928
14701,SOUNDKITCHILD,49042,0,109928
14702,SOUNDKITCHILD,49043,0,109928
14703,SOUNDKITCHILD,49046,0,109928
14704,SOUNDKITCHILD,49048,0,109928
14705,SOUNDKITCHILD,49049,0,109928
14706,SOUNDKITENTRY,1687878,0,109928
14707,SOUNDKITENTRY,1687879,0,109928
14708,SOUNDKITENTRY,1687880,0,109928
14709,SOUNDKITENTRY,1687881,0,109928
14710,SOUNDKITENTRY,1687882,0,109928
14711,SOUNDKITENTRY,1687883,0,109928
14712,SOUNDKITENTRY,1687884,0,109928
14713,SOUNDKITENTRY,1687885,0,109928
14714,SOUNDKITENTRY,1687886,0,109928
14715,SOUNDKITENTRY,1687887,0,109928
14716,SOUNDKITENTRY,1687888,0,109928
14717,SOUNDKITENTRY,1687889,0,109928
14718,SOUNDKITENTRY,1687890,0,109928
14719,SOUNDKITENTRY,1687891,0,109928
14720,SOUNDKITENTRY,1687892,0,109928
14721,SOUNDKITENTRY,1687893,0,109928
14722,SOUNDKITENTRY,1687894,0,109928
14723,SOUNDKITENTRY,1687895,0,109928
14724,SOUNDKITENTRY,1687896,0,109928
14725,SOUNDKITENTRY,1687897,0,109928
14726,SOUNDKITENTRY,1687898,0,109928
14727,SOUNDKITENTRY,1687899,0,109928
14728,SOUNDKITENTRY,1687900,0,109928
14729,SOUNDKITENTRY,1687901,0,109928
14730,SOUNDKITENTRY,1687902,0,109928
14731,SOUNDKITENTRY,1687903,0,109928
14732,SOUNDKITENTRY,1687908,0,109928
14733,SOUNDKITENTRY,1687909,0,109928
14734,SOUNDKITENTRY,1687910,0,109928
14735,SOUNDKITENTRY,1687911,0,109928
14736,SOUNDKITENTRY,1687912,0,109928
14737,SOUNDKITENTRY,1687913,0,109928
14738,SOUNDKITENTRY,1687914,0,109928
14739,SOUNDKITENTRY,1687915,0,109928
14740,SOUNDKITENTRY,1687916,0,109928
14741,SOUNDKITENTRY,1687917,0,109928
14742,SOUNDKITENTRY,1687918,0,109928
14743,SOUNDKITENTRY,1687919,0,109928
14744,SOUNDKITENTRY,1687920,0,109928
14745,SOUNDKITENTRY,1687921,0,109928
14746,SOUNDKITENTRY,1687922,0,109928
14747,SOUNDKITENTRY,1687923,0,109928
14748,SOUNDKITENTRY,1687924,0,109928
14749,SOUNDKITENTRY,1687925,0,109928
14750,SOUNDKITENTRY,1687926,0,109928
14751,SOUNDKITENTRY,1687927,0,109928
14752,SOUNDKITENTRY,1687928,0,109928
14753,SOUNDKITENTRY,1687929,0,109928
14754,SOUNDKITENTRY,1687930,0,109928
14755,SOUNDKITENTRY,1687931,0,109928
14756,SOUNDKITENTRY,1687932,0,109928
14757,SOUNDKITENTRY,1687933,0,109928
14758,SOUNDKITENTRY,1688008,0,109928
14759,SOUNDKITENTRY,1688009,0,109928
14760,SOUNDKITENTRY,1688010,0,109928
14761,SOUNDKITENTRY,1688011,0,109928
14762,SOUNDKITENTRY,1688012,0,109928
14763,SOUNDKITENTRY,1688013,0,109928
14764,SOUNDKITENTRY,1688014,0,109928
14765,SOUNDKITENTRY,1688015,0,109928
14766,SOUNDKITENTRY,1688016,0,109928
14767,SOUNDKITENTRY,1688017,0,109928
14768,SOUNDKITENTRY,1688018,0,109928
14769,SOUNDKITENTRY,1688019,0,109928
14770,SOUNDKITENTRY,1688020,0,109928
14771,SOUNDKITENTRY,1688021,0,109928
14772,SOUNDKITENTRY,1688022,0,109928
14773,SOUNDKITENTRY,1688023,0,109928
14774,SOUNDKITENTRY,1688024,0,109928
14775,SOUNDKITENTRY,1688025,0,109928
14776,SOUNDKITENTRY,1688026,0,109928
14777,SOUNDKITENTRY,1688027,0,109928
14778,SOUNDKITENTRY,1688028,0,109928
14779,SOUNDKITENTRY,1688029,0,109928
14780,SOUNDKITENTRY,1688030,0,109928
14781,SOUNDKITENTRY,1688031,0,109928
14782,SOUNDKITENTRY,1688052,0,109928
14783,SOUNDKITENTRY,1688077,0,109928
14784,SOUNDKITENTRY,1688078,0,109928
14785,SOUNDKITENTRY,1688079,0,109928
14786,SOUNDKITENTRY,1688080,0,109928
14787,SOUNDKITENTRY,1688084,0,109928
14788,SOUNDKITENTRY,1688085,0,109928
14789,SOUNDKITENTRY,1688086,0,109928
14790,SOUNDKITENTRY,1688087,0,109928
14791,SOUNDKITENTRY,1688095,0,109928
14792,SOUNDKITENTRY,1688096,0,109928
14793,SOUNDKITENTRY,1688097,0,109928
14794,SOUNDKITENTRY,1688098,0,109928
14795,SOUNDKITENTRY,1688099,0,109928
14796,SOUNDKITENTRY,1688100,0,109928
14797,SOUNDKITENTRY,1688101,0,109928
14798,SOUNDKITENTRY,1688102,0,109928
14799,SOUNDKITENTRY,1688103,0,109928
14800,SOUNDKITENTRY,1688104,0,109928
14801,SOUNDKITENTRY,1688105,0,109928
14802,SOUNDKITENTRY,1688106,0,109928
14803,SOUNDKITENTRY,1688107,0,109928
14804,SOUNDKITENTRY,1688108,0,109928
14805,SOUNDKITENTRY,1688109,0,109928
14806,SOUNDKITENTRY,1688110,0,109928
14807,SOUNDKITENTRY,1688111,0,109928
14808,SOUNDKITENTRY,1688112,0,109928
14809,SOUNDKITENTRY,1688113,0,109928
14810,SOUNDKITENTRY,1688114,0,109928
14811,SOUNDKITENTRY,1688115,0,109928
14812,SOUNDKITENTRY,1688116,0,109928
14813,SOUNDKITENTRY,1688117,0,109928
14814,SOUNDKITENTRY,1688121,0,109928
14815,SOUNDKITENTRY,1688122,0,109928
14816,SOUNDKITENTRY,1688123,0,109928
14817,SOUNDKITENTRY,1688124,0,109928
14818,SOUNDKITENTRY,1688125,0,109928
14819,SOUNDKITENTRY,1688126,0,109928
14820,SOUNDKITENTRY,1688127,0,109928
14821,SOUNDKITENTRY,1688138,0,109928
14822,SOUNDKITENTRY,1688139,0,109928
14823,SOUNDKITENTRY,1688140,0,109928
14824,SOUNDKITENTRY,1688141,0,109928
14825,SOUNDKITENTRY,1688162,0,109928
14826,SOUNDKITENTRY,1688163,0,109928
14827,SOUNDKITENTRY,1688164,0,109928
14828,SOUNDKITENTRY,1688165,0,109928
14829,SOUNDKITENTRY,1688166,0,109928
14830,SOUNDKITENTRY,1688167,0,109928
14831,SOUNDKITENTRY,1688168,0,109928
14832,SOUNDKITENTRY,1688169,0,109928
14833,SOUNDKITENTRY,1688170,0,109928
14834,SOUNDKITENTRY,1688171,0,109928
14835,SOUNDKITENTRY,1688172,0,109928
14836,SOUNDKITENTRY,1688173,0,109928
14837,SOUNDKITENTRY,1688174,0,109928
14838,SOUNDKITENTRY,1688181,0,109928
14839,SOUNDKITENTRY,1688182,0,109928
14840,SOUNDKITENTRY,1688183,0,109928
14841,SOUNDKITENTRY,1688184,0,109928
14842,SOUNDKITENTRY,1688199,0,109928
14843,SOUNDKITENTRY,1688200,0,109928
14844,SOUNDKITENTRY,1688201,0,109928
14845,SOUNDKITENTRY,1688202,0,109928
14846,SOUNDKITENTRY,1688203,0,109928
14847,SOUNDKITENTRY,1688204,0,109928
14848,SOUNDKITENTRY,1688205,0,109928
14849,SOUNDKITENTRY,1688206,0,109928
14850,SOUNDKITENTRY,1688207,0,109928
14851,SOUNDKITENTRY,1688208,0,109928
14852,SOUNDKITENTRY,1688239,0,109928
14853,SOUNDKITENTRY,1688240,0,109928
14854,SOUNDKITENTRY,1688241,0,109928
14855,SOUNDKITENTRY,1688242,0,109928
14856,SOUNDKITENTRY,1688243,0,109928
14857,SOUNDKITENTRY,1688244,0,109928
14858,SOUNDKITENTRY,1688245,0,109928
14859,SOUNDKITENTRY,1688246,0,109928
14860,SOUNDKITENTRY,1688247,0,109928
14861,SOUNDKITENTRY,1688248,0,109928
14862,SOUNDKITENTRY,1688249,0,109928
14863,SOUNDKITENTRY,1688250,0,109928
14864,SOUNDKITENTRY,1688251,0,109928
14865,SOUNDKITENTRY,1688252,0,109928
14866,SOUNDKITENTRY,1688253,0,109928
14867,SOUNDKITENTRY,1688254,0,109928
14868,SOUNDKITENTRY,1688255,0,109928
14869,SOUNDKITENTRY,1688256,0,109928
14870,SOUNDKITENTRY,1688257,0,109928
14871,SOUNDKITENTRY,1688258,0,109928
14872,SOUNDKITENTRY,1688259,0,109928
14873,SOUNDKITENTRY,1688260,0,109928
14874,SOUNDKITENTRY,1688261,0,109928
14875,SOUNDKITENTRY,1688262,0,109928
14876,SOUNDKITENTRY,1688263,0,109928
14877,SOUNDKITENTRY,1688264,0,109928
14878,SOUNDKITENTRY,1688265,0,109928
14879,SOUNDKITENTRY,1688266,0,109928
14880,SOUNDKITENTRY,1688267,0,109928
14881,SOUNDKITENTRY,1688268,0,109928
14882,SOUNDKITENTRY,1688269,0,109928
14883,SOUNDKITENTRY,1688270,0,109928
14884,SOUNDKITENTRY,1688271,0,109928
14885,SOUNDKITENTRY,1688272,0,109928
14886,SOUNDKITENTRY,1688273,0,109928
14887,SOUNDKITENTRY,1688274,0,109928
14888,SOUNDKITENTRY,1688359,0,109928
14889,SOUNDKITENTRY,1688360,0,109928
14890,SOUNDKITENTRY,1688361,0,109928
14891,SOUNDKITENTRY,1688362,0,109928
14892,SOUNDKITENTRY,1688363,0,109928
14893,SOUNDKITENTRY,1688364,0,109928
14894,SOUNDKITENTRY,1688365,0,109928
14895,SOUNDKITENTRY,1688366,0,109928
14896,SOUNDKITENTRY,1688367,0,109928
14897,SOUNDKITENTRY,1688368,0,109928
14898,SOUNDKITENTRY,1688369,0,109928
14899,SOUNDKITENTRY,1688370,0,109928
14900,SOUNDKITENTRY,1688371,0,109928
14901,SOUNDKITENTRY,1688372,0,109928
14902,SOUNDKITENTRY,1688373,0,109928
14903,SOUNDKITENTRY,1688374,0,109928
14904,SOUNDKITENTRY,1688375,0,109928
14905,SOUNDKITENTRY,1688376,0,109928
14906,SOUNDKITENTRY,1688377,0,109928
14907,SOUNDKITENTRY,1688378,0,109928
14908,SOUNDKITENTRY,1688379,0,109928
14909,SOUNDKITENTRY,1688380,0,109928
14910,SOUNDKITENTRY,1688381,0,109928
14911,SOUNDKITENTRY,1688382,0,109928
14912,SOUNDKITENTRY,1688383,0,109928
14913,SOUNDKITENTRY,1688384,0,109928
14914,SOUNDKITENTRY,1688385,0,109928
14915,SOUNDKITENTRY,1688386,0,109928
14916,SOUNDKITENTRY,1688387,0,109928
14917,SOUNDKITENTRY,1688388,0,109928
14918,SOUNDKITENTRY,1688389,0,109928
14919,SOUNDKITENTRY,1688390,0,109928
14920,SOUNDKITENTRY,1688391,0,109928
14921,SOUNDKITENTRY,1688392,0,109928
14922,SOUNDKITENTRY,1688393,0,109928
14923,SOUNDKITENTRY,1688394,0,109928
14924,SOUNDKITENTRY,1688395,0,109928
14925,SOUNDKITENTRY,1688396,0,109928
14926,SOUNDKITENTRY,1688397,0,109928
14927,SOUNDKITENTRY,1688398,0,109928
14928,SOUNDKITENTRY,1688399,0,109928
14929,SOUNDKITENTRY,1688400,0,109928
14930,SOUNDKITENTRY,1688401,0,109928
14931,SOUNDKITENTRY,1688402,0,109928
14932,SOUNDKITENTRY,1688403,0,109928
14933,SOUNDKITENTRY,1688404,0,109928
14934,SOUNDKITENTRY,1688405,0,109928
14935,SOUNDKITENTRY,1688406,0,109928
14936,SOUNDKITENTRY,1688407,0,109928
14937,SOUNDKITENTRY,1688408,0,109928
14938,SOUNDKITENTRY,1688409,0,109928
14939,SOUNDKITENTRY,1688410,0,109928
14940,SOUNDKITENTRY,1688411,0,109928
14941,SOUNDKITENTRY,1688412,0,109928
14942,SOUNDKITENTRY,1688413,0,109928
14943,SOUNDKITENTRY,1688414,0,109928
14944,SOUNDKITENTRY,1688415,0,109928
14945,SOUNDKITENTRY,1688416,0,109928
14946,SOUNDKITENTRY,1688417,0,109928
14947,SOUNDKITENTRY,1688418,0,109928
14948,SOUNDKITENTRY,1688419,0,109928
14949,SOUNDKITENTRY,1688420,0,109928
14950,SOUNDKITENTRY,1688421,0,109928
14951,SOUNDKITENTRY,1688422,0,109928
14952,SOUNDKITENTRY,1688423,0,109928
14953,SOUNDKITENTRY,1688424,0,109928
14954,SOUNDKITENTRY,1688426,0,109928
14955,SOUNDKITENTRY,1688427,0,109928
14956,SOUNDKITENTRY,1688428,0,109928
14957,SOUNDKITENTRY,1688429,0,109928
14958,SOUNDKITENTRY,1688430,0,109928
14959,SOUNDKITENTRY,1688431,0,109928
14960,SOUNDKITENTRY,1688432,0,109928
14961,SOUNDKITENTRY,1688433,0,109928
14962,SOUNDKITENTRY,1688434,0,109928
14963,SOUNDKITENTRY,1688435,0,109928
14964,SOUNDKITENTRY,1688447,0,109928
14965,SOUNDKITENTRY,1688448,0,109928
14966,SOUNDKITENTRY,1688449,0,109928
14967,SOUNDKITENTRY,1688450,0,109928
14968,SOUNDKITENTRY,1688451,0,109928
14969,SOUNDKITENTRY,1688452,0,109928
14970,SOUNDKITENTRY,1688453,0,109928
14971,SOUNDKITENTRY,1688454,0,109928
14972,SOUNDKITENTRY,1688455,0,109928
14973,SOUNDKITENTRY,1688456,0,109928
14974,SOUNDKITENTRY,1688464,0,109928
14975,SOUNDKITENTRY,1688465,0,109928
14976,SOUNDKITENTRY,1688466,0,109928
14977,SOUNDKITENTRY,1688467,0,109928
14978,SOUNDKITENTRY,1688468,0,109928
14979,SOUNDKITENTRY,1688469,0,109928
14980,SOUNDKITENTRY,1688470,0,109928
14981,SOUNDKITENTRY,1688471,0,109928
14982,SOUNDKITENTRY,1688472,0,109928
14983,SOUNDKITENTRY,1688473,0,109928
14984,SOUNDKITENTRY,1688474,0,109928
14985,SOUNDKITENTRY,1688475,0,109928
14986,SOUNDKITENTRY,1688476,0,109928
14987,SOUNDKITENTRY,1688477,0,109928
14988,SOUNDKITENTRY,1688478,0,109928
14989,SOUNDKITENTRY,1688479,0,109928
14990,SOUNDKITENTRY,1688480,0,109928
14991,SOUNDKITENTRY,1688481,0,109928
14992,SOUNDKITENTRY,1688482,0,109928
14993,SOUNDKITENTRY,1688483,0,109928
14994,SOUNDKITENTRY,1688484,0,109928
14995,SOUNDKITENTRY,1688485,0,109928
14996,SOUNDKITENTRY,1688486,0,109928
14997,SOUNDKITENTRY,1688487,0,109928
14998,SOUNDKITENTRY,1688488,0,109928
14999,SOUNDKITENTRY,1688489,0,109928
15000,SOUNDKITENTRY,1688490,0,109928
15001,SOUNDKITENTRY,1688491,0,109928
15002,SOUNDKITENTRY,1688492,0,109928
15003,SOUNDKITENTRY,1688493,0,109928
15004,SOUNDKITENTRY,1688494,0,109928
15005,SOUNDKITENTRY,1688495,0,109928
15006,SOUNDKITENTRY,1688496,0,109928
15007,SOUNDKITENTRY,1688497,0,109928
15008,SOUNDKITENTRY,1688498,0,109928
15009,SOUNDKITENTRY,1688499,0,109928
15010,SOUNDKITENTRY,1688500,0,109928
15011,SOUNDKITENTRY,1688501,0,109928
15012,SOUNDKITENTRY,1688502,0,109928
15013,SOUNDKITENTRY,1688503,0,109928
15014,SOUNDKITENTRY,1688506,0,109928
15015,SOUNDKITENTRY,1688507,0,109928
15016,SOUNDKITENTRY,1688508,0,109928
15017,SOUNDKITENTRY,1688509,0,109928
15018,SOUNDKITENTRY,1688510,0,109928
15019,SOUNDKITENTRY,1688511,0,109928
15020,SOUNDKITENTRY,1688512,0,109928
15021,SOUNDKITENTRY,1688513,0,109928
15022,SOUNDKITENTRY,1688519,0,109928
15023,SOUNDKITENTRY,1688520,0,109928
15024,SOUNDKITENTRY,1688521,0,109928
15025,SOUNDKITENTRY,1688522,0,109928
15026,SOUNDKITENTRY,1688523,0,109928
15027,SOUNDKITENTRY,1688524,0,109928
15028,SOUNDKITENTRY,1688525,0,109928
15029,SOUNDKITENTRY,1688526,0,109928
15030,SOUNDKITENTRY,1688527,0,109928
15031,SOUNDKITENTRY,1688528,0,109928
15032,SOUNDKITENTRY,1688529,0,109928
15033,SOUNDKITENTRY,1688530,0,109928
15034,SOUNDKITENTRY,1688531,0,109928
15035,SOUNDKITENTRY,1688532,0,109928
15036,SOUNDKITENTRY,1688533,0,109928
15037,SOUNDKITENTRY,1688535,0,109928
15038,SOUNDKITENTRY,1688536,0,109928
15039,SOUNDKITENTRY,1688537,0,109928
15040,SOUNDKITENTRY,1688538,0,109928
15041,SOUNDKITENTRY,1688539,0,109928
15042,SOUNDKITENTRY,1688540,0,109928
15043,SOUNDKITENTRY,1688541,0,109928
15044,SOUNDKITENTRY,1688542,0,109928
15045,SOUNDKITENTRY,1688545,0,109928
15046,SOUNDKITENTRY,1688546,0,109928
15047,SOUNDKITENTRY,1688547,0,109928
15048,SOUNDKITENTRY,1688548,0,109928
15049,SOUNDKITENTRY,1688549,0,109928
15050,SOUNDKITENTRY,1688550,0,109928
15051,SOUNDKITENTRY,1688551,0,109928
15052,SOUNDKITENTRY,1688552,0,109928
15053,SOUNDKITENTRY,1688555,0,109928
15054,SOUNDKITENTRY,1688556,0,109928
15055,SOUNDKITENTRY,1688557,0,109928
15056,SOUNDKITENTRY,1688558,0,109928
15057,SOUNDKITENTRY,1688559,0,109928
15058,SOUNDKITENTRY,1688560,0,109928
15059,SOUNDKITENTRY,1688561,0,109928
15060,SOUNDKITENTRY,1688562,0,109928
15061,SOUNDKITENTRY,1688564,0,109928
15062,SOUNDKITENTRY,1688565,0,109928
15063,SOUNDKITENTRY,1688566,0,109928
15064,SPAWNEVENT,5342608,0,109928
15065,SPAWNEVENT,5343179,0,109928
15066,SPAWNEVENT,5343180,0,109928
15067,SPAWNEVENT,5343181,0,109928
15068,SPAWNEVENT,5343182,0,109928
15069,SPAWNGROUP,3336477,0,109928
15070,SPAWNGROUP,3336478,0,109928
15071,SPAWNGROUP,3336479,0,109928
15072,SPAWNGROUP,3336481,0,109928
15073,SPAWNGROUP,3336485,0,109928
15074,SPAWNGROUP,3336487,0,109928
15075,SPAWNLOC,5238520,0,109928
15076,SPELLEFFECT,1314160,0,109928
15077,SPELLVISUAL,185484,0,109928
15078,SPELLVISUAL,187186,0,109928
15079,SPELLVISUAL,187237,0,109928
15080,SPELLVISUAL,190272,0,109928
15081,SPELLVISUAL,190278,0,109928
15082,SPELLVISUALANIM,434775,0,109928
15083,SPELLVISUALEVENT,552462,0,109928
15084,SPELLVISUALEVENT,561522,0,109928
15085,SPELLVISUALEVENT,561523,0,109928
15086,SPELLVISUALEVENT,561527,0,109928
15087,SPELLVISUALEVENT,561532,0,109928
15088,SPELLVISUALKIT,278454,0,109928
15089,SPELLVISUALKIT,278514,0,109928
15090,SPELLVISUALKIT,278515,0,109928
15091,SPELLVISUALKIT,278518,0,109928
15092,SPELLVISUALKIT,278521,0,109928
15093,SPELLVISUALKITEFFECT,788154,0,109928
15094,SPELLVISUALKITEFFECT,788155,0,109928
15095,SPELLVISUALKITEFFECT,788157,0,109928
15096,SPELLVISUALKITEFFECT,788159,0,109928
15097,SPELLVISUALKITEFFECT,788215,0,109928
15098,SPELLVISUALKITEFFECT,788218,0,109928
15099,SPELLVISUALKITEFFECT,788219,0,109928
15100,SPELLVISUALKITEFFECT,788220,0,109928
15101,SPELLVISUALKITEFFECT,788221,0,109928
15102,SPELLVISUALKITEFFECT,788224,0,109928
15103,SPELLVISUALKITEFFECT,788248,0,109928
15104,SPELLVISUALKITEFFECT,788310,0,109928
15105,SPELLVISUALKITEFFECT,788311,0,109928
15106,SPELLVISUALKITEFFECT,788312,0,109928
15107,SPELLVISUALKITEFFECT,788313,0,109928
15108,SPELLVISUALKITEFFECT,788320,0,109928
15109,SPELLVISUALKITEFFECT,788321,0,109928
15110,SPELLVISUALKITEFFECT,788322,0,109928
15111,SPELLVISUALKITEFFECT,788323,0,109928
15112,SPELLVISUALKITEFFECT,788325,0,109928
15113,SPELLVISUALKITEFFECT,788328,0,109928
15114,SPELLVISUALKITEFFECT,788329,0,109928
15115,SPELLVISUALKITEFFECT,788333,0,109928
15116,SPELLVISUALKITEFFECT,788334,0,109928
15117,SPELLVISUALKITEFFECT,788335,0,109928
15118,SPELLVISUALKITEFFECT,788336,0,109928
15119,SPELLVISUALKITEFFECT,788337,0,109928
15120,SPELLVISUALKITEFFECT,788338,0,109928
15121,SPELLVISUALKITEFFECT,788340,0,109928
15122,SPELLVISUALKITEFFECT,788341,0,109928
15123,SPELLVISUALMISSILE,29302,0,109928
15124,SPELLVISUALMISSILE,29303,0,109928
15125,SPELLVISUALMISSILE,29496,0,109928
15126,SPELLXSPELLVISUAL,531356,0,109928
15127,SPELLXSPELLVISUAL,531360,0,109928
15128,SPELLSCRIPT,128923,0,109969
15129,GLOBALSTRINGS,59996,0,110105
15130,CURVE,114670,0,110400
15131,CURVEPOINT,340987,0,110400
15132,CURVEPOINT,340988,0,110400
15133,CURVEPOINT,340989,0,110400
15134,SOUNDENVELOPE,13099,0,110400
15135,SOUNDKIT,116367,0,110400
15136,SOUNDKIT,365047,0,110400
15137,SOUNDKIT,368615,0,110400
15138,SOUNDKIT,368616,0,110400
15139,SOUNDKIT,368617,0,110400
15140,SOUNDKIT,368618,0,110400
15141,SOUNDKIT,368619,0,110400
15142,SOUNDKIT,368622,0,110400
15143,SOUNDKIT,368624,0,110400
15144,SOUNDKIT,368627,0,110400
15145,SOUNDKIT,368628,0,110400
15146,SOUNDKIT,368629,0,110400
15147,SOUNDKIT,368630,0,110400
15148,SOUNDKIT,368631,0,110400
15149,SOUNDKITADVANCED,328676,0,110400
15150,SOUNDKITADVANCED,332194,0,110400
15151,SOUNDKITADVANCED,332195,0,110400
15152,SOUNDKITADVANCED,332196,0,110400
15153,SOUNDKITADVANCED,332197,0,110400
15154,SOUNDKITADVANCED,332198,0,110400
15155,SOUNDKITADVANCED,332201,0,110400
15156,SOUNDKITADVANCED,332203,0,110400
15157,SOUNDKITADVANCED,332206,0,110400
15158,SOUNDKITADVANCED,332207,0,110400
15159,SOUNDKITADVANCED,332208,0,110400
15160,SOUNDKITADVANCED,332209,0,110400
15161,SOUNDKITADVANCED,332210,0,110400
15162,SOUNDKITCHILD,49431,0,110400
15163,SOUNDKITCHILD,49432,0,110400
15164,SOUNDKITENTRY,1695365,0,110400
15165,SOUNDKITENTRY,1695366,0,110400
15166,SOUNDKITENTRY,1695367,0,110400
15167,SOUNDKITENTRY,1695368,0,110400
15168,SOUNDKITENTRY,1695369,0,110400
15169,SOUNDKITENTRY,1695370,0,110400
15170,SOUNDKITENTRY,1695371,0,110400
15171,SOUNDKITENTRY,1695372,0,110400
15172,SOUNDKITENTRY,1695373,0,110400
15173,SOUNDKITENTRY,1695374,0,110400
15174,SOUNDKITENTRY,1695375,0,110400
15175,SOUNDKITENTRY,1695376,0,110400
15176,SOUNDKITENTRY,1695377,0,110400
15177,SOUNDKITENTRY,1695378,0,110400
15178,SOUNDKITENTRY,1695379,0,110400
15179,SOUNDKITENTRY,1695380,0,110400
15180,SOUNDKITENTRY,1695381,0,110400
15181,SOUNDKITENTRY,1695382,0,110400
15182,SOUNDKITENTRY,1695383,0,110400
15183,SOUNDKITENTRY,1695384,0,110400
15184,SOUNDKITENTRY,1695385,0,110400
15185,SOUNDKITENTRY,1695386,0,110400
15186,SOUNDKITENTRY,1695387,0,110400
15187,SOUNDKITENTRY,1695388,0,110400
15188,SOUNDKITENTRY,1695389,0,110400
15189,SOUNDKITENTRY,1695390,0,110400
15190,SOUNDKITENTRY,1695391,0,110400
15191,SOUNDKITENTRY,1695392,0,110400
15192,SOUNDKITENTRY,1695393,0,110400
15193,SOUNDKITENTRY,1695394,0,110400
15194,SOUNDKITENTRY,1695395,0,110400
15195,SOUNDKITENTRY,1695396,0,110400
15196,SOUNDKITENTRY,1695397,0,110400
15197,SOUNDKITENTRY,1695398,0,110400
15198,SOUNDKITENTRY,1695399,0,110400
15199,SOUNDKITENTRY,1695400,0,110400
15200,SOUNDKITENTRY,1695401,0,110400
15201,SOUNDKITENTRY,1695413,0,110400
15202,SOUNDKITENTRY,1695414,0,110400
15203,SOUNDKITENTRY,1695415,0,110400
15204,SOUNDKITENTRY,1695416,0,110400
15205,SOUNDKITENTRY,1695417,0,110400
15206,SOUNDKITENTRY,1695418,0,110400
15207,SOUNDKITENTRY,1695419,0,110400
15208,SOUNDKITENTRY,1695420,0,110400
15209,SOUNDKITENTRY,1695421,0,110400
15210,SOUNDKITENTRY,1695427,0,110400
15211,SOUNDKITENTRY,1695428,0,110400
15212,SOUNDKITENTRY,1695439,0,110400
15213,SOUNDKITENTRY,1695440,0,110400
15214,SOUNDKITENTRY,1695441,0,110400
15215,SOUNDKITENTRY,1695442,0,110400
15216,SOUNDKITENTRY,1695443,0,110400
15217,SOUNDKITENTRY,1695444,0,110400
15218,SOUNDKITENTRY,1695445,0,110400
15219,SOUNDKITENTRY,1695446,0,110400
15220,SOUNDKITENTRY,1695447,0,110400
15221,SOUNDKITENTRY,1695448,0,110400
15222,SOUNDKITENTRY,1695449,0,110400
15223,SOUNDKITENTRY,1695450,0,110400
15224,SOUNDKITENTRY,1695451,0,110400
15225,SOUNDKITENTRY,1695452,0,110400
15226,SOUNDKITENTRY,1695453,0,110400
15227,SOUNDKITENTRY,1695454,0,110400
15228,SOUNDKITENTRY,1695455,0,110400
15229,SOUNDKITENTRY,1695456,0,110400
15230,SOUNDKITENTRY,1695457,0,110400
15231,SOUNDKITENTRY,1695458,0,110400
15232,SOUNDKITENTRY,1695459,0,110400
15233,SOUNDKITENTRY,1695460,0,110400
15234,SOUNDKITENTRY,1695461,0,110400
15235,SOUNDKITENTRY,1695462,0,110400
15236,SPELLVISUALKITEFFECT,790150,0,110400
15237,SPELLVISUALKITEFFECT,790151,0,110400
15238,SPELLVISUALKITEFFECT,790152,0,110400
15239,SPELLVISUALKITEFFECT,790154,0,110400
15240,SPELLVISUALKITEFFECT,790155,0,110400
15241,SPELLVISUALKITEFFECT,790163,0,110400
15242,SPELLVISUALKITEFFECT,790168,0,110400
15243,SPELLVISUALKITEFFECT,790169,0,110400
15244,SPELLVISUALKITEFFECT,790170,0,110400
15245,SPELLVISUALMISSILE,29285,0,110400
15246,WMOAREATABLE,94268,0,110400
15247,WMOAREATABLE,94269,0,110400
15248,WMOAREATABLE,94277,0,110400
15249,WMOAREATABLE,94539,0,110400
15250,WMOAREATABLE,94717,0,110400
15251,WMOAREATABLE,95031,0,110400
15252,WMOAREATABLE,98813,0,110400
15253,CREATURE,266189,0,110411
15254,CREATUREDIFFICULTY,349767,0,110411
15255,CREATUREDISPLAYINFO,147709,0,110411
15256,CREATUREDISPLAYINFO,147710,0,110411
15257,CREATUREXDISPLAYINFO,665663,0,110411
15258,CREATUREXDISPLAYINFO,665664,0,110411
15259,SOUNDKIT,367296,0,110411
15260,SOUNDKIT,367297,0,110411
15261,SOUNDKIT,367298,0,110411
15262,SOUNDKIT,368653,0,110411
15263,SOUNDKIT,368654,0,110411
15264,SOUNDKIT,368655,0,110411
15265,SOUNDKIT,368656,0,110411
15266,SOUNDKIT,368657,0,110411
15267,SOUNDKIT,368658,0,110411
15268,SOUNDKIT,368659,0,110411
15269,SOUNDKIT,368660,0,110411
15270,SOUNDKIT,368662,0,110411
15271,SOUNDKIT,368663,0,110411
15272,SOUNDKITADVANCED,332234,0,110411
15273,SOUNDKITADVANCED,332235,0,110411
15274,SOUNDKITADVANCED,332236,0,110411
15275,SOUNDKITADVANCED,332237,0,110411
15276,SOUNDKITADVANCED,332238,0,110411
15277,SOUNDKITADVANCED,332239,0,110411
15278,SOUNDKITADVANCED,332240,0,110411
15279,SOUNDKITADVANCED,332241,0,110411
15280,SOUNDKITADVANCED,332243,0,110411
15281,SOUNDKITADVANCED,332244,0,110411
15282,SOUNDKITCHILD,49440,0,110411
15283,SOUNDKITCHILD,49441,0,110411
15284,SOUNDKITCHILD,49442,0,110411
15285,SOUNDKITCHILD,49443,0,110411
15286,SOUNDKITCHILD,49444,0,110411
15287,SOUNDKITCHILD,49445,0,110411
15288,SOUNDKITENTRY,1695562,0,110411
15289,SOUNDKITENTRY,1695563,0,110411
15290,SOUNDKITENTRY,1695564,0,110411
15291,SOUNDKITENTRY,1695565,0,110411
15292,SOUNDKITENTRY,1695566,0,110411
15293,SOUNDKITENTRY,1695567,0,110411
15294,SOUNDKITENTRY,1695568,0,110411
15295,SOUNDKITENTRY,1695569,0,110411
15296,SOUNDKITENTRY,1695570,0,110411
15297,SOUNDKITENTRY,1695571,0,110411
15298,SOUNDKITENTRY,1695572,0,110411
15299,SOUNDKITENTRY,1695573,0,110411
15300,SOUNDKITENTRY,1695574,0,110411
15301,SOUNDKITENTRY,1695575,0,110411
15302,SOUNDKITENTRY,1695576,0,110411
15303,SOUNDKITENTRY,1695577,0,110411
15304,SOUNDKITENTRY,1695578,0,110411
15305,SOUNDKITENTRY,1695579,0,110411
15306,SOUNDKITENTRY,1695580,0,110411
15307,SOUNDKITENTRY,1695581,0,110411
15308,SOUNDKITENTRY,1695582,0,110411
15309,SOUNDKITENTRY,1695583,0,110411
15310,SOUNDKITENTRY,1695584,0,110411
15311,SOUNDKITENTRY,1695585,0,110411
15312,SOUNDKITENTRY,1695586,0,110411
15313,SOUNDKITENTRY,1695587,0,110411
15314,SOUNDKITENTRY,1695588,0,110411
15315,SOUNDKITENTRY,1695589,0,110411
15316,SOUNDKITENTRY,1695590,0,110411
15317,SOUNDKITENTRY,1695591,0,110411
15318,SOUNDKITENTRY,1695592,0,110411
15319,SOUNDKITENTRY,1695593,0,110411
15320,SOUNDKITENTRY,1695594,0,110411
15321,SOUNDKITENTRY,1695595,0,110411
15322,SOUNDKITENTRY,1695596,0,110411
15323,SOUNDKITENTRY,1695597,0,110411
15324,SOUNDKITENTRY,1695598,0,110411
15325,SOUNDKITENTRY,1695599,0,110411
15326,SOUNDKITENTRY,1695600,0,110411
15327,SOUNDKITENTRY,1695601,0,110411
15328,SOUNDKITENTRY,1695602,0,110411
15329,SOUNDKITENTRY,1695603,0,110411
15330,SOUNDKITENTRY,1695604,0,110411
15331,SOUNDKITENTRY,1695605,0,110411
15332,SOUNDKITENTRY,1695606,0,110411
15333,SOUNDKITENTRY,1695607,0,110411
15334,SOUNDKITENTRY,1695608,0,110411
15335,SOUNDKITENTRY,1695609,0,110411
15336,SOUNDKITENTRY,1695610,0,110411
15337,SOUNDKITENTRY,1695611,0,110411
15338,SOUNDKITENTRY,1695612,0,110411
15339,SOUNDKITENTRY,1695613,0,110411
15340,SOUNDKITENTRY,1695614,0,110411
15341,SOUNDKITENTRY,1695615,0,110411
15342,SOUNDKITENTRY,1695616,0,110411
15343,SOUNDKITENTRY,1695617,0,110411
15344,SOUNDKITENTRY,1695618,0,110411
15345,SOUNDKITENTRY,1695619,0,110411
15346,SOUNDKITENTRY,1695620,0,110411
15347,SOUNDKITENTRY,1695621,0,110411
15348,SOUNDKITENTRY,1695622,0,110411
15349,SOUNDKITENTRY,1695623,0,110411
15350,SOUNDKITENTRY,1695624,0,110411
15351,SOUNDKITENTRY,1695625,0,110411
15352,SOUNDKITENTRY,1695627,0,110411
15353,SOUNDKITENTRY,1695628,0,110411
15354,SOUNDKITENTRY,1695629,0,110411
15355,SOUNDKITENTRY,1695630,0,110411
15356,SOUNDKITENTRY,1695631,0,110411
15357,SOUNDKITENTRY,1695632,0,110411
15358,SPELLVISUAL,180218,0,110411
15359,SPELLVISUALEVENT,562406,0,110411
15360,SPELLVISUALKIT,279253,0,110411
15361,SPELLVISUALKITEFFECT,790227,0,110411
15362,SPELLVISUALKITEFFECT,790230,0,110411
15363,SPELLVISUALKITEFFECT,790233,0,110411
15364,SPELLVISUALKITEFFECT,790241,0,110411
15365,SOUNDKIT,368388,0,110293
15366,SOUNDKIT,368389,0,110293
15367,SOUNDKIT,368400,0,110293
15368,SOUNDKIT,368401,0,110293
15369,SOUNDKIT,368402,0,110293
15370,SOUNDKIT,368403,0,110293
15371,SOUNDKIT,368407,0,110293
15372,SOUNDKIT,368408,0,110293
15373,SOUNDKIT,368409,0,110293
15374,SOUNDKITADVANCED,331971,0,110293
15375,SOUNDKITADVANCED,331972,0,110293
15376,SOUNDKITADVANCED,331983,0,110293
15377,SOUNDKITADVANCED,331984,0,110293
15378,SOUNDKITADVANCED,331985,0,110293
15379,SOUNDKITADVANCED,331986,0,110293
15380,SOUNDKITADVANCED,331989,0,110293
15381,SOUNDKITADVANCED,331990,0,110293
15382,SOUNDKITADVANCED,331991,0,110293
15383,SOUNDKITCHILD,49358,0,110293
15384,SOUNDKITCHILD,49365,0,110293
15385,SOUNDKITCHILD,49366,0,110293
15386,SOUNDKITENTRY,1693679,0,110293
15387,SOUNDKITENTRY,1693680,0,110293
15388,SOUNDKITENTRY,1693681,0,110293
15389,SOUNDKITENTRY,1693682,0,110293
15390,SOUNDKITENTRY,1693683,0,110293
15391,SOUNDKITENTRY,1693684,0,110293
15392,SOUNDKITENTRY,1693685,0,110293
15393,SOUNDKITENTRY,1693686,0,110293
15394,SOUNDKITENTRY,1693687,0,110293
15395,SOUNDKITENTRY,1693688,0,110293
15396,SOUNDKITENTRY,1693689,0,110293
15397,SOUNDKITENTRY,1693690,0,110293
15398,SOUNDKITENTRY,1693691,0,110293
15399,SOUNDKITENTRY,1693692,0,110293
15400,SOUNDKITENTRY,1693693,0,110293
15401,SOUNDKITENTRY,1693694,0,110293
15402,SOUNDKITENTRY,1693695,0,110293
15403,SOUNDKITENTRY,1693696,0,110293
15404,SOUNDKITENTRY,1693697,0,110293
15405,SOUNDKITENTRY,1693698,0,110293
15406,SOUNDKITENTRY,1693798,0,110293
15407,SOUNDKITENTRY,1693799,0,110293
15408,SOUNDKITENTRY,1693800,0,110293
15409,SOUNDKITENTRY,1693801,0,110293
15410,SOUNDKITENTRY,1693802,0,110293
15411,SOUNDKITENTRY,1693803,0,110293
15412,SOUNDKITENTRY,1693804,0,110293
15413,SOUNDKITENTRY,1693805,0,110293
15414,SOUNDKITENTRY,1693806,0,110293
15415,SOUNDKITENTRY,1693807,0,110293
15416,SOUNDKITENTRY,1693808,0,110293
15417,SOUNDKITENTRY,1693809,0,110293
15418,SOUNDKITENTRY,1693810,0,110293
15419,SOUNDKITENTRY,1693811,0,110293
15420,SOUNDKITENTRY,1693812,0,110293
15421,SOUNDKITENTRY,1693813,0,110293
15422,SOUNDKITENTRY,1693814,0,110293
15423,SOUNDKITENTRY,1693815,0,110293
15424,SOUNDKITENTRY,1693816,0,110293
15425,SOUNDKITENTRY,1693817,0,110293
15426,SOUNDKITENTRY,1693818,0,110293
15427,SOUNDKITENTRY,1693819,0,110293
15428,SOUNDKITENTRY,1693820,0,110293
15429,SOUNDKITENTRY,1693821,0,110293
15430,SOUNDKITENTRY,1693822,0,110293
15431,SOUNDKITENTRY,1693823,0,110293
15432,SOUNDKITENTRY,1693824,0,110293
15433,SOUNDKITENTRY,1693825,0,110293
15434,SOUNDKITENTRY,1693826,0,110293
15435,SOUNDKITENTRY,1693827,0,110293
15436,SOUNDKITENTRY,1693828,0,110293
15437,SOUNDKITENTRY,1693829,0,110293
15438,SOUNDKITENTRY,1693830,0,110293
15439,SOUNDKITENTRY,1693831,0,110293
15440,SOUNDKITENTRY,1693838,0,110293
15441,SOUNDKITENTRY,1693839,0,110293
15442,SOUNDKITENTRY,1693840,0,110293
15443,SOUNDKITENTRY,1693841,0,110293
15444,SOUNDKITENTRY,1693842,0,110293
15445,SOUNDKITENTRY,1693843,0,110293
15446,SOUNDKITENTRY,1693844,0,110293
15447,SOUNDKITENTRY,1693845,0,110293
15448,SOUNDKITENTRY,1693846,0,110293
15449,SOUNDKITENTRY,1693847,0,110293
15450,SOUNDKITENTRY,1693848,0,110293
15451,SOUNDKITENTRY,1693849,0,110293
15452,SOUNDKITENTRY,1693850,0,110293
15453,SOUNDKITENTRY,1693851,0,110293
15454,SPELLVISUALKITEFFECT,789823,0,110293
15455,SPELLVISUALKITEFFECT,789824,0,110293
15456,SPELLVISUALKITEFFECT,789827,0,110293
15457,SPELLVISUALKITEFFECT,789828,0,110293
15458,SPELLVISUALKITEFFECT,789829,0,110293
15459,SPELLVISUALKITEFFECT,789831,0,110293
15460,SPELLVISUALKITEFFECT,789833,0,110293
15461,SPELLVISUALKITEFFECT,789837,0,110293
15462,SPELLVISUALKITEFFECT,789838,0,110293
15463,SPELLVISUALKITEFFECT,789839,0,110293
15464,SPELLVISUALKITEFFECT,789841,0,110293
15465,SPELLVISUALKITEFFECT,789842,0,110293
15466,SPELLVISUALKITEFFECT,789843,0,110293
15467,SPELLMISC,700522,0,110423
15468,AREATRIGGERCREATEPROPERTIES,44204,0,110425
15469,AREATRIGGERCREATEPROPERTIES,44734,0,110425
15470,CREATUREDIFFICULTY,345752,0,110425
15471,CURVE,114671,0,110425
15472,CURVEPOINT,340990,0,110425
15473,CURVEPOINT,340991,0,110425
15474,SPELL,1315241,0,110425
15475,SPELLEFFECT,1347421,0,110425
15476,SPELLMISC,861447,0,110425
15477,SPELLSCRIPT,131814,0,110425
15478,SPELLTARGETRESTRICTIONS,355753,0,110425
15479,SPELLXSPELLVISUAL,532065,0,110425
15480,SPELLSCRIPTTEXT,23899,0,110455
15481,SPELLSCRIPTTEXT,23900,0,110455
15482,SPELLSCRIPTTEXT,29762,0,110455
15483,SPELLMISC,339359,0,110490
15484,SPELLMISC,343546,0,110490
15485,CREATUREDIFFICULTY,343237,0,110550
15486,CREATUREDIFFICULTY,343681,0,110550
15487,SPELLLABEL,211259,0,110550
15488,CREATURE,259555,0,110650
15489,CREATUREDIFFICULTY,340847,0,110650
15490,CREATUREDIFFICULTY,342737,0,110650
15491,CREATUREDIFFICULTY,347219,0,110650
15492,CREATUREDIFFICULTY,352212,0,110650
15493,CREATUREDIFFICULTY,352213,0,110650
15494,CREATUREDIFFICULTY,352214,0,110650
15495,CREATUREDIFFICULTY,352215,0,110650
15496,CREATUREDIFFICULTY,352220,0,110650
15497,CREATUREDIFFICULTY,352221,0,110650
15498,CREATUREDIFFICULTY,352222,0,110650
15499,CREATUREDIFFICULTY,352223,0,110650
15500,CREATUREDIFFICULTY,352852,0,110650
15501,CREATUREDIFFICULTY,356412,0,110650
15502,CREATUREDIFFICULTY,356418,0,110650
15503,CREATUREDIFFICULTY,356954,0,110650
15504,CREATUREDIFFICULTY,356955,0,110650
15505,CREATUREDIFFICULTY,356956,0,110650
15506,CREATUREDIFFICULTY,356957,0,110650
15507,CREATUREDIFFICULTY,356958,0,110650
15508,CREATUREDIFFICULTY,356959,0,110650
15509,CREATUREDIFFICULTY,356960,0,110650
15510,CREATUREDIFFICULTY,356961,0,110650
15511,BEAMEFFECT,9674,0,110667
15512,CREATUREDIFFICULTY,355840,0,110667
15513,SPELLVISUAL,189298,0,110667
15514,SPELLVISUAL,190884,0,110667
15515,SPELLVISUALEVENT,560619,0,110667
15516,SPELLVISUALEVENT,562374,0,110667
15517,SPELLVISUALEVENT,562680,0,110667
15518,SPELLVISUALEVENT,562681,0,110667
15519,SPELLVISUALEVENT,562764,0,110667
15520,SPELLVISUALEVENT,562765,0,110667
15521,SPELLVISUALKIT,276808,0,110667
15522,SPELLVISUALKIT,279560,0,110667
15523,SPELLVISUALKITEFFECT,785823,0,110667
15524,SPELLVISUALKITEFFECT,791048,0,110667
15525,SPELLVISUALKITEFFECT,791049,0,110667
15526,SPELLVISUALKITMODELATTACH,636570,0,110667
15527,SPELLVISUALKITMODELATTACH,638952,0,110667
15528,AI_GROUPACTION,1092886,0,110669
15529,AI_GROUPACTIONSET,1211693,0,110669
15530,AI_GROUPACTIONSET,1211694,0,110669
15531,AI_TRIGGERACTION,221246,0,110669
15532,SPELL,1315786,0,110669
15533,SPELL,1315787,0,110669
15534,SPELLEFFECT,1348250,0,110669
15535,SPELLEFFECT,1348251,0,110669
15536,SPELLMISC,861970,0,110669
15537,SPELLMISC,861971,0,110669
15538,SPELLSCRIPT,133747,0,110669
15539,SPELLSCRIPTPACKAGE,82544,0,110669
15540,SPELLXSPELLVISUAL,532303,0,110669
15541,QUESTTREASUREPICKER,86339,0,110705
15542,QUESTV2,96004,0,110705
15543,TREASURE,143897,0,110705
15544,TREASUREITEM,1550241,0,110705
15545,TREASUREPICKER,4889,0,110705
15546,SPAWNLOC,4983098,0,110719
15547,AI_GROUPACTIONSET,1212026,0,110720
15548,AI_GROUPACTIONSET,1212028,0,110720
15549,SPAWNEVENT,5342090,0,110720
15550,SPAWNEVENT,5342093,0,110720
15551,SPAWNEVENT,5342095,0,110720
15552,SPAWNEVENT,5342103,0,110720
15553,ITEMAPPEARANCE,133075,0,110722
15554,ITEMAPPEARANCE,133076,0,110722
15555,ITEMAPPEARANCE,133084,0,110722
15556,ITEMAPPEARANCE,133085,0,110722
15557,ITEMAPPEARANCE,133093,0,110722
15558,ITEMAPPEARANCE,133094,0,110722
15559,ITEMAPPEARANCE,133102,0,110722
15560,ITEMAPPEARANCE,133103,0,110722
15561,ITEMAPPEARANCE,133111,0,110722
15562,ITEMAPPEARANCE,133112,0,110722
15563,ITEMAPPEARANCE,133120,0,110722
15564,ITEMAPPEARANCE,133121,0,110722
15565,ITEMAPPEARANCE,133128,0,110722
15566,ITEMAPPEARANCE,133129,0,110722
15567,ITEMAPPEARANCE,133130,0,110722
15568,ITEMAPPEARANCE,133131,0,110722
15569,ITEMAPPEARANCE,133132,0,110722
15570,ITEMAPPEARANCE,133133,0,110722
15571,ITEMAPPEARANCE,133134,0,110722
15572,ITEMAPPEARANCE,133135,0,110722
15573,ITEMAPPEARANCE,133136,0,110722
15574,ITEMAPPEARANCE,133137,0,110722
15575,ITEMAPPEARANCE,133138,0,110722
15576,ITEMAPPEARANCE,133139,0,110722
15577,ITEMDISPLAYINFO,749425,0,110722
15578,ITEMDISPLAYINFO,749440,0,110722
15579,ITEMDISPLAYINFO,749447,0,110722
15580,ITEMDISPLAYINFO,749448,0,110722
15581,ITEMDISPLAYINFO,749449,0,110722
15582,ITEMDISPLAYINFO,749450,0,110722
15583,ITEMDISPLAYINFO,749451,0,110722
15584,ITEMDISPLAYINFO,749452,0,110722
15585,ITEMDISPLAYINFO,749453,0,110722
15586,ITEMDISPLAYINFO,749454,0,110722
15587,ITEMDISPLAYINFO,749457,0,110722
15588,ITEMDISPLAYINFO,749458,0,110722
15589,ITEMDISPLAYINFO,749459,0,110722
15590,ITEMDISPLAYINFO,749460,0,110722
15591,ITEMDISPLAYINFO,749461,0,110722
15592,ITEMDISPLAYINFO,749462,0,110722
15593,ITEMDISPLAYINFO,749463,0,110722
15594,ITEMDISPLAYINFO,749464,0,110722
15595,ITEMDISPLAYINFO,749465,0,110722
15596,ITEMDISPLAYINFO,749466,0,110722
15597,ITEMDISPLAYINFO,749467,0,110722
15598,ITEMDISPLAYINFO,749468,0,110722
15599,ITEMDISPLAYINFO,749469,0,110722
15600,ITEMDISPLAYINFO,749470,0,110722
15601,ITEMDISPLAYINFOMODELMATRES,236435,0,110722
15602,ITEMDISPLAYINFOMODELMATRES,236436,0,110722
15603,ITEMDISPLAYINFOMODELMATRES,236437,0,110722
15604,ITEMDISPLAYINFOMODELMATRES,236447,0,110722
15605,ITEMDISPLAYINFOMODELMATRES,236448,0,110722
15606,ITEMDISPLAYINFOMODELMATRES,236449,0,110722
15607,ITEMDISPLAYINFOMODELMATRES,236454,0,110722
15608,ITEMDISPLAYINFOMODELMATRES,236455,0,110722
15609,ITEMDISPLAYINFOMODELMATRES,236456,0,110722
15610,ITEMDISPLAYINFOMODELMATRES,236457,0,110722
15611,ITEMDISPLAYINFOMODELMATRES,236458,0,110722
15612,ITEMDISPLAYINFOMODELMATRES,236459,0,110722
15613,ITEMDISPLAYINFOMODELMATRES,236460,0,110722
15614,ITEMDISPLAYINFOMODELMATRES,236461,0,110722
15615,ITEMDISPLAYINFOMODELMATRES,236462,0,110722
15616,ITEMDISPLAYINFOMODELMATRES,236463,0,110722
15617,ITEMDISPLAYINFOMODELMATRES,236464,0,110722
15618,ITEMDISPLAYINFOMODELMATRES,236465,0,110722
15619,ITEMDISPLAYINFOMODELMATRES,236466,0,110722
15620,ITEMDISPLAYINFOMODELMATRES,236467,0,110722
15621,ITEMDISPLAYINFOMODELMATRES,236468,0,110722
15622,ITEMDISPLAYINFOMODELMATRES,236469,0,110722
15623,ITEMDISPLAYINFOMODELMATRES,236470,0,110722
15624,ITEMDISPLAYINFOMODELMATRES,236471,0,110722
15625,ITEMDISPLAYINFOMODELMATRES,236472,0,110722
15626,ITEMDISPLAYINFOMODELMATRES,236473,0,110722
15627,ITEMDISPLAYINFOMODELMATRES,236474,0,110722
15628,ITEMDISPLAYINFOMODELMATRES,236475,0,110722
15629,ITEMDISPLAYINFOMODELMATRES,236476,0,110722
15630,ITEMDISPLAYINFOMODELMATRES,236477,0,110722
15631,ITEMDISPLAYINFOMODELMATRES,236480,0,110722
15632,ITEMDISPLAYINFOMODELMATRES,236481,0,110722
15633,ITEMDISPLAYINFOMODELMATRES,236482,0,110722
15634,ITEMDISPLAYINFOMODELMATRES,236483,0,110722
15635,ITEMDISPLAYINFOMODELMATRES,236484,0,110722
15636,ITEMDISPLAYINFOMODELMATRES,236485,0,110722
15637,ITEMDISPLAYINFOMODELMATRES,236486,0,110722
15638,ITEMDISPLAYINFOMODELMATRES,236487,0,110722
15639,ITEMDISPLAYINFOMODELMATRES,236488,0,110722
15640,ITEMDISPLAYINFOMODELMATRES,236489,0,110722
15641,ITEMDISPLAYINFOMODELMATRES,236490,0,110722
15642,ITEMDISPLAYINFOMODELMATRES,236491,0,110722
15643,ITEMDISPLAYINFOMODELMATRES,236492,0,110722
15644,ITEMDISPLAYINFOMODELMATRES,236493,0,110722
15645,ITEMDISPLAYINFOMODELMATRES,236494,0,110722
15646,ITEMDISPLAYINFOMODELMATRES,236495,0,110722
15647,ITEMDISPLAYINFOMODELMATRES,236496,0,110722
15648,ITEMDISPLAYINFOMODELMATRES,236497,0,110722
15649,ITEMDISPLAYINFOMODELMATRES,236498,0,110722
15650,ITEMDISPLAYINFOMODELMATRES,236499,0,110722
15651,ITEMDISPLAYINFOMODELMATRES,236500,0,110722
15652,ITEMDISPLAYINFOMODELMATRES,236501,0,110722
15653,ITEMDISPLAYINFOMODELMATRES,236502,0,110722
15654,ITEMDISPLAYINFOMODELMATRES,236503,0,110722
15655,ITEMDISPLAYINFOMODELMATRES,236504,0,110722
15656,ITEMDISPLAYINFOMODELMATRES,236505,0,110722
15657,ITEMDISPLAYINFOMODELMATRES,236506,0,110722
15658,ITEMDISPLAYINFOMODELMATRES,236507,0,110722
15659,ITEMDISPLAYINFOMODELMATRES,236508,0,110722
15660,ITEMDISPLAYINFOMODELMATRES,236509,0,110722
15661,ITEMDISPLAYINFOMODELMATRES,236510,0,110722
15662,ITEMDISPLAYINFOMODELMATRES,236511,0,110722
15663,ITEMDISPLAYINFOMODELMATRES,236512,0,110722
15664,ITEMDISPLAYINFOMODELMATRES,236513,0,110722
15665,ITEMDISPLAYINFOMODELMATRES,236514,0,110722
15666,ITEMDISPLAYINFOMODELMATRES,236515,0,110722
15667,ITEMDISPLAYINFOMODELMATRES,236516,0,110722
15668,ITEMDISPLAYINFOMODELMATRES,236517,0,110722
15669,ITEMDISPLAYINFOMODELMATRES,236518,0,110722
15670,ITEMDISPLAYINFOMODELMATRES,236519,0,110722
15671,ITEMDISPLAYINFOMODELMATRES,236520,0,110722
15672,ITEMDISPLAYINFOMODELMATRES,236521,0,110722
15673,ITEMDISPLAYINFOMODELMATRES,236522,0,110722
15674,ITEMDISPLAYINFOMODELMATRES,236523,0,110722
15675,ITEMDISPLAYINFOMODELMATRES,236524,0,110722
15676,ITEMDISPLAYINFOMODELMATRES,236525,0,110722
15677,ITEMDISPLAYINFOMODELMATRES,236526,0,110722
15678,ITEMDISPLAYINFOMODELMATRES,236527,0,110722
15679,ITEMDISPLAYINFOMODELMATRES,236528,0,110722
15680,ITEMDISPLAYINFOMODELMATRES,236529,0,110722
15681,ITEMDISPLAYINFOMODELMATRES,236530,0,110722
15682,ITEMDISPLAYINFOMODELMATRES,236531,0,110722
15683,ITEMDISPLAYINFOMODELMATRES,236532,0,110722
15684,ITEMDISPLAYINFOMODELMATRES,236533,0,110722
15685,ITEMDISPLAYINFOMODELMATRES,236534,0,110722
15686,ITEMDISPLAYINFOMODELMATRES,236535,0,110722
15687,ITEMDISPLAYINFOMODELMATRES,236536,0,110722
15688,ITEMDISPLAYINFOMODELMATRES,236537,0,110722
15689,ITEMDISPLAYINFOMODELMATRES,236538,0,110722
15690,ITEMDISPLAYINFOMODELMATRES,236539,0,110722
15691,ITEMDISPLAYINFOMODELMATRES,236540,0,110722
15692,ITEMDISPLAYINFOMODELMATRES,236541,0,110722
15693,ITEMDISPLAYINFOMODELMATRES,236542,0,110722
15694,ITEMDISPLAYINFOMODELMATRES,236543,0,110722
15695,ITEMDISPLAYINFOMODELMATRES,236544,0,110722
15696,ITEMDISPLAYINFOMODELMATRES,236545,0,110722
15697,ITEMDISPLAYINFOMODELMATRES,236546,0,110722
15698,ITEMDISPLAYINFOMODELMATRES,236547,0,110722
15699,ITEMDISPLAYINFOMODELMATRES,236548,0,110722
15700,ITEMDISPLAYINFOMODELMATRES,236549,0,110722
15701,ITEMDISPLAYINFOMODELMATRES,236550,0,110722
15702,ITEMDISPLAYINFOMODELMATRES,236551,0,110722
15703,ITEMDISPLAYINFOMODELMATRES,236552,0,110722
15704,ITEMDISPLAYINFOMODELMATRES,236553,0,110722
15705,ITEMDISPLAYINFOMODELMATRES,236554,0,110722
15706,ITEMDISPLAYINFOMODELMATRES,236555,0,110722
15707,ITEMDISPLAYINFOMODELMATRES,236556,0,110722
15708,ITEMDISPLAYINFOMODELMATRES,236557,0,110722
15709,PARTICLECOLOR,2771,0,110722
15710,PARTICLECOLOR,2772,0,110722
15711,PARTICLECOLOR,2773,0,110722
15712,PARTICLECOLOR,2774,0,110722
15713,PARTICLECOLOR,2775,0,110722
15714,PARTICLECOLOR,2776,0,110722
15715,AREAGROUP,9328,0,110755
15716,AREAGROUPMEMBER,43362,0,110755
15717,AREAGROUPMEMBER,43363,0,110755
15718,AREAGROUPMEMBER,43364,0,110755
15719,AREAGROUPMEMBER,43365,0,110755
15720,AREAGROUPMEMBER,43366,0,110755
15721,SPELLSCRIPT,127304,0,110755
15722,SPELLSCRIPTTEXT,26959,0,110755
15723,SPELLSCRIPTTEXT,26935,0,110756
15724,SPELLSCRIPTTEXT,26936,0,110756
15725,SPELLSCRIPTTEXT,26937,0,110756
15726,SPELLSCRIPTTEXT,28173,0,110756
15727,SPELLMISC,843581,0,110775
15728,SPELLMISC,843586,0,110775
15729,SPELLSCRIPT,133902,0,110775
15730,SPELLSCRIPT,133903,0,110775
15731,SPELLSCRIPTPACKAGE,82639,0,110775
15732,SPELLSCRIPTPACKAGE,82640,0,110775
15733,SPELLXSPELLVISUAL,519595,0,110775
15734,SPELLXSPELLVISUAL,519597,0,110775
15735,SPELLAURAOPTIONS,246142,0,110782
15736,SPELLAURAOPTIONS,246171,0,110782
15737,SPELLAURAOPTIONS,246175,0,110782
15738,SPELLAURAOPTIONS,246178,0,110782
15739,SPELLAURAOPTIONS,246993,0,110782
15740,SPELLAURAOPTIONS,246994,0,110782
15741,SPELLAURAOPTIONS,246995,0,110782
15742,SPELLAURAOPTIONS,246999,0,110782
15743,SPELLAURAOPTIONS,247000,0,110782
15744,SPELLAURAOPTIONS,247001,0,110782
15745,SPELLEFFECT,1252136,0,110782
15746,SPELLEFFECT,1311034,0,110782
15747,SPELLEFFECT,1318019,0,110782
15748,SPELLEFFECT,1318048,0,110782
15749,SPELLEFFECT,1318216,0,110782
15750,SPELLEFFECT,1318351,0,110782
15751,SPELLEFFECT,1318425,0,110782
15752,SPELLEFFECT,1318561,0,110782
15753,SPELLEFFECT,1332053,0,110782
15754,SPELLEFFECT,1332680,0,110782
15755,SPELLEFFECT,1332681,0,110782
15756,SPELLEFFECT,1332687,0,110782
15757,SPELLEFFECT,1332688,0,110782
15758,SPELLEFFECT,1332694,0,110782
15759,SPELLEFFECT,1332695,0,110782
15760,SPELLEFFECT,1332736,0,110782
15761,SPELLEFFECT,1332748,0,110782
15762,SPELLEFFECT,1332757,0,110782
15763,SPELLEFFECT,1332788,0,110782
15764,SPELLEFFECT,1332793,0,110782
15765,SPELLEFFECT,1332794,0,110782
15766,SPELLEFFECT,1332796,0,110782
15767,SPELLEFFECT,1332797,0,110782
15768,SPELLEFFECT,1332798,0,110782
15769,SPELLEFFECT,1332800,0,110782
15770,SPELLEFFECT,1332801,0,110782
15771,SPELLEFFECT,1332802,0,110782
15772,SPELLEFFECT,1332804,0,110782
15773,SPELLEFFECT,1332812,0,110782
15774,SPELLEFFECT,1332818,0,110782
15775,SPELLEFFECT,1332824,0,110782
15776,SPELLEFFECTSCALING,19918,0,110782
15777,SPELLSCRIPT,128149,0,110782
15778,TREASUREITEM,1544670,0,110795
15779,TREASUREITEM,1546930,0,110795
15780,DESIGNERCONTEXTFORBI,248,0,110799
15781,SPELLEFFECT,1306953,0,110799
15782,SPELLEFFECT,1312976,0,110799
15783,SPELLEFFECT,1312978,0,110799
15784,SPELLEFFECT,1312980,0,110799
15785,SPELLEFFECT,1312982,0,110799
15786,SPELLEFFECT,1312984,0,110799
15787,SPELLEFFECT,1312986,0,110799
15788,SPELLEFFECT,1312988,0,110799
15789,SPELLEFFECT,1312990,0,110799
15790,SPELLEFFECT,1312992,0,110799
15791,SPELLEFFECT,1312994,0,110799
15792,SPELLEFFECT,1312996,0,110799
15793,SPELLEFFECT,1312998,0,110799
15794,SPELLEFFECT,1313002,0,110799
15795,SPELLEFFECT,1329227,0,110799
15796,SPELLEFFECT,1345984,0,110799
15797,SPELLSCRIPT,125915,0,110799
15798,SPELLSCRIPTTEXT,29016,0,110603
15799,SPELLSCRIPTTEXT,29017,0,110603
15800,SPELLSCRIPTTEXT,29341,0,110603
15801,SPELLSCRIPTTEXT,29342,0,110603
15802,FILEDATA,5275145,0,110672
15803,FILEDATA,7669339,0,110672
15804,FILEDATA,8173797,0,110672
15805,FILEDATA,8174447,0,110672
15806,FILEDATA,8174450,0,110672
15807,FILEDATA,8174453,0,110672
15808,FILEDATA,8174549,0,110672
15809,MODELFILEDATA,147486,0,110672
15810,SPELLMISC,823144,0,110797
15811,SPELLMISC,847346,0,110797
15812,SPELLMISC,847347,0,110797
15813,SPELLMISC,847348,0,110797
15814,SPELLEFFECT,1315379,0,110798
15815,INTERNALRECORD,246039,0,110800
15816,ITEM,272361,0,110800
15817,INTERNALRECORD,246040,0,110800
15818,ITEMEFFECT,232220,0,110800
15819,INTERNALRECORD,246041,0,110800
15820,ITEMXITEMEFFECT,164404,0,110800
15821,INTERNALRECORD,246042,0,110800
15822,SPELL,1291013,0,110800
15823,INTERNALRECORD,246043,0,110800
15824,SPELLINTERRUPTS,241452,0,110800
15825,INTERNALRECORD,246044,0,110800
15826,SPELLSHAPESHIFT,57315,0,110800
15827,INTERNALRECORD,246045,0,110800
15828,SPELLMISC,838590,0,110800
15829,INTERNALRECORD,246046,0,110800
15830,SPELLXDIFFICULTY,561554,0,110800
15831,INTERNALRECORD,246047,0,110800
15832,SPELLEFFECT,1310195,0,110800
15833,INTERNALRECORD,246048,0,110800
15834,SPELLXSPELLVISUAL,516164,0,110800
15835,ITEM,272361,0,110800
15836,ITEMEFFECT,232220,0,110800
15837,ITEMXITEMEFFECT,164404,0,110800
15838,SPELL,1291013,0,110800
15839,SPELLEFFECT,1310195,0,110800
15840,SPELLINTERRUPTS,241452,0,110800
15841,SPELLMISC,838590,0,110800
15842,SPELLSHAPESHIFT,57315,0,110800
15843,SPELLXSPELLVISUAL,516164,0,110800
15844,PLAYERCONDITION,150463,0,110807
15845,SPELL,1300871,0,110737
15846,SPELL,1306893,0,110737
15847,HOUSEROOM,401,0,109882
15848,ITEM,276244,0,109882
15849,AI_GROUPACTION,1092651,0,110578
15850,AI_GROUPACTION,1092652,0,110578
15851,AI_GROUPACTIONSET,1211401,0,110578
15852,AI_GROUPACTIONSET,1211404,0,110578
15853,SPELLEFFECT,1320785,0,110578
15854,SPELLMISC,833398,0,110578
15855,SPELLSCRIPT,131435,0,110578
15856,AI_GROUPACTIONSET,1212310,0,110762
15857,AI_TRIGGERACTION,221207,0,110762
15858,CREATUREDIFFICULTY,351046,0,110762
15859,CREATUREDIFFICULTY,352204,0,110762
15860,CREATUREDIFFICULTY,352205,0,110762
15861,CREATUREDIFFICULTY,352206,0,110762
15862,CREATUREDIFFICULTY,352207,0,110762
15863,CREATUREDIFFICULTY,356427,0,110762
15864,SPELL,1307598,0,110810
15865,SPELLAURAOPTIONS,247164,0,110810
15866,SPELLCOOLDOWNS,100808,0,110810
15867,SPELLMISC,854238,0,110810
15868,SPELLMISC,854272,0,110810
15869,SPELLSCRIPT,133929,0,110810
15870,SPELLSCRIPTPACKAGE,82661,0,110810
