ID,Name_lang,Description_lang,ReputationIndex,ParentFactionID,Expansion,FriendshipRepID,Flags,ParagonFactionID,RenownFactionID,RenownCurrencyID,ReputationClassMask[0],ReputationClassMask[1],ReputationClassMask[2],ReputationClassMask[3],ReputationFlags[0],ReputationFlags[1],ReputationFlags[2],ReputationFlags[3],ReputationBase[0],ReputationBase[1],ReputationBase[2],ReputationBase[3],ReputationMax[0],ReputationMax[1],ReputationMax[2],ReputationMax[3],ParentFactionMod[0],ParentFactionMod[1],ParentFactionCap[0],ParentFactionCap[1],ReputationRaceMasks0[0],ReputationRaceMasks0[1],ReputationRaceMasks1[0],ReputationRaceMasks1[1],ReputationRaceMasks2[0],ReputationRaceMasks2[1],ReputationRaceMasks3[0],ReputationRaceMasks3[1]
1,人类(玩家),,-1,0,0,0,0,0,0,0,0,0,0,0,0,0,0,0,0,0,0,0,0,0,0,0,1,1,5,5,0,0,0,0,0,0,0,0
2,兽人(玩家),,-1,0,0,0,0,0,0,0,0,0,0,0,0,0,0,0,0,0,0,0,0,0,0,0,1,1,5,5,0,0,0,0,0,0,0,0
3,矮人(玩家),,-1,0,0,0,0,0,0,0,0,0,0,0,0,0,0,0,0,0,0,0,0,0,0,0,1,1,5,5,0,0,0,0,0,0,0,0
4,暗夜精灵(玩家),,-1,0,0,0,0,0,0,0,0,0,0,0,0,0,0,0,0,0,0,0,0,0,0,0,1,1,5,5,0,0,0,0,0,0,0,0
5,亡灵(玩家),,-1,0,0,0,0,0,0,0,0,0,0,0,0,0,0,0,0,0,0,0,0,0,0,0,1,1,5,5,0,0,0,0,0,0,0,0
6,牛头人(玩家),,-1,0,0,0,0,0,0,0,0,0,0,0,0,0,0,0,0,0,0,0,0,0,0,0,1,1,5,5,0,0,0,0,0,0,0,0
7,生物,,-1,0,0,0,0,0,0,0,0,0,0,0,0,0,0,0,0,0,0,0,0,0,0,0,1,1,5,5,0,0,0,0,0,0,0,0
8,侏儒(玩家),,-1,0,0,0,0,0,0,0,0,0,0,0,0,0,0,0,0,0,0,0,0,0,0,0,1,1,5,5,0,0,0,0,0,0,0,0
9,巨魔(玩家),,-1,0,0,0,0,0,0,0,0,0,0,0,0,0,0,0,0,0,0,0,0,0,0,0,1,1,5,5,0,0,0,0,0,0,0,0
14,怪物,,-1,0,0,0,0,0,0,0,0,0,0,0,0,0,0,0,0,0,0,0,0,0,0,0,1,1,5,5,0,0,0,0,0,0,0,0
15,迪菲亚盗贼,,-1,0,0,0,0,0,0,0,0,0,0,0,0,0,0,0,0,0,0,0,0,0,0,0,1,1,5,5,0,0,0,0,0,0,0,0
16,河爪豺狼人,,-1,0,0,0,0,0,0,0,0,0,0,0,0,0,0,0,0,0,0,0,0,0,0,0,1,1,5,5,0,0,0,0,0,0,0,0
17,赤脊山豺狼人,,-1,0,0,0,0,0,0,0,0,0,0,0,0,0,0,0,0,0,0,0,0,0,0,0,1,1,5,5,0,0,0,0,0,0,0,0
18,暗皮豺狼人,,-1,0,0,0,0,0,0,0,0,0,0,0,0,0,0,0,0,0,0,0,0,0,0,0,1,1,5,5,0,0,0,0,0,0,0,0
19,鱼人,,-1,0,0,0,0,0,0,0,0,0,0,0,0,0,0,0,0,0,0,0,0,0,0,0,1,1,5,5,0,0,0,0,0,0,0,0
20,亡灵(天灾军团),,-1,0,0,0,0,0,0,0,0,0,0,0,0,0,0,0,0,0,0,0,0,0,0,0,1,1,5,5,0,0,0,0,0,0,0,0
21,藏宝海湾,一个由黑水海盗的头目，大财主里维加兹经营的繁荣的海港城市。它也是热砂集团的一部分，主要仇敌是血帆海盗。,1,169,0,0,0,0,0,0,0,0,0,0,64,0,0,0,500,0,0,0,42000,0,0,0,1,0.5,7,5,-1,-1,0,0,0,0,0,0
22,蜘蛛,,-1,0,0,0,0,0,0,0,0,0,0,0,0,0,0,0,0,0,0,0,0,0,0,0,1,1,5,5,0,0,0,0,0,0,0,0
23,野猪,,-1,0,0,0,0,0,0,0,0,0,0,0,0,0,0,0,0,0,0,0,0,0,0,0,1,1,5,5,0,0,0,0,0,0,0,0
24,狼人,,-1,0,0,0,0,0,0,0,0,0,0,0,0,0,0,0,0,0,0,0,0,0,0,0,1,1,5,5,0,0,0,0,0,0,0,0
25,狗头人,,-1,0,0,0,0,0,0,0,0,0,0,0,0,0,0,0,0,0,0,0,0,0,0,0,1,1,5,5,0,0,0,0,0,0,0,0
26,血顶巨魔,,-1,0,0,0,0,0,0,0,0,0,0,0,0,0,0,0,0,0,0,0,0,0,0,0,1,1,5,5,0,0,0,0,0,0,0,0
27,劈颅巨魔,,-1,0,0,0,0,0,0,0,0,0,0,0,0,0,0,0,0,0,0,0,0,0,0,0,1,1,5,5,0,0,0,0,0,0,0,0
28,猎物,,-1,0,0,0,0,0,0,0,0,0,0,0,0,0,0,0,0,0,0,0,0,0,0,0,1,1,5,5,0,0,0,0,0,0,0,0
29,狼人,,-1,0,0,0,0,0,0,0,0,0,0,0,0,0,0,0,0,0,0,0,0,0,0,0,1,1,5,5,0,0,0,0,0,0,0,0
30,叛变的迪菲亚盗贼(艾泽拉斯),,-1,0,0,0,0,0,0,0,0,0,0,0,0,0,0,0,0,0,0,0,0,0,0,0,1,1,5,5,0,0,0,0,0,0,0,0
31,友方,,-1,0,0,0,0,0,0,0,0,0,0,0,0,0,0,0,0,0,0,0,0,0,0,0,1,1,5,5,0,0,0,0,0,0,0,0
32,穴居人,,-1,0,0,0,0,0,0,0,0,0,0,0,0,0,0,0,0,0,0,0,0,0,0,0,1,1,5,5,0,0,0,0,0,0,0,0
33,冰巨魔,,-1,0,0,0,0,0,0,0,0,0,0,0,0,0,0,0,0,0,0,0,0,0,0,0,1,1,5,5,0,0,0,0,0,0,0,0
34,黑石氏族兽人,,-1,0,0,0,0,0,0,0,0,0,0,0,0,0,0,0,0,0,0,0,0,0,0,0,1,1,5,5,0,0,0,0,0,0,0,0
35,Villian,,-1,0,0,0,0,0,0,0,0,0,0,0,0,0,0,0,0,0,0,0,0,0,0,0,1,1,5,5,0,0,0,0,0,0,0,0
36,牺牲品,,-1,0,0,0,0,0,0,0,0,0,0,0,0,0,0,0,0,0,0,0,0,0,0,0,1,1,5,5,0,0,0,0,0,0,0,0
37,熊,,-1,0,0,0,0,0,0,0,0,0,0,0,0,0,0,0,0,0,0,0,0,0,0,0,1,1,5,5,0,0,0,0,0,0,0,0
38,食人魔,,-1,0,0,0,0,0,0,0,0,0,0,0,0,0,0,0,0,0,0,0,0,0,0,0,1,1,5,5,0,0,0,0,0,0,0,0
39,库森的雇佣兵,,-1,0,0,0,0,0,0,0,0,0,0,0,0,0,0,0,0,0,0,0,0,0,0,0,1,1,5,5,0,0,0,0,0,0,0,0
40,卫队,,-1,0,0,0,0,0,0,0,0,0,0,0,0,0,0,0,0,0,0,0,0,0,0,0,1,1,5,5,0,0,0,0,0,0,0,0
41,风险投资公司,,-1,0,0,0,0,0,0,0,0,0,0,0,0,0,0,0,0,0,0,0,0,0,0,0,1,1,5,5,0,0,0,0,0,0,0,0
42,迅猛龙,,-1,0,0,0,0,0,0,0,0,0,0,0,0,0,0,0,0,0,0,0,0,0,0,0,1,1,5,5,0,0,0,0,0,0,0,0
43,石化蜥蜴,,-1,0,0,0,0,0,0,0,0,0,0,0,0,0,0,0,0,0,0,0,0,0,0,0,1,1,5,5,0,0,0,0,0,0,0,0
44,绿龙,,-1,0,0,0,0,0,0,0,0,0,0,0,0,0,0,0,0,0,0,0,0,0,0,0,1,1,5,5,0,0,0,0,0,0,0,0
45,失落者,,-1,0,0,0,0,0,0,0,0,0,0,0,0,0,0,0,0,0,0,0,0,0,0,0,1,1,5,5,0,0,0,0,0,0,0,0
46,锻造 - 护甲锻造专精,,29,0,0,0,0,0,0,0,0,0,0,0,4,0,0,0,0,0,0,0,3000,0,0,0,1,1,5,5,-1,-1,0,0,0,0,0,0
47,铁炉堡,这座联盟的大都市是丹莫罗矮人们的骄傲，也是麦格尼国王的家。,20,469,0,0,0,0,0,0,0,0,0,0,273,6,17,0,3100,-42000,4000,0,42000,-42000,42000,0,1,0.25,4,7,-1321909175,0,1309324210,-1440044374,2052,0,0,0
48,黑铁矮人,,-1,0,0,0,0,0,0,0,0,0,0,0,0,0,0,0,0,0,0,0,0,0,0,0,1,1,5,5,0,0,0,0,0,0,0,0
49,暮色森林守夜人,,-1,0,0,0,0,0,0,0,0,0,0,0,0,0,0,0,0,0,0,0,0,0,0,0,1,1,5,5,0,0,0,0,0,0,0,0
50,红龙,,-1,0,0,0,0,0,0,0,0,0,0,0,0,0,0,0,0,0,0,0,0,0,0,0,1,1,5,5,0,0,0,0,0,0,0,0
51,藓皮豺狼人,,-1,0,0,0,0,0,0,0,0,0,0,0,0,0,0,0,0,0,0,0,0,0,0,0,1,1,5,5,0,0,0,0,0,0,0,0
52,龙喉邪兽人,,-1,0,0,0,0,0,0,0,0,0,0,0,0,0,0,0,0,0,0,0,0,0,0,0,1,1,5,5,0,0,0,0,0,0,0,0
53,疯狂侏儒,,-1,0,0,0,0,0,0,0,0,0,0,0,0,0,0,0,0,0,0,0,0,0,0,0,1,1,5,5,0,0,0,0,0,0,0,0
54,诺莫瑞根,诺莫瑞根以前的居民，现在流亡到了新工匠镇并居住在此，联盟方的重要成员。,18,469,0,0,0,0,0,0,0,0,0,0,273,6,17,0,3100,-42000,4000,0,42000,-42000,42000,0,1,0.25,4,7,-1321923571,0,1309324210,-1440044374,16448,0,0,0
55,豹,,-1,0,0,0,0,0,0,0,0,0,0,0,0,0,0,0,0,0,0,0,0,0,0,0,1,1,5,5,0,0,0,0,0,0,0,0
56,血色十字军,,-1,0,0,0,0,0,0,0,0,0,0,0,0,0,0,0,0,0,0,0,0,0,0,0,1,1,5,5,0,0,0,0,0,0,0,0
57,烂皮豺狼人,,-1,0,0,0,0,0,0,0,0,0,0,0,0,0,0,0,0,0,0,0,0,0,0,0,1,1,5,5,0,0,0,0,0,0,0,0
58,猩猩,,-1,0,0,0,0,0,0,0,0,0,0,0,0,0,0,0,0,0,0,0,0,0,0,0,1,1,5,5,0,0,0,0,0,0,0,0
59,瑟银兄弟会,瑟银兄弟会的矮人有着无与伦比的制造技术，并致力于解开黑石山中的全部秘密。,4,1118,0,0,0,0,0,0,0,0,0,0,16,0,0,0,0,0,0,0,42000,0,0,0,0,0,5,5,-1,-1,0,0,0,0,0,0
60,纳迦,,-1,0,0,0,0,0,0,0,0,0,0,0,0,0,0,0,0,0,0,0,0,0,0,0,1,1,5,5,0,0,0,0,0,0,0,0
61,达拉然,,-1,0,0,0,0,0,0,0,0,0,0,0,0,0,0,0,0,0,0,0,0,0,0,0,1,1,5,5,0,0,0,0,0,0,0,0
62,弃灵,,-1,0,0,0,0,0,0,0,0,0,0,0,0,0,0,0,0,0,0,0,0,0,0,0,1,1,5,5,0,0,0,0,0,0,0,0
63,Darkhowl,,-1,0,0,0,0,0,0,0,0,0,0,0,0,0,0,0,0,0,0,0,0,0,0,0,1,1,5,5,0,0,0,0,0,0,0,0
64,劣魔,,-1,0,0,0,0,0,0,0,0,0,0,0,0,0,0,0,0,0,0,0,0,0,0,0,1,1,5,5,0,0,0,0,0,0,0,0
65,熊怪,,-1,0,0,0,0,0,0,0,0,0,0,0,0,0,0,0,0,0,0,0,0,0,0,0,1,1,5,5,0,0,0,0,0,0,0,0
66,部落友军,,-1,0,0,0,0,0,0,0,0,0,0,0,0,0,0,0,0,0,0,0,0,0,0,0,1,1,5,5,0,0,0,0,0,0,0,0
67,部落,,12,1118,0,0,0,0,0,0,0,0,0,0,25,14,0,0,3500,-42000,0,0,42000,-42000,0,0,0,0,5,5,1309324210,-1440044374,-1321907123,1427461461,0,0,0,0
68,幽暗城,希尔瓦娜斯·风行者领导下的被遗忘者与部落之间建立起了微弱的同盟关系，并在洛丹伦地下遗迹的深处建立起了这座城市。,17,67,0,0,0,0,0,0,0,0,0,0,273,6,17,17,500,-42000,4000,3100,42000,-42000,42000,42000,1,0.25,4,7,1309323682,0,-1321907123,1427461461,16,0,512,0
69,达纳苏斯,坐落在泰达希尔岛上的联盟城市，暗夜精灵的首都，由月之女祭司泰兰德·语风统治。,21,469,0,0,0,0,0,0,0,0,0,0,273,6,17,0,3100,-42000,4000,0,42000,-42000,42000,0,1,0.25,4,7,-1321907131,0,1309324210,-1440044374,8,0,0,0
70,辛迪加,一个主要由人类组成的犯罪组织，目前占据着奥特兰克山脉与希尔斯布莱德丘陵的部分地区。,6,1118,0,0,0,0,0,0,0,0,0,0,2,0,0,0,-10000,0,0,0,0,0,0,0,0,0,5,5,-1,-1,0,0,0,0,0,0
71,希尔斯布莱德民兵,,-1,0,0,0,0,0,0,0,0,0,0,0,0,0,0,0,0,0,0,0,0,0,0,0,1,1,5,5,0,0,0,0,0,0,0,0
72,暴风城,这座人类势力的最后堡垒目前由年轻但是睿智的国王安度因·乌瑞恩统治着。,19,469,0,0,0,0,0,0,0,0,0,0,273,6,17,0,3100,-42000,4000,0,42000,-42000,42000,0,1,0.25,4,7,825576524,0,1309324210,-1440044374,-2147483647,0,0,0
73,恶魔,,-1,0,0,0,0,0,0,0,0,0,0,0,0,0,0,0,0,0,0,0,0,0,0,0,1,1,5,5,0,0,0,0,0,0,0,0
74,元素生物,,-1,0,0,0,0,0,0,0,0,0,0,0,0,0,0,0,0,0,0,0,0,0,0,0,1,1,5,5,0,0,0,0,0,0,0,0
75,灵魂,,-1,0,0,0,0,0,0,0,0,0,0,0,0,0,0,0,0,0,0,0,0,0,0,0,1,1,5,5,0,0,0,0,0,0,0,0
76,奥格瑞玛,这座由萨尔建立的部落城市是许多兽人氏族的家园。,14,67,0,0,0,0,0,0,0,0,0,0,273,6,17,17,3100,-42000,4000,500,42000,-42000,42000,42000,1,0.25,4,7,1309315488,0,-1321907123,1427461461,8194,0,528,0
77,宝物,,-1,0,0,0,0,0,0,0,0,0,0,0,0,0,0,0,0,0,0,0,0,0,0,0,1,1,5,5,0,0,0,0,0,0,0,0
78,泥嘴豺狼人,,-1,0,0,0,0,0,0,0,0,0,0,0,0,0,0,0,0,0,0,0,0,0,0,0,1,1,5,5,0,0,0,0,0,0,0,0
79,希尔斯布莱德，南海镇,,-1,0,0,0,0,0,0,0,0,0,0,0,0,0,0,0,0,0,0,0,0,0,0,0,1,1,5,5,0,0,0,0,0,0,0,0
80,黑龙,,-1,0,0,0,0,0,0,0,0,0,0,0,0,0,0,0,0,0,0,0,0,0,0,0,1,1,5,5,0,0,0,0,0,0,0,0
81,雷霆崖,贝恩·血蹄及其领导下的牛头人的家园，壮丽而伟大的部落城市。,16,67,0,0,0,0,0,0,0,0,0,0,273,6,17,17,3100,-42000,500,4000,42000,-42000,42000,42000,1,0.25,4,7,1175105922,0,-1321907123,1427461461,528,0,134217760,0
82,枯木巨魔,,-1,0,0,0,0,0,0,0,0,0,0,0,0,0,0,0,0,0,0,0,0,0,0,0,1,1,5,5,0,0,0,0,0,0,0,0
83,制皮 - 元素制皮专精,,23,0,0,0,0,0,0,0,0,0,0,0,4,0,0,0,2999,0,0,0,3000,0,0,0,1,1,5,5,-1,-1,0,0,0,0,0,0
84,钢鬃野猪人,,-1,0,0,0,0,0,0,0,0,0,0,0,0,0,0,0,0,0,0,0,0,0,0,0,1,1,5,5,0,0,0,0,0,0,0,0
85,刺背野猪人,,-1,0,0,0,0,0,0,0,0,0,0,0,0,0,0,0,0,0,0,0,0,0,0,0,1,1,5,5,0,0,0,0,0,0,0,0
86,制皮 - 龙鳞制皮专精,,22,0,0,0,0,0,0,0,0,0,0,0,4,0,0,0,2999,0,0,0,3000,0,0,0,1,1,5,5,-1,-1,0,0,0,0,0,0
87,血帆海盗,一群嗜血的海盗，所有海上商人的公敌。藏宝海湾的死敌。,0,1118,0,0,0,0,0,0,0,0,0,0,2,0,0,0,-6500,0,0,0,42000,0,0,0,0,0,5,5,-1,-1,0,0,0,0,0,0
88,黑暗深渊,,-1,0,0,0,0,0,0,0,0,0,0,0,0,0,0,0,0,0,0,0,0,0,0,0,1,1,5,5,0,0,0,0,0,0,0,0
89,龙虾人,,-1,0,0,0,0,0,0,0,0,0,0,0,0,0,0,0,0,0,0,0,0,0,0,0,1,1,5,5,0,0,0,0,0,0,0,0
90,科卡尔半人马,,-1,0,0,0,0,0,0,0,0,0,0,0,0,0,0,0,0,0,0,0,0,0,0,0,1,1,5,5,0,0,0,0,0,0,0,0
91,加拉克半人马,,-1,0,0,0,0,0,0,0,0,0,0,0,0,0,0,0,0,0,0,0,0,0,0,0,1,1,5,5,0,0,0,0,0,0,0,0
92,吉尔吉斯半人马,一群居住在凄凉之地南方的半人马，玛格拉姆半人马的仇敌。,2,1118,0,0,0,0,0,0,0,0,0,0,2,0,0,0,2000,0,0,0,42000,0,0,0,0,0,5,5,-1,-1,0,0,0,0,0,0
93,玛格拉姆半人马,一群居住在凄凉之地东部的半人马，吉尔吉斯半人马的仇敌。,3,1118,0,0,0,0,0,0,0,0,0,0,2,0,0,0,2000,0,0,0,42000,0,0,0,0,0,5,5,-1,-1,0,0,0,0,0,0
94,玛洛迪,,-1,0,0,0,0,0,0,0,0,0,0,0,0,0,0,0,0,0,0,0,0,0,0,0,1,1,5,5,0,0,0,0,0,0,0,0
108,塞拉摩,,-1,0,0,0,0,0,0,0,0,0,0,0,0,0,0,0,0,0,0,0,0,0,0,0,1,1,5,5,0,0,0,0,0,0,0,0
109,剃刀沼泽野猪人,,-1,0,0,0,0,0,0,0,0,0,0,0,0,0,0,0,0,0,0,0,0,0,0,0,1,1,5,5,0,0,0,0,0,0,0,0
110,钢鬃野猪人,,-1,0,0,0,0,0,0,0,0,0,0,0,0,0,0,0,0,0,0,0,0,0,0,0,1,1,5,5,0,0,0,0,0,0,0,0
111,"Quilboar, Deathshead",,-1,0,0,0,0,0,0,0,0,0,0,0,0,0,0,0,0,0,0,0,0,0,0,0,1,1,5,5,0,0,0,0,0,0,0,0
128,敌人,,-1,0,0,0,0,0,0,0,0,0,0,0,0,0,0,0,0,0,0,0,0,0,0,0,1,1,5,5,0,0,0,0,0,0,0,0
148,小动物,,-1,0,0,0,0,0,0,0,0,0,0,0,0,0,0,0,0,0,0,0,0,0,0,0,1,1,5,5,0,0,0,0,0,0,0,0
168,奈瑟加德商队,,-1,0,0,0,0,0,0,0,0,0,0,0,0,0,0,0,0,0,0,0,0,0,0,0,1,1,5,5,0,0,0,0,0,0,0,0
169,热砂港,,10,1118,0,0,0,0,0,0,0,0,0,0,12,0,0,0,500,0,0,0,42000,0,0,0,0,0,5,5,-1,-1,0,0,0,0,0,0
189,联盟,,-1,0,0,0,0,0,0,0,0,0,0,0,0,0,0,0,0,0,0,0,0,0,0,0,1,1,5,5,0,0,0,0,0,0,0,0
209,守望堡,,-1,0,0,0,0,0,0,0,0,0,0,0,0,0,0,0,0,0,0,0,0,0,0,0,1,1,5,5,0,0,0,0,0,0,0,0
229,哀嚎洞穴,,-1,0,0,0,0,0,0,0,0,0,0,0,0,0,0,0,0,0,0,0,0,0,0,0,1,1,5,5,0,0,0,0,0,0,0,0
249,异种蝎,,-1,0,0,0,0,0,0,0,0,0,0,0,0,0,0,0,0,0,0,0,0,0,0,0,1,1,5,5,0,0,0,0,0,0,0,0
269,银月幸存者,,-1,0,0,0,0,0,0,0,0,0,0,0,0,0,0,0,0,0,0,0,0,0,0,0,1,1,5,5,0,0,0,0,0,0,0,0
270,赞达拉部族,这群居住在尤亚姆巴岛的巨魔正在努力招募全世界的勇士，希望他们能够帮助自己对抗祖尔格拉布中的邪神哈卡以及他的阿塔莱祭司们。,51,1118,0,0,0,0,0,0,0,0,0,0,16,0,0,0,0,0,0,0,42000,0,0,0,0,0,5,5,-1,-1,0,0,0,0,0,0
289,锻造 - 武器锻造专精,,30,0,0,0,0,0,0,0,0,0,0,0,4,0,0,0,0,0,0,0,3000,0,0,0,1,1,5,5,-1,-1,0,0,0,0,0,0
309,蝎子,,-1,0,0,0,0,0,0,0,0,0,0,0,0,0,0,0,0,0,0,0,0,0,0,0,1,1,5,5,0,0,0,0,0,0,0,0
310,蝙蝠,,-1,0,0,0,0,0,0,0,0,0,0,0,0,0,0,0,0,0,0,0,0,0,0,0,1,1,5,5,0,0,0,0,0,0,0,0
311,泰坦,,-1,0,0,0,0,0,0,0,0,0,0,0,0,0,0,0,0,0,0,0,0,0,0,0,1,1,5,5,0,0,0,0,0,0,0,0
329,工头费苏勒,,-1,0,0,0,0,0,0,0,0,0,0,0,0,0,0,0,0,0,0,0,0,0,0,0,1,1,5,5,0,0,0,0,0,0,0,0
349,拉文霍德,这个由盗贼与刺客组成的行会只欢迎那些有着出色实力的人进入他们的领地。他们也是辛迪加的仇敌。,5,1118,0,0,0,0,0,0,0,0,0,0,0,0,0,0,0,0,0,0,42000,0,0,0,0,0,5,5,-1,-1,0,0,0,0,0,0
369,加基森,热砂集团的首府，诸多优秀地精技师、炼金师和商人的家乡。,7,169,0,0,0,0,0,0,0,0,0,0,64,0,0,0,500,0,0,0,42000,0,0,0,1,0.5,7,5,-1,-1,0,0,0,0,0,0
389,Gnomeregan Bug,,-1,0,0,0,0,0,0,0,0,0,0,0,0,0,0,0,0,0,0,0,0,0,0,0,1,1,5,5,0,0,0,0,0,0,0,0
409,鹰身人,,-1,0,0,0,0,0,0,0,0,0,0,0,0,0,0,0,0,0,0,0,0,0,0,0,1,1,5,5,0,0,0,0,0,0,0,0
429,火刃氏族,,-1,0,0,0,0,0,0,0,0,0,0,0,0,0,0,0,0,0,0,0,0,0,0,0,1,1,5,5,0,0,0,0,0,0,0,0
449,暗影蛛丝偷猎者,,-1,0,0,0,0,0,0,0,0,0,0,0,0,0,0,0,0,0,0,0,0,0,0,0,1,1,5,5,0,0,0,0,0,0,0,0
450,Searing Spider,,-1,0,0,0,0,0,0,0,0,0,0,0,0,0,0,0,0,0,0,0,0,0,0,0,1,1,5,5,0,0,0,0,0,0,0,0
469,联盟,,11,1118,0,0,0,0,0,0,0,0,0,0,25,14,0,0,3300,-42000,0,0,42000,-42000,0,0,0,0,5,5,-1321907123,1427461461,1309324210,-1440044374,0,0,0,0
470,棘齿城,热砂集团的成员，这座城市给许多希望在贫瘠之地做生意的人提供了一个开放和中立的天堂。,9,169,0,0,0,0,0,0,0,0,0,0,64,0,0,0,500,0,0,0,42000,0,0,0,1,0.5,7,5,-1,-1,0,0,0,0,0,0
489,"Goblin, Dark Iron Bar Patron",,-1,0,0,0,0,0,0,0,0,0,0,0,0,0,0,0,0,0,0,0,0,0,0,0,1,1,5,5,0,0,0,0,0,0,0,0
509,阿拉索联军,阿拉索联军正试图为暴风城夺回阿拉希盆地。,53,891,0,0,0,0,0,0,0,0,0,0,16,2,0,0,0,-42000,0,0,42000,-42000,0,0,0,0,5,5,-1321907123,1427461461,1309324210,-1440044374,0,0,0,0
510,污染者,污染者试图为部落夺取阿拉希盆地的重要资源。,52,892,0,0,0,0,0,0,0,0,0,0,16,2,0,0,0,-42000,0,0,42000,-42000,0,0,0,0,5,5,1309324210,-1440044374,-1321907123,1427461461,0,0,0,0
511,巨人,,-1,0,0,0,0,0,0,0,0,0,0,0,0,0,0,0,0,0,0,0,0,0,0,0,1,1,5,5,0,0,0,0,0,0,0,0
529,银色黎明,一个致力于从亡灵天灾军团的威胁下拯救艾泽拉斯世界的组织。银色黎明的据点遍布东西瘟疫之地。,13,1118,0,0,0,0,0,0,0,0,0,0,0,0,0,0,200,0,0,0,42000,0,0,0,0,0,5,5,-1,-1,0,0,0,0,0,0
530,暗矛巨魔,一群被放逐的巨魔，加入了萨尔领导下的部落。他们现在将杜隆塔尔当作自己的新家，并与兽人盟友们一起生活在那里。,15,67,0,0,0,0,0,0,0,0,0,0,273,6,17,17,3100,-42000,500,4000,42000,-42000,42000,42000,1,0.25,4,7,235581730,0,-1321907123,1427461461,528,0,1073741952,0
531,青铜龙军团,,-1,0,0,0,0,0,0,0,0,0,0,0,0,0,0,0,0,0,0,0,0,0,0,0,1,1,5,5,0,0,0,0,0,0,0,0
532,蓝龙军团,,-1,0,0,0,0,0,0,0,0,0,0,0,0,0,0,0,0,0,0,0,0,0,0,0,1,1,5,5,0,0,0,0,0,0,0,0
549,制皮 - 部族制皮专精,,24,0,0,0,0,0,0,0,0,0,0,0,4,0,0,0,2999,0,0,0,3000,0,0,0,1,1,5,5,-1,-1,0,0,0,0,0,0
550,工程学 - 地精工程学专精,,26,0,0,0,0,0,0,0,0,0,0,0,4,0,0,0,2999,0,0,0,3000,0,0,0,1,1,5,5,-1,-1,0,0,0,0,0,0
551,工程学 - 侏儒工程学专精,,25,0,0,0,0,0,0,0,0,0,0,0,4,0,0,0,2999,0,0,0,3000,0,0,0,1,1,5,5,-1,-1,0,0,0,0,0,0
569,锻造 - 战锤锻造专精,,33,0,0,0,0,0,0,0,0,0,0,0,4,0,0,0,0,0,0,0,3000,0,0,0,1,1,5,5,-1,-1,0,0,0,0,0,0
570,锻造 - 战斧锻造专精,,31,0,0,0,0,0,0,0,0,0,0,0,4,0,0,0,0,0,0,0,3000,0,0,0,1,1,5,5,-1,-1,0,0,0,0,0,0
571,锻造 - 长剑锻造专精,,32,0,0,0,0,0,0,0,0,0,0,0,4,0,0,0,0,0,0,0,3000,0,0,0,1,1,5,5,-1,-1,0,0,0,0,0,0
572,邪枝巨魔,,-1,0,0,0,0,0,0,0,0,0,0,0,0,0,0,0,0,0,0,0,0,0,0,0,1,1,5,5,0,0,0,0,0,0,0,0
573,南海海盗,,-1,0,0,0,0,0,0,0,0,0,0,0,0,0,0,0,0,0,0,0,0,0,0,0,1,1,5,5,0,0,0,0,0,0,0,0
574,凯尔达隆,,34,0,0,0,0,0,0,0,0,0,0,0,4,0,0,0,0,0,0,0,42000,0,0,0,1,1,5,5,-1,-1,0,0,0,0,0,0
575,未堕落的熊怪,,-1,0,0,0,0,0,0,0,0,0,0,0,0,0,0,0,0,0,0,0,0,0,0,0,1,1,5,5,0,0,0,0,0,0,0,0
576,木喉要塞,作为最后一支尚未堕落的熊怪部族，木喉部族正致力于保留他们那种独特的精神修行之道，并试图终结其他熊怪部族的痛苦。,35,1118,0,0,0,0,0,0,0,0,0,0,0,0,0,0,-2900,0,0,0,42000,0,0,0,0,0,5,5,-1,-1,0,0,0,0,0,0
577,永望镇,热砂集团经营之下的一座贸易城市，坐落于冬泉谷的两条主要干道的交叉处。,28,169,0,0,0,0,0,0,0,0,0,0,64,0,0,0,500,0,0,0,42000,0,0,0,1,0.5,7,5,-1,-1,0,0,0,0,0,0
589,冬刃豹训练师,这是一些专门在冬泉谷地区驯养冬泉霜刃豹的暗夜精灵。,27,1118,0,0,0,0,0,0,0,0,0,0,6,0,0,0,-42000,0,0,0,-42000,42000,0,0,0,0,5,5,1309324210,-1440044374,-1321907123,1427461461,0,0,0,0
609,塞纳里奥议会,塞纳里奥议会的德鲁伊是自然的守卫者，他们定居于宁静的月光林地。,36,1118,0,0,0,0,0,0,7167,1024,0,0,16,16,0,0,0,2000,0,0,42000,42000,0,0,0,0,5,5,-1,-1,-878706520,0,0,0,0,0
629,断矛巨魔,,-1,0,0,0,0,0,0,0,0,0,0,0,0,0,0,0,0,0,0,0,0,0,0,0,1,1,5,5,0,0,0,0,0,0,0,0
630,暴掠龙训练师,,-1,0,0,0,0,0,0,0,0,0,0,0,0,0,0,0,0,0,0,0,0,0,0,0,1,1,5,5,0,0,0,0,0,0,0,0
649,管理者埃克索图斯,,-1,0,0,0,0,0,0,0,0,0,0,0,0,0,0,0,0,0,0,0,0,0,0,0,1,1,5,5,0,0,0,0,0,0,0,0
669,Beast - Carrion Bird,,-1,0,0,0,0,0,0,0,0,0,0,0,0,0,0,0,0,0,0,0,0,0,0,0,1,1,5,5,0,0,0,0,0,0,0,0
670,Beast - Cat,,-1,0,0,0,0,0,0,0,0,0,0,0,0,0,0,0,0,0,0,0,0,0,0,0,1,1,5,5,0,0,0,0,0,0,0,0
671,Beast - Crab,,-1,0,0,0,0,0,0,0,0,0,0,0,0,0,0,0,0,0,0,0,0,0,0,0,1,1,5,5,0,0,0,0,0,0,0,0
672,Beast - Crocilisk,,-1,0,0,0,0,0,0,0,0,0,0,0,0,0,0,0,0,0,0,0,0,0,0,0,1,1,5,5,0,0,0,0,0,0,0,0
673,Beast - Hyena,,-1,0,0,0,0,0,0,0,0,0,0,0,0,0,0,0,0,0,0,0,0,0,0,0,1,1,5,5,0,0,0,0,0,0,0,0
674,Beast - Owl,,-1,0,0,0,0,0,0,0,0,0,0,0,0,0,0,0,0,0,0,0,0,0,0,0,1,1,5,5,0,0,0,0,0,0,0,0
675,Beast - Scorpid,,-1,0,0,0,0,0,0,0,0,0,0,0,0,0,0,0,0,0,0,0,0,0,0,0,1,1,5,5,0,0,0,0,0,0,0,0
676,Beast - Tallstrider,,-1,0,0,0,0,0,0,0,0,0,0,0,0,0,0,0,0,0,0,0,0,0,0,0,1,1,5,5,0,0,0,0,0,0,0,0
677,Beast - Turtle,,-1,0,0,0,0,0,0,0,0,0,0,0,0,0,0,0,0,0,0,0,0,0,0,0,1,1,5,5,0,0,0,0,0,0,0,0
678,Beast - Wind Serpent,,-1,0,0,0,0,0,0,0,0,0,0,0,0,0,0,0,0,0,0,0,0,0,0,0,1,1,5,5,0,0,0,0,0,0,0,0
679,Training Dummy,,-1,0,0,0,0,0,0,0,0,0,0,0,0,0,0,0,0,0,0,0,0,0,0,0,1,1,5,5,0,0,0,0,0,0,0,0
689,"Dragonflight, Black - Bait",,-1,0,0,0,0,0,0,0,0,0,0,0,0,0,0,0,0,0,0,0,0,0,0,0,1,1,5,5,0,0,0,0,0,0,0,0
709,Battleground Neutral,,-1,0,0,0,0,0,0,0,0,0,0,0,0,0,0,0,0,0,0,0,0,0,0,0,1,1,5,5,0,0,0,0,0,0,0,0
729,霜狼氏族,霜狼氏族正在努力将雷矛探险队赶出奥特兰克山谷。,41,892,0,0,0,0,0,0,0,0,0,0,16,6,0,0,0,-42000,0,0,42000,-42000,0,0,0,0,5,5,1309324210,-1440044374,-1321907123,1427461461,0,0,0,0
730,雷矛卫队,一群在奥特兰克山谷建立了永久居所的矮人，正与霜狼氏族的兽人激烈交战中。,40,891,0,0,0,0,0,0,0,0,0,0,16,6,0,0,0,-42000,0,0,42000,-42000,0,0,0,0,5,5,-1321907123,1427461461,1309324210,-1440044374,0,0,0,0
749,海达希亚水元素,这些元素生物定居于艾萨拉的东部的一座小岛上，是拉格纳罗斯及其军团的死敌。,42,1118,0,0,0,0,0,0,0,0,0,0,0,0,0,0,0,0,0,0,42000,0,0,0,0,0,5,5,-1,-1,0,0,0,0,0,0
750,萨弗隆火元素,,-1,0,0,0,0,0,0,0,0,0,0,0,0,0,0,0,0,0,0,0,0,0,0,0,1,1,5,5,0,0,0,0,0,0,0,0
769,吉兹洛克的假人,,-1,0,0,0,0,0,0,0,0,0,0,0,0,0,0,0,0,0,0,0,0,0,0,0,1,1,5,5,0,0,0,0,0,0,0,0
770,Gizlock's Charm,,-1,0,0,0,0,0,0,0,0,0,0,0,0,0,0,0,0,0,0,0,0,0,0,0,1,1,5,5,0,0,0,0,0,0,0,0
771,吉兹洛克,,-1,0,0,0,0,0,0,0,0,0,0,0,0,0,0,0,0,0,0,0,0,0,0,0,1,1,5,5,0,0,0,0,0,0,0,0
789,莫洛加,,-1,0,0,0,0,0,0,0,0,0,0,0,0,0,0,0,0,0,0,0,0,0,0,0,1,1,5,5,0,0,0,0,0,0,0,0
790,Spirit Guide - Alliance,,-1,0,0,0,0,0,0,0,0,0,0,0,0,0,0,0,0,0,0,0,0,0,0,0,1,1,5,5,0,0,0,0,0,0,0,0
809,辛德拉,一群居住在厄运之槌的精灵后裔，他们仍然具有着相当渊博的智慧与学识，并保守着一些伟大的秘密。,44,1118,0,0,0,0,0,0,0,0,0,0,16,0,0,0,0,0,0,0,42000,0,0,0,0,0,5,5,-1,-1,0,0,0,0,0,0
829,Ogre (Captain Kromcrush),,-1,0,0,0,0,0,0,0,0,0,0,0,0,0,0,0,0,0,0,0,0,0,0,0,1,1,5,5,0,0,0,0,0,0,0,0
849,Spirit Guide - Horde,,-1,0,0,0,0,0,0,0,0,0,0,0,0,0,0,0,0,0,0,0,0,0,0,0,1,1,5,5,0,0,0,0,0,0,0,0
869,加德纳尔,,-1,0,0,0,0,0,0,0,0,0,0,0,0,0,0,0,0,0,0,0,0,0,0,0,1,1,5,5,0,0,0,0,0,0,0,0
889,战歌氏族,战歌氏族是最具攻击性的兽人氏族，目前正与暗夜精灵的银翼哨兵部队在战歌峡谷激烈地交战中。,46,892,0,0,0,0,0,0,0,0,0,0,16,6,0,0,0,-42000,0,0,42000,-42000,0,0,0,0,7,7,1309324210,-1440044374,-1321907123,1427461461,0,0,0,0
890,银翼要塞,灰谷地区坚定的守卫者，目前正与战歌氏族在战歌峡谷中激烈交战。,45,891,0,0,0,0,0,0,0,0,0,0,16,6,0,0,0,-42000,0,0,42000,-42000,0,0,0,0,7,7,-1321907123,1427461461,1309324210,-1440044374,0,0,0,0
891,联盟部队,,47,1118,0,0,0,0,0,0,0,0,0,0,24,14,0,0,0,-42000,0,0,42000,-42000,0,0,0,0,5,5,-1321907123,1427461461,1309324210,-1440044374,0,0,0,0
892,部落军队,,48,1118,0,0,0,0,0,0,0,0,0,0,24,14,0,0,0,-42000,0,0,42000,-42000,0,0,0,0,5,5,1309324210,-1440044374,-1321907123,1427461461,0,0,0,0
893,恶齿巨魔,,-1,0,0,0,0,0,0,0,0,0,0,0,0,0,0,0,0,0,0,0,0,0,0,0,1,1,5,5,0,0,0,0,0,0,0,0
909,暗月马戏团,一个向全世界展示着各类珍奇异宝的马戏团。马戏团位于一座神秘的岛屿上，只在每月的第一周开放。,50,1118,0,0,0,0,0,0,0,0,0,0,16,0,0,0,0,0,0,0,42000,0,0,0,0,0,5,5,-1,-1,0,0,0,0,0,0
910,诺兹多姆的子嗣,青铜龙军团的后代，时间的守卫者，对凡人种族漠不关心。,54,1118,0,0,0,0,0,0,0,0,0,0,0,0,0,0,-42000,0,0,0,42000,0,0,0,0,0,5,5,-1,-1,0,0,0,0,0,0
911,银月城,奎尔萨拉斯的首都，血精灵的家园。虽然银月城几乎被阿尔萨斯毁灭，但它再次成为了一座繁荣的城市。,55,67,0,0,0,0,0,0,0,0,0,0,273,6,17,17,400,-42000,4000,3100,42000,-42000,42000,42000,1,0.25,4,7,1309323682,0,-1321907123,1427461461,512,0,16,0
912,卡利姆多联军,,-1,0,0,0,0,0,0,0,0,0,0,0,0,0,0,0,0,0,0,0,0,0,0,0,1,1,5,5,0,0,0,0,0,0,0,0
914,玩家，血精灵,,-1,0,0,0,0,0,0,0,0,0,0,0,0,0,0,0,0,0,0,0,0,0,0,0,1,1,5,5,0,0,0,0,0,0,0,0
915,克苏恩的军队,,-1,0,0,0,0,0,0,0,0,0,0,0,0,0,0,0,0,0,0,0,0,0,0,0,1,1,5,5,0,0,0,0,0,0,0,0
916,异种虫类,,-1,0,0,0,0,0,0,0,0,0,0,0,0,0,0,0,0,0,0,0,0,0,0,0,1,1,5,5,0,0,0,0,0,0,0,0
917,铁炉堡军团,,-1,0,0,0,0,0,0,0,0,0,0,0,0,0,0,0,0,0,0,0,0,0,0,0,1,1,5,5,0,0,0,0,0,0,0,0
918,RC Enemies,,-1,0,0,0,0,0,0,0,0,0,0,0,0,0,0,0,0,0,0,0,0,0,0,0,1,1,5,5,0,0,0,0,0,0,0,0
919,RC Objects,,-1,0,0,0,0,0,0,0,0,0,0,0,0,0,0,0,0,0,0,0,0,0,0,0,1,1,5,5,0,0,0,0,0,0,0,0
920,红,,-1,0,0,0,0,0,0,0,0,0,0,0,0,0,0,0,0,0,0,0,0,0,0,0,1,1,5,5,0,0,0,0,0,0,0,0
921,蓝,,-1,0,0,0,0,0,0,0,0,0,0,0,0,0,0,0,0,0,0,0,0,0,0,0,1,1,5,5,0,0,0,0,0,0,0,0
922,塔奎林,塔奎林曾是一座高等精灵的城镇，但是在天灾军团入侵奎尔萨拉斯之后被废弃了。现在，被遗忘者和血精灵联手夺回了这座城镇。,56,980,0,0,0,0,0,0,0,0,0,0,16,6,0,0,0,-42000,0,0,42000,-42000,0,0,0,0,5,5,1309324210,-1440044374,-1321907123,1427461461,0,0,0,0
923,远行者,,-1,0,0,0,0,0,0,0,0,0,0,0,0,0,0,0,0,0,0,0,0,0,0,0,1,1,5,5,0,0,0,0,0,0,0,0
925,逐日者,,-1,0,0,0,0,0,0,0,0,0,0,0,0,0,0,0,0,0,0,0,0,0,0,0,1,1,5,5,0,0,0,0,0,0,0,0
926,魔导师公会,,-1,0,0,0,0,0,0,0,0,0,0,0,0,0,0,0,0,0,0,0,0,0,0,0,1,1,5,5,0,0,0,0,0,0,0,0
927,玩家，德莱尼,,-1,0,0,0,0,0,0,0,0,0,0,0,0,0,0,0,0,0,0,0,0,0,0,0,1,1,5,5,0,0,0,0,0,0,0,0
928,天灾入侵者,,-1,0,0,0,0,0,0,0,0,0,0,0,0,0,0,0,0,0,0,0,0,0,0,0,1,1,5,5,0,0,0,0,0,0,0,0
929,血槌氏族,,-1,469,0,0,0,0,0,0,0,0,0,0,0,0,0,0,0,0,0,0,0,0,0,0,0,0,3,3,0,0,0,0,0,0,0,0
930,埃索达,将德莱尼人带到艾泽拉斯世界来的纳鲁飞船，目前搁浅在秘蓝岛上。对于这个高贵的种族来说，埃索达是他们的主城。,49,469,0,0,0,0,0,0,0,0,0,0,273,6,17,0,3100,-42000,4000,0,42000,-42000,42000,0,1,0.25,4,7,-1858779059,0,1309324210,-1440044374,536871936,0,0,0
932,奥尔多,一个古老的德莱尼祭司组织，起初由维伦领导。现在他们在高阶女祭司伊沙娜的指引下为沙塔斯城的纳鲁效力。与占星者势力敌对。,58,936,0,0,0,0,0,0,0,0,0,0,80,80,80,0,0,3500,-3500,0,42000,42000,42000,0,-1.1,1,7,7,-541066753,0,536871936,0,512,0,0,0
933,星界财团,由星界巨商哈拉麦德领导的星界财团是一个结构松散的商业联盟，其成员都是从事走私、贸易或盗窃的虚灵。,60,980,0,0,0,0,0,0,0,0,0,0,16,0,0,0,0,0,0,0,42000,0,0,0,0,0,7,7,-1,-1,0,0,0,0,0,0
934,占星者,由先知沃雷塔尔领导的这群血精灵拒绝跟随凯尔萨斯。他们加入了沙塔斯城的纳鲁联军，这令奥尔多感到非常不安。,62,936,0,0,0,0,0,0,0,0,0,0,80,80,80,0,0,-3500,3500,0,42000,42000,42000,0,-1.1,1,7,7,-541066753,0,536871936,0,512,0,0,0
935,沙塔尔,沙塔尔是一群统治沙塔斯城的强大纳鲁人的组织。在奥尔多和占星者的帮助下，他们正在领导针对伊利丹和燃烧军团的战斗。,39,936,0,0,0,0,0,0,0,0,0,0,16,0,0,0,0,0,0,0,42000,0,0,0,0.5,0,4,3,-1,-1,0,0,0,0,0,0
936,沙塔斯城,,59,980,0,0,0,0,0,0,0,0,0,0,28,0,0,0,0,0,0,0,42000,0,0,0,0,0,7,7,-1,-1,0,0,0,0,0,0
937,森林巨魔,,-1,0,0,0,0,0,0,0,0,0,0,0,0,0,0,0,0,0,0,0,0,0,0,0,1,1,5,5,0,0,0,0,0,0,0,0
938,欧麦尼,,-1,0,0,0,0,0,0,0,0,0,0,0,0,0,0,0,0,0,0,0,0,0,0,0,1,1,5,5,0,0,0,0,0,0,0,0
940,洛萨之子,,-1,0,0,0,0,0,0,0,0,0,0,0,0,0,0,0,0,0,0,0,0,0,0,0,1,1,5,5,0,0,0,0,0,0,0,0
941,玛格汉,这群隐居的棕皮兽人逃脱了恶魔的腐蚀，并在天崩地裂的外域中保持了古老的传统。,61,980,0,0,0,0,0,0,0,0,0,0,16,6,0,0,-500,-42000,0,0,42000,-42000,0,0,0,0,5,5,1309324210,-1440044374,-1321907123,1427461461,0,0,0,0
942,塞纳里奥远征队,塞纳里奥议会派往外域研究生态的探险队。在黑暗之门开启后，远征队迅速壮大，并获得了自治权。,64,980,0,0,0,0,0,0,0,0,0,0,16,0,0,0,0,0,0,0,42000,0,0,0,0,0,5,5,-1,-1,0,0,0,0,0,0
943,邪兽人,,-1,0,0,0,0,0,0,0,0,0,0,0,0,0,0,0,0,0,0,0,0,0,0,0,1,1,5,5,0,0,0,0,0,0,0,0
944,邪兽人幽灵,,-1,0,0,0,0,0,0,0,0,0,0,0,0,0,0,0,0,0,0,0,0,0,0,0,1,1,5,5,0,0,0,0,0,0,0,0
945,洛萨之子,,-1,0,0,0,0,0,0,0,0,0,0,0,0,0,0,0,0,0,0,0,0,0,0,0,1,1,5,5,0,0,0,0,0,0,0,0
946,荣耀堡,这座前哨基地坐落在地狱火半岛上，由第一批深入德拉诺的联盟精英部队“洛萨之子”的残余力量坚守。现在他们得到了来自暴风城和铁炉堡的支援。,38,980,0,0,0,0,0,0,0,0,0,0,16,0,0,0,0,-42000,0,0,42000,-42000,0,0,0,0,5,5,-1321907123,1427461461,1309324210,-1440044374,0,0,0,0
947,萨尔玛,由萨尔派出的远征军在地狱火半岛建立的要塞。萨尔玛是部落在外域的大部分行动的根据地。,37,980,0,0,0,0,0,0,0,0,0,0,16,0,0,0,0,-42000,0,0,42000,-42000,0,0,0,0,5,5,1309324210,-1440044374,-1321907123,1427461461,0,0,0,0
948,Test Faction 2,,86,949,0,0,0,0,0,0,0,0,0,0,8,0,0,0,0,0,0,0,42000,0,0,0,1,1,5,5,58732543,0,0,0,0,0,0,0
949,Test Faction 1,,85,0,0,184,0,0,0,0,0,0,0,0,24,0,0,0,0,0,0,0,62000,0,0,0,1,1,5,5,-1,-1,0,0,0,0,0,0
950,ToWoW - Flag,,-1,0,0,0,0,0,0,0,0,0,0,0,0,0,0,0,0,0,0,0,0,0,0,0,1,1,5,5,0,0,0,0,0,0,0,0
951,ToWoW - Flag Trigger Alliance (DND),,-1,0,0,0,0,0,0,0,0,0,0,0,0,0,0,0,0,0,0,0,0,0,0,0,1,1,5,5,0,0,0,0,0,0,0,0
952,Test Faction 3,,87,948,0,0,0,0,0,0,0,0,0,0,0,0,0,0,0,0,0,0,42000,0,0,0,1,1,5,5,-1,-1,0,0,0,0,0,0
954,ToWoW - Flag Trigger Horde (DND),,-1,0,0,0,0,0,0,0,0,0,0,0,0,0,0,0,0,0,0,0,0,0,0,0,1,1,5,5,0,0,0,0,0,0,0,0
955,破碎者,,-1,0,0,0,0,0,0,0,0,0,0,0,0,0,0,0,0,0,0,0,0,0,0,0,1,1,5,5,0,0,0,0,0,0,0,0
956,复仇军,,-1,0,0,0,0,0,0,0,0,0,0,0,0,0,0,0,0,0,0,0,0,0,0,0,1,1,5,5,0,0,0,0,0,0,0,0
957,土元素,,-1,0,0,0,0,0,0,0,0,0,0,0,0,0,0,0,0,0,0,0,0,0,0,0,1,1,5,5,0,0,0,0,0,0,0,0
958,打架机器人,,-1,0,0,0,0,0,0,0,0,0,0,0,0,0,0,0,0,0,0,0,0,0,0,0,1,1,5,5,0,0,0,0,0,0,0,0
959,好演员,,-1,0,0,0,0,0,0,0,0,0,0,0,0,0,0,0,0,0,0,0,0,0,0,0,1,1,5,5,0,0,0,0,0,0,0,0
960,坏演员,,-1,0,0,0,0,0,0,0,0,0,0,0,0,0,0,0,0,0,0,0,0,0,0,0,1,1,5,5,0,0,0,0,0,0,0,0
961,止松熊怪,,-1,0,0,0,0,0,0,0,0,0,0,0,0,0,0,0,0,0,0,0,0,0,0,0,1,1,5,5,0,0,0,0,0,0,0,0
962,疯狂的枭兽,,-1,0,0,0,0,0,0,0,0,0,0,0,0,0,0,0,0,0,0,0,0,0,0,0,1,1,5,5,0,0,0,0,0,0,0,0
963,联盟棋子,,-1,0,0,0,0,0,0,0,0,0,0,0,0,0,0,0,0,0,0,0,0,0,0,0,1,1,5,5,0,0,0,0,0,0,0,0
964,部落棋子,,-1,0,0,0,0,0,0,0,0,0,0,0,0,0,0,0,0,0,0,0,0,0,0,0,1,1,5,5,0,0,0,0,0,0,0,0
965,Monster Spar,,-1,0,0,0,0,0,0,0,0,0,0,0,0,0,0,0,0,0,0,0,0,0,0,0,1,1,5,5,0,0,0,0,0,0,0,0
966,Monster Spar Buddy,,-1,0,0,0,0,0,0,0,0,0,0,0,0,0,0,0,0,0,0,0,0,0,0,0,1,1,5,5,0,0,0,0,0,0,0,0
967,紫罗兰之眼,一个由肯瑞托为了调查麦迪文和监视他的活动而建立的秘密组织。,63,980,0,0,0,0,0,0,0,0,0,0,16,0,0,0,0,0,0,0,42000,0,0,0,0,0,5,5,-1,-1,0,0,0,0,0,0
968,炎鹰,,-1,0,0,0,0,0,0,0,0,0,0,0,0,0,0,0,0,0,0,0,0,0,0,0,1,1,5,5,0,0,0,0,0,0,0,0
969,阿古斯之手,,-1,0,0,0,0,0,0,0,0,0,0,0,0,0,0,0,0,0,0,0,0,0,0,0,1,1,5,5,0,0,0,0,0,0,0,0
970,孢子村,生活在外域的孢子人是一个非常温和的种族。他们的家园就坐落在赞加沼泽南部的沼泽地中。,65,980,0,0,0,0,0,0,0,0,0,0,0,0,0,0,-2500,0,0,0,42000,0,0,0,0,0,5,5,-1,-1,0,0,0,0,0,0
971,真菌巨人,,-1,0,0,0,0,0,0,0,0,0,0,0,0,0,0,0,0,0,0,0,0,0,0,0,1,1,5,5,0,0,0,0,0,0,0,0
972,孢子蝠,,-1,0,0,0,0,0,0,0,0,0,0,0,0,0,0,0,0,0,0,0,0,0,0,0,1,1,5,5,0,0,0,0,0,0,0,0
973,"Monster, Predator",,-1,0,0,0,0,0,0,0,0,0,0,0,0,0,0,0,0,0,0,0,0,0,0,0,1,1,5,5,0,0,0,0,0,0,0,0
974,"Monster, Prey",,-1,0,0,0,0,0,0,0,0,0,0,0,0,0,0,0,0,0,0,0,0,0,0,0,1,1,5,5,0,0,0,0,0,0,0,0
975,虚空畸能,,-1,0,0,0,0,0,0,0,0,0,0,0,0,0,0,0,0,0,0,0,0,0,0,0,1,1,5,5,0,0,0,0,0,0,0,0
976,海加尔防御者,,-1,0,0,0,0,0,0,0,0,0,0,0,0,0,0,0,0,0,0,0,0,0,0,0,1,1,5,5,0,0,0,0,0,0,0,0
977,海加尔入侵者,,-1,0,0,0,0,0,0,0,0,0,0,0,0,0,0,0,0,0,0,0,0,0,0,0,1,1,5,5,0,0,0,0,0,0,0,0
978,库雷尼,在德莱尼语中意为“得到救赎”。这些从各种奴役和控制中逃出来的破碎者在纳格兰建立了自己的家园，寻找自己真正的命运。,66,980,0,0,0,0,0,0,0,0,0,0,16,0,0,0,-1200,-42000,0,0,42000,-42000,0,0,0,0,5,5,-1321907123,1427461461,1309324210,-1440044374,0,0,0,0
979,大地之环，旧世界,,-1,0,0,0,0,0,0,0,0,0,0,0,0,0,0,0,0,0,0,0,0,0,0,0,1,1,5,5,0,0,0,0,0,0,0,0
980,燃烧的远征,,43,0,1,0,0,0,0,0,0,0,0,0,4120,0,0,0,0,0,0,0,0,0,0,0,0,0,5,5,-1,-1,0,0,0,0,0,0
981,鸦人,,-1,0,0,0,0,0,0,0,0,0,0,0,0,0,0,0,0,0,0,0,0,0,0,0,1,1,5,5,0,0,0,0,0,0,0,0
982,赞加沼泽军旗（联盟）,,-1,0,0,0,0,0,0,0,0,0,0,0,0,0,0,0,0,0,0,0,0,0,0,0,1,1,5,5,0,0,0,0,0,0,0,0
983,赞加沼泽军旗（部落）,,-1,0,0,0,0,0,0,0,0,0,0,0,0,0,0,0,0,0,0,0,0,0,0,0,1,1,5,5,0,0,0,0,0,0,0,0
984,赞加沼泽军旗（中立）,,-1,0,0,0,0,0,0,0,0,0,0,0,0,0,0,0,0,0,0,0,0,0,0,0,1,1,5,5,0,0,0,0,0,0,0,0
985,时光之穴 - 萨尔,,-1,0,0,0,0,0,0,0,0,0,0,0,0,0,0,0,0,0,0,0,0,0,0,0,1,1,5,5,0,0,0,0,0,0,0,0
986,时光之穴 - 敦霍尔德,,-1,0,0,0,0,0,0,0,0,0,0,0,0,0,0,0,0,0,0,0,0,0,0,0,1,1,5,5,0,0,0,0,0,0,0,0
987,时光之穴 - 南海镇卫兵,,-1,0,0,0,0,0,0,0,0,0,0,0,0,0,0,0,0,0,0,0,0,0,0,0,1,1,5,5,0,0,0,0,0,0,0,0
988,暗影议会,,-1,0,0,0,0,0,0,0,0,0,0,0,0,0,0,0,0,0,0,0,0,0,0,0,1,1,5,5,0,0,0,0,0,0,0,0
989,时光守护者,这些由诺兹多姆亲自挑选的青铜龙无时无刻不在监视着时光之穴。,67,980,0,0,0,0,0,0,0,0,0,0,16,0,0,0,0,0,0,0,42000,0,0,0,0,0,5,5,-1,-1,0,0,0,0,0,0
990,流沙之鳞,隶属于青铜龙军团的秘密组织，由诺兹多姆最亲密的伴侣索莉多米领导。,57,980,0,0,0,0,0,0,0,0,0,0,16,0,0,0,0,0,0,0,42000,0,0,0,0,0,5,5,-1,-1,0,0,0,0,0,0
991,"Dark Portal Defender, Alliance",,-1,0,0,0,0,0,0,0,0,0,0,0,0,0,0,0,0,0,0,0,0,0,0,0,1,1,5,5,0,0,0,0,0,0,0,0
992,"Dark Portal Defender, Horde",,-1,0,0,0,0,0,0,0,0,0,0,0,0,0,0,0,0,0,0,0,0,0,0,0,1,1,5,5,0,0,0,0,0,0,0,0
993,"Dark Portal Attacker, Legion",,-1,0,0,0,0,0,0,0,0,0,0,0,0,0,0,0,0,0,0,0,0,0,0,0,1,1,5,5,0,0,0,0,0,0,0,0
994,Inciter Trigger,Used for the Blackheart the Inciter event.,-1,0,0,0,0,0,0,0,0,0,0,0,0,0,0,0,0,0,0,0,0,0,0,0,1,1,5,5,0,0,0,0,0,0,0,0
995,Inciter Trigger 2,Used for the Blackheart the Inciter event.,-1,0,0,0,0,0,0,0,0,0,0,0,0,0,0,0,0,0,0,0,0,0,0,0,1,1,5,5,0,0,0,0,0,0,0,0
996,Inciter Trigger 3,Used for the Blackheart the Inciter event.,-1,0,0,0,0,0,0,0,0,0,0,0,0,0,0,0,0,0,0,0,0,0,0,0,1,1,5,5,0,0,0,0,0,0,0,0
997,Inciter Trigger 4,Used for the Blackheart the Inciter event.,-1,0,0,0,0,0,0,0,0,0,0,0,0,0,0,0,0,0,0,0,0,0,0,0,1,1,5,5,0,0,0,0,0,0,0,0
998,Inciter Trigger 5,Used for the Blackheart the Inciter event.,-1,0,0,0,0,0,0,0,0,0,0,0,0,0,0,0,0,0,0,0,0,0,0,0,1,1,5,5,0,0,0,0,0,0,0,0
999,法力生物,,-1,0,0,0,0,0,0,0,0,0,0,0,0,0,0,0,0,0,0,0,0,0,0,0,1,1,5,5,0,0,0,0,0,0,0,0
1000,卡德加的仆从,,-1,0,0,0,0,0,0,0,0,0,0,0,0,0,0,0,0,0,0,0,0,0,0,0,1,1,5,5,0,0,0,0,0,0,0,0
1001,刀塔氏族,,-1,0,0,0,0,0,0,0,0,0,0,0,0,0,0,0,0,0,0,0,0,0,0,0,1,1,5,5,0,0,0,0,0,0,0,0
1002,复仇军,,-1,0,0,0,0,0,0,0,0,0,0,0,0,0,0,0,0,0,0,0,0,0,0,0,1,1,5,5,0,0,0,0,0,0,0,0
1003,维序派,,-1,0,0,0,0,0,0,0,0,0,0,0,0,0,0,0,0,0,0,0,0,0,0,0,1,1,5,5,0,0,0,0,0,0,0,0
1004,Arcane Annihilator (DNR),,-1,0,0,0,0,0,0,0,0,0,0,0,0,0,0,0,0,0,0,0,0,0,0,0,1,1,5,5,0,0,0,0,0,0,0,0
1005,"Friendly, Hidden",,68,0,0,0,0,0,0,0,-1,0,0,0,20,0,0,0,3000,0,0,0,30000,0,0,0,1,1,5,5,-1,-1,0,0,0,0,0,0
1006,Kirin'Var - Dathric,,-1,0,0,0,0,0,0,0,0,0,0,0,0,0,0,0,0,0,0,0,0,0,0,0,1,1,5,5,0,0,0,0,0,0,0,0
1007,Kirin'Var - Belmara,,-1,0,0,0,0,0,0,0,0,0,0,0,0,0,0,0,0,0,0,0,0,0,0,0,1,1,5,5,0,0,0,0,0,0,0,0
1008,Kirin'Var - Luminrath,,-1,0,0,0,0,0,0,0,0,0,0,0,0,0,0,0,0,0,0,0,0,0,0,0,1,1,5,5,0,0,0,0,0,0,0,0
1009,Kirin'Var - Cohlien,,-1,0,0,0,0,0,0,0,0,0,0,0,0,0,0,0,0,0,0,0,0,0,0,0,1,1,5,5,0,0,0,0,0,0,0,0
1010,伊利丹的仆从,,-1,0,0,0,0,0,0,0,0,0,0,0,0,0,0,0,0,0,0,0,0,0,0,0,1,1,5,5,0,0,0,0,0,0,0,0
1011,贫民窟,来自各个地方、各个种族的避难者在沙塔斯城的聚集地。在贫民窟中，善行善举总是会很快传遍所有人的耳朵。,69,936,0,0,0,0,0,0,-1,0,0,0,16,0,0,0,0,0,0,0,42000,0,0,0,0,0,3,3,-1,-1,0,0,0,0,0,0
1012,灰舌死誓者,来自破碎者灰舌部族的精英勇士，表面上与伊利丹结盟。这些勇士是阿卡玛最信任的部下，并参与了他的秘密计划。,70,980,0,0,0,0,0,0,0,0,0,0,16,0,0,0,0,0,0,0,42000,0,0,0,0,0,3,3,-1,-1,0,0,0,0,0,0
1013,Spirits of Shadowmoon 1,,-1,0,0,0,0,0,0,0,0,0,0,0,0,0,0,0,0,0,0,0,0,0,0,0,1,1,5,5,0,0,0,0,0,0,0,0
1014,Spirits of Shadowmoon 2,,-1,0,0,0,0,0,0,0,0,0,0,0,0,0,0,0,0,0,0,0,0,0,0,0,1,1,5,5,0,0,0,0,0,0,0,0
1015,灵翼之龙,这种罕见的龙是死亡之翼的后代，受到原始的虚空能量影响后发生了变异。现在，他们正在努力摆脱死亡之翼的血脉带来的阴影，找寻自己的命运。,71,980,0,0,0,0,0,0,-1,0,0,0,2,0,0,0,-42000,0,0,0,42000,0,0,0,0,0,5,5,-1,-1,0,0,0,0,0,0
1016,拜龙教,,-1,0,0,0,0,0,0,0,0,0,0,0,0,0,0,0,0,0,0,0,0,0,0,0,1,1,5,5,0,0,0,0,0,0,0,0
1017,树人,,-1,0,0,0,0,0,0,0,0,0,0,0,0,0,0,0,0,0,0,0,0,0,0,0,1,1,5,5,0,0,0,0,0,0,0,0
1018,Leotheras Demon I,,-1,0,0,0,0,0,0,0,0,0,0,0,0,0,0,0,0,0,0,0,0,0,0,0,1,1,5,5,0,0,0,0,0,0,0,0
1019,Leotheras Demon II,,-1,0,0,0,0,0,0,0,0,0,0,0,0,0,0,0,0,0,0,0,0,0,0,0,1,1,5,5,0,0,0,0,0,0,0,0
1020,Leotheras Demon III,,-1,0,0,0,0,0,0,0,0,0,0,0,0,0,0,0,0,0,0,0,0,0,0,0,1,1,5,5,0,0,0,0,0,0,0,0
1021,Leotheras Demon IV,,-1,0,0,0,0,0,0,0,0,0,0,0,0,0,0,0,0,0,0,0,0,0,0,0,1,1,5,5,0,0,0,0,0,0,0,0
1022,Leotheras Demon V,,-1,0,0,0,0,0,0,0,0,0,0,0,0,0,0,0,0,0,0,0,0,0,0,0,1,1,5,5,0,0,0,0,0,0,0,0
1023,阿萨洛斯,,-1,0,0,0,0,0,0,0,0,0,0,0,0,0,0,0,0,0,0,0,0,0,0,0,1,1,5,5,0,0,0,0,0,0,0,0
1024,剥石者,,-1,0,0,0,0,0,0,0,0,0,0,0,0,0,0,0,0,0,0,0,0,0,0,0,1,1,5,5,0,0,0,0,0,0,0,0
1025,剥石者猎手,,-1,0,0,0,0,0,0,0,0,0,0,0,0,0,0,0,0,0,0,0,0,0,0,0,1,1,5,5,0,0,0,0,0,0,0,0
1026,影月之魂,,-1,0,0,0,0,0,0,0,0,0,0,0,0,0,0,0,0,0,0,0,0,0,0,0,1,1,5,5,0,0,0,0,0,0,0,0
1027,军团联络器,,-1,0,0,0,0,0,0,0,0,0,0,0,0,0,0,0,0,0,0,0,0,0,0,0,1,1,5,5,0,0,0,0,0,0,0,0
1028,乌鸦林古树,,-1,0,0,0,0,0,0,0,0,0,0,0,0,0,0,0,0,0,0,0,0,0,0,0,1,1,5,5,0,0,0,0,0,0,0,0
1029,"Chess, Friendly to All Chess",,-1,0,0,0,0,0,0,0,0,0,0,0,0,0,0,0,0,0,0,0,0,0,0,0,1,1,5,5,0,0,0,0,0,0,0,0
1030,Black Temple Gates - Illidari,,-1,0,0,0,0,0,0,0,0,0,0,0,0,0,0,0,0,0,0,0,0,0,0,0,1,1,5,5,0,0,0,0,0,0,0,0
1031,沙塔尔天空卫队,一支由沙塔斯城建立的空中武装力量，职责是应对潜伏在外域天空中的威胁。,72,936,0,0,0,0,0,0,-1,0,0,0,16,0,0,0,0,0,0,0,42000,0,0,0,0,0,5,5,-1,-1,0,0,0,0,0,0
1032,52区,,-1,0,0,0,0,0,0,0,0,0,0,0,0,0,0,0,0,0,0,0,0,0,0,0,1,1,5,5,0,0,0,0,0,0,0,0
1033,玛维,,-1,0,0,0,0,0,0,0,0,0,0,0,0,0,0,0,0,0,0,0,0,0,0,0,1,1,5,5,0,0,0,0,0,0,0,0
1034,斯克提斯阴影鸦人,,-1,0,0,0,0,0,0,0,0,0,0,0,0,0,0,0,0,0,0,0,0,0,0,0,1,1,5,5,0,0,0,0,0,0,0,0
1035,斯克提斯鸦人,,-1,0,0,0,0,0,0,0,0,0,0,0,0,0,0,0,0,0,0,0,0,0,0,0,1,1,5,5,0,0,0,0,0,0,0,0
1036,龙喉之敌,,-1,0,0,0,0,0,0,0,0,0,0,0,0,0,0,0,0,0,0,0,0,0,0,0,1,1,5,5,0,0,0,0,0,0,0,0
1037,联盟先遣军,联盟派往诺森德的多支部队的统称，由无畏远征军领导。同时也包括一些非军事组织，如探险者协会。,88,1097,0,0,0,0,0,0,0,0,0,0,136,6,0,0,0,0,0,0,42000,0,0,0,0,0,5,5,-1321907123,1427461461,1309324210,-1440044374,0,0,0,0
1038,奥格瑞拉,聪明而开化的奥格瑞拉食人魔居住在刀锋山的西部区域，那里富产的埃匹希斯水晶使得他们的智商远远超越了其他野蛮的同类。,73,980,0,0,0,0,0,0,0,0,0,0,16,0,0,0,0,0,0,0,42000,0,0,0,0,0,5,5,-1,-1,0,0,0,0,0,0
1039,掠食者,,-1,0,0,0,0,0,0,0,0,0,0,0,0,0,0,0,0,0,0,0,0,0,0,0,1,1,5,5,0,0,0,0,0,0,0,0
1040,REUSE,,-1,0,0,0,0,0,0,0,0,0,0,0,0,0,0,0,0,0,0,0,0,0,0,0,1,1,5,5,0,0,0,0,0,0,0,0
1041,狂鱼,,-1,0,0,0,0,0,0,0,0,0,0,0,0,0,0,0,0,0,0,0,0,0,0,0,1,1,5,5,0,0,0,0,0,0,0,0
1042,天空卫队之敌,,-1,0,0,0,0,0,0,0,0,0,0,0,0,0,0,0,0,0,0,0,0,0,0,0,1,1,5,5,0,0,0,0,0,0,0,0
1043,臭鼬,,-1,0,0,0,0,0,0,0,0,0,0,0,0,0,0,0,0,0,0,0,0,0,0,0,1,1,5,5,0,0,0,0,0,0,0,0
1044,塞拉摩叛逃者,,-1,0,0,0,0,0,0,0,0,0,0,0,0,0,0,0,0,0,0,0,0,0,0,0,1,1,5,5,0,0,0,0,0,0,0,0
1045,维库人,,-1,0,0,0,0,0,0,0,0,0,0,0,0,0,0,0,0,0,0,0,0,0,0,0,1,1,5,5,0,0,0,0,0,0,0,0
1046,北海海盗,,-1,0,0,0,0,0,0,0,0,0,0,0,0,0,0,0,0,0,0,0,0,0,0,0,1,1,5,5,0,0,0,0,0,0,0,0
1047,海象人,,-1,0,0,0,0,0,0,0,0,0,0,0,0,0,0,0,0,0,0,0,0,0,0,0,1,1,5,5,0,0,0,0,0,0,0,0
1048,UNUSED,,-1,0,0,0,0,0,0,0,0,0,0,0,0,0,0,0,0,0,0,0,0,0,0,0,1,1,5,5,0,0,0,0,0,0,0,0
1049,阿曼尼巨魔,,-1,0,0,0,0,0,0,0,0,0,0,0,0,0,0,0,0,0,0,0,0,0,0,0,1,1,5,5,0,0,0,0,0,0,0,0
1050,无畏远征军,联盟在诺森德的主力部队，由瓦里安·乌瑞恩国王统领，对抗天灾军团。,74,1037,0,0,0,0,0,0,0,0,0,0,16,6,0,0,0,-42000,0,0,42000,-42000,0,0,0.5,0.5,7,7,-1321907123,1427461461,1309324210,-1440044374,0,0,0,0
1051,UNUSED,,-1,0,0,0,0,0,0,0,0,0,0,0,0,0,0,0,0,0,0,0,0,0,0,0,1,1,5,5,0,0,0,0,0,0,0,0
1052,部落先遣军,部落派往诺森德的多支部队的统称，由战歌远征军充当先头部队。,75,1097,0,0,0,0,0,0,0,0,0,0,152,0,0,0,0,-42000,0,0,42000,-42000,0,0,0,0,5,5,1309324210,-1440044374,-1321907123,1427461461,0,0,0,0
1053,Westguard,,-1,0,0,0,0,0,0,0,0,0,0,0,0,0,0,0,0,0,0,0,0,0,0,0,1,1,5,5,0,0,0,0,0,0,0,0
1054,Spotted Gryphon,,-1,0,0,0,0,0,0,0,0,0,0,0,0,0,0,0,0,0,0,0,0,0,0,0,1,1,5,5,0,0,0,0,0,0,0,0
1055,Tamed Plaguehound,,-1,0,0,0,0,0,0,0,0,0,0,0,0,0,0,0,0,0,0,0,0,0,0,0,1,1,5,5,0,0,0,0,0,0,0,0
1056,Vrykul (Ancient Spirit 1),,-1,0,0,0,0,0,0,0,0,0,0,0,0,0,0,0,0,0,0,0,0,0,0,0,1,1,5,5,0,0,0,0,0,0,0,0
1057,Vrykul (Ancient Siprit 2),,-1,0,0,0,0,0,0,0,0,0,0,0,0,0,0,0,0,0,0,0,0,0,0,0,1,1,5,5,0,0,0,0,0,0,0,0
1058,Vrykul (Ancient Siprit 3),,-1,0,0,0,0,0,0,0,0,0,0,0,0,0,0,0,0,0,0,0,0,0,0,0,1,1,5,5,0,0,0,0,0,0,0,0
1059,CTF - Flag - Alliance,,-1,0,0,0,0,0,0,0,0,0,0,0,0,0,0,0,0,0,0,0,0,0,0,0,1,1,5,5,0,0,0,0,0,0,0,0
1060,Test,,-1,0,0,0,0,0,0,0,0,0,0,0,0,0,0,0,0,0,0,0,0,0,0,0,1,1,5,5,0,0,0,0,0,0,0,0
1061,维库人,,-1,0,0,0,0,0,0,0,0,0,0,0,0,0,0,0,0,0,0,0,0,0,0,0,1,1,5,5,0,0,0,0,0,0,0,0
1062,维库角斗士,,-1,0,0,0,0,0,0,0,0,0,0,0,0,0,0,0,0,0,0,0,0,0,0,0,1,1,5,5,0,0,0,0,0,0,0,0
1063,Valgarde Combatant,,-1,0,0,0,0,0,0,0,0,0,0,0,0,0,0,0,0,0,0,0,0,0,0,0,1,1,5,5,0,0,0,0,0,0,0,0
1064,牦牛人,这些坚强的牦牛人是牛头人的同类，在部落远征诺森德的战役中，他们成为了具有重要价值的斥候。,76,1052,0,0,0,0,0,0,0,0,0,0,16,6,0,0,0,-42000,0,0,42000,-42000,0,0,0.5,0.5,7,7,1309324210,-1440044374,-1321907123,1427461461,0,0,0,0
1065,"Monster, Zone Force Reaction 1",,-1,0,0,0,0,0,0,0,0,0,0,0,0,0,0,0,0,0,0,0,0,0,0,0,1,1,5,5,0,0,0,0,0,0,0,0
1066,"Monster, Zone Force Reaction 2",,-1,0,0,0,0,0,0,0,0,0,0,0,0,0,0,0,0,0,0,0,0,0,0,0,1,1,5,5,0,0,0,0,0,0,0,0
1067,复仇之手,这支由希尔瓦娜斯·风行者派遣的被遗忘者势力想要在诺森德散播他们最新研制成功的瘟疫病菌，以此来向阿尔萨斯复仇。,77,1052,0,0,0,0,0,0,0,0,0,0,16,0,0,0,0,-42000,0,0,42000,-42000,0,0,0.5,0.5,7,7,1309324210,-1440044374,-1321907123,1427461461,0,0,0,0
1068,探险者协会,这个组织致力于通过发掘泰坦遗留下来的古器追寻矮人种族的起源。最近他们来到诺森德的多处古迹进行研究。,78,1037,0,0,0,0,0,0,0,0,0,0,16,6,0,0,0,-42000,0,0,42000,-42000,0,0,0.5,0.5,7,7,-1321907123,1427461461,1309324210,-1440044374,0,0,0,0
1069,Ram Racing Powerup DND,,-1,0,0,0,0,0,0,0,0,0,0,0,0,0,0,0,0,0,0,0,0,0,0,0,1,1,5,5,0,0,0,0,0,0,0,0
1070,Ram Racing Trap DND,,-1,0,0,0,0,0,0,0,0,0,0,0,0,0,0,0,0,0,0,0,0,0,0,0,1,1,5,5,0,0,0,0,0,0,0,0
1071,Craig's Squirrels,A test faction.,-1,0,0,0,0,0,0,0,0,0,0,0,0,0,0,0,0,0,0,0,0,0,0,0,1,1,5,5,0,0,0,0,0,0,0,0
1072,[DNT] AC Major Faction Child Renown Test,,407,2503,9,0,0,0,0,0,0,0,0,0,0,0,0,0,0,0,0,0,42000,0,0,0,0,0,0,0,0,0,0,0,0,0,0,0
1073,卡鲁亚克,海象人是坚韧而和平的种族，通过捕鲸和捕鱼谋生。他们的家园最近正在遭受凶猛的攻击，急需来自外界的援手。,79,1097,0,0,0,0,0,0,0,0,0,0,16,0,0,0,0,0,0,0,42000,0,0,0,0,0,5,5,-1,-1,0,0,0,0,0,0
1074,Holiday - Water Barrel,,-1,0,0,0,0,0,0,0,0,0,0,0,0,0,0,0,0,0,0,0,0,0,0,0,1,1,5,5,0,0,0,0,0,0,0,0
1075,Holiday - Generic,,-1,0,0,0,0,0,0,0,0,0,0,0,0,0,0,0,0,0,0,0,0,0,0,0,1,1,5,5,0,0,0,0,0,0,0,0
1076,铁矮人,,-1,0,0,0,0,0,0,0,0,0,0,0,0,0,0,0,0,0,0,0,0,0,0,0,1,1,5,5,0,0,0,0,0,0,0,0
1077,破碎残阳,沙塔斯城的精锐部队，目标是向太阳之井的凯尔萨斯王子发动最终的攻势。,80,936,0,0,0,0,0,0,0,0,0,0,16,0,0,0,0,0,0,0,42000,0,0,0,0,0,5,5,-1,-1,0,0,0,0,0,0
1078,战斗宠物,,-1,0,0,0,0,0,0,0,0,0,0,0,0,0,0,0,0,0,0,0,0,0,0,0,1,1,5,5,0,0,0,0,0,0,0,0
1079,冬鳍鱼人,,-1,0,0,0,0,0,0,0,0,0,0,0,0,0,0,0,0,0,0,0,0,0,0,0,1,1,5,5,0,0,0,0,0,0,0,0
1080,"Friendly, Force Reaction 1",,-1,0,0,0,0,0,0,0,0,0,0,0,0,0,0,0,0,0,0,0,0,0,0,0,1,1,5,5,0,0,0,0,0,0,0,0
1081,"Object, Force Reaction",,-1,0,0,0,0,0,0,0,0,0,0,0,0,0,0,0,0,0,0,0,0,0,0,0,1,1,5,5,0,0,0,0,0,0,0,0
1083,REUSE,,-1,0,0,0,0,0,0,0,0,0,0,0,0,0,0,0,0,0,0,0,0,0,0,0,1,1,5,5,0,0,0,0,0,0,0,0
1084,"Vrykul, Sea",,-1,0,0,0,0,0,0,0,0,0,0,0,0,0,0,0,0,0,0,0,0,0,0,0,1,1,5,5,0,0,0,0,0,0,0,0
1085,战歌远征军,部落的主力部队由加尔鲁什·地狱咆哮率领，向盘踞在诺森德的阿尔萨斯和天灾军团发起挑战。,81,1052,0,0,0,0,0,0,0,0,0,0,6,16,0,0,-42000,0,0,0,-42000,42000,0,0,0.5,0.5,7,7,-1321907123,1427461461,1309324210,-1440044374,0,0,0,0
1086,Poacher,,-1,0,0,0,0,0,0,0,0,0,0,0,0,0,0,0,0,0,0,0,0,0,0,0,1,1,5,5,0,0,0,0,0,0,0,0
1087,节日怪物,,-1,0,0,0,0,0,0,0,0,0,0,0,0,0,0,0,0,0,0,0,0,0,0,0,1,1,5,5,0,0,0,0,0,0,0,0
1088,"Furbolg, Redfang",,-1,0,0,0,0,0,0,0,0,0,0,0,0,0,0,0,0,0,0,0,0,0,0,0,1,1,5,5,0,0,0,0,0,0,0,0
1089,"Furbolg, Frostpaw",,-1,0,0,0,0,0,0,0,0,0,0,0,0,0,0,0,0,0,0,0,0,0,0,0,1,1,5,5,0,0,0,0,0,0,0,0
1090,肯瑞托,统治达拉然的法师和大法师们。由于蓝龙军团和亡灵天灾造成的威胁，他们将整座城市传送到了诺森德的腹地。,84,1097,0,0,0,0,0,0,8063,8063,128,128,16,16,16,16,0,0,3000,3000,42000,42000,42000,42000,0,0,5,5,-1321907123,1427461461,1309324210,-1440044374,-1321907123,1427461461,1309324210,-1440044374
1091,龙眠联军,由于蓝龙军团粗暴地干涉凡人种族使用魔法的权利，其余的龙族不得不联合在红龙军团旗下，与这些狂乱的同胞抗衡。,83,1097,0,0,0,0,0,0,0,0,0,0,16,0,0,0,0,0,0,0,42000,0,0,0,0,0,5,5,-1,-1,0,0,0,0,0,0
1092,艾卓-尼鲁布,,-1,0,0,0,0,0,0,0,0,0,0,0,0,0,0,0,0,0,0,0,0,0,0,0,1,1,5,5,0,0,0,0,0,0,0,0
1093,REUSE,,-1,0,0,0,0,0,0,0,0,0,0,0,0,0,0,0,0,0,0,0,0,0,0,0,1,1,5,5,0,0,0,0,0,0,0,0
1094,银色盟约,这支高等精灵中的精锐部队拒绝让血精灵进入肯瑞托。他们联合在温蕾萨·风行者的旗帜下，与诺森德的联盟军队并肩作战。,90,1037,0,0,0,0,0,0,0,0,0,0,16,6,0,0,0,-42000,0,0,42000,-42000,0,0,0.5,0.5,7,7,-1321907123,1427461461,1309324210,-1440044374,0,0,0,0
1095,Grizzly Hills Trapper,,-1,0,0,0,0,0,0,0,0,0,0,0,0,0,0,0,0,0,0,0,0,0,0,0,1,1,5,5,0,0,0,0,0,0,0,0
1096,REUSE,,-1,0,0,0,0,0,0,0,0,0,0,0,0,0,0,0,0,0,0,0,0,0,0,0,1,1,5,5,0,0,0,0,0,0,0,0
1097,巫妖王之怒,,89,0,2,0,0,0,0,0,0,0,0,0,4104,0,0,0,0,0,0,0,0,0,0,0,0,0,5,5,-1,-1,0,0,0,0,0,0
1098,黑锋骑士团,在脱离了巫妖王的控制之后，这些曾经效命于他的死亡骑士联合起来，在大领主达里安·莫格莱尼的领导下对抗巫妖王。,91,1097,0,0,0,0,0,0,32,8159,0,0,16,16,0,0,3200,0,0,0,42000,42000,0,0,1,1,5,5,0,0,0,0,0,0,0,0
1099,Wrathgate Scourge,,-1,0,0,0,0,0,0,0,0,0,0,0,0,0,0,0,0,0,0,0,0,0,0,0,1,1,5,5,0,0,0,0,0,0,0,0
1100,Wrathgate Alliance,,-1,0,0,0,0,0,0,0,0,0,0,0,0,0,0,0,0,0,0,0,0,0,0,0,1,1,5,5,0,0,0,0,0,0,0,0
1101,Wrathgate Horde,,-1,0,0,0,0,0,0,0,0,0,0,0,0,0,0,0,0,0,0,0,0,0,0,0,1,1,5,5,0,0,0,0,0,0,0,0
1102,CTF - Flag - Horde,,-1,0,0,0,0,0,0,0,0,0,0,0,0,0,0,0,0,0,0,0,0,0,0,0,1,1,5,5,0,0,0,0,0,0,0,0
1103,CTF - Flag - Neutral,,-1,0,0,0,0,0,0,0,0,0,0,0,0,0,0,0,0,0,0,0,0,0,0,0,1,1,5,5,0,0,0,0,0,0,0,0
1104,狂心氏族,这群凶猛的狼獾人被天灾军团追杀，偶然来到了索拉查盆地，遂决定在此安家。由于极富攻击性，他们与被称为神谕者的鳄鱼人部族成水火之势。,92,1117,0,0,0,0,0,0,0,0,0,0,16,0,0,0,0,0,0,0,42000,0,0,0,-2.2,1,7,7,-1,-1,0,0,0,0,0,0
1105,神谕者,索拉查盆地的鳄鱼人将自己视为该区域中存留的泰坦科技的守护者（虽然他们基本不了解这种科技）。目前他们正在与狼獾人进行着不断激化的领土战争。,93,1117,0,0,0,0,0,0,0,0,0,0,16,0,0,0,0,0,0,0,42000,0,0,0,-2.2,1,7,7,-1,-1,0,0,0,0,0,0
1106,银色北伐军,提里奥·弗丁领导的银色北伐军是由白银之手骑士团和银色黎明重组而成的，他们的目标是击溃巫妖王的军队。,94,1097,0,0,0,0,0,0,0,0,0,0,16,0,0,0,0,0,0,0,42000,0,0,0,0,0,5,5,-1,-1,0,0,0,0,0,0
1107,"Troll, Drakkari",,-1,0,0,0,0,0,0,0,0,0,0,0,0,0,0,0,0,0,0,0,0,0,0,0,1,1,5,5,0,0,0,0,0,0,0,0
1108,CoT Arthas,,-1,0,0,0,0,0,0,0,0,0,0,0,0,0,0,0,0,0,0,0,0,0,0,0,1,1,5,5,0,0,0,0,0,0,0,0
1109,CoT Stratholme Citizen,,-1,0,0,0,0,0,0,0,0,0,0,0,0,0,0,0,0,0,0,0,0,0,0,0,1,1,5,5,0,0,0,0,0,0,0,0
1110,CoT Scourge,,-1,0,0,0,0,0,0,0,0,0,0,0,0,0,0,0,0,0,0,0,0,0,0,0,1,1,5,5,0,0,0,0,0,0,0,0
1111,弗蕾亚,,-1,0,0,0,0,0,0,0,0,0,0,0,0,0,0,0,0,0,0,0,0,0,0,0,1,1,5,5,0,0,0,0,0,0,0,0
1112,Mount - Taxi - Alliance,,-1,0,0,0,0,0,0,0,0,0,0,0,0,0,0,0,0,0,0,0,0,0,0,0,1,1,5,5,0,0,0,0,0,0,0,0
1113,Mount - Taxi - Horde,,-1,0,0,0,0,0,0,0,0,0,0,0,0,0,0,0,0,0,0,0,0,0,0,0,1,1,5,5,0,0,0,0,0,0,0,0
1114,Mount - Taxi - Neutral,,-1,0,0,0,0,0,0,0,0,0,0,0,0,0,0,0,0,0,0,0,0,0,0,0,1,1,5,5,0,0,0,0,0,0,0,0
1115,"Elemental, Water",,-1,0,0,0,0,0,0,0,0,0,0,0,0,0,0,0,0,0,0,0,0,0,0,0,1,1,5,5,0,0,0,0,0,0,0,0
1116,"Elemental, Air",,-1,0,0,0,0,0,0,0,0,0,0,0,0,0,0,0,0,0,0,0,0,0,0,0,1,1,5,5,0,0,0,0,0,0,0,0
1117,索拉查盆地,,95,1097,0,0,0,0,0,0,0,0,0,0,12,0,0,0,0,0,0,0,42000,0,0,0,0,0,5,5,-1,-1,0,0,0,0,0,0
1118,经典旧世,,96,0,0,0,0,0,0,0,0,0,0,0,4104,0,0,0,0,0,0,0,0,0,0,0,0,0,5,5,-1,-1,0,0,0,0,0,0
1119,霍迪尔之子,这支风暴峭壁的冰霜巨人部族非常好战，他们定居在丹尼芬雷。,97,1097,0,0,0,0,0,0,0,0,0,0,0,0,0,0,-42000,0,0,0,42000,0,0,0,0,0,5,5,-1,-1,0,0,0,0,0,0
1120,铁巨人,,-1,0,0,0,0,0,0,0,0,0,0,0,0,0,0,0,0,0,0,0,0,0,0,0,1,1,5,5,0,0,0,0,0,0,0,0
1121,冰霜维库人,,-1,0,0,0,0,0,0,0,0,0,0,0,0,0,0,0,0,0,0,0,0,0,0,0,1,1,5,5,0,0,0,0,0,0,0,0
1122,风暴峭壁土灵,,-1,0,0,0,0,0,0,0,0,0,0,0,0,0,0,0,0,0,0,0,0,0,0,0,1,1,5,5,0,0,0,0,0,0,0,0
1123,Monster Referee,,-1,0,0,0,0,0,0,0,0,0,0,0,0,0,0,0,0,0,0,0,0,0,0,0,1,1,5,5,0,0,0,0,0,0,0,0
1124,夺日者,在大法师艾萨斯·夺日者的努力下，一贯被达拉然据之门外的部落也获准进入这座城市。他的追随者保卫着以他的名字命名的夺日者圣殿。,98,1052,0,0,0,0,0,0,0,0,0,0,16,6,0,0,0,-42000,0,0,42000,-42000,0,0,0.5,0.5,7,7,1309324210,-1440044374,-1321907123,1427461461,0,0,0,0
1125,海德比武会,,-1,0,0,0,0,0,0,0,0,0,0,0,0,0,0,0,0,0,0,0,0,0,0,0,1,1,5,5,0,0,0,0,0,0,0,0
1126,霜脉矮人,这个神秘的冰霜矮人种族定居在风暴峭壁。他们最近与探险者协会成为了朋友，并且欢迎联盟的成员造访他们的家园。,99,1037,0,0,0,0,0,0,0,0,0,0,16,0,0,0,0,-42000,0,0,42000,-42000,0,0,0.5,0.5,7,7,-1321907123,1427461461,1309324210,-1440044374,0,0,0,0
1128,暮光之锤,,-1,0,0,0,0,0,0,0,0,0,0,0,0,0,0,0,0,0,0,0,0,0,0,0,1,1,5,5,0,0,0,0,0,0,0,0
1129,黑木熊怪,,-1,0,0,0,0,0,0,0,0,0,0,0,0,0,0,0,0,0,0,0,0,0,0,0,1,1,5,5,0,0,0,0,0,0,0,0
1130,黑海岸雄鹿,,-1,0,0,0,0,0,0,0,0,0,0,0,0,0,0,0,0,0,0,0,0,0,0,0,1,1,5,5,0,0,0,0,0,0,0,0
1131,黑海岸巨熊,,-1,0,0,0,0,0,0,0,0,0,0,0,0,0,0,0,0,0,0,0,0,0,0,0,1,1,5,5,0,0,0,0,0,0,0,0
1132,黑海岸月夜猛虎,,-1,0,0,0,0,0,0,0,0,0,0,0,0,0,0,0,0,0,0,0,0,0,0,0,1,1,5,5,0,0,0,0,0,0,0,0
1133,锈水财阀,由无情的贸易巨子加里维克斯控制的锈水财阀是科赞岛上最强大的贸易公司。他们的总部坐落在锈水码头，整片南海的贸易都被他们所掌控。,105,67,0,0,0,0,0,0,0,0,0,0,273,6,0,0,3100,-42000,0,0,42000,-42000,0,0,1,0.25,4,7,1309324210,-1440044374,-1321907123,1427461461,0,0,0,0
1134,吉尔尼斯,吉尔尼斯是一个幸存者的国度。当他们最后的人性也被剥去后，吉尔尼斯面临着来自内部的全新威胁。,106,469,0,0,0,0,0,0,0,0,0,0,273,6,17,0,0,-42000,3000,0,42000,-42000,42000,0,1,0.25,4,7,-1324004275,0,1309324210,-1440044374,2097152,0,0,0
1135,大地之环,艾泽拉斯最强大的萨满祭司都聚集到了一起，期望能够维持这个世界各股元素力量之间的平衡。在这场大灾变中，他们正竭力修复死亡之翼的来临对世界造成的伤害。,110,1162,0,0,0,0,0,0,0,0,0,0,16,0,0,0,0,0,0,0,42000,0,0,0,0,0,5,5,-1,-1,0,0,0,0,0,0
1136,塔奎林声望转换,,100,0,0,0,0,0,0,0,0,0,0,0,4,0,0,0,0,0,0,0,42000,0,0,0,0,0,0,0,-1,-1,0,0,0,0,0,0
1137,霜刃豹声望转换,,101,0,0,0,0,0,0,0,-1,0,0,0,4,0,0,0,0,0,0,0,42000,0,0,0,0,0,0,0,-1,-1,0,0,0,0,0,0
1138,大灾变，新的中立声望,,-1,0,0,0,0,0,0,0,0,0,0,0,0,0,0,0,0,0,0,0,0,0,0,0,1,1,0,0,0,0,0,0,0,0,0,0
1142,玛格拉姆遗族,,-1,0,0,0,0,0,0,0,0,0,0,0,0,0,0,0,0,0,0,0,0,0,0,0,0,0,0,0,0,0,0,0,0,0,0,0
1143,吉尔吉斯之子,,-1,0,0,0,0,0,0,0,0,0,0,0,0,0,0,0,0,0,0,0,0,0,0,0,0,0,0,0,0,0,0,0,0,0,0,0
1144,REUSE,,-1,0,0,0,0,0,0,0,0,0,0,0,0,0,0,0,0,0,0,0,0,0,0,0,0,0,0,0,0,0,0,0,0,0,0,0
1145,憎世者,,-1,0,0,0,0,0,0,0,0,0,0,0,0,0,0,0,0,0,0,0,0,0,0,0,0,0,0,0,0,0,0,0,0,0,0,0
1152,地精（玩家）,,-1,0,0,0,0,0,0,0,0,0,0,0,0,0,0,0,0,0,0,0,0,0,0,0,1,1,5,5,0,0,0,0,0,0,0,0
1153,狼人（玩家）,,-1,0,0,0,0,0,0,0,0,0,0,0,0,0,0,0,0,0,0,0,0,0,0,0,1,1,5,5,0,0,0,0,0,0,0,0
1154,银色盟约声望转换,,102,0,0,0,0,0,0,0,0,0,0,0,4,0,0,0,0,0,0,0,42000,0,0,0,0,0,0,0,-1,-1,0,0,0,0,0,0
1155,夺日者声望转换,,103,0,0,0,0,0,0,0,0,0,0,0,4,0,0,0,0,0,0,0,42000,0,0,0,0,0,0,0,-1,-1,0,0,0,0,0,0
1156,灰烬审判军,在提里奥·弗丁与达里安·莫格莱尼的共同协议下，银色北伐军与黑锋骑士团决定暂时放下分歧、统一战线，合力攻入冰冠堡垒，击败巫妖王。,104,1097,0,0,0,0,0,0,0,0,0,0,16,0,0,0,0,0,0,0,42000,0,0,0,0,0,0,0,-1,-1,0,0,0,0,0,0
1157,俾格米人,,-1,0,0,0,0,0,0,0,0,0,0,0,0,0,0,0,0,0,0,0,0,0,0,0,0,0,0,0,0,0,0,0,0,0,0,0
1158,海加尔守护者,圣山海加尔面临着毁灭的威胁，塞纳里奥议会集结了最强大的成员，与他们的翡翠绿龙盟友一同抵御着拉格纳罗斯和暮光之锤的入侵。,113,1162,0,0,0,0,0,0,0,0,0,0,16,0,0,0,0,0,0,0,42000,0,0,0,0,0,0,0,-1,-1,0,0,0,0,0,0
1159,CTF - Flag - Alliance 2,,-1,0,0,0,0,0,0,0,0,0,0,0,0,0,0,0,0,0,0,0,0,0,0,0,1,1,5,5,0,0,0,0,0,0,0,0
1160,CTF - Flag - Horde 2,,-1,0,0,0,0,0,0,0,0,0,0,0,0,0,0,0,0,0,0,0,0,0,0,0,1,1,5,5,0,0,0,0,0,0,0,0
1161,恐怖图腾,,-1,0,0,0,0,0,0,0,0,0,0,0,0,0,0,0,0,0,0,0,0,0,0,0,0,0,0,0,0,0,0,0,0,0,0,0
1162,大地的裂变,,111,0,3,0,0,0,0,0,0,0,0,0,4104,0,0,0,0,0,0,0,0,0,0,0,0,0,0,0,-1,-1,0,0,0,0,0,0
1168,公会,公会声望代表了你在公会中的个人地位，购买公会奖励时需要达到与之对应的声望。公会声望会在你获得公会经验值时自动获得。,114,1169,0,0,2,0,0,0,0,0,0,0,528,0,0,0,0,0,0,0,42000,0,0,0,0,0,0,0,-1,-1,0,0,0,0,0,0
1169,公会,,115,0,0,0,0,0,0,0,0,0,0,0,4120,0,0,0,0,0,0,0,0,0,0,0,0,0,0,0,-1,-1,0,0,0,0,0,0
1171,塞拉赞恩,塞拉赞恩和她的石领主子嗣们统治着土元素位面深岩之洲。在见证了死亡之翼及其追随者对她的国度造成的伤害后，塞拉赞恩对所有外来者都充满了敌意。,116,1162,0,0,0,0,0,0,0,0,0,0,64,0,0,0,-42000,0,0,0,42000,0,0,0,0,0,0,0,-1,-1,0,0,0,0,0,0
1172,龙喉氏族,这支狂放不羁的兽人氏族曾经在死亡之翼的授意下奴役了红龙军团和阿莱克丝塔萨。如今龙喉氏族的数量和实力都已不如往昔，他们在暮光高地上建立了家园。,117,1162,0,0,0,0,0,0,0,0,0,0,16,0,0,0,0,-42000,0,0,42000,-42000,0,0,0,0,0,0,1309324210,-1440044374,-1321907123,1427461461,0,0,0,0
1173,拉穆卡恒,拉穆卡恒的猫形子民是奥丹姆守护者托维尔一族的后裔。尽管他们失去了石头的身体，但保护泰坦秘密的使命仍然留在了他们一成不变的传统中。,118,1162,0,0,0,0,0,0,0,0,0,0,16,0,0,0,0,0,0,0,42000,0,0,0,0,0,0,0,-1,-1,0,0,0,0,0,0
1174,蛮锤部族,蛮锤部族以他们近乎鲁莽的勇气和出类拔萃的狮鹫骑战技艺而闻名。因为黑铁矮人的诅咒，他们失去了在格瑞姆巴托的家园。在那之后，蛮锤矮人们分散地定居在暮光高地上。,119,1162,0,0,0,0,0,0,0,0,0,0,16,4,0,0,0,-42000,0,0,42000,-42000,0,0,0,0,0,0,-1321907123,1427461461,1309324210,-1440044374,0,0,0,0
1177,巴拉丁典狱官,这支曾经由雷吉纳德·巴拉丁二世公爵率领的精锐之师和海岛要塞托尔巴拉德有着深厚的历史渊源。他们加入了联盟军队，旨在击退部落入侵者并捍卫这座极具战略意义的岛屿。,122,1162,0,0,0,0,0,0,0,0,0,0,0,6,0,0,0,-42000,0,0,42000,-42000,0,0,0,0,0,0,-1321907123,1427461461,1309324210,-1440044374,0,0,0,0
1178,地狱咆哮近卫军,地狱咆哮近卫军是部落的一支精英部队，由最骁勇善战的老兵编制而成。加尔鲁什亲自选拔了这些战士，并命令他们夺取托尔巴拉德。只许成功，不许失败。,123,1162,0,0,0,0,0,0,0,0,0,0,6,16,0,0,-42000,0,0,0,-42000,42000,0,0,0,0,0,0,-1321907123,1427461461,1309324210,-1440044374,0,0,0,0
1179,软泥怪,,-1,0,0,0,0,0,0,0,0,0,0,0,0,0,0,0,0,0,0,0,0,0,0,0,1,1,5,5,0,0,0,0,0,0,0,0
1181,友善，新,,-1,0,0,0,0,0,0,0,0,0,0,0,0,0,0,0,0,0,0,0,0,0,0,0,1,1,0,0,0,0,0,0,0,0,0,0
1189,K3,,-1,0,0,0,0,0,0,0,0,0,0,0,0,0,0,0,0,0,0,0,0,0,0,0,1,1,5,5,0,0,0,0,0,0,0,0
1204,海加尔复仇者,火元素领主带来的毁灭激怒了塞纳里奥议会。他们主动出击，直捣拉格纳罗斯在火焰之地的巢穴。,127,1162,0,0,0,0,0,0,0,0,0,0,16,0,0,0,0,0,0,0,42000,0,0,0,0,0,0,0,-1,-1,0,0,0,0,0,0
1216,尚喜武院,备受尊重的尚喜大师教导过无数渴望冒险的熊猫人英雄，尚喜武院的历史也可以追溯至三代人之前。,131,1245,0,0,0,0,0,0,0,0,0,0,81,0,0,0,3000,0,0,0,42000,0,0,0,0,0,0,0,58720256,0,0,0,0,0,0,0
1228,森林猢狲,一支活泼、暴躁而短命的猴族。,144,1245,0,0,0,0,0,0,0,0,0,0,2,2,0,0,-42000,-42000,0,0,42000,-42000,0,0,0,0,5,5,1309324210,-1440044374,-1321907123,1427461461,0,0,0,0
1233,CoT Well of Eternity - Illidan,,-1,0,0,0,0,0,0,0,0,0,0,0,0,0,0,0,0,0,0,0,0,0,0,0,1,1,0,0,0,0,0,0,0,0,0,0
1234,CoT Well of Eternity - High Elves,,-1,0,0,0,0,0,0,0,0,0,0,0,0,0,0,0,0,0,0,0,0,0,0,0,1,1,0,0,0,0,0,0,0,0,0,0
1235,CoT Well of Eternity - Illidan (Stealth),,-1,0,0,0,0,0,0,0,0,0,0,0,0,0,0,0,0,0,0,0,0,0,0,0,1,1,0,0,0,0,0,0,0,0,0,0
1237,CoT Well of Eternity - Demons,,-1,0,0,0,0,0,0,0,0,0,0,0,0,0,0,0,0,0,0,0,0,0,0,0,1,1,0,0,0,0,0,0,0,0,0,0
1240,CoT Well of Eternity - Demon Balls,,-1,0,0,0,0,0,0,0,0,0,0,0,0,0,0,0,0,0,0,0,0,0,0,0,0,0,0,0,0,0,0,0,0,0,0,0
1241,CoT Well of Eternity - Hunter Stalkers,,-1,0,0,0,0,0,0,0,0,0,0,0,0,0,0,0,0,0,0,0,0,0,0,0,1,1,0,0,0,0,0,0,0,0,0,0
1242,珠鳍锦鱼人,一支内敛而守序的鱼形人种族。,143,1245,0,0,0,0,0,0,-1,0,0,0,16,2,0,0,0,-42000,0,0,42000,-42000,0,0,0,0,0,0,-1321907123,1427461461,1309324210,-1440044374,0,0,0,0
1243,猢狲,高贵而活泼，以原始部落方式生存的猴族。,-1,1245,0,0,0,0,0,0,2047,0,0,0,2,0,0,0,-42000,0,0,0,42000,0,0,0,0,0,0,0,1309324210,-1440044374,0,0,0,0,0,0
1245,熊猫人之谜,,145,0,4,0,0,0,0,0,0,0,0,0,4104,0,0,0,0,0,0,0,0,0,0,0,0,0,0,0,-1,-1,0,0,0,0,0,0
1249,玩家，内容更新4中立,,-1,0,0,0,0,0,0,0,0,0,0,0,0,0,0,0,0,0,0,0,0,0,0,0,1,1,5,5,0,0,0,0,0,0,0,0
1252,煞,这片土地的邪恶之魂。,-1,0,0,0,0,0,0,0,0,0,0,0,0,0,0,0,0,0,0,0,0,0,0,0,0,0,0,0,0,0,0,0,0,0,0,0
1253,东方之寺的守护者,,-1,0,0,0,0,0,0,0,0,0,0,0,0,0,0,0,0,0,0,0,0,0,0,0,0,0,0,0,0,0,0,0,0,0,0,0
1265,辛德拉,一群居住在厄运之槌的精灵后裔，他们仍然具有着相当渊博的智慧与学识，并保守着一些伟大的秘密。,-1,1118,0,0,0,0,0,0,0,0,0,0,0,0,0,0,0,0,0,0,0,0,0,0,1,1,5,5,0,0,0,0,0,0,0,0
1268,魔古族,魔古族曾是古代潘达利亚的统治者。如今他们仇视所有篡夺这片土地的下等种族，特别是那些自命不凡的熊猫人。,-1,1245,0,0,0,0,0,0,0,0,0,0,0,0,0,0,0,0,0,0,0,0,0,0,1,1,0,0,0,0,0,0,0,0,0,0
1269,金莲教,这支神秘的熊猫人教派意图一劳永逸地解决魔古族带来的麻烦。,167,1245,0,0,1,0,0,0,0,0,0,0,16,0,0,0,0,0,0,0,42000,0,0,0,0,0,0,0,-1,-1,0,0,0,0,0,0
1270,影踪派,这个神秘莫测的熊猫人门派守护着潘达利亚的天神寺庙。,182,1245,0,0,1,0,0,0,0,0,0,0,16,0,0,0,0,0,0,0,42000,0,0,0,0,0,0,0,-1,-1,0,0,0,0,0,0
1271,云端翔龙骑士团,东方之寺的守护者,154,1245,0,0,1,0,0,0,-1,0,0,0,16,0,0,0,3000,0,0,0,42000,0,0,0,0,0,0,0,-1,-1,0,0,0,0,0,0
1272,阡陌客,阡陌客是一个由热爱和平与劳作的熊猫人结成的农业组织。他们终日辛勤耕作，只为满足熊猫人一族对美食的终极追求。,171,1245,0,0,1,0,0,0,-1,0,0,0,152,0,0,0,0,0,0,0,42000,0,0,0,0,0,0,0,-1,-1,0,0,0,0,0,0
1273,醉鬼贾古,贾古很容易找到——只要去看看风暴烈酒酿造厂出品的最廉价的酒桶底部就行了。,156,1272,0,21,0,0,0,0,0,0,0,0,16,0,0,0,0,0,0,0,42000,0,0,0,0,0,0,0,-1,-1,0,0,0,0,0,0
1275,艾拉,艾拉渴望成为一名伟大的酒仙，但她还有很多路要走！,158,1272,0,17,0,0,0,0,0,0,0,0,16,0,0,0,0,0,0,0,42000,0,0,0,0,0,0,0,-1,-1,0,0,0,0,0,0
1276,老农山掌,老农山掌是四邻八乡最有经验的养鸡专业户。,159,1272,0,22,0,0,0,0,0,0,0,0,16,0,0,0,0,0,0,0,42000,0,0,0,0,0,0,0,-1,-1,0,0,0,0,0,0
1277,吱吱,如果你有关于绵羊的问题，吱吱一定能帮你解答。,160,1272,0,16,0,0,0,0,0,0,0,0,16,0,0,0,0,0,0,0,42000,0,0,0,0,0,0,0,-1,-1,0,0,0,0,0,0
1278,阿烁,作为一个壮实、自豪的农场保卫者，阿烁总会在你需要一个强壮的打手时出现。,161,1272,0,23,0,0,0,0,0,0,0,0,16,0,0,0,0,0,0,0,42000,0,0,0,0,0,0,0,-1,-1,0,0,0,0,0,0
1279,郝瀚·泥爪,作为阡陌客的可敬领袖，郝瀚·泥爪责任重大。,162,1272,0,20,0,0,0,0,0,0,0,0,16,0,0,0,0,0,0,0,42000,0,0,0,0,0,0,0,-1,-1,0,0,0,0,0,0
1280,迪娜·泥爪,迪娜·泥爪最喜欢生活中那些精美的物品。,163,1272,0,24,0,0,0,0,0,0,0,0,16,0,0,0,0,0,0,0,42000,0,0,0,0,0,0,0,-1,-1,0,0,0,0,0,0
1281,吉娜·泥爪,经营半山市集使吉娜·泥爪变成了一位强势的女性！,164,1272,0,19,0,0,0,0,0,0,0,0,16,0,0,0,0,0,0,0,42000,0,0,0,0,0,0,0,-1,-1,0,0,0,0,0,0
1282,玉儿·采苇,相比其他健忘的镇民，玉儿·采苇更了解这片土地的历史。,165,1272,0,18,0,0,0,0,0,0,0,0,16,0,0,0,0,0,0,0,42000,0,0,0,0,0,0,0,-1,-1,0,0,0,0,0,0
1283,农夫老方,农夫老方家种的蔬菜可是汇风岭一绝！,166,1272,0,2,0,0,0,0,0,0,0,0,16,0,0,0,0,0,0,0,42000,0,0,0,0,0,0,0,-1,-1,0,0,0,0,0,0
1286,朱鹤守护者,,-1,0,0,0,0,0,0,0,0,0,0,0,0,0,0,0,0,0,0,0,0,0,0,0,0,0,0,0,0,0,0,0,0,0,0,0
1302,垂钓翁,授人以鱼不如授人以渔，这群名为垂钓翁的熊猫人不光想着填饱族人的肚子，还希望能够提高自己的钓鱼本领。,172,1245,0,0,1,0,0,0,0,0,0,0,152,0,0,0,0,0,0,0,42000,0,0,0,0,0,0,0,-1,-1,0,0,0,0,0,0
1336,螳螂妖虫群,横扫螳螂高原和恐惧废土的恐怖掠食虫群，所过之处无不是一片狼藉。,-1,1245,0,0,0,0,0,0,0,0,0,0,0,0,0,0,0,0,0,0,0,0,0,0,1,1,0,0,0,0,0,0,0,0,0,0
1337,卡拉克西,令整支螳螂妖虫群发疯的堕落之源并没有影响到这些螳螂妖长者。他们希望与潘达利亚的其他种族合作，从而找到令族群和女皇恢复如初的方法。,181,1245,0,0,1,0,0,0,0,0,0,0,16,0,0,0,0,0,0,0,42000,0,0,0,0,0,0,0,-1,-1,0,0,0,0,0,0
1338,格尔桑魔古氏族,,-1,0,0,0,0,0,0,0,0,0,0,0,0,0,0,0,0,0,0,0,0,0,0,0,0,0,0,0,0,0,0,0,0,0,0,0
1339,哈飒克魔古氏族,,-1,0,0,0,0,0,0,0,0,0,0,0,0,0,0,0,0,0,0,0,0,0,0,0,0,0,0,0,0,0,0,0,0,0,0,0
1340,卡尔格魔古氏族,,-1,0,0,0,0,0,0,0,0,0,0,0,0,0,0,0,0,0,0,0,0,0,0,0,0,0,0,0,0,0,0,0,0,0,0,0
1341,至尊天神,勇敢的熊猫人为了保卫潘达利亚的四方神寺而与邪恶的煞战斗。,183,1245,0,0,1,0,0,0,0,0,0,0,16,0,0,0,0,0,0,0,42000,0,0,0,0,0,0,0,-1,-1,0,0,0,0,0,0
1345,游学者,作为潘达利亚秘密的守护者，这些勇敢的学者周游大陆，希望能以史为鉴，继往开来。,184,1245,0,0,1,0,0,0,0,0,0,0,16,0,0,0,0,0,0,0,42000,0,0,0,0,0,0,0,-1,-1,0,0,0,0,0,0
1351,酒仙会,这些高贵的熊猫人守护着世代相传的酿酒秘诀，为了酿造出烈性美酒而甘冒奇险。,186,1245,0,0,1,0,0,0,0,0,0,0,0,0,0,0,0,0,0,0,42000,0,0,0,0,0,0,0,-1,-1,0,0,0,0,0,0
1352,火金派熊猫人,勇敢无畏的季·火掌领导着火金派熊猫人。他们风风火火，敢作敢为，为贯彻自己的信念而战。,187,67,0,0,0,0,0,0,0,0,0,0,273,6,0,0,3100,-42000,0,0,42000,-42000,0,0,1,0.25,4,7,1309324210,-1440044374,-1321907123,1427461461,0,0,0,0
1353,土水派熊猫人,沉静稳重的艾莎·云歌领导着土水派熊猫人。他们深思熟虑，三思而行，一切行动都遵循理性。,188,469,0,0,0,0,0,0,0,0,0,0,273,6,17,0,3100,-42000,3000,0,42000,-42000,42000,0,1,0.25,4,7,-1324004275,0,1309324210,-1440044374,2097152,0,0,0
1357,Nomi,5.0 Cooking - This is a hidden faction used to level up Nomi.,191,0,0,25,0,0,0,0,0,0,0,0,4,0,0,0,0,0,0,0,42000,0,0,0,0,0,0,0,-1,-1,0,0,0,0,0,0
1358,纳特·帕格,纳特是全世界最负盛名的钓鱼大师与美酒爱好者，在他暴躁易怒的外表下藏着一颗好为人师的心。,192,1302,0,26,0,0,0,0,0,0,0,0,16,0,0,0,0,0,0,0,42000,0,0,0,0,0,0,0,-1,-1,0,0,0,0,0,0
1359,黑王子,黑王子拉希奥是黑龙族群的最后一员。传说他对忠诚效命者的报酬十分丰厚。,193,1245,0,0,0,0,0,0,-1,0,0,0,16,0,0,0,2800,0,0,0,42000,0,0,0,0,0,0,0,-1,-1,0,0,0,0,0,0
1364,"Friendly, Force Reaction 2",,-1,0,0,0,0,0,0,0,0,0,0,0,0,0,0,0,0,0,0,0,0,0,0,0,1,1,5,5,0,0,0,0,0,0,0,0
1366,"Friendly, Force Reaction 3",,-1,0,0,0,0,0,0,0,0,0,0,0,0,0,0,0,0,0,0,0,0,0,0,0,1,1,5,5,0,0,0,0,0,0,0,0
1367,"Friendly, Force Reaction 4",,-1,0,0,0,0,0,0,0,0,0,0,0,0,0,0,0,0,0,0,0,0,0,0,0,1,1,5,5,0,0,0,0,0,0,0,0
1368,"Friendly, Force Reaction 5",,-1,0,0,0,0,0,0,0,0,0,0,0,0,0,0,0,0,0,0,0,0,0,0,0,1,1,5,5,0,0,0,0,0,0,0,0
1369,"Friendly, Force Reaction 6",,-1,0,0,0,0,0,0,0,0,0,0,0,0,0,0,0,0,0,0,0,0,0,0,0,1,1,5,5,0,0,0,0,0,0,0,0
1370,"Friendly, Force Reaction 7",,-1,0,0,0,0,0,0,0,0,0,0,0,0,0,0,0,0,0,0,0,0,0,0,0,1,1,5,5,0,0,0,0,0,0,0,0
1371,坡东村,,-1,0,0,0,0,0,0,0,0,0,0,0,0,0,0,0,0,0,0,0,0,0,0,0,0,0,0,0,0,0,0,0,0,0,0,0
1372,蜜露村,,-1,0,0,0,0,0,0,0,0,0,0,0,0,0,0,0,0,0,0,0,0,0,0,0,0,0,0,0,0,0,0,0,0,0,0,0
1374,搏击竞技场（第1赛季）,在潘达利亚战役期间，部落搏击俱乐部的第一赛季拉开了帷幕。,197,892,0,171,0,0,0,0,0,0,0,0,16,0,0,0,0,0,0,0,9000,0,0,0,0,0,0,0,1309324210,-1440044374,0,0,0,0,0,0
1375,统御先锋军,潘达利亚的部落部队，驻扎在卡桑琅丛林的统御岗哨。,198,1245,0,0,1,0,0,0,0,0,0,0,144,2,0,0,0,-42000,0,0,42000,-42000,0,0,0,0,0,0,1309324210,-1440044374,-1321907123,1427461461,0,0,0,0
1376,神盾守备军,潘达利亚的联盟部队，驻扎在卡桑琅丛林的雄狮港。,199,1245,0,0,1,0,0,0,0,0,0,0,144,2,0,0,0,-42000,0,0,42000,-42000,0,0,0,0,0,0,-1321907123,1427461461,1309324210,-1440044374,0,0,0,0
1387,肯瑞托远征军,被吉安娜的怒火点燃，肯瑞托远征军誓要夺取雷神岛，捍卫联盟的荣耀！,207,1245,0,0,1,0,0,0,0,0,0,0,144,2,0,0,3000,-42000,0,0,42000,-42000,0,0,0,0,0,0,-1321907123,1427461461,1309324210,-1440044374,0,0,0,0
1388,夺日者先锋军,被赶离达拉然后，夺日者先锋军致力于在雷神岛的废墟间寻找强大的魔古族神器，万一部落分崩离析，好将未来掌握在自己手中。,208,1245,0,0,1,0,0,0,0,0,0,0,144,2,0,0,3000,-42000,0,0,42000,-42000,0,0,0,0,0,0,1309324210,-1440044374,-1321907123,1427461461,0,0,0,0
1416,阿卡玛的信任,在见证了伊利丹的堕落后，阿卡玛对术士充满了猜忌。而大灾变之后，术士们又对黑暗神殿展开了入侵。,221,1245,4,0,0,0,0,0,-1,0,0,0,0,0,0,0,500,0,0,0,1000,0,0,0,1,1,0,0,-1,-1,0,0,0,0,0,0
1419,比兹莫搏击俱乐部（第1赛季）,在潘达利亚战役期间，联盟搏击俱乐部的第一赛季拉开了帷幕。,220,891,0,172,0,0,0,0,0,0,0,0,16,0,0,0,0,0,0,0,9000,0,0,0,0,0,0,0,-1321907123,1427461461,0,0,0,0,0,0
1433,"Monster, Enforced Neutral For Force Reaction",,227,0,0,0,0,0,0,0,-1,0,0,0,20,0,0,0,100,0,0,0,100,0,0,0,0,0,0,0,-1,-1,0,0,0,0,0,0
1435,影踪突袭营,这些勇敢的影踪派成员们深入雷电王座，全力以赴遏制暗藏其中的邪恶势力，也为自己千百年来饱受雷电之王奴役的遭遇伸张正义。,228,1245,0,0,0,0,0,0,-1,0,0,0,16,0,0,0,0,0,0,0,42000,0,0,0,0,0,0,0,-1,-1,0,0,0,0,0,0
1440,暗矛起义军,沃金已经公开宣布反抗加尔鲁什·地狱咆哮。在部落和联盟军队的帮助下，他正在收集资源，准备对奥格瑞玛发动总攻。,229,1245,0,72,0,0,0,0,0,0,0,0,16,0,0,0,0,0,0,0,10000,0,0,0,0,0,0,0,-1,-1,0,0,0,0,0,0
1443,库卡隆,,-1,0,0,0,0,0,0,0,0,0,0,0,0,0,0,0,0,0,0,0,0,0,0,0,0,0,0,0,0,0,0,0,0,0,0,0
1444,德拉诺之王,,230,0,5,0,0,0,0,0,0,0,0,0,4120,0,0,0,0,0,0,0,0,0,0,0,0,0,0,0,-1,-1,0,0,0,0,0,0
1445,霜狼兽人,霜火岭的霜狼兽人是一群紧密团结在一起的凶猛战士。他们能很好地适应德拉诺残酷的环境。,231,1444,0,0,0,0,0,0,0,0,0,0,16,2,0,0,3000,-42000,0,0,42000,-42000,0,0,0,0,0,0,1309324210,-1440044374,-1321907123,1427461461,0,0,0,0
1447,暗矛巨魔,,-1,0,0,0,0,0,0,0,0,0,0,0,0,0,0,0,0,0,0,0,0,0,0,0,0,0,0,0,0,0,0,0,0,0,0,0
1457,蕨人,,-1,0,0,0,0,0,0,0,0,0,0,0,0,0,0,0,0,0,0,0,0,0,0,0,1,1,5,5,0,0,0,0,0,0,0,0
1483,食蕨人,,-1,0,0,0,0,0,0,0,0,0,0,0,0,0,0,0,0,0,0,0,0,0,0,0,1,1,5,5,0,0,0,0,0,0,0,0
1491,时光旅行者,时光旅行者保卫着时间流，不让那些因青铜龙军团的覆灭而蠢蠢欲动的人有机可乘；他们主要由冒险者和学者组成，大多是原时光守护者的成员。,-1,0,0,0,0,0,0,0,0,0,0,0,0,0,0,0,0,0,0,0,0,0,0,0,0,0,0,0,0,0,0,0,0,0,0,0
1492,皇帝少昊,少昊是逝去已久的熊猫人皇帝，是一位值得敬重的人物。,241,1245,0,0,0,0,0,0,-1,0,0,0,16,0,0,0,0,0,0,0,42000,0,0,0,0,0,0,0,-1,-1,0,0,0,0,0,0
1496,霜火食人魔,霜火食人魔没什么爱好，就是喜欢吵架。,-1,1444,0,0,0,0,0,0,0,0,0,0,0,0,0,0,0,0,0,0,0,0,0,0,1,1,0,0,0,0,0,0,0,0,0,0
1500,血红幽灵,你被斡耳朵的力量腐蚀了。被怒火冲昏头脑的你将对盟友和敌人进行无差别攻击。,-1,0,0,0,0,0,0,0,0,0,0,0,0,0,0,0,0,0,0,0,0,0,0,0,0,0,0,0,0,0,0,0,0,0,0,0
1508,影月兽人,,-1,0,0,0,0,0,0,0,0,0,0,0,0,0,0,0,0,0,0,0,0,0,0,0,0,0,0,0,0,0,0,0,0,0,0,0
1509,白鬼,,-1,0,0,0,0,0,0,0,0,0,0,0,0,0,0,0,0,0,0,0,0,0,0,0,0,0,0,0,0,0,0,0,0,0,0,0
1514,鲁克玛信徒,作为恐怖之神鲁克玛的崇拜者，这些邪恶的暴徒试图用敌人的鲜血染红这个世界。,-1,0,0,0,0,0,0,0,0,0,0,0,0,0,0,0,0,0,0,0,0,0,0,0,1,1,0,0,0,0,0,0,0,0,0,0
1515,鸦人流亡者,在黑暗中挣扎的鸦人流亡者在苦苦追寻着光明的未来。,247,1444,0,0,0,0,0,0,0,0,0,0,16,0,0,0,0,0,0,0,42000,0,0,0,0,0,0,0,-1,-1,0,0,0,0,0,0
1520,影月流亡者,,205,1444,0,0,0,0,0,0,0,0,0,0,20,0,0,0,0,0,0,0,0,0,0,0,1,1,0,0,0,0,0,0,0,0,0,0
1521,暗影议会,,-1,0,0,0,0,0,0,0,0,0,0,0,0,0,0,0,0,0,0,0,0,0,0,0,0,0,0,0,0,0,0,0,0,0,0,0
1591,德莱尼，德拉诺,,-1,0,0,0,0,0,0,0,0,0,0,0,0,0,0,0,0,0,0,0,0,0,0,0,0,0,0,0,0,0,0,0,0,0,0,0
1617,原兽,,-1,0,0,0,0,0,0,0,0,0,0,0,0,0,0,0,0,0,0,0,0,0,0,0,0,0,0,0,0,0,0,0,0,0,0,0
1618,毁灭者,,-1,0,0,0,0,0,0,0,0,0,0,0,0,0,0,0,0,0,0,0,0,0,0,0,0,0,0,0,0,0,0,0,0,0,0,0
1623,钢铁部落,由德拉诺的众多兽人氏族勉强联合而成的脆弱联盟，由格罗玛什·地狱咆哮领导。,-1,1245,0,0,0,0,0,0,0,0,0,0,0,0,0,0,0,0,0,0,0,0,0,0,1,1,0,0,0,0,0,0,0,0,0,0
1665,萨格雷,一群扭曲并效忠暗影议会的德莱尼，为了追求力量牺牲了许多东西。,-1,0,0,0,0,0,0,0,0,0,0,0,0,0,0,0,0,0,0,0,0,0,0,0,0,0,0,0,0,0,0,0,0,0,0,0
1674,德拉诺孢子,,-1,0,0,0,0,0,0,0,0,0,0,0,0,0,0,0,0,0,0,0,0,0,0,0,0,0,0,0,0,0,0,0,0,0,0,0
1679,阿德瓦克讨伐军,,251,1444,0,0,0,0,0,0,0,0,0,0,4,0,0,0,0,0,0,0,10000,0,0,0,0,0,0,0,0,0,0,0,0,0,0,0
1680,悬槌堡,悬槌食人魔喜欢穿宽外袍，观看角斗士比赛。,-1,1444,0,0,0,0,0,0,0,0,0,0,0,0,0,0,0,0,0,0,0,0,0,0,1,1,0,0,0,0,0,0,0,0,0,0
1681,沃金之矛,部落在阿什兰的部队，驻扎在战争之矛。,252,892,0,0,0,0,0,0,0,0,0,0,16,18,0,0,0,-42000,0,0,42000,-42000,0,0,0,0,0,0,1309324210,-1440044374,-1321907123,1427461461,0,0,0,0
1682,乌瑞恩先锋军,联盟在阿什兰的部队，驻扎在暴风之盾。,253,891,0,0,0,0,0,0,0,0,0,0,16,18,0,0,0,-42000,0,0,42000,-42000,0,0,0,0,0,0,-1321907123,1427461461,1309324210,-1440044374,0,0,0,0
1687,戈尔隆德鬣蜥人,,-1,0,0,0,0,0,0,0,0,0,0,0,0,0,0,0,0,0,0,0,0,0,0,0,0,0,0,0,0,0,0,0,0,0,0,0
1690,搏击竞技场（第2赛季）,德拉诺战役期间的部落搏击俱乐部第二赛季活动。,136,892,0,212,0,0,0,0,0,0,0,0,16,0,0,0,0,0,0,0,7000,0,0,0,1,1,0,0,1309324210,-1440044374,0,0,0,0,0,0
1691,比兹莫搏击俱乐部（第2赛季）,德拉诺战役期间的联盟搏击俱乐部第二赛季活动。,135,891,0,210,0,0,0,0,0,0,0,0,16,0,0,0,0,0,0,0,7000,0,0,0,1,1,0,0,-1321907123,1427461461,0,0,0,0,0,0
1708,嘲颅兽人,嘲颅氏族的家园位于德拉诺最蛮荒的边界。他们会对来自各方的毁灭威胁报以疯狂的癫笑。,107,1444,0,0,0,0,0,0,0,0,0,0,16,2,0,0,3000,-42000,0,0,42000,-42000,0,0,0,0,0,0,1309324210,-1440044374,-1321907123,1427461461,0,0,0,0
1710,沙塔尔防御者,努力想要夺回主城的沙塔斯城防御者，但却遭到来自内部的背叛。,121,1444,0,0,0,0,0,0,0,0,0,0,16,2,0,0,0,-42000,0,0,42000,-42000,0,0,0,0,0,0,-1321907123,1427461461,1309324210,-1440044374,0,0,0,0
1711,热砂保护协会,热砂保护协会的地精们致力于将珍贵的遗物从纳格兰的食人魔手中解放出来。毋庸置疑，他们必然是怀着崇高的目标——把遗物卖出最高的价钱——来做这件事的。,124,1444,0,0,0,0,0,0,0,0,0,0,16,0,0,0,0,0,0,0,42000,0,0,0,0,0,5,5,-1,-1,0,0,0,0,0,0
1712,GarInvasion_IronHorde,,125,1444,0,0,0,0,0,0,0,0,0,0,1028,0,0,0,0,0,0,0,42000,0,0,0,0,0,0,0,-1,-1,0,0,0,0,0,0
1713,GarInvasion_ShadowCouncil,,126,1444,0,0,0,0,0,0,0,0,0,0,1028,0,0,0,0,0,0,0,42000,0,0,0,0,0,0,0,-1,-1,0,0,0,0,0,0
1714,GarInvasion_Ogres,,128,1444,0,0,0,0,0,0,0,0,0,0,1028,0,0,0,0,0,0,0,42000,0,0,0,0,0,0,0,-1,-1,0,0,0,0,0,0
1715,GarInvasion_Primals,,129,1444,0,0,0,0,0,0,0,0,0,0,1028,0,0,0,0,0,0,0,42000,0,0,0,0,0,0,0,-1,-1,0,0,0,0,0,0
1716,GarInvasion_Breakers,,132,1444,0,0,0,0,0,0,0,0,0,0,1028,0,0,0,0,0,0,0,42000,0,0,0,0,0,0,0,-1,-1,0,0,0,0,0,0
1717,GarInvasion_ThunderLord,,133,1444,0,0,0,0,0,0,0,0,0,0,1028,0,0,0,0,0,0,0,42000,0,0,0,0,0,0,0,-1,-1,0,0,0,0,0,0
1718,GarInvasion_Shadowmoon,,134,1444,0,0,0,0,0,0,0,0,0,0,1028,0,0,0,0,0,0,0,42000,0,0,0,0,0,0,0,-1,-1,0,0,0,0,0,0
1731,主教议会,在五位强大的大主教率领下，德拉诺的德莱尼在这个蛮荒的世界中欣欣向荣。,254,1444,0,0,0,0,0,0,0,0,0,0,16,2,0,0,3000,-42000,0,0,42000,-42000,0,0,0,0,0,0,-1321907123,1427461461,1309324210,-1440044374,0,0,0,0
1732,热砂港德拉诺探险队,德拉诺有着无限的商机和极其有限的竞争。,138,1444,0,0,0,0,0,0,-1,0,0,0,4,0,0,0,0,0,0,0,0,0,0,0,1,1,0,0,-1,-1,0,0,0,0,0,0
1733,德尔瓦·铁拳,你的私人保镖，驻扎在你的兵营里。你可以通过邀请德尔瓦一起战斗，与他建立起友谊。,255,1735,0,164,0,0,0,0,0,0,0,0,16,0,0,0,0,0,0,0,20000,0,0,0,0,0,0,0,-1321907123,1427461461,0,0,0,0,0,0
1735,要塞保镖,驻扎在你兵营中的保镖。,242,1444,0,0,0,0,0,0,0,0,0,0,0,0,0,0,0,0,0,0,0,0,0,0,0,0,0,0,0,0,0,0,0,0,0,0
1736,托莫克,你的私人保镖，驻扎在你的兵营里。你可以通过邀请托莫克一起战斗，与他建立起友谊。,243,1735,0,160,0,0,0,0,0,0,0,0,16,0,0,0,0,0,0,0,20000,0,0,0,0,0,0,0,-1,-1,0,0,0,0,0,0
1737,鸦爪祭司伊沙尔,你的私人保镖，驻扎在你的兵营里。你可以通过邀请伊沙尔一起战斗，与他建立起友谊。,244,1735,0,166,0,0,0,0,0,0,0,0,16,0,0,0,0,0,0,0,20000,0,0,0,0,0,0,0,-1,-1,0,0,0,0,0,0
1738,防御者艾萝娜,你的私人保镖，驻扎在你的兵营里。你可以通过邀请艾萝娜一起战斗，与她建立起友谊。,245,1735,0,162,0,0,0,0,0,0,0,0,16,0,0,0,0,0,0,0,20000,0,0,0,0,0,0,0,-1321907123,1427461461,0,0,0,0,0,0
1739,薇薇安,你的私人保镖，驻扎在你的兵营里。你可以通过邀请薇薇安一起战斗，与她建立起友谊。,246,1735,0,165,0,0,0,0,0,0,0,0,16,0,0,0,0,0,0,0,20000,0,0,0,0,0,0,0,1309324210,-1440044374,0,0,0,0,0,0
1740,艾达·晨光,你的私人保镖，驻扎在你的兵营里。你可以通过邀请艾达一起战斗，与她建立起友谊。,248,1735,0,163,0,0,0,0,0,0,0,0,16,0,0,0,0,0,0,0,20000,0,0,0,0,0,0,0,1309324210,-1440044374,0,0,0,0,0,0
1741,利奥拉,你的私人保镖，驻扎在你的兵营里。你可以通过邀请利奥拉一起战斗，与他建立起友谊。,137,1735,0,167,0,0,0,0,0,0,0,0,16,0,0,0,0,0,0,0,20000,0,0,0,0,0,0,0,-1,-1,0,0,0,0,0,0
1746,纳格兰戈隆,,-1,0,0,0,0,0,0,0,0,0,0,0,0,0,0,0,0,0,0,0,0,0,0,0,0,0,0,0,0,0,0,0,0,0,0,0
1747,角斗场宝藏,,-1,0,0,0,0,0,0,0,0,0,0,0,0,0,0,0,0,0,0,0,0,0,0,0,1,1,5,5,0,0,0,0,0,0,0,0
1756,LVA_Looters,,-1,0,0,0,0,0,0,0,0,0,0,0,0,0,0,0,0,0,0,0,0,0,0,0,0,0,0,0,0,0,0,0,0,0,0,0
1757,LVA_Preservers,,-1,0,0,0,0,0,0,0,0,0,0,0,0,0,0,0,0,0,0,0,0,0,0,0,0,0,0,0,0,0,0,0,0,0,0,0
1758,LVA_Naturalists,,-1,0,0,0,0,0,0,0,0,0,0,0,0,0,0,0,0,0,0,0,0,0,0,0,0,0,0,0,0,0,0,0,0,0,0,0
1759,LVA_Machines,,-1,0,0,0,0,0,0,0,0,0,0,0,0,0,0,0,0,0,0,0,0,0,0,0,0,0,0,0,0,0,0,0,0,0,0,0
1760,悬槌角斗士,悬槌食人魔喜欢穿宽外袍，观看角斗士比赛。,-1,1444,0,0,0,0,0,0,0,0,0,0,0,0,0,0,0,0,0,0,0,0,0,0,1,1,0,0,0,0,0,0,0,0,0,0
1786,燃烧军团入侵者,来自未知之地的恶魔，有着无与伦比的力量。,-1,0,0,0,0,0,0,0,0,0,0,0,0,0,0,0,0,0,0,0,0,0,0,0,0,0,0,0,0,0,0,0,0,0,0,0
1815,吉尔尼斯幸存者,,140,1834,0,0,0,0,0,0,0,0,0,0,4,0,0,0,0,0,0,0,42000,0,0,0,0,0,0,0,-1,-1,0,0,0,0,0,0
1828,高岭部族,高岭部族的人口已经逐年减少，随着卓格巴尔的威胁加剧，他们需要寻找新的盟友来拯救他们的家园。,141,1834,0,0,0,2085,0,0,0,0,0,0,16,17,0,0,0,3000,0,0,42000,42000,0,0,0,0,5,5,-138412033,0,134217728,0,0,0,0,0
1833,无冕者,如果你非要问的话，那你已经是个死人了。,-1,1834,0,0,0,0,0,0,0,0,0,0,0,0,0,0,0,0,0,0,0,0,0,0,1,1,0,0,0,0,0,0,0,0,0,0
1834,军团再临,,146,0,6,0,0,0,0,0,0,0,0,0,4120,0,0,0,0,0,0,0,0,0,0,0,0,0,0,0,-1,-1,0,0,0,0,0,0
1847,先知之手,伊瑞尔集结了幸存下来的大主教们，并以维伦的名义发动了攻势。当前他们正试图在塔纳安丛林建立据点，誓要将古尔丹的阴谋彻底粉碎。,147,1444,0,0,0,0,0,0,0,0,0,0,16,2,0,0,3000,-42000,0,0,42000,-42000,0,0,0,0,0,0,-1321907123,1427461461,1309324210,-1440044374,0,0,0,0
1848,沃金之锋,要想守护艾泽拉斯，就必须在德拉诺取得决定性胜利。为此，部落酋长沃金召集了麾下最最精锐的勇士在塔纳安丛林建立据点，只为打倒古尔丹等邪恶势力。,148,1444,0,0,0,0,0,0,0,0,0,0,16,2,0,0,3000,-42000,0,0,42000,-42000,0,0,0,0,0,0,1309324210,-1440044374,-1321907123,1427461461,0,0,0,0
1849,觉醒教派,作为一场残酷内战的幸存者，这些四面受敌的鸦人希望找回埃匹希斯神器是帮助他们和平重建鸦人文明的关键。,149,1444,0,0,0,0,0,0,0,0,0,0,16,0,0,0,0,0,0,0,42000,0,0,0,0,0,5,5,-1,-1,0,0,0,0,0,0
1850,刃牙追猎者,危机四伏的塔纳安丛林吸引来艾泽拉斯和德拉诺出类拔萃的猎手。想要击败塔纳安的野兽，你就得比他们更野。,150,1444,0,0,0,0,0,0,0,0,0,0,16,0,0,0,0,0,0,0,42000,0,0,0,0,0,5,5,-1,-1,0,0,0,0,0,0
1859,堕夜精灵,这些被放逐的夜之子精灵由于被切断了和暗夜井的联系，饱受戒断魔瘾的痛苦。他们反对同胞与燃烧军团结盟，并为某种救赎而战。,151,1834,0,0,0,2089,0,0,0,0,0,0,16,16,17,0,0,0,42000,0,42000,42000,42000,0,0,0,5,5,-1321907123,1427461461,1242215346,0,67108864,0,0,0
1860,魔瘾（塔莉萨）,首席奥术师塔莉萨,152,1859,0,181,0,0,0,0,0,0,0,0,20,0,0,0,1,0,0,0,200,0,0,0,0,0,0,0,-1,-1,0,0,0,0,0,0
1861,魔瘾（希尔格林）废弃,废弃,153,1859,0,182,0,0,0,0,0,0,0,0,20,0,0,0,0,0,0,0,42000,0,0,0,0,0,0,0,-1,-1,0,0,0,0,0,0
1862,魔瘾（欧库勒斯）,首席传送师欧库勒斯,155,1859,0,183,0,0,0,0,0,0,0,0,20,0,0,0,1,0,0,0,200,0,0,0,0,0,0,0,-1,-1,0,0,0,0,0,0
1883,织梦者,德鲁伊和他们在瓦尔莎拉的盟友从不可考的年代起，就一直守护着翡翠梦境。,157,1834,0,0,0,2088,0,0,0,0,0,0,16,0,0,0,0,0,0,0,42000,0,0,0,0,0,5,5,-1,-1,0,0,0,0,0,0
1888,贾德维克维库人,,168,1834,0,0,0,0,0,0,-1,0,0,0,6,0,0,0,-42000,0,0,0,42000,0,0,0,0,0,0,0,-1,-1,0,0,0,0,0,0
1894,守望者,自从燃烧军团在古尔丹的帮助下攻破守望者地窟后，剩下的少数守望者就决心重建她们的监狱并追捕那些趁乱逃跑的恐怖野兽。,169,1834,0,0,0,2090,0,0,0,0,0,0,16,0,0,0,0,0,0,0,42000,0,0,0,0,0,5,5,-1,-1,0,0,0,0,0,0
1899,月之守卫,占位符,176,1834,0,0,0,0,0,0,0,0,0,0,16,0,0,0,0,0,0,0,42000,0,0,0,0,0,5,5,-1,-1,0,0,0,0,0,0
1900,法罗迪斯宫廷,由幽灵组成的法罗迪斯宫廷及它的盟友们正在阿苏纳被诅咒的岛屿上持续抗击入侵者。,177,1834,0,0,0,2087,0,0,0,0,0,0,16,0,0,0,0,0,0,0,42000,0,0,0,0,0,5,5,-1,-1,0,0,0,0,0,0
1905,梦境林地德鲁伊,,-1,0,0,0,0,0,0,0,0,0,0,0,0,0,0,0,0,0,0,0,0,0,0,0,0,0,0,0,0,0,0,0,0,0,0,0
1910,卓格巴尔,,-1,0,0,0,0,0,0,0,0,0,0,0,0,0,0,0,0,0,0,0,0,0,0,0,0,0,0,0,0,0,0,0,0,0,0,0
1911,克瓦迪尔幽魂,,-1,0,0,0,0,0,0,0,0,0,0,0,0,0,0,0,0,0,0,0,0,0,0,0,0,0,0,0,0,0,0,0,0,0,0,0
1912,克瓦迪尔,,-1,0,0,0,0,0,0,0,0,0,0,0,0,0,0,0,0,0,0,0,0,0,0,0,0,0,0,0,0,0,0,0,0,0,0,0
1913,夜之子,,-1,0,0,0,0,0,0,0,0,0,0,0,0,0,0,0,0,0,0,0,0,0,0,0,0,0,0,0,0,0,0,0,0,0,0,0
1914,枯法者,,-1,0,0,0,0,0,0,0,0,0,0,0,0,0,0,0,0,0,0,0,0,0,0,0,0,0,0,0,0,0,0,0,0,0,0,0
1919,魔瘾（瓦尔托伊）,奥术师瓦尔托伊,178,1859,0,185,0,0,0,0,0,0,0,0,20,0,0,0,1,0,0,0,200,0,0,0,0,0,0,0,-1,-1,0,0,0,0,0,0
1920,月之守卫,,-1,0,0,0,0,0,0,0,0,0,0,0,0,0,0,0,0,0,0,0,0,0,0,0,0,0,0,0,0,0,0,0,0,0,0,0
1947,伊利达雷,发誓要不惜一切代价对抗燃烧军团的精灵。,195,1834,0,0,0,0,0,0,2048,2047,0,0,20,20,0,0,3000,0,0,0,42000,42000,0,0,1,1,0,0,0,0,0,0,0,0,0,0
1948,瓦拉加尔,他们是被奥丁选中的战士，发誓在生前及死后都效忠于他。,196,1834,0,0,0,2086,0,0,0,0,0,0,16,16,0,0,0,0,0,0,42000,42000,0,0,0,0,5,5,-1321907123,1427461461,1309324210,-1440044374,0,0,0,0
1953,梦魇,,-1,0,0,0,0,0,0,0,0,0,0,0,0,0,0,0,0,0,0,0,0,0,0,0,0,0,0,0,0,0,0,0,0,0,0,0
1962,夜之子平民,,-1,0,0,0,0,0,0,0,0,0,0,0,0,0,0,0,0,0,0,0,0,0,0,0,0,0,0,0,0,0,0,0,0,0,0,0
1975,咒法师马戈斯,马戈斯曾是一名肯瑞托学徒，他通过钓鱼来舒缓生活的压力。,200,1834,0,193,0,0,0,0,0,0,0,0,16,0,0,0,0,0,0,0,42000,0,0,0,0,0,0,0,-1,-1,0,0,0,0,0,0
1984,急救队,欧莉萨拉和安吉莉克住在浮空城达拉然。她们在这里救死扶伤，治病救人。她们还向需要医疗补给的旅行者出售物品。,201,1834,0,195,0,0,0,0,0,0,0,0,0,0,0,0,0,0,0,0,0,0,0,0,1,1,0,0,0,0,0,0,0,0,0,0
1989,月之守卫,,142,1834,0,0,0,0,0,0,0,0,0,0,4,0,0,0,42000,0,0,0,42000,0,0,0,0,0,0,0,-1,-1,0,0,0,0,0,0
2010,搏击竞技场（第3赛季）,在破碎群岛战役期间，部落搏击俱乐部展开了第三赛季的活动。,206,892,0,340,0,0,0,0,0,0,0,0,16,0,0,0,0,0,0,0,7000,0,0,0,1,1,0,0,1309324210,-1440044374,0,0,0,0,0,0
2011,比兹莫搏击俱乐部（第3赛季）,在破碎群岛战役期间，联盟搏击俱乐部展开了第三赛季的活动。,209,891,0,339,0,0,0,0,0,0,0,0,16,0,0,0,0,0,0,0,7000,0,0,0,1,1,0,0,-1321907123,1427461461,0,0,0,0,0,0
2012,夜之子起义军,,-1,0,0,0,0,0,0,0,0,0,0,0,0,0,0,0,0,0,0,0,0,0,0,0,0,0,0,0,0,0,0,0,0,0,0,0
2018,复仇之爪,半神艾维娜的盟友，破碎群岛所有有翼生物的守护者。,211,1834,0,0,2,0,0,0,0,0,0,0,16,0,0,0,0,0,0,0,42000,0,0,0,0,0,5,5,-1,-1,0,0,0,0,0,0
2040,复仇之爪,半神艾维娜的盟友，破碎群岛所有有翼生物的守护者。,-1,1834,0,0,0,0,0,0,0,0,0,0,0,0,0,0,0,0,0,0,0,0,0,0,1,1,5,5,0,0,0,0,0,0,0,0
2045,抗魔联军,各大势力的联军，致力于击败萨格拉斯之墓和破碎海滩的燃烧军团。,212,1834,0,0,0,2091,0,0,0,0,0,0,16,0,0,0,3000,0,0,0,42000,0,0,0,0,0,5,5,-1,-1,0,0,0,0,0,0
2063,Arne Test - Paragon Reputation Stormwind,这座人类势力的最后堡垒目前由流浪归来的国王瓦里安·乌瑞恩统治着。,214,0,0,0,0,2062,0,0,0,0,0,0,276,6,20,4,3100,-42000,4000,0,42000,-42000,42000,0,1,0.25,4,7,0,0,0,0,0,0,0,0
2085,高岭部族（典范）,高岭部族的人口已经逐年减少，随着卓格巴尔的威胁加剧，他们需要寻找新的盟友来拯救他们的家园。,235,1834,0,0,0,0,0,0,0,0,0,0,16,0,0,0,0,0,0,0,42000,0,0,0,0,0,5,5,-1,-1,0,0,0,0,0,0
2086,瓦拉加尔（典范）,他们是被奥丁选中的战士，发誓在生前及死后都效忠于他。,236,1834,0,0,0,0,0,0,0,0,0,0,16,16,0,0,0,0,0,0,42000,42000,0,0,0,0,5,5,-1321907123,1427461461,1309324210,-1440044374,0,0,0,0
2087,法罗迪斯宫廷（典范）,由幽灵组成的法罗迪斯宫廷及它的盟友们正在阿苏纳被诅咒的岛屿上持续抗击入侵者。,237,1834,0,0,0,0,0,0,0,0,0,0,16,0,0,0,0,0,0,0,42000,0,0,0,0,0,5,5,-1,-1,0,0,0,0,0,0
2088,织梦者（典范）,德鲁伊和他们在瓦尔莎拉的盟友从不可考的年代起，就一直守护着翡翠梦境。,238,1834,0,0,0,0,0,0,0,0,0,0,16,0,0,0,0,0,0,0,42000,0,0,0,0,0,5,5,-1,-1,0,0,0,0,0,0
2089,堕夜精灵（典范）,这些被放逐的夜之子精灵由于被切断了和暗夜井的联系，饱受戒断魔瘾的痛苦。他们反对同胞与燃烧军团结盟，并为某种救赎而战。,239,1834,0,0,0,0,0,0,0,0,0,0,16,16,0,0,0,0,0,0,42000,42000,0,0,0,0,5,5,-1321907123,1427461461,1309324210,-1440044374,0,0,0,0
2090,守望者（典范）,自从燃烧军团在古尔丹的帮助下攻破守望者地窟后，剩下的少数守望者就决心重建她们的监狱并追捕那些趁乱逃跑的恐怖野兽。,240,1834,0,0,0,0,0,0,0,0,0,0,16,0,0,0,0,0,0,0,42000,0,0,0,0,0,5,5,-1,-1,0,0,0,0,0,0
2091,抗魔联军（典范）,各大势力的联军，致力于击败萨格拉斯之墓和破碎海滩的燃烧军团。,249,1834,0,0,0,0,0,0,0,0,0,0,16,0,0,0,0,0,0,0,42000,0,0,0,0,0,5,5,-1,-1,0,0,0,0,0,0
2097,“活水”伊丽西娅,阿苏纳的皇家池塘古老的守护者。,256,1834,0,199,0,0,0,0,0,0,0,0,16,0,0,0,0,0,0,0,42000,0,0,0,0,0,0,0,-1,-1,0,0,0,0,0,0
2098,守护者蕾娜,瓦尔莎拉的护渔人。,257,1834,0,204,0,0,0,0,0,0,0,0,16,0,0,0,0,0,0,0,42000,0,0,0,0,0,0,0,-1,-1,0,0,0,0,0,0
2099,阿库勒·河角,河流和鱼类大师。,258,1834,0,200,0,0,0,0,0,0,0,0,16,0,0,0,0,0,0,0,42000,0,0,0,0,0,0,0,-1,-1,0,0,0,0,0,0
2100,科尔宾,有着一双明亮睿智眼睛的渡鸦，喜欢鱼。,259,1834,0,208,0,0,0,0,0,0,0,0,16,0,0,0,0,0,0,0,42000,0,0,0,0,0,0,0,-1,-1,0,0,0,0,0,0
2101,莎乐丝,住在瀑布旁的神秘枯法者。,260,1834,0,206,0,0,0,0,0,0,0,0,16,0,0,0,0,0,0,0,42000,0,0,0,0,0,0,0,-1,-1,0,0,0,0,0,0
2102,英帕斯,被人从远方召唤的英帕斯正在收集贝壳，希望能制造出一座“魔法传送门”返回家乡。,261,1834,0,202,0,0,0,0,0,0,0,0,16,0,0,0,0,0,0,0,42000,0,0,0,0,0,0,0,-1,-1,0,0,0,0,0,0
2103,赞达拉帝国,赞达拉巨魔统治着艾泽拉斯最古老的帝国，这些强大的巨魔会与令人敬畏的洛阿神灵做交易，换取他们的力量，赞达拉的海军在无尽之海上也是所向披靡。,262,2104,0,0,0,2378,0,0,0,0,0,0,16,6,17,0,0,-42000,9000,0,42000,-42000,42000,0,0,0,0,0,235582386,0,-1321907123,1427461461,1073741824,0,0,0
2104,争霸艾泽拉斯,,263,0,7,0,0,0,0,0,0,0,0,0,4104,0,0,0,0,0,0,0,0,0,0,0,0,0,0,0,-1,-1,0,0,0,0,0,0
2105,纳兹曼尼,,-1,0,0,0,0,0,0,0,0,0,0,0,0,0,0,0,0,0,0,0,0,0,0,0,0,0,0,0,0,0,0,0,0,0,0,0
2111,赞达拉恐龙,,264,2104,0,0,0,0,0,0,0,0,0,0,6,2,0,0,-42000,-42000,0,0,-42000,42000,0,0,0,0,0,0,-1321907123,1427461461,1309324210,-1440044374,0,0,0,0
2120,库尔提拉斯 - 提拉加德,岛国库尔提拉斯盛产艾泽拉斯最一流的水手。,266,2160,0,0,0,0,0,0,0,0,0,0,20,6,20,0,0,-42000,9000,0,42000,-42000,42000,0,1,0,7,0,825576525,0,1309324210,-1440044374,-2147483648,0,0,0
2121,无尽之海水手,无尽之海上无拘无束的人，他们只对自己的船队效忠。,-1,0,0,0,0,0,0,0,0,0,0,0,0,0,0,0,0,0,0,0,0,0,0,0,0,0,0,0,0,0,0,0,0,0,0,0
2122,铁潮突袭队,残忍的海盗团伙，以提拉加德海峡的自由镇为据点。,-1,0,0,0,0,0,0,0,0,0,0,0,0,0,0,0,0,0,0,0,0,0,0,0,0,0,0,0,0,0,0,0,0,0,0,0
2135,克罗米,克罗诺姆（简称克罗米）是一头活跃、亲切的青铜龙。拉近你与她之间关系将增强她在场景战役“克罗米之死”中的力量。,265,1834,0,209,0,0,0,0,0,0,0,0,16,0,0,0,0,0,0,0,15100,0,0,0,0,0,0,0,-1,-1,0,0,0,0,0,0
2155,鲜血巨魔,,-1,0,0,0,0,0,0,0,0,0,0,0,0,0,0,0,0,0,0,0,0,0,0,0,0,0,0,0,0,0,0,0,0,0,0,0
2156,塔兰吉远征队,塔兰吉公主和他的盟友正努力保护赞达拉不受鲜血巨魔的侵扰。,267,2104,0,0,0,2380,0,0,0,0,0,0,16,2,0,0,0,-42000,0,0,42000,-42000,0,0,0,0,0,0,1309324210,-1440044374,-1321907123,1427461461,0,0,0,0
2157,荣耀战团,部落大军中的特种部队，专注于破坏联盟在库尔提拉斯的行动。,268,2104,0,0,0,2385,0,0,0,0,0,0,16,2,0,0,3000,-42000,0,0,42000,-42000,0,0,0,0,0,0,1309324210,-1440044374,-1321907123,1427461461,0,0,0,0
2158,沃顿奈,沃顿奈是流亡者和拾荒者的组织，他们依靠对沙漠的了解逐步发展壮大，而其他人只能在这里枯萎凋亡。,269,2104,0,0,0,2382,0,0,0,0,0,0,16,20,17,0,0,-3000,9000,0,42000,-3000,42000,0,0,0,0,0,1309320114,0,-1321907123,1427461461,4096,0,0,0
2159,第七军团,联盟军队中的精英部队，目前专注于破坏部落在赞达拉的行动。,270,2104,0,0,0,2384,0,0,0,0,0,0,16,2,0,0,3000,-42000,0,0,42000,-42000,0,0,0,0,0,0,-1321907123,1427461461,1309324210,-1440044374,0,0,0,0
2160,普罗德摩尔海军部,普罗德摩尔家族是人中龙凤，执掌着艾泽拉斯最精良的海军，足以号令大海。数十年来，他们在权力中心伯拉勒斯领导着库尔提拉斯。,271,2104,0,0,0,2379,0,0,0,0,0,0,16,2,17,0,0,-42000,9000,0,42000,-42000,42000,0,0,0,0,0,825576525,0,1309324210,-1440044374,-2147483648,0,0,0
2161,灰烬骑士团,灰烬骑士团是个古老的库尔提拉斯组织，它的重生是为了对抗女巫的威胁。骑士团利用他们所获得的知识指引他们的利刃，以此英勇战斗。,272,2104,0,0,0,2383,0,0,0,0,0,0,16,2,0,0,0,-42000,0,0,42000,-42000,0,0,0,0,0,0,-1321907123,1427461461,1309324210,-1440044374,0,0,0,0
2162,风暴之末,风暴之末是农民、匠人、士兵和神秘的海贤们的家，他们希望夺回斯托颂谷地，并且确立自己在库尔提拉斯的地位。,273,2104,0,0,0,2381,0,0,0,0,0,0,16,2,0,0,0,-42000,0,0,42000,-42000,0,0,0,0,0,0,-1321907123,1427461461,1309324210,-1440044374,0,0,0,0
2163,始祖龟求知者,始祖龟求知者周游世界并利用他们的巨大财富来分类并保存禁忌的知识。,274,2104,0,0,0,2387,0,0,0,0,0,0,16,0,0,0,0,0,0,0,42000,0,0,0,0,0,0,0,-1,-1,0,0,0,0,0,0
2164,艾泽拉斯的勇士,萨格拉斯的燃烧之刃对艾泽拉斯造成了巨大的创伤，由麦格尼·铜须招募而来的艾泽拉斯的勇士正在努力治愈这些伤口，以拯救这个濒死的世界。,275,2104,0,0,0,2386,0,0,0,0,0,0,16,0,0,0,0,0,0,0,42000,0,0,0,0,0,0,0,-1,-1,0,0,0,0,0,0
2165,圣光军团,阿古斯陷落后，德莱尼精英战士追随始祖纳鲁泽拉跨越宇宙，打响了旨在消灭燃烧军团的永恒之战。从那时起，燃烧的远征的其他幸存者也加入了光铸者的行列。,276,1834,0,0,0,2166,0,0,0,0,0,0,16,17,0,0,3000,6000,0,0,42000,42000,0,0,0,0,0,0,-541065217,0,536870912,0,0,0,0,0
2166,圣光军团（典范）,,277,1834,6,0,0,0,0,0,0,0,0,0,16,0,0,0,0,0,0,0,42000,0,0,0,0,0,5,5,-1,-1,0,0,0,0,0,0
2167,阿古斯防卫军（典范）,,278,1893,0,0,0,0,0,0,0,0,0,0,16,0,0,0,0,0,0,0,42000,0,0,0,0,0,0,0,-1,-1,0,0,0,0,0,0
2170,阿古斯防卫军,虽然有许多人都在燃烧军团征服阿古斯时奋起抗争，但并不是所有人都成功逃离了。而今在新的友军的鼓舞下，这些难民和流亡者已经联合起来，为夺回家园而战。,279,1834,6,0,0,2167,0,0,0,0,0,0,16,17,0,0,0,3000,0,0,42000,42000,0,0,0,0,0,0,-272629761,0,268435456,0,0,0,0,0
2176,"Neutral, Force Reaction 1",,-1,0,0,0,0,0,0,0,0,0,0,0,0,0,0,0,0,0,0,0,0,0,0,0,0,0,0,0,0,0,0,0,0,0,0,0
2177,"Neutral, Force Reaction 2",,-1,0,0,0,0,0,0,0,0,0,0,0,0,0,0,0,0,0,0,0,0,0,0,0,0,0,0,0,0,0,0,0,0,0,0,0
2178,"Neutral, Force Reaction 3",,-1,0,0,0,0,0,0,0,0,0,0,0,0,0,0,0,0,0,0,0,0,0,0,0,0,0,0,0,0,0,0,0,0,0,0,0
2179,"Neutral, Force Reaction 4",,-1,0,0,0,0,0,0,0,0,0,0,0,0,0,0,0,0,0,0,0,0,0,0,0,0,0,0,0,0,0,0,0,0,0,0,0
2185,水鼠帮,不同寻常的“混血”种族组成的队伍，以提拉加德海峡的自由镇为据点。,-1,0,0,0,0,0,0,0,0,0,0,0,0,0,0,0,0,0,0,0,0,0,0,0,0,0,0,0,0,0,0,0,0,0,0,0
2186,黑齿帮,一队擅长混战的打手，从不畏惧战斗。是提拉加德海峡的自由镇上的诸多海盗团体之一。,-1,0,0,0,0,0,0,0,0,0,0,0,0,0,0,0,0,0,0,0,0,0,0,0,0,0,0,0,0,0,0,0,0,0,0,0
2187,破浪海盗,一队狡猾的雇佣兵和强盗，只为出价最高的人卖命。没有接活儿时，他们会停靠在提拉加德海峡的自由镇的港口。,-1,0,0,0,0,0,0,0,0,0,0,0,0,0,0,0,0,0,0,0,0,0,0,0,0,0,0,0,0,0,0,0,0,0,0,0
2192,艾什凡贸易公司,运输和制造业公司，总部在伯拉勒斯，库尔提拉斯的首都。这里有传言说，这个宏伟的公司其实是一个可怕的犯罪帝国的门面。,-1,0,0,0,0,0,0,0,0,0,0,0,0,0,0,0,0,0,0,0,0,0,0,0,0,0,0,0,0,0,0,0,0,0,0,0
2218,8.0 Hidden Object - Red,,-1,0,0,0,0,0,0,0,0,0,0,0,0,0,0,0,0,0,0,0,0,0,0,0,1,1,5,5,0,0,0,0,0,0,0,0
2219,8.0 Hidden Object - Withered - Red,,-1,0,0,0,0,0,0,0,0,0,0,0,0,0,0,0,0,0,0,0,0,0,0,0,1,1,5,5,0,0,0,0,0,0,0,0
2220,8.0 Hidden Object - Withered - Blue,,-1,0,0,0,0,0,0,0,0,0,0,0,0,0,0,0,0,0,0,0,0,0,0,0,1,1,5,5,0,0,0,0,0,0,0,0
2221,8.0 Hidden Object - Withered - Green,,-1,0,0,0,0,0,0,0,0,0,0,0,0,0,0,0,0,0,0,0,0,0,0,0,1,1,5,5,0,0,0,0,0,0,0,0
2222,8.0 Hidden Object - Withered - Yellow,,-1,0,0,0,0,0,0,0,0,0,0,0,0,0,0,0,0,0,0,0,0,0,0,0,1,1,5,5,0,0,0,0,0,0,0,0
2227,野兽 - 蜜蜂,,-1,0,0,0,0,0,0,0,0,0,0,0,0,0,0,0,0,0,0,0,0,0,0,0,1,1,5,5,0,0,0,0,0,0,0,0
2228,野兽 - 雪怪,,-1,0,0,0,0,0,0,0,0,0,0,0,0,0,0,0,0,0,0,0,0,0,0,0,1,1,5,5,0,0,0,0,0,0,0,0
2229,"PLAYER, Void Elf",,-1,0,0,0,0,0,0,0,0,0,0,0,0,0,0,0,0,0,0,0,0,0,0,0,1,1,5,5,0,0,0,0,0,0,0,0
2230,"PLAYER, Highmountain Tauren",,-1,0,0,0,0,0,0,0,0,0,0,0,0,0,0,0,0,0,0,0,0,0,0,0,1,1,5,5,0,0,0,0,0,0,0,0
2231,"PLAYER, Nightborne",,-1,0,0,0,0,0,0,0,0,0,0,0,0,0,0,0,0,0,0,0,0,0,0,0,1,1,5,5,0,0,0,0,0,0,0,0
2232,"PLAYER, Lightforged Draenei",,-1,0,0,0,0,0,0,0,0,0,0,0,0,0,0,0,0,0,0,0,0,0,0,0,1,1,5,5,0,0,0,0,0,0,0,0
2233,恐龙训练 - 翼手龙,,282,2104,0,213,0,0,0,0,-1,0,0,0,4,0,0,0,0,0,0,0,42000,0,0,0,0,0,0,0,-1,-1,0,0,0,0,0,0
2258,雪怪,,-1,0,0,0,0,0,0,0,0,0,0,0,0,0,0,0,0,0,0,0,0,0,0,0,0,0,0,0,0,0,0,0,0,0,0,0
2259,蜜蜂,,-1,0,0,0,0,0,0,0,0,0,0,0,0,0,0,0,0,0,0,0,0,0,0,0,0,0,0,0,0,0,0,0,0,0,0,0
2264,库尔提拉斯 - 德鲁斯瓦,岛国库尔提拉斯盛产艾泽拉斯最一流的水手。,285,2161,0,0,0,0,0,0,0,0,0,0,20,6,0,0,0,-42000,0,0,42000,-42000,0,0,1,0,7,0,-1321907123,1427461461,1309324210,-1440044374,0,0,0,0
2265,库尔提拉斯 - 斯托颂,岛国库尔提拉斯盛产艾泽拉斯最一流的水手。,286,2162,0,0,0,0,0,0,0,0,0,0,20,6,0,0,0,-42000,0,0,42000,-42000,0,0,1,0,7,0,-1321907123,1427461461,1309324210,-1440044374,0,0,0,0
2370,恐龙训练 - 恐角龙,,288,2104,0,315,0,0,0,0,-1,0,0,0,4,0,0,0,0,0,0,0,42000,0,0,0,0,0,0,0,-1,-1,0,0,0,0,0,0
2371,比兹莫搏击俱乐部（第4赛季）,联盟搏击俱乐部第四季发生在库尔提拉斯战役期间。,289,891,0,505,0,0,0,0,0,0,0,0,16,0,0,0,0,0,0,0,7000,0,0,0,1,1,0,0,-1321907123,1427461461,0,0,0,0,0,0
2372,搏击竞技场（第4赛季）,部落搏击俱乐部第四季发生在库尔提拉斯战役期间。,290,892,0,512,0,0,0,0,0,0,0,0,16,0,0,0,0,0,0,0,7000,0,0,0,1,1,0,0,1309324210,-1440044374,0,0,0,0,0,0
2373,破镣者,这些难民一直受到纳迦的压迫，于是他们联合起来，想要反抗，并重获自由。,291,2104,0,0,0,2374,0,0,-1,0,0,0,16,20,0,0,0,0,0,0,42000,0,0,0,0,0,0,0,1309324210,-1440044374,-1321907123,1427461461,0,0,0,0
2374,破镣者（典范）,这些难民一直受到纳迦的压迫，于是他们联合起来，想要反抗，并重获自由。,292,2104,0,0,0,0,0,0,-1,0,0,0,16,20,0,0,0,0,0,0,42000,0,0,0,0,0,0,0,1309324210,-1440044374,-1321907123,1427461461,0,0,0,0
2375,猎人阿卡纳,猎人阿卡纳是位久经沙场的老猎人，拥有了不起的生存技巧。,293,2104,0,316,0,0,0,0,-1,0,0,0,4,0,0,0,0,0,0,0,42000,0,0,0,0,0,0,0,-1321907123,1427461461,0,0,0,0,0,0
2376,先知奥利,先知奥利是位睿智而强大的萨满，拥有号令元素的力量。,294,2104,0,317,0,0,0,0,-1,0,0,0,4,0,0,0,0,0,0,0,42000,0,0,0,0,0,0,0,-1321907123,1427461461,0,0,0,0,0,0
2377,剑客伊诺瓦里,剑客伊诺瓦里是位老练的战士，他赢得了剑鱼人的尊敬。,295,2104,0,318,0,0,0,0,-1,0,0,0,4,0,0,0,0,0,0,0,42000,0,0,0,0,0,0,0,-1321907123,1427461461,0,0,0,0,0,0
2378,赞达拉帝国（典范）,赞达拉巨魔统治着艾泽拉斯最古老的帝国，这些强大的巨魔会与令人敬畏的洛阿神灵做交易，换取他们的力量，赞达拉的海军在无尽之海上也是所向披靡。,296,2104,0,0,0,0,0,0,0,0,0,0,16,6,0,0,0,-42000,0,0,42000,-42000,0,0,0,0,0,0,1309324210,-1440044374,-1321907123,1427461461,0,0,0,0
2379,普罗德摩尔海军部（典范）,普罗德摩尔家族是人中龙凤，执掌着艾泽拉斯最精良的海军，足以号令大海。数十年来，他们在权力中心伯拉勒斯领导着库尔提拉斯。,297,2104,0,0,0,0,0,0,0,0,0,0,16,2,0,0,0,-42000,0,0,42000,-42000,0,0,0,0,0,0,-1321907123,1427461461,1309324210,-1440044374,0,0,0,0
2380,塔兰吉远征队（典范）,塔兰吉公主和他的盟友正努力保护赞达拉不受鲜血巨魔的侵扰。,298,2104,0,0,0,0,0,0,0,0,0,0,16,2,0,0,0,-42000,0,0,42000,-42000,0,0,0,0,0,0,1309324210,-1440044374,-1321907123,1427461461,0,0,0,0
2381,风暴之末（典范）,风暴之末是农民、匠人、士兵和神秘的海贤们的家，他们希望夺回斯托颂谷地，并且确立自己在库尔提拉斯的地位。,299,2104,0,0,0,0,0,0,0,0,0,0,16,2,0,0,0,-42000,0,0,42000,-42000,0,0,0,0,0,0,-1321907123,1427461461,1309324210,-1440044374,0,0,0,0
2382,沃顿奈（典范）,沃顿奈是流亡者和拾荒者的组织，他们依靠对沙漠的了解逐步发展壮大，而其他人只能在这里枯萎凋亡。,300,2104,0,0,0,0,0,0,0,0,0,0,16,20,0,0,0,-3000,0,0,42000,-3000,0,0,0,0,0,0,1309324210,-1440044374,-1321907123,1427461461,0,0,0,0
2383,灰烬骑士团（典范）,灰烬骑士团是个古老的库尔提拉斯组织，它的重生是为了对抗女巫的威胁。骑士团利用他们所获得的知识指引他们的利刃，以此英勇战斗。,301,2104,0,0,0,0,0,0,0,0,0,0,16,2,0,0,0,-42000,0,0,42000,-42000,0,0,0,0,0,0,-1321907123,1427461461,1309324210,-1440044374,0,0,0,0
2384,第七军团（典范）,联盟军队中的精英部队，目前专注于破坏部落在赞达拉的行动。,302,2104,0,0,0,0,0,0,0,0,0,0,16,2,0,0,0,-42000,0,0,42000,-42000,0,0,0,0,0,0,-1321907123,1427461461,1309324210,-1440044374,0,0,0,0
2385,荣耀战团（典范）,部落大军中的特种部队，专注于破坏联盟在库尔提拉斯的行动。,303,2104,0,0,0,0,0,0,0,0,0,0,16,2,0,0,0,-42000,0,0,42000,-42000,0,0,0,0,0,0,1309324210,-1440044374,-1321907123,1427461461,0,0,0,0
2386,艾泽拉斯的勇士（典范）,萨格拉斯的燃烧之刃对艾泽拉斯造成了巨大的创伤，由麦格尼·铜须招募而来的艾泽拉斯的勇士正在努力治愈这些伤口，以拯救这个濒死的世界。,304,2104,0,0,0,0,0,0,0,0,0,0,16,0,0,0,0,0,0,0,42000,0,0,0,0,0,0,0,-1,-1,0,0,0,0,0,0
2387,始祖龟求知者（典范）,始祖龟求知者周游世界并利用他们的巨大财富来分类并保存禁忌的知识。,305,2104,0,0,0,0,0,0,0,0,0,0,16,0,0,0,0,0,0,0,42000,0,0,0,0,0,0,0,-1,-1,0,0,0,0,0,0
2388,鲍恩·分鳃,部落阵营1,306,2104,0,323,0,0,0,0,-1,0,0,0,4,0,0,0,0,0,0,0,42000,0,0,0,0,0,0,0,1309324210,-1440044374,0,0,0,0,0,0
2389,奈莉·锐鳍,部落阵营2,307,2104,0,320,0,0,0,0,-1,0,0,0,4,0,0,0,0,0,0,0,42000,0,0,0,0,0,0,0,1309324210,-1440044374,0,0,0,0,0,0
2390,维姆·盐心,部落阵营3,308,2104,0,324,0,0,0,0,-1,0,0,0,4,0,0,0,0,0,0,0,42000,0,0,0,0,0,0,0,1309324210,-1440044374,0,0,0,0,0,0
2391,锈栓抵抗军,锈栓抵抗军战斗在第一线，想要反抗麦卡贡国王，阻止他的邪恶计划。,309,2104,0,0,0,2392,0,0,0,0,0,0,16,17,0,0,0,9000,0,0,42000,42000,0,0,0,0,0,0,-4210689,0,16384,0,0,0,0,0
2392,锈栓抵抗军（典范）,锈栓抵抗军战斗在第一线，想要反抗麦卡贡国王，阻止他的邪恶计划。,310,2104,0,0,0,0,0,0,0,0,0,0,16,0,0,0,0,0,0,0,42000,0,0,0,0,0,0,0,-1,-1,0,0,0,0,0,0
2394,寄居蟹,,-1,0,0,0,0,0,0,0,0,0,0,0,0,0,0,0,0,0,0,0,0,0,0,0,0,0,0,0,0,0,0,0,0,0,0,0
2395,蜜背蜂群,一种特别的蜜蜂，以其超大的体形而闻名。虽然它们最近才来到斯托颂谷地，但它们的存在已经迅速在冒险者和昆虫爱好者当中流传开来。,312,2104,0,0,0,0,0,0,-1,-1,0,0,16,20,0,0,0,0,0,0,42000,42000,0,0,1,1,0,0,-1321907123,1427461461,1309324210,-1440044374,0,0,0,0
2396,蜜背工蜂,,313,0,0,326,0,0,0,0,-1,0,0,0,20,0,0,0,0,0,0,0,42000,0,0,0,1,1,0,0,-1,-1,0,0,0,0,0,0
2397,蜜背巢母,,314,0,0,327,0,0,0,0,-1,0,0,0,20,0,0,0,0,0,0,0,42000,0,0,0,1,1,0,0,-1,-1,0,0,0,0,0,0
2398,蜜背收割者,,315,0,0,325,0,0,0,0,-1,0,0,0,20,0,0,0,0,0,0,0,42000,0,0,0,1,1,0,0,-1,-1,0,0,0,0,0,0
2400,波涛之刃剑鱼人,波涛之刃剑鱼人是一支古老的深海战斗种族，徜徉于海洋中最深邃最危险的地带。,317,2104,0,0,0,2401,0,0,-1,0,0,0,16,20,0,0,0,0,0,0,42000,0,0,0,0,0,0,0,-1321907123,1427461461,1309324210,-1440044374,0,0,0,0
2401,波涛之刃剑鱼人（典范）,波涛之刃剑鱼人是一支古老的深海战斗种族，徜徉于海洋中最深邃最危险的地带。,318,2104,0,0,0,0,0,0,-1,0,0,0,16,20,0,0,0,0,0,0,42000,0,0,0,0,0,0,0,-1321907123,1427461461,1309324210,-1440044374,0,0,0,0
2404,造物密院,TBD,-1,0,0,0,0,0,0,0,0,0,0,0,0,0,0,0,0,0,0,0,0,0,0,0,1,1,0,0,0,0,0,0,0,0,0,0
2405,祭仪密院,TBD,-1,0,0,0,0,0,0,0,0,0,0,0,0,0,0,0,0,0,0,0,0,0,0,0,1,1,0,0,0,0,0,0,0,0,0,0
2406,魂选密院,,-1,2414,0,0,0,0,0,0,0,0,0,0,0,0,0,0,0,0,0,0,0,0,0,0,1,1,0,0,0,0,0,0,0,0,0,0
2407,晋升者,格里恩历经艰难险阻，最终净化了凡人的负担后，会获得参加晋升仪式的资格，从而获得双翼，并向执政官发誓，永远为她效忠。,333,2414,0,0,20,2441,0,0,-1,0,0,0,16,0,0,0,0,0,0,0,42000,0,0,0,0,0,0,0,-1,-1,0,0,0,0,0,0
2408,黑暗格里恩,,-1,0,0,0,0,0,0,0,0,0,0,0,0,0,0,0,0,0,0,0,0,0,0,0,0,0,0,0,0,0,0,0,0,0,0,0
2410,不朽军团,很久以前，兵主建立了玛卓克萨斯的五大密院，希望借此训练出最终极的战斗力。这支坚强的部队运用着力量、智慧和计谋，发誓守护暗影界，抵御一切威胁。,332,2414,0,0,20,2440,0,0,-1,0,0,0,16,0,0,0,0,0,0,0,42000,0,0,0,0,0,0,0,-1,-1,0,0,0,0,0,0
2411,顽石军团,,-1,0,0,0,0,0,0,0,0,0,0,0,0,0,0,0,0,0,0,0,0,0,0,0,0,0,0,0,0,0,0,0,0,0,0,0
2412,堕罪堡,,-1,2414,8,0,0,0,0,0,0,0,0,0,0,0,0,0,0,0,0,0,0,0,0,0,1,1,0,0,0,0,0,0,0,0,0,0
2413,收割者之庭,在德纳修斯大帝统治了无数时代后，雷文德斯的权力现在属于整个收割者之庭。这些温西尔贵族承担着救赎骄傲之魂这一神圣的使命。,321,2414,0,0,20,2442,0,0,-1,0,0,0,16,0,0,0,0,0,0,0,42000,0,0,0,0,0,0,0,-1,-1,0,0,0,0,0,0
2414,暗影国度,,322,0,8,0,0,0,0,0,0,0,0,0,4104,0,0,0,0,0,0,0,0,0,0,0,0,0,0,0,-1,-1,0,0,0,0,0,0
2415,莱加尼,这群魔古对泰坦守护者莱十分忠诚，他们的使命是击退来犯的恩佐斯的爪牙，守护纳拉克煞引擎。,323,2104,0,0,0,2416,0,0,0,0,0,0,16,0,0,0,0,0,0,0,42000,0,0,0,0,0,0,0,-1,-1,0,0,0,0,0,0
2416,莱加尼（典范）,这群魔古对泰坦守护者莱十分忠诚，他们的使命是击退来犯的恩佐斯的爪牙，守护纳拉克煞引擎。,324,2104,0,0,0,0,0,0,0,0,0,0,16,0,0,0,0,0,0,0,42000,0,0,0,0,0,0,0,-1,-1,0,0,0,0,0,0
2417,奥丹姆联军,奥丹姆联军是由托维尔人牵头建立的松散同盟，建立的目的是为了击退敌军，保护起源熔炉。,325,2104,0,0,0,2418,0,0,0,0,0,0,16,0,0,0,0,0,0,0,42000,0,0,0,0,0,0,0,-1,-1,0,0,0,0,0,0
2418,奥丹姆联军（典范）,奥丹姆联军是由托维尔人牵头建立的松散同盟，建立的目的是为了击退敌军，保护起源熔炉。,326,2104,0,0,0,0,0,0,0,0,0,0,16,0,0,0,0,0,0,0,42000,0,0,0,0,0,0,0,-1,-1,0,0,0,0,0,0
2419,恩佐斯,,-1,0,0,0,0,0,0,0,0,0,0,0,0,0,0,0,0,0,0,0,0,0,0,0,0,0,0,0,0,0,0,0,0,0,0,0
2422,法夜,荒猎团在危急时刻受到了寒冬女王的召唤，他们召集了全炽蓝仙野最优秀的男女猎手。面对着心能枯竭和重重危险，荒猎团已经准备好守护这片森林。,328,2465,0,0,0,0,0,0,-1,0,0,0,20,0,0,0,0,0,0,0,42000,0,0,0,1,1,7,7,-1,-1,0,0,0,0,0,0
2427,亚基宝宝,,329,2104,0,365,0,0,0,0,-1,0,0,0,4,0,0,0,0,0,0,0,42000,0,0,0,0,0,0,0,-1,-1,0,0,0,0,0,0
2431,Owen Test,,330,0,0,0,0,0,0,0,4095,0,0,0,0,0,0,0,0,0,0,0,0,0,0,0,0,0,0,0,-1325316096,0,1308635136,0,0,0,0,0
2432,威·娜莉,威·娜莉对噬渊的了解远胜任何人，如果你赢得了她的尊敬，说不定她就会把信息分享一点给你。,331,2414,0,366,20,2474,0,0,-1,0,0,0,16,0,0,0,0,0,0,0,42000,0,0,0,0,0,0,0,-1,-1,0,0,0,0,0,0
2437,托加斯特 -  守卫,,-1,0,0,0,0,0,0,0,0,0,0,0,0,0,0,0,0,0,0,0,0,0,0,0,0,0,0,0,0,0,0,0,0,0,0,0
2438,托加斯特 -  囚犯,,-1,0,0,0,0,0,0,0,0,0,0,0,0,0,0,0,0,0,0,0,0,0,0,0,0,0,0,0,0,0,0,0,0,0,0,0
2439,宣罪者,这些档案员对指控者忠心耿耿，致力于复原并归档被宫务大臣和他的审判官盟友打碎的罪碑。,334,2414,0,0,20,0,0,0,-1,0,0,0,0,0,0,0,0,0,0,0,42000,0,0,0,0,0,0,0,-1,-1,0,0,0,0,0,0
2440,不朽军团（典范）,很久以前，兵主建立了玛卓克萨斯的五大密院，希望借此训练出最终极的战斗力。这支坚强的部队运用着力量、智慧和计谋，发誓守护暗影界，抵御一切威胁。,320,2414,0,0,20,0,0,0,-1,0,0,0,16,0,0,0,0,0,0,0,42000,0,0,0,0,0,0,0,-1,-1,0,0,0,0,0,0
2441,晋升者（典范）,格里恩历经艰难险阻，最终净化了凡人的负担后，会获得参加晋升仪式的资格，从而获得双翼，并向执政官发誓，永远为她效忠。,335,2414,0,0,20,0,0,0,-1,0,0,0,16,0,0,0,0,0,0,0,42000,0,0,0,0,0,0,0,-1,-1,0,0,0,0,0,0
2442,收割者之庭（典范）,在德纳修斯大帝统治了无数时代后，雷文德斯的权力现在属于整个收割者之庭。这些温西尔贵族承担着救赎骄傲之魂这一神圣的使命。,336,2414,0,0,20,0,0,0,-1,0,0,0,16,0,0,0,0,0,0,0,42000,0,0,0,0,0,0,0,-1,-1,0,0,0,0,0,0
2444,荒猎团（典范）,荒猎团在危急时刻受到了寒冬女王的召唤，他们召集了全炽蓝仙野最优秀的男女猎手。面对着心能枯竭和重重危险，荒猎团已经准备好守护这片森林。,338,2414,0,0,20,0,0,0,-1,0,0,0,16,0,0,0,0,0,0,0,42000,0,0,0,0,0,0,0,-1,-1,0,0,0,0,0,0
2445,灰烬王庭,雷文德斯有了新的王庭，雷纳索尔王子希望联合整个暗影界的盟友，并增强他的盟约的影响力。,339,2414,0,0,0,0,0,0,-1,0,0,0,152,0,0,0,0,0,0,0,42000,0,0,0,0,0,0,0,-1,-1,0,0,0,0,0,0
2446,瓦丝琪女男爵,这名锲而不舍的纳迦领袖始终在观察和审视。,340,2445,0,367,0,0,0,0,-1,0,0,0,16,0,0,0,0,0,0,0,42000,0,0,0,0,0,0,0,-1,-1,0,0,0,0,0,0
2447,月莓女勋爵,月莓女勋爵是魅夜王庭中极其善变的成员，她喜欢恶作剧，影响力也很强。,341,2445,0,368,0,0,0,0,-1,0,0,0,16,0,0,0,0,0,0,0,42000,0,0,0,0,0,0,0,-1,-1,0,0,0,0,0,0
2448,米卡尼科斯,身为晋升堡垒的掌炉宗师，米卡尼科斯总在构思新的发明。,342,2445,0,370,0,0,0,0,-1,0,0,0,16,0,0,0,0,0,0,0,42000,0,0,0,0,0,0,0,-1,-1,0,0,0,0,0,0
2449,女伯爵,女伯爵是雷文德斯的一流聚会主持和社交名媛，她对公众的认知有强大的影响力。,343,2445,0,371,0,0,0,0,-1,0,0,0,16,0,0,0,0,0,0,0,42000,0,0,0,0,0,0,0,-1,-1,0,0,0,0,0,0
2450,亚历山德罗斯·莫格莱尼,灰烬使者生前和死后都在战场上奔波，从未有过真正的安歇。,344,2445,0,372,0,0,0,0,-1,0,0,0,16,0,0,0,0,0,0,0,42000,0,0,0,0,0,0,0,-1,-1,0,0,0,0,0,0
2451,狩猎队长柯莱恩,狩猎队长柯莱恩是一名强大的斗士，她可从没有耐心参加什么仪式。,345,2445,0,373,0,0,0,0,-1,0,0,0,16,0,0,0,0,0,0,0,42000,0,0,0,0,0,0,0,-1,-1,0,0,0,0,0,0
2452,文官阿得赖斯提斯,这位坚忍的晋升者一直都在服务，他必须好好放松一下，就算是在聚会上也一样。,346,2445,0,375,0,0,0,0,-1,0,0,0,16,0,0,0,0,0,0,0,42000,0,0,0,0,0,0,0,-1,-1,0,0,0,0,0,0
2453,伦德尔和棍脸,辛勤的工人应该得到奖赏。很少有人对堕罪堡的奉献能与伦德尔和棍脸相媲美。,347,2445,0,376,0,0,0,0,-1,0,0,0,16,0,0,0,0,0,0,0,42000,0,0,0,0,0,0,0,-1,-1,0,0,0,0,0,0
2454,丘法,丘法和他的朋友都属于派对动物，从各种意义上来说都是如此。,348,2445,0,377,0,0,0,0,-1,0,0,0,16,0,0,0,0,0,0,0,42000,0,0,0,0,0,0,0,-1,-1,0,0,0,0,0,0
2455,地穴看守者卡希尔,地穴看守者卡希尔固执己见，原则分明，总是为自己坚守的信条而战。,349,2445,0,379,0,0,0,0,-1,0,0,0,16,0,0,0,0,0,0,0,42000,0,0,0,0,0,0,0,-1,-1,0,0,0,0,0,0
2456,宗主艾莉奥瑟,巨熊艾莉奥瑟是一名荒野之神，但她一点都不原始。,350,2445,0,381,0,0,0,0,-1,0,0,0,16,0,0,0,0,0,0,0,42000,0,0,0,0,0,0,0,-1,-1,0,0,0,0,0,0
2457,沃尔大师,沃尔为照料伤逝剧场付出的心血有目共睹。,351,2445,0,382,0,0,0,0,-1,0,0,0,16,0,0,0,0,0,0,0,42000,0,0,0,0,0,0,0,-1,-1,0,0,0,0,0,0
2458,克雷雅和裴拉戈斯,这对灵魂羁绊在一起时才最强大，他们的温西尔朋友也很乐意再看到他们。,352,2445,0,383,0,0,0,0,-1,0,0,0,16,0,0,0,0,0,0,0,42000,0,0,0,0,0,0,0,-1,-1,0,0,0,0,0,0
2459,西卡,这名可敬的执事凭一己之力确保了整个晋升堡垒的正常运作。,353,2445,0,384,0,0,0,0,-1,0,0,0,16,0,0,0,0,0,0,0,42000,0,0,0,0,0,0,0,-1,-1,0,0,0,0,0,0
2460,石首,我们南边纯朴的朋友控制了灰烬荒野的入口。,354,2445,0,385,0,0,0,0,-1,0,0,0,16,0,0,0,0,0,0,0,42000,0,0,0,0,0,0,0,-1,-1,0,0,0,0,0,0
2461,魔药设计师马里莱斯,玛卓克萨斯的软泥科学大师的实验也许的确一团糟，但他总能想出解决的办法。,355,2445,0,387,0,0,0,0,-1,0,0,0,16,0,0,0,0,0,0,0,42000,0,0,0,0,0,0,0,-1,-1,0,0,0,0,0,0
2462,缝合大师,缝合大师可以把血肉、骨头和心能熔铸到构造体里制作玛卓克萨斯的强大盟友，故而声名远播，他们退出了叛变的造物密院后，在屠夫区居住。,356,2414,0,389,0,0,0,0,-1,0,0,0,16,0,0,0,0,0,0,0,42000,0,0,0,0,0,0,0,-1,-1,0,0,0,0,0,0
2463,玛拉斯缪斯,玛拉斯缪斯是个长得像蘑菇的炽蓝仙野居民，古老得难以想象。他是这个国度的生态系统的有机组成部分。你扶助森林的意愿软化了他身体里最像是心的构造，而这里总有很多的活儿等着完成。,357,2414,0,390,0,0,0,0,-1,0,0,0,20,0,0,0,0,0,0,0,42000,0,0,0,0,0,0,0,-1,-1,0,0,0,0,0,0
2464,魅夜王庭,心能枯竭和德鲁斯特入侵占用了寒冬女王和荒猎团的大量注意力。现在只能依靠魅夜王庭的宗主来保护灵种，并保护林地。,358,2414,0,391,20,0,0,0,-1,0,0,0,16,0,0,0,0,0,0,0,42000,0,0,0,0,0,0,0,-1,-1,0,0,0,0,0,0
2465,荒猎团,荒猎团在危急时刻受到了寒冬女王的召唤，他们召集了全炽蓝仙野最优秀的男女猎手。面对着心能枯竭和重重危险，荒猎团已经准备好守护这片森林。,359,2414,0,0,20,2444,0,0,-1,0,0,0,16,0,0,0,0,0,0,0,42000,0,0,0,0,0,0,0,-1,-1,0,0,0,0,0,0
2468,刻希亚,,-1,0,0,0,0,0,0,0,0,0,0,0,0,0,0,0,0,0,0,0,0,0,0,0,0,0,0,0,0,0,0,0,0,0,0,0
2469,分形知识,施放创生的奥秘。,360,2414,0,392,0,0,0,0,-1,0,0,0,16,0,0,0,0,0,0,0,15000,0,0,0,0,0,0,0,-1,-1,0,0,0,0,0,0
2470,死亡先锋军,暗影界四大盟约为突击统御圣所而结成的联军。,361,2414,0,0,20,2471,0,0,-1,0,0,0,16,0,0,0,0,0,0,0,42000,0,0,0,0,0,0,0,-1,-1,0,0,0,0,0,0
2471,死亡先锋军（典范）,暗影界四大盟约为突击统御圣所而结成的联军。,362,2414,0,0,20,0,0,0,-1,0,0,0,16,0,0,0,0,0,0,0,42000,0,0,0,0,0,0,0,-1,-1,0,0,0,0,0,0
2472,档案员卷宗,刻希亚的侍神者全心全意地研究着来自暗影界各处的圣物。他们在档案员的领导下，投入到找回失散在刻希亚各处的圣物的工作中。这些圣物在渊誓大军入侵后散失了。,363,2414,0,393,20,2473,0,0,-1,0,0,0,16,0,0,0,0,0,0,0,41000,0,0,0,0,0,0,0,-1,-1,0,0,0,0,0,0
2473,档案员卷宗（典范）,刻希亚的侍神者全心全意地研究着来自暗影界各处的圣物。他们在档案员的领导下，投入到找回失散在刻希亚各处的圣物的工作中。这些圣物在渊誓大军入侵后散失了。,364,2414,0,0,20,0,0,0,-1,0,0,0,16,0,0,0,0,0,0,0,42000,0,0,0,0,0,0,0,-1,-1,0,0,0,0,0,0
2474,威·娜莉（典范）,威·娜莉对噬渊的了解远胜任何人，如果你赢得了她的尊敬，说不定她就会把信息分享一点给你。,365,2414,0,0,20,0,0,0,-1,0,0,0,16,0,0,0,0,0,0,0,42000,0,0,0,0,0,0,0,-1,-1,0,0,0,0,0,0
2478,开悟者,开悟者以前是艾财团的成员，但他们已经放弃了对利润和荣耀的追求，转而虔心侍奉初诞者。获得开悟者的青睐后，他们也许会乐意分享自己收集的知识。,284,2414,0,0,20,2479,0,0,-1,0,0,0,16,0,0,0,0,0,0,0,42000,0,0,0,0,0,0,0,-1,-1,0,0,0,0,0,0
2479,开悟者（典范）,开悟者以前是艾财团的成员，但他们已经放弃了对利润和荣耀的追求，转而虔心侍奉初诞者。获得开悟者的青睐后，他们也许会乐意分享自己收集的知识。,368,2414,0,0,20,0,0,0,-1,0,0,0,16,0,0,0,0,0,0,0,42000,0,0,0,0,0,0,0,-1,-1,0,0,0,0,0,0
2480,自动体,,-1,2414,0,0,0,0,0,0,0,0,0,0,0,0,0,0,0,0,0,0,0,0,0,0,1,1,0,0,0,0,0,0,0,0,0,0
2502,扎雷殁提斯引诱的怪物,,-1,0,0,0,0,0,0,0,0,0,0,0,0,0,0,0,0,0,0,0,0,0,0,0,0,0,0,0,0,0,0,0,0,0,0,0
2503,马鲁克半人马,各个半人马氏族遨游于欧恩哈拉平原。他们听取轻风的召唤，探求狩猎的刺激。,401,2506,9,0,6,2504,0,2002,-1,0,0,0,16,0,0,0,0,0,0,0,2500,0,0,0,0,0,0,0,-1,-1,0,0,0,0,0,0
2504,马鲁克半人马（典范）,各个半人马氏族遨游于欧恩哈拉平原。他们听取轻风的召唤，探求狩猎的刺激。,373,2506,9,0,6,0,0,0,-1,0,0,0,16,0,0,0,0,0,0,0,42000,0,0,0,0,0,0,0,-1,-1,0,0,0,0,0,0
2506,巨龙时代,,374,0,9,0,0,0,0,0,0,0,0,0,4120,0,0,0,0,0,0,0,0,0,0,0,0,0,0,0,-1,-1,0,0,0,0,0,0
2507,龙鳞探险队,探险者协会和神圣遗物学会联合组成的探险队，他们是一群勇敢无畏的冒险者、学者和匠人，想发现巨龙群岛的万千奥秘。,369,2506,9,0,6,2508,0,2021,-1,0,0,0,152,0,0,0,0,0,0,0,2500,0,0,0,0,0,0,0,-1,-1,0,0,0,0,0,0
2508,龙鳞探险队（典范）,探险者协会和神圣遗物学会联合组成的探险队，他们是一群勇敢无畏的冒险者、学者和匠人，想发现巨龙群岛的万千奥秘。,375,2506,9,0,6,0,0,0,-1,0,0,0,16,0,0,0,0,0,0,0,42000,0,0,0,0,0,0,0,-1,-1,0,0,0,0,0,0
2509,席卡尔氏族,,376,2503,9,0,0,0,0,0,-1,0,0,0,2068,0,0,0,0,0,0,0,42000,0,0,0,0,0,0,0,-1,-1,0,0,0,0,0,0
2510,瓦德拉肯联军,瓦德拉肯联军的大本营位于其最古老的城市，象征着所有龙族力量的结合体。他们不仅要保护自己的家园——这片群岛，还要保护整个艾泽拉斯。,377,2506,9,0,6,2552,0,2088,-1,0,0,0,152,0,0,0,0,0,0,0,2500,0,0,0,0,0,0,0,-1,-1,0,0,0,0,0,0
2511,伊斯卡拉海象人,伊斯卡拉海象人已经在巨龙群岛上生活了许多世代，他们和谐共处，热衷于讲述周遭世界的故事。,378,2506,9,0,6,2551,0,2087,-1,0,0,0,16,0,0,0,0,0,0,0,2500,0,0,0,0,0,0,0,-1,-1,0,0,0,0,0,0
2512,艾拉格氏族,,379,2503,9,0,0,0,0,0,-1,0,0,0,2068,0,0,0,0,0,0,0,42000,0,0,0,0,0,0,0,-1,-1,0,0,0,0,0,0
2513,欧恩伊尔氏族,,380,2503,9,0,0,0,0,0,-1,0,0,0,2068,0,0,0,0,0,0,0,42000,0,0,0,0,0,0,0,-1,-1,0,0,0,0,0,0
2514,拜荒者,,-1,0,0,0,0,0,0,0,0,0,0,0,0,0,0,0,0,0,0,0,0,0,0,0,0,0,0,0,0,0,0,0,0,0,0,0
2516,贾拉丁,,-1,0,0,0,0,0,0,0,0,0,0,0,0,0,0,0,0,0,0,0,0,0,0,0,1,1,0,0,0,0,0,0,0,0,0,0
2517,拉希奥,长久以来，拉希奥的目标都专注于保护艾泽拉斯，现在，他的目光转向了黑龙军团的未来……以及他的宿命。,381,2510,9,396,4,0,0,0,-1,0,0,0,16,0,0,0,0,0,0,0,42000,0,0,0,0,0,0,0,-1,-1,0,0,0,0,0,0
2518,萨贝里安,萨贝里安培养了新一代未被腐化的黑龙，而且为了保护他们不惜付出一切。,382,2510,9,397,4,0,0,0,-1,0,0,0,16,0,0,0,0,0,0,0,42000,0,0,0,0,0,0,0,-1,-1,0,0,0,0,0,0
2519,求索者,,-1,0,0,0,0,0,0,0,0,0,0,0,0,0,0,0,0,0,0,0,0,0,0,0,0,0,0,0,0,0,0,0,0,0,0,0
2520,诺库德氏族,,414,2506,0,0,0,0,0,0,-1,0,0,0,2054,0,0,0,-40000,0,0,0,42000,0,0,0,0,0,0,0,-1,-1,0,0,0,0,0,0
2521,诺库德氏族（典范）,,384,2506,9,0,0,0,0,0,-1,0,0,0,2068,0,0,0,0,0,0,0,42000,0,0,0,0,0,0,0,-1,-1,0,0,0,0,0,0
2522,提莱氏族,,385,2503,9,0,0,0,0,0,-1,0,0,0,2068,0,0,0,0,0,0,0,42000,0,0,0,0,0,0,0,-1,-1,0,0,0,0,0,0
2523,暗爪营,暗爪营的领袖是勇敢的鳞长欣戴赛什，他们受训成为黑龙军团的秘密武器。如今，无论遇到什么样的绝境，这些龙希尔都可以利用自己的战技来扭转战局。,386,67,9,0,0,0,0,0,-1,-1,-1,0,272,2,17,0,0,-42000,3000,0,42000,-42000,42000,0,0,0,0,0,1309291442,0,-1321907123,1427461461,32768,0,0,0
2524,黑卫营,暗爪营的领袖是坚韧的鳞长阿苏拉泰，他们受训成为黑龙军团的护盾。如今，无论遇到什么样的绝境，这些龙希尔都可以利用自己的战技来守护需要帮助的人。,387,469,9,0,0,0,0,0,-1,-1,-1,0,272,2,273,0,0,-42000,3000,0,42000,-42000,42000,0,0,0,0,0,-1321972659,0,1309324210,-1440044374,65536,0,0,0
2525,火元素,,-1,0,0,0,0,0,0,0,0,0,0,0,0,0,0,0,0,0,0,0,0,0,0,0,1,1,5,5,0,0,0,0,0,0,0,0
2526,冬裘熊怪,冬裘熊怪使用的语言似乎没人能听懂。也许将来人们会得知更多的奥秘。,411,2506,0,0,0,0,0,0,0,0,0,0,0,0,0,0,-2900,0,0,0,42000,0,0,0,0,0,0,0,-1,-1,0,0,0,0,0,0
2542,尤克赫尔氏族,,372,2506,0,0,0,0,0,0,-1,0,0,0,2054,0,0,0,-42000,0,0,0,-42000,0,0,0,0,0,0,0,-1,-1,0,0,0,0,0,0
2544,工匠商盟 - 巨龙群岛支部,,402,2510,0,398,4,0,0,0,-1,0,0,0,16,0,0,0,0,0,0,0,42000,0,0,0,0,0,0,0,-1,-1,0,0,0,0,0,0
2550,钴蓝集所,钴蓝集所曾是蓝龙用奥术魔法构建神器造物的地方。现在这里落入了碎裂之焰的手上，他们企图将这里的魔法用于战争。,408,2510,0,400,4,0,0,0,-1,0,0,0,16,0,0,0,100,0,0,0,42000,0,0,0,0,0,0,0,-1,-1,0,0,0,0,0,0
2551,伊斯卡拉海象人（典范）,伊斯卡拉海象人已经在巨龙群岛上生活了许多世代，他们和谐共处，热衷于讲述周遭世界的故事。,409,2506,9,0,6,0,0,0,-1,0,0,0,16,0,0,0,0,0,0,0,42000,0,0,0,0,0,0,0,-1,-1,0,0,0,0,0,0
2552,瓦德拉肯联军（典范）,瓦德拉肯联军的大本营位于其最古老的城市，象征着所有龙族力量的结合体。他们不仅要保护自己的家园——这片群岛，还要保护整个艾泽拉斯。,410,2506,9,0,6,0,0,0,-1,0,0,0,16,0,0,0,0,0,0,0,42000,0,0,0,0,0,0,0,-1,-1,0,0,0,0,0,0
2553,索莉多米,索莉多米的时光旅行者们穿行于时间流之间，保护我们的世界不受无穷的平行宇宙的侵袭。当我们的时间线遭受时光袭击，或者即将分崩离析之时，索莉多米会率领众人维系秩序。,432,2510,9,411,4,0,0,0,-1,0,0,0,16,0,0,0,0,0,0,0,42000,0,0,0,0,0,0,0,-1,-1,0,0,0,0,0,0
2554,托古斯氏族,,412,2503,0,0,0,0,0,0,-1,0,0,0,2052,0,0,0,0,0,0,0,42000,0,0,0,0,0,0,0,-1,-1,0,0,0,0,0,0
2555,凯甘氏族,,413,2506,0,0,0,0,0,0,-1,0,0,0,2054,0,0,0,-6000,0,0,0,42000,0,0,0,0,0,0,0,-1,-1,0,0,0,0,0,0
2564,峈姆鼹鼠人,鼹鼠人城镇峈姆位于巨龙群岛地下的查拉雷克洞窟深处。这些友善的商人以其热情好客的性格、灵敏的嗅觉和奇特的以物易物贸易系统而闻名。,421,2506,9,0,6,2565,0,2402,-1,0,0,0,16,0,0,0,0,0,0,0,2500,0,0,0,0,0,0,0,-1,-1,0,0,0,0,0,0
2565,峈姆鼹鼠人（典范）,鼹鼠人城镇峈姆位于巨龙群岛地下的查拉雷克洞窟深处。这些友善的商人以其热情好客的性格、灵敏的嗅觉和奇特的以物易物贸易系统而闻名。,422,2506,9,0,6,0,0,0,-1,0,0,0,16,0,0,0,0,0,0,0,42000,0,0,0,0,0,0,0,-1,-1,0,0,0,0,0,0
2568,格里梅罗格竞速者,布里谷尔不会让随便什么人跟滑仔一起竞技。你能证明自己是个合格的蜗牛训练师吗？,425,2506,0,408,0,0,0,0,-1,0,0,0,16,0,0,0,0,0,0,0,2800,0,0,0,0,0,0,0,-1,-1,0,0,0,0,0,0
2569,地心之战,,383,0,10,0,0,0,0,0,-1,0,0,0,4120,0,0,0,0,0,0,0,0,0,0,0,0,0,0,0,-1,-1,0,0,0,0,0,0
2570,陨圣峪阿拉希人,陨圣峪远征队的阿拉希人在卡兹阿加的地下发现了名为贝雷达尔的星星，并保护它免受许多威胁的侵害。他们与远隔重洋的帝国失去了联系，凭借对神圣烈焰的信仰之力，在此地建起了新的家园。,426,2569,10,0,4,2611,0,2901,-1,0,0,0,16,0,0,0,0,0,0,0,2500,0,0,0,0,0,0,0,-1,-1,0,0,0,0,0,0
2574,梦境守望者,许多种族构成的同盟，誓要守护翡翠梦境，抗击所有威胁。,430,2506,9,0,6,2575,0,2653,-1,0,0,0,16,0,0,0,0,0,0,0,2500,0,0,0,0,0,0,0,-1,-1,0,0,0,0,0,0
2575,梦境守望者（典范）,许多种族构成的同盟，誓要守护翡翠梦境，抗击所有威胁。,431,2506,9,0,6,0,0,0,0,0,0,0,0,0,0,0,0,0,0,0,0,0,0,0,0,0,0,0,0,0,0,0,0,0,0,0
2576,烈焰德鲁伊,,-1,0,0,0,0,0,0,0,0,0,0,0,0,0,0,0,0,0,0,0,0,0,0,0,0,0,0,0,0,0,0,0,0,0,0,0
2590,多恩诺嘉尔议会,多恩诺嘉尔议会在础石大厅商议政务，在议会护持麦里克斯的领导下，他们的决策关乎到多恩岛上的每一个土灵。,442,2569,10,0,4,2612,0,2900,-1,0,0,0,16,0,0,0,0,0,0,0,2500,0,0,0,0,0,0,0,-1,-1,0,0,0,0,0,0
2593,桶腿船团,一群不合群的海盗，充满自由精神，聚集在桶腿船长的旗下。,203,0,9,0,38,0,0,2814,-1,0,0,0,16,0,0,0,0,0,0,0,2500,0,0,0,0,0,0,0,-1,-1,0,0,0,0,0,0
2594,邃渊协盟,喧鸣深窟各地都有疏于照看的机械设备等待着维修。在机语者发挥技术专长的同时，狗头人会回收遗落的零件。他们欢迎所有志在探索与重建的人们前来相助。,444,2569,10,0,6,2613,0,2898,-1,0,0,0,16,0,0,0,0,0,0,0,2500,0,0,0,0,0,0,0,-1,-1,0,0,0,0,0,0
2595,玄夜会,,-1,2569,10,0,0,0,0,0,0,0,0,0,0,0,0,0,0,0,0,0,0,0,0,0,1,1,0,0,0,0,0,0,0,0,0,0
2596,斩离之丝（典范）,并非所有人都对安苏雷克女王的残酷统治忍气吞声。斩离之丝正在幕后秘密地谋划，打算从内部瓦解安苏雷克织造的铁律。,445,2569,10,0,6,0,0,0,-1,0,0,0,16,0,0,0,0,0,0,0,7500,0,0,0,0,0,0,0,-1,-1,0,0,0,0,0,0
2600,斩离之丝,并非所有人都对安苏雷克女王的残酷统治忍气吞声。斩离之丝正在幕后秘密地谋划，打算从内部瓦解安苏雷克织造的铁律。,446,2569,10,0,6,2596,0,2904,-1,0,0,0,4248,0,0,0,0,0,0,0,2500,0,0,0,0,0,0,0,-1,-1,0,0,0,0,0,0
2601,纺丝者,曾经的皇家纺织者寡妇阿拉克奈，如今正以敏锐的目光监视着自己过去的家园。她编织了一张由纺崽和间谍组成的网络，鲜有动静能够逃过她的目光。,447,2600,10,416,6,2648,0,0,-1,0,0,0,16,0,0,0,0,0,0,0,20000,0,0,0,0,0,0,7,-1,-1,0,0,0,0,0,0
2602,晦幽集市,控制千丝之城的晦幽集市的生物行为。,-1,2600,10,0,4,0,0,0,0,0,0,0,0,0,0,0,0,0,0,0,0,0,0,0,1,1,0,0,0,0,0,0,0,0,0,0
2604,桶腿船团（典范）,一群不合群的海盗，充满自由精神，聚集在桶腿船长的旗下。,202,0,9,0,6,0,0,0,-1,0,0,0,16,0,0,0,0,0,0,0,42000,0,0,0,0,0,0,0,-1,-1,0,0,0,0,0,0
2605,将军,阿努巴扎尔曾经是艾基-卡赫特声威显赫的军事领袖，安苏雷克却将其冷落，只宠幸自己的扬升者。这等轻慢岂能容忍？,449,2600,10,417,6,2649,0,0,-1,0,0,0,16,0,0,0,0,0,0,0,20000,0,0,0,0,0,0,7,-1,-1,0,0,0,0,0,0
2606,高耸虚居,控制千丝之城的高耸虚居的生物行为。,-1,2600,10,0,4,0,0,0,0,0,0,0,0,0,0,0,0,0,0,0,0,0,0,0,1,1,0,0,0,0,0,0,0,0,0,0
2607,宰相,深入狼穴的执行官尼兹雷克随侍在安苏雷克女王左右，担任她最忠心耿耿的顾问。幸好安苏雷克尚未发现，在剩下的时间里，尼兹雷克都在为了终结她的统治而奔走。,451,2600,10,418,6,2647,0,0,-1,0,0,0,16,0,0,0,0,0,0,0,20000,0,0,0,0,0,0,7,-1,-1,0,0,0,0,0,0
2609,潜暗之峡,控制千丝之城的潜暗之峡的生物行为。,-1,2600,10,0,4,0,0,0,0,0,0,0,0,0,0,0,0,0,0,0,0,0,0,0,1,1,0,0,0,0,0,0,0,0,0,0
2610,艾基-卡赫特蛛魔（永远敌对）（隐藏）,控制永远敌对的蛛魔的生物行为。像怪物一样行动，但其他蛛魔不会攻击（即使是对玩家友善）。用于绝大部分蛛魔敌人。,-1,2600,10,0,0,0,0,0,0,0,0,0,0,0,0,0,0,0,0,0,0,0,0,0,1,1,0,0,0,0,0,0,0,0,0,0
2611,陨圣峪阿拉希人（典范）,陨圣峪远征队的阿拉希人在卡兹阿加的地下发现了名为贝雷达尔的星星，并保护它免受许多威胁的侵害。他们与远隔重洋的帝国失去了联系，凭借对神圣烈焰的信仰之力，他们在此地建起了新的家园。,453,2569,10,0,6,0,0,0,-1,0,0,0,16,0,0,0,0,0,0,0,42000,0,0,0,0,0,0,0,-1,-1,0,0,0,0,0,0
2612,多恩诺嘉尔议会（典范）,多恩诺嘉尔议会在础石大厅商议政务，在议会护持麦里克斯的领导下，他们的决策关乎到多恩岛上的每一个土灵。,454,2569,10,0,6,0,0,0,-1,0,0,0,16,0,0,0,0,0,0,0,42000,0,0,0,0,0,0,0,-1,-1,0,0,0,0,0,0
2613,邃渊协盟（典范）,喧鸣深窟各地都有疏于照看的机械设备等待着维修。在机语者发挥技术专长的同时，狗头人会回收遗落的零件。他们欢迎所有志在探索与重建的人们前来相助。,455,2569,10,0,6,0,0,0,-1,0,0,0,16,0,0,0,0,0,0,0,42000,0,0,0,0,0,0,0,-1,-1,0,0,0,0,0,0
2614,坚铸要塞,Controls creature behavior in the Siegehold POI of Azj-Kahet.  ONLY USED IN LEVEL UP CAMPAIGN CH 2.,-1,2600,10,0,0,0,0,0,0,0,0,0,0,0,0,0,0,0,0,0,0,0,0,0,1,1,0,0,0,0,0,0,0,0,0,0
2615,艾泽拉斯档案馆,龙鳞探险队的一个学者组织，致力于为子孙后代保护文物。,457,2507,9,419,4,0,0,0,-1,0,0,0,16,0,0,0,0,0,0,0,42000,0,0,0,0,0,0,0,-1,-1,0,0,0,0,0,0
2616,桶腿痛击者,,-1,2506,9,0,0,2604,0,2814,0,0,0,0,0,0,0,0,0,0,0,0,0,0,0,0,1,1,0,0,0,0,0,0,0,0,0,0
2635,束丝之集,控制千丝之城的束丝之集的生物行为。,-1,2600,10,0,4,0,0,0,0,0,0,0,0,0,0,0,0,0,0,0,0,0,0,0,1,1,0,0,0,0,0,0,0,0,0,0
2637,"玩家,土灵联盟",,-1,0,0,0,0,0,0,0,0,0,0,0,0,0,0,0,0,0,0,0,0,0,0,0,1,1,5,5,0,0,0,0,0,0,0,0
2638,"玩家,土灵部落",,-1,0,0,0,0,0,0,0,0,0,0,0,0,0,0,0,0,0,0,0,0,0,0,0,1,1,5,5,0,0,0,0,0,0,0,0
2640,布莱恩·铜须,值得信赖的地下堡伙伴,448,2569,0,412,6,0,0,0,-1,0,0,0,16,0,0,0,0,0,0,0,9335900,0,0,0,0,0,0,0,-1,-1,0,0,0,0,0,0
2644,地下堡：第1赛季,,456,2569,10,0,102,0,0,3022,-1,0,0,0,0,0,0,0,0,0,0,0,4200,0,0,0,0,0,0,0,-1,-1,0,0,0,0,0,0
2645,土灵,,467,2590,9,0,4,0,0,0,-1,0,0,0,2068,0,0,0,3000,0,0,0,42000,0,0,0,1,0,7,0,-1,-1,0,0,0,0,0,0
2647,宰相（典范）,深入狼穴的执行官尼兹雷克随侍在安苏雷克女王左右，担任她最忠心耿耿的顾问。幸好安苏雷克尚未发现，在剩下的时间里，尼兹雷克都在为了终结她的统治而奔走。,468,2600,0,0,6,0,0,0,-1,0,0,0,16,0,0,0,0,0,0,0,0,0,0,0,0,0,0,0,-1,-1,0,0,0,0,0,0
2648,纺丝者（典范）,曾经的皇家纺织者寡妇阿拉克奈，如今正以敏锐的目光监视着自己过去的家园。她编织了一张由纺崽和间谍组成的网络，鲜有动静能够逃过她的目光。,469,2600,0,0,6,0,0,0,-1,0,0,0,16,0,0,0,0,0,0,0,0,0,0,0,0,0,0,0,-1,-1,0,0,0,0,0,0
2649,将军（典范）,阿努巴扎尔曾经是艾基-卡赫特声威显赫的军事领袖，安苏雷克却将其冷落，只宠幸自己的扬升者。这等轻慢岂能容忍？,470,2600,0,0,6,0,0,0,-1,0,0,0,16,0,0,0,0,0,0,0,0,0,0,0,0,0,0,0,-1,-1,0,0,0,0,0,0
2652,暗索执法,加斯特·加里维克斯雇来“保护”安德麦人民与财产的佣兵。,-1,2653,0,0,0,0,0,0,0,0,0,0,0,0,0,0,0,0,0,0,0,0,0,0,1,1,7,5,0,0,0,0,0,0,0,0
2653,安德麦财阀,安德麦不同于其他城镇，没有国王和酋长，只有各大财阀。每个人都想成为财阀的一份子。这可比国王更好，因为国王只能有一位。安德麦有许多财阀，而他们都需要朋友。,478,2569,10,0,6,2667,0,3120,-1,0,0,0,152,0,0,0,0,0,0,0,2500,0,0,0,0,0,7,7,-1,-1,0,0,0,0,0,0
2657,11.2 Ethereum,,-1,2569,10,0,0,0,0,0,0,0,0,0,0,0,0,0,0,0,0,0,0,0,0,0,1,1,0,0,0,0,0,0,0,0,0,0
2658,卡雷什托拉斯,由掮灵和虚灵的财团组成的联合团体，正为了实现难以企及的目标而奔走。他们希望从诸界吞噬者口中拯救自己覆灭的世界，哪怕只是一个面向。,471,2569,10,0,6,2659,0,3128,-1,0,0,0,16,0,0,0,0,0,0,0,2500,0,0,0,0,0,0,0,-1,-1,0,0,0,0,0,0
2659,卡雷什托拉斯（典范）,由掮灵和虚灵的财团组成的联合团体，正为了实现难以企及的目标而奔走。他们希望从诸界吞噬者口中拯救自己覆灭的世界，哪怕只是一个面向。,472,2569,9,0,6,0,0,0,-1,0,0,0,16,0,0,0,0,0,0,0,42000,0,0,0,0,0,0,0,-1,-1,0,0,0,0,0,0
2662,[PH] The Power of Friendship,[PH] This is the bucket for all neighborhood visitors who can become friends with the player.,473,2569,0,0,0,0,0,0,-1,0,0,0,152,0,0,0,0,0,0,0,42000,0,0,0,0,0,0,0,-1,-1,0,0,0,0,0,0
2663,米尔拉,米尔拉离开了沃顿的故乡，她决定成为一名行商，与她最好的朋友——两只名为朵利和朵特的羊驼——一起环游世界。,474,2662,0,487,0,0,0,0,-1,0,0,0,16,0,0,0,0,0,0,0,42000,0,0,0,0,0,0,0,-1,-1,0,0,0,0,0,0
2664,弗林·法温德,弗林曾是库尔提拉斯附近的一名海盗船长，但他后来许下诺言要（在钱到位的情况下）为联盟服务。,475,2662,0,489,0,0,0,0,-1,0,0,0,16,0,0,0,0,0,0,0,42000,0,0,0,0,0,0,0,-1,-1,0,0,0,0,0,0
2665,莉莉斯塔萨,莉莉斯塔萨居住在巨龙群岛的红玉新生圣地，但她经常云游四海，探访有趣的地方。,476,2662,0,488,0,0,0,0,-1,0,0,0,16,0,0,0,0,0,0,0,42000,0,0,0,0,0,0,0,-1,-1,0,0,0,0,0,0
2666,烘烤与夸耀,博罗格罗夫本地的咖啡店。,477,2662,0,490,0,0,0,0,-1,0,0,0,16,0,0,0,0,0,0,0,42000,0,0,0,0,0,0,0,-1,-1,0,0,0,0,0,0
2667,安德麦财阀（典范）,安德麦不同于其他城镇，没有国王和酋长，只有各大财阀。每个人都想成为财阀的一份子。这可比国王更好，因为国王只能有一位。安德麦有许多财阀，而他们都需要朋友。,479,2569,0,0,6,0,0,0,-1,0,0,0,16,0,0,0,0,0,0,0,2500,0,0,0,0,0,7,7,-1,-1,0,0,0,0,0,0
2668,暗索处理服务（典范）,暗索处理服务为加里维克斯卖命时没能交到朋友，但地精不会轻言放弃。他们重塑了品牌，端正了态度，毕竟生意归生意，对吧？,480,2653,0,0,6,0,0,0,-1,0,0,0,16,0,0,0,0,0,0,0,42000,0,0,0,0,0,5,5,-1,-1,0,0,0,0,0,0
2669,暗索处理服务,暗索处理服务为加里维克斯卖命时没能交到朋友，但地精不会轻言放弃。他们重塑了品牌，端正了态度，毕竟生意归生意，对吧？,481,2653,10,0,6,2668,0,0,-1,0,0,0,16,0,0,0,0,0,0,0,42000,0,0,0,0,0,1,7,-1,-1,0,0,0,0,0,0
2670,风险投资公司（典范）,风险投资公司的名声不算很好，但采收、开掘和钻取的本事无人能及。你想要衣冠楚楚，不如去找个读书会吧。你想弄到原材料，就得找风险投资公司。,482,2653,0,0,6,0,0,0,-1,0,0,0,16,0,0,0,0,0,0,0,42000,0,0,0,0,0,5,5,-1,-1,0,0,0,0,0,0
2671,风险投资公司,风险投资公司的名声不算很好，但采收、开掘和钻取的本事无人能及。你想要衣冠楚楚，不如去找个读书会吧。你想弄到原材料，就得找风险投资公司。,483,2653,10,0,6,2670,0,0,-1,0,0,0,16,0,0,0,3000,0,0,0,42000,0,0,0,0,0,3,7,-1,-1,0,0,0,0,0,0
2672,锈水财阀（典范）,锈水财阀经历过超乎寻常的兴衰起伏，但他们营建和发明的本事举世无双。不论是城市、泳池玩具还是[绝密内容]，锈水出品必属精品。,484,2653,0,0,6,0,0,0,-1,0,0,0,16,0,0,0,0,0,0,0,42000,0,0,0,0,0,5,5,-1,-1,0,0,0,0,0,0
2673,锈水财阀,锈水财阀经历过超乎寻常的兴衰起伏，但他们营建和发明的本事举世无双。不论是城市、泳池玩具还是[绝密内容]，锈水出品必属精品。,485,2653,10,0,6,2672,0,0,-1,0,0,0,16,0,0,0,3000,0,0,0,42000,0,0,0,0,0,3,7,-1,-1,0,0,0,0,0,0
2674,黑水财阀（典范）,新晋的黑水财阀曾经是称霸海洋的强盗，但他们早已在航运和奢华度假行业中呼风唤雨了。不论什么货物，不论何时何地，他们都能运送，完全清白合法。,486,2653,0,0,6,0,0,0,-1,0,0,0,16,0,0,0,0,0,0,0,42000,0,0,0,0,0,7,7,-1,-1,0,0,0,0,0,0
2675,黑水财阀,新晋的黑水财阀曾经是称霸海洋的强盗，但他们早已在航运和奢华度假行业中呼风唤雨了。不论什么货物，不论何时何地，他们都能运送，完全清白合法。,487,2653,10,0,6,2674,0,0,-1,0,0,0,16,0,0,0,3000,0,0,0,42000,0,0,0,0,0,3,7,-1,-1,0,0,0,0,0,0
2676,热砂财阀（典范）,热砂财阀或许是安德麦最古老最庞大的财阀，艾泽拉斯和彼岸世界的几乎每个行当都被他们插过一手。如今随着诺格弗格的得势，他们炼金秘法的威名人尽皆知。,488,2653,0,0,6,0,0,0,-1,0,0,0,16,0,0,0,0,0,0,0,42000,0,0,0,0,0,5,5,-1,-1,0,0,0,0,0,0
2677,热砂财阀,热砂财阀或许是安德麦最古老最庞大的财阀，艾泽拉斯和彼岸世界的几乎每个行当都被他们插过一手。如今随着诺格弗格的得势，他们炼金秘法的威名人尽皆知。,489,2653,10,0,6,2676,0,0,-1,0,0,0,16,0,0,0,3000,0,0,0,42000,0,0,0,0,0,3,7,-1,-1,0,0,0,0,0,0
2683,地下堡：第2赛季,,493,2569,10,0,102,0,0,3130,-1,0,0,0,0,0,0,0,0,0,0,0,4200,0,0,0,0,0,0,0,-1,-1,0,0,0,0,0,0
2684,加乐宫会员奖励俱乐部（典范）,加乐宫已经易主，呃，即将易主。等到易主之后，你肯定想与他们和睦相处吧？一起将加乐宫打造得更美好，结交一些新的朋友吧。,494,2653,10,0,6,0,0,0,-1,0,0,0,16,0,0,0,0,0,0,0,42000,0,0,0,0,0,0,0,-1,-1,0,0,0,0,0,0
2685,加乐宫会员奖励俱乐部,加乐宫已经易主，呃，即将易主。等到易主之后，你肯定想与他们和睦相处吧？一起将加乐宫打造得更美好，结交一些新的朋友吧。,495,2653,10,0,6,2684,0,3315,-1,0,0,0,16,0,0,0,0,0,0,0,2500,0,0,0,0,0,7,7,-1,-1,0,0,0,0,0,0
2688,圣焰之耀,陨圣峪危在旦夕、守军势单力孤之际，壮勇之士响应了武装的号召，组建了圣焰之耀。他们欢迎所有盟友一同巩固陨圣峪的防御。,496,2569,10,0,6,2689,0,3140,-1,0,0,0,16,0,0,0,0,0,0,0,2500,0,0,0,0,0,0,0,-1,-1,0,0,0,0,0,0
2689,圣焰之耀（典范）,陨圣峪危在旦夕、守军势单力孤之际，壮勇之士响应了武装的号召，组建了圣焰之耀。他们欢迎所有盟友一同巩固陨圣峪的防御。,497,2569,10,0,6,0,0,0,-1,0,0,0,16,0,0,0,0,0,0,0,2500,0,0,0,0,0,0,0,-1,-1,0,0,0,0,0,0
2692,风险投资公司,11.1 NPC/CREATURE ONLY,-1,0,0,0,0,0,0,0,0,0,0,0,0,0,0,0,0,0,0,0,0,0,0,0,1,1,7,7,0,0,0,0,0,0,0,0
2693,地下堡行者的旅程（第1赛季）,,498,2569,10,0,70,0,0,0,-1,0,0,0,4248,0,0,0,0,0,0,0,2500,0,0,0,0,0,0,0,-1,-1,0,0,0,0,0,0
2695,Test Account Wide Stormwind (DNT),Testing faction-restricted account wide factions (DNT),500,0,0,0,100,0,0,0,0,0,0,0,276,6,20,0,3000,-42000,4000,0,42000,-42000,42000,0,1,0.25,4,7,825576524,0,1309324210,-1440044374,-2147483647,0,0,0
2696,阿曼尼部族,阿曼尼在数千年间征服并占据了东部王国的大部分领土，但随着精灵和人类出兵殖民这片土地，他们被迫退守至如今的祖阿曼。,501,2698,11,0,6,2705,0,3355,-1,0,0,0,152,0,0,0,0,0,0,0,2500,0,0,0,0,0,0,0,-1,-1,0,0,0,0,0,0
2697,Chase's test faction (DNT),Testing for AVU (DNT),504,469,0,0,244,0,0,0,-1,0,0,0,4,4,4,4,300,0,0,0,40000,0,0,0,1,1,4,7,-1321907123,1427461461,0,0,0,0,0,0
2698,至暗之夜,,503,0,11,0,0,0,0,0,-1,0,0,0,24,0,0,0,0,0,0,0,0,0,0,0,0,0,0,0,-1,-1,0,0,0,0,0,0
2699,奇点特勤,在虚影风暴这充满恐怖与暴力的漩涡中，鲜有人拥有生存下来的勇气。由乌布里克魔导师和朗多雷召集的奇点特勤，在这片可怕的土地上吸纳了所有敢于挺身反抗萨拉塔斯的人。,502,2698,11,0,6,2725,0,3388,-1,0,0,0,16,0,0,0,0,0,0,0,2500,0,0,0,0,0,0,0,-1,-1,0,0,0,0,0,0
2700,DEPRECATED Fungarian Fighting Ring,,505,2698,11,0,32,0,0,0,-1,0,0,0,20,0,0,0,0,0,0,0,0,0,0,0,0,0,0,0,-1,-1,0,0,0,0,0,0
2704,哈籁提,在女神之歌回响的召唤下，哈籁提一族来到了哈籁恩达尔，守护她曾经栖居的摇篮，盼望着她归来的那一日。,509,2698,11,0,6,2726,0,3369,-1,0,0,0,16,0,0,0,0,0,0,0,2500,0,0,0,0,0,0,0,-1,-1,0,0,0,0,0,0
2705,阿曼尼部族（典范）,"12.0 Z2 Zul'lAman - Main Faction, Paragon",510,2698,0,0,6,0,0,0,-1,0,0,0,144,0,0,0,0,0,0,0,42000,0,0,0,0,0,4,4,-1,-1,0,0,0,0,0,0
2706,枯木部族,12.0 Z2 Zul'Aman - Amani Sub Faction,-1,2696,0,0,0,0,0,0,0,0,0,0,0,0,0,0,0,0,0,0,0,0,0,0,1,1,4,4,0,0,0,0,0,0,0,0
2709,圣光先锋军,12.0 New Army of the Light,-1,2698,0,0,4,0,0,0,0,0,0,0,0,0,0,0,0,0,0,0,0,0,0,0,1,1,0,0,0,0,0,0,0,0,0,0
2710,银月宫廷,凭借优雅、智慧与政治手腕，宫廷确保银月城的光芒永恒闪耀，卓尔不群。,515,2698,11,0,6,2727,0,3371,-1,0,0,0,4248,0,0,0,0,0,0,0,2500,0,0,0,0,0,4,4,-1,-1,0,0,0,0,0,0
2711,魔导师,银月城首屈一指的魔法使用者。魔导师是才华横溢的辛多雷，对奥术技艺拥有极高的掌控力，加之经过数百年的钻研，他们的智慧无比敏锐。,516,2710,10,497,6,0,0,0,-1,0,0,0,16,0,0,0,0,0,0,0,42000,0,0,0,0,0,4,4,-1,-1,0,0,0,0,0,0
2712,血骑士,银月城的圣骑士部队。作为太阳眷顾的坚毅英雄与天命勇士，他们追随女伯爵莉亚德琳征战沙场，铲除辛多雷的敌人。,517,2710,10,499,6,0,0,0,-1,0,0,0,16,0,0,0,0,0,0,0,42000,0,0,0,0,0,4,4,-1,-1,0,0,0,0,0,0
2713,远行者,辛多雷的精英游侠，正式肩负守卫永歌森林的林地、边境与荒野之重任。,518,2710,10,498,6,0,0,0,-1,0,0,0,16,0,0,0,0,0,0,0,42000,0,0,0,0,0,4,4,-1,-1,0,0,0,0,0,0
2714,径巷之影,卑劣。贪婪。但在棘手的情况下却极其有用。你很少听到有人提及“径巷之影”，但可以肯定的是，银月城中几乎每个人都曾与他们打过交道。,519,2710,10,500,6,0,0,0,-1,0,0,0,16,0,0,0,0,0,0,0,42000,0,0,0,0,0,4,4,-1,-1,0,0,0,0,0,0
2720,银月城,12.0 Silvermoon - NPC Faction Only,-1,0,0,0,0,0,0,0,0,0,0,0,0,0,0,0,0,0,0,0,0,0,0,0,0,0,0,0,0,0,0,0,0,0,0,0
2722,地下堡：第3赛季,,524,2569,10,0,70,0,0,3271,-1,0,0,0,0,0,0,0,0,0,0,0,4200,0,0,0,0,0,0,0,-1,-1,0,0,0,0,0,0
2725,奇点特勤（典范）,在虚影风暴这充满恐怖与暴力的漩涡中，鲜有人拥有生存下来的勇气。由乌布里克魔导师和朗多雷召集的奇点特勤，在这片可怕的土地上吸纳了所有敢于挺身反抗萨拉塔斯的人。,525,2698,9,0,6,0,0,0,-1,0,0,0,16,0,0,0,0,0,0,0,42000,0,0,0,0,0,0,0,-1,-1,0,0,0,0,0,0
2726,哈籁提（典范）,[DNT] Haranir tribe on haronar,526,2698,9,0,6,0,0,0,-1,0,0,0,16,0,0,0,0,0,0,0,42000,0,0,0,0,0,0,0,-1,-1,0,0,0,0,0,0
2727,银月宫廷（典范）,"12.0 Z1 Eversong - Main Faction, Paragon",527,2698,0,0,6,0,0,0,-1,0,0,0,144,0,0,0,0,0,0,0,42000,0,0,0,0,0,4,4,-1,-1,0,0,0,0,0,0
2728,玩家，部落哈籁尼尔,,-1,0,0,0,0,0,0,0,0,0,0,0,0,0,0,0,0,0,0,0,0,0,0,0,1,1,5,5,0,0,0,0,0,0,0,0
2729,玩家，联盟哈籁尼尔,,-1,0,0,0,0,0,0,0,0,0,0,0,0,0,0,0,0,0,0,0,0,0,0,0,1,1,5,5,0,0,0,0,0,0,0,0
2736,法力熔炉破袭队,卡雷什托拉斯致力于团结垂死母星上的人们，但有些成员更喜欢采取直截了当的手段。不论是秘密行动还是卑鄙计俩，只要能粉碎萨哈达尔的势力，法力熔炉破袭队无所不用其极。,530,2569,10,0,6,0,0,3305,-1,0,0,0,16,0,0,0,0,0,0,0,2500,0,0,0,0,0,7,7,-1,-1,0,0,0,0,0,0
2739,地下堡：宝匣钥匙碎片转化,,531,2569,0,0,234,0,0,3028,-1,0,0,0,0,0,0,0,0,0,0,0,100,0,0,0,0,0,0,0,-1,-1,0,0,0,0,0,0
2742,地下堡：第1赛季,,532,2698,11,0,70,0,0,3317,-1,0,0,0,0,0,0,0,0,0,0,0,4200,0,0,0,0,0,0,0,-1,-1,0,0,0,0,0,0
2744,瓦莉拉·萨古纳尔,值得信赖的地下堡伙伴,533,2698,0,501,6,0,0,0,-1,0,0,0,16,0,0,0,0,0,0,0,8989497,0,0,0,0,0,0,0,-1,-1,0,0,0,0,0,0
2764,狩猎：第1赛季,艾泽拉斯四面受敌之际，阿斯塔洛·血誓发现了一种保卫银月城的特殊方式。,536,2698,11,0,70,0,0,3386,-1,0,0,0,16,0,0,0,0,0,0,0,4000,0,0,0,0,0,0,0,-1,-1,0,0,0,0,0,0
2766,搏击竞技场,一群格斗狂人从各地收罗来了各种生物，将它们放置在血腥的竞技场中与部落的英雄们进行生死搏斗。,537,892,0,28,0,0,0,0,0,0,0,0,16,0,0,0,0,0,0,0,7000,0,0,0,1,1,0,0,1309324210,-1440044374,0,0,0,0,0,0
2767,比兹莫搏击俱乐部,一群格斗狂人从各地收罗来了各种生物，将它们放置在血腥的竞技场中与联盟的英雄们进行生死搏斗。,538,891,0,43,0,0,0,0,0,0,0,0,16,0,0,0,0,0,0,0,7000,0,0,0,1,1,0,0,-1321907123,1427461461,0,0,0,0,0,0
2770,屠戮角斗,在虚影风暴深处，维迪奥斯与兹尔丹之间的战争仍在肆虐。,539,2698,0,0,4,2774,0,0,-1,0,0,0,16,0,0,0,0,0,0,0,42000,0,0,0,0,0,0,0,-1,-1,0,0,0,0,0,0
2774,屠戮角斗（典范）,在虚影风暴深处，维迪奥斯与兹尔丹之间的战争仍在肆虐。,543,2698,0,0,4,0,0,0,-1,0,0,0,16,0,0,0,0,0,0,0,42000,0,0,0,0,0,0,0,-1,-1,0,0,0,0,0,0
2780,暗松部族,12.0 Z2 Zul'Aman - Amani Sub Faction,-1,2696,0,0,0,0,0,0,0,0,0,0,0,0,0,0,0,0,0,0,0,0,0,0,1,1,4,4,0,0,0,0,0,0,0,0
2781,恶齿部族,12.0 Z2 Zul'Aman - Amani Sub Faction,-1,2696,0,0,0,0,0,0,0,0,0,0,0,0,0,0,0,0,0,0,0,0,0,0,1,1,4,4,0,0,0,0,0,0,0,0
2792,仪式场地,虚空袭击过后的乱局助长了敌人的气焰，使其妄图通过黑暗仪式攫取力量。我们必须肃清这些魔力肆虐的场地。,514,2698,11,0,6,2793,0,3428,-1,0,0,0,4248,0,0,0,0,0,0,0,2500,0,0,0,0,0,4,4,-1,-1,0,0,0,0,0,0
2793,仪式场地（典范）,"12.0.5 Ritual Sites - Feature, Paragon",546,2698,0,0,6,0,0,0,-1,0,0,0,144,0,0,0,0,0,0,0,42000,0,0,0,0,0,4,4,-1,-1,0,0,0,0,0,0
