ID,QuestTitle_lang,BulletText_lang,UniqueBitFlag,ConditionID,FiltActiveQuest,FiltClasses,FiltCompletedQuestLogic,FiltMaxFactionID,FiltMaxFactionValue,FiltMinFactionID,FiltMinFactionValue,FiltMinSkillID,FiltMinSkillValue,FiltNonActiveQuest,BreadCrumbID,StartItem,WorldStateExpressionID,QuestInfoID,ContentTuningID,CovenantID,Field_9_0_2_36206_022,Flags[0],Flags[1],Flags[2],FiltCompletedQuest[0],FiltCompletedQuest[1],FiltCompletedQuest[2],FiltRaceMasks[0],FiltRaceMasks[1]
11354,WANTED: Nazan's Riding Crop,,5351,0,0,-1,0,0,0,0,0,0,0,0,0,0,4824,85,820,0,2,4104,0,268435968,0,0,0,-1,-1
11362,WANTED: Keli'dan's Feathered Stave,,5351,0,0,-1,0,0,0,0,0,0,0,0,0,0,4825,85,820,0,2,4104,0,268435968,0,0,0,-1,-1
11363,WANTED: Bladefist's Seal,,5351,0,0,-1,0,0,0,0,0,0,0,0,0,0,4826,85,820,0,2,4104,0,268435968,0,0,0,-1,-1
11368,WANTED: The Heart of Quagmirran,,5351,0,0,-1,0,0,0,0,0,0,0,0,0,0,4827,85,820,0,2,4104,0,268435968,0,0,0,-1,-1
11369,WANTED: A Black Stalker Egg,,5351,0,0,-1,0,0,0,0,0,0,0,0,0,0,4828,85,820,0,2,4104,0,268435968,0,0,0,-1,-1
11370,WANTED: The Warlord's Treatise,,5351,0,0,-1,0,0,0,0,0,0,0,0,0,0,4829,85,820,0,2,4104,0,268435968,0,0,0,-1,-1
11371,WANTED: Coilfang Myrmidons,,5359,0,0,-1,0,0,0,0,0,0,0,0,0,0,4817,81,233,0,2,4104,0,268435968,0,0,0,-1,-1
11372,WANTED: The Headfeathers of Ikiss,,5351,0,0,-1,0,0,0,0,0,0,0,0,0,0,4830,85,820,0,2,4104,0,268435968,0,0,0,-1,-1
11373,WANTED: Shaffar's Wondrous Pendant,,5351,0,0,-1,0,0,0,0,0,0,0,0,0,0,4831,85,820,0,2,4104,0,268435968,0,0,0,-1,-1
11374,WANTED: The Exarch's Soul Gem,,5351,0,0,-1,0,0,0,0,0,0,0,0,0,0,4832,85,820,0,2,4104,0,268435968,0,0,0,-1,-1
11375,WANTED: Murmur's Whisper,,5351,0,0,-1,0,0,0,0,0,0,0,0,0,0,4833,85,820,0,2,4104,0,268435968,0,0,0,-1,-1
11376,WANTED: Malicious Instructors,,5359,0,0,-1,0,0,0,0,0,0,0,0,0,0,4818,81,225,0,2,4104,0,268435968,0,0,0,-1,-1
11378,WANTED: The Epoch Hunter's Head,,5351,0,0,-1,0,0,0,0,0,0,0,0,0,0,4834,85,820,0,2,4104,0,268435968,0,0,0,-1,-1
11382,WANTED: Aeonus's Hourglass,,5351,0,0,-1,0,0,0,0,0,0,0,0,0,0,4835,85,820,0,2,4104,0,268435968,0,0,0,-1,-1
11383,WANTED: Rift Lords,,5359,0,0,-1,0,0,0,0,0,0,0,0,0,0,4819,81,227,0,2,4104,0,268435968,0,0,0,-1,-1
11384,WANTED: A Warp Splinter Clipping,,5351,0,0,-1,0,0,0,0,0,0,0,0,0,0,4836,85,820,0,2,4104,0,268435968,0,0,0,-1,-1
11385,WANTED: Sunseeker Channelers,,5359,0,0,-1,0,0,0,0,0,0,0,0,0,0,4820,81,229,0,2,4104,0,268435968,0,0,0,-1,-1
11386,WANTED: Pathaleon's Projector,,5351,0,0,-1,0,0,0,0,0,0,0,0,0,0,4837,85,820,0,2,4104,0,268435968,0,0,0,-1,-1
11387,WANTED: Tempest-Forge Destroyers,,5359,0,0,-1,0,0,0,0,0,0,0,0,0,0,4821,81,230,0,2,4104,0,268435968,0,0,0,-1,-1
11388,WANTED: The Scroll of Skyriss,,5351,0,0,-1,0,0,0,0,0,0,0,0,0,0,4838,85,820,0,2,4104,0,268435968,0,0,0,-1,-1
11389,WANTED: Arcatraz Sentinels,,5359,0,0,-1,0,0,0,0,0,0,0,0,0,0,4822,81,226,0,2,4104,0,268435968,0,0,0,-1,-1
11499,WANTED: The Signet Ring of Prince Kael'thas,,5351,0,0,-1,0,0,0,0,0,0,0,0,0,0,5046,85,820,0,2,4104,0,268435968,0,0,0,-1,-1
11500,WANTED: Sisters of Torment,,5359,0,0,-1,0,0,0,0,0,0,0,0,0,0,5047,81,221,0,2,4104,0,268435968,0,0,0,-1,-1
11580,Desecrate this Fire!,,5513,9484,0,-1,0,0,0,0,0,0,0,0,0,0,0,0,394,0,0,0,0,512,0,0,0,-1321907123,1427461461
11581,Desecrate this Fire!,,5514,9484,0,-1,0,0,0,0,0,0,0,0,0,0,0,0,394,0,0,0,0,512,0,0,0,1309324210,-1440044374
11583,Honor the Flame,,5516,9484,0,-1,0,0,0,0,0,0,0,0,0,0,0,0,394,0,0,0,0,512,0,0,0,-1321907123,1427461461
11584,Honor the Flame,,5517,9484,0,-1,0,0,0,0,0,0,0,0,0,0,0,0,394,0,0,0,0,512,0,0,0,1309324210,-1440044374
11732,Desecrate this Fire!,,5660,9484,0,-1,0,0,0,0,0,0,0,0,0,0,0,0,394,0,0,0,0,512,0,0,0,1309324210,-1440044374
11734,Desecrate this Fire!,,5661,9484,0,-1,0,0,0,0,0,0,0,0,0,0,0,0,394,0,0,0,0,512,0,0,0,1309324210,-1440044374
11735,Desecrate this Fire!,,5662,9484,0,-1,0,0,0,0,0,0,0,0,0,0,0,0,394,0,0,0,0,512,0,0,0,1309324210,-1440044374
11736,Desecrate this Fire!,,5663,9484,0,-1,0,0,0,0,0,0,0,0,0,0,0,0,394,0,0,0,0,512,0,0,0,1309324210,-1440044374
11737,Desecrate this Fire!,,5664,9484,0,-1,0,0,0,0,0,0,0,0,0,0,0,0,394,0,0,0,0,512,0,0,0,1309324210,-1440044374
11738,Desecrate this Fire!,,5665,9484,0,-1,0,0,0,0,0,0,0,0,0,0,0,0,394,0,0,0,0,512,0,0,0,1309324210,-1440044374
11739,Desecrate this Fire!,,5666,9484,0,-1,0,0,0,0,0,0,0,0,0,0,0,0,394,0,0,0,0,512,0,0,0,1309324210,-1440044374
11740,Desecrate this Fire!,,5667,9484,0,-1,0,0,0,0,0,0,0,0,0,0,0,0,394,0,0,0,0,512,0,0,0,1309324210,-1440044374
11741,Desecrate this Fire!,,5668,9484,0,-1,0,0,0,0,0,0,0,0,0,0,0,0,394,0,0,0,0,512,0,0,0,1309324210,-1440044374
11742,Desecrate this Fire!,,5669,9484,0,-1,0,0,0,0,0,0,0,0,0,0,0,0,394,0,0,0,0,512,0,0,0,1309324210,-1440044374
11743,Desecrate this Fire!,,5670,9484,0,-1,0,0,0,0,0,0,0,0,0,0,0,0,394,0,0,0,0,512,0,0,0,1309324210,-1440044374
11744,Desecrate this Fire!,,5671,9484,0,-1,0,0,0,0,0,0,0,0,0,0,0,0,394,0,0,0,0,512,0,0,0,1309324210,-1440044374
11745,Desecrate this Fire!,,5672,9484,0,-1,0,0,0,0,0,0,0,0,0,0,0,0,394,0,0,0,0,512,0,0,0,1309324210,-1440044374
11746,Desecrate this Fire!,,5673,9484,0,-1,0,0,0,0,0,0,0,0,0,0,0,0,394,0,0,0,0,512,0,0,0,1309324210,-1440044374
11747,Desecrate this Fire!,,5674,9484,0,-1,0,0,0,0,0,0,0,0,0,0,0,0,394,0,0,0,0,512,0,0,0,1309324210,-1440044374
11748,Desecrate this Fire!,,5675,9484,0,-1,0,0,0,0,0,0,0,0,0,0,0,0,394,0,0,0,0,512,0,0,0,1309324210,-1440044374
11749,Desecrate this Fire!,,5676,9484,0,-1,0,0,0,0,0,0,0,0,0,0,0,0,394,0,0,0,0,512,0,0,0,1309324210,-1440044374
11750,Desecrate this Fire!,,5677,9484,0,-1,0,0,0,0,0,0,0,0,0,0,0,0,394,0,0,0,0,512,0,0,0,1309324210,-1440044374
11751,Desecrate this Fire!,,5678,9484,0,-1,0,0,0,0,0,0,0,0,0,0,0,0,394,0,0,0,0,512,0,0,0,1309324210,-1440044374
11752,Desecrate this Fire!,,5679,9484,0,-1,0,0,0,0,0,0,0,0,0,0,0,0,394,0,0,0,0,512,0,0,0,1309324210,-1440044374
11753,Desecrate this Fire!,,5680,9484,0,-1,0,0,0,0,0,0,0,0,0,0,0,0,394,0,0,0,0,512,0,0,0,1309324210,-1440044374
11754,Desecrate this Fire!,,5681,9484,0,-1,0,0,0,0,0,0,0,0,0,0,0,0,394,0,0,0,0,512,0,0,0,1309324210,-1440044374
11755,Desecrate this Fire!,,5682,9484,0,-1,0,0,0,0,0,0,0,0,0,0,0,0,394,0,0,0,0,512,0,0,0,1309324210,-1440044374
11756,Desecrate this Fire!,,5683,9484,0,-1,0,0,0,0,0,0,0,0,0,0,0,0,394,0,0,0,0,512,0,0,0,1309324210,-1440044374
11757,Desecrate this Fire!,,5684,9484,0,-1,0,0,0,0,0,0,0,0,0,0,0,0,394,0,0,0,0,512,0,0,0,1309324210,-1440044374
11758,Desecrate this Fire!,,5685,9484,0,-1,0,0,0,0,0,0,0,0,0,0,0,0,394,0,0,0,0,512,0,0,0,1309324210,-1440044374
11759,Desecrate this Fire!,,5686,9484,0,-1,0,0,0,0,0,0,0,0,0,0,0,0,394,0,0,0,0,512,0,0,0,1309324210,-1440044374
11760,Desecrate this Fire!,,5687,9484,0,-1,0,0,0,0,0,0,0,0,0,0,0,0,394,0,0,0,0,512,0,0,0,1309324210,-1440044374
11761,Desecrate this Fire!,,5688,9484,0,-1,0,0,0,0,0,0,0,0,0,0,0,0,394,0,0,0,0,512,0,0,0,1309324210,-1440044374
11762,Desecrate this Fire!,,5689,9484,0,-1,0,0,0,0,0,0,0,0,0,0,0,0,394,0,0,0,0,512,0,0,0,1309324210,-1440044374
11763,Desecrate this Fire!,,5690,9484,0,-1,0,0,0,0,0,0,0,0,0,0,0,0,394,0,0,0,0,512,0,0,0,1309324210,-1440044374
11764,Desecrate this Fire!,,5691,9484,0,-1,0,0,0,0,0,0,0,0,0,0,0,0,394,0,0,0,0,512,0,0,0,-1321907123,1427461461
11765,Desecrate this Fire!,,5692,9484,0,-1,0,0,0,0,0,0,0,0,0,0,0,0,394,0,0,0,0,512,0,0,0,-1321907123,1427461461
11766,Desecrate this Fire!,,5693,9484,0,-1,0,0,0,0,0,0,0,0,0,0,0,0,394,0,0,0,0,512,0,0,0,-1321907123,1427461461
11767,Desecrate this Fire!,,5694,9484,0,-1,0,0,0,0,0,0,0,0,0,0,0,0,394,0,0,0,0,512,0,0,0,-1321907123,1427461461
11768,Desecrate this Fire!,,5695,9484,0,-1,0,0,0,0,0,0,0,0,0,0,0,0,394,0,0,0,0,512,0,0,0,-1321907123,1427461461
11769,Desecrate this Fire!,,5696,9484,0,-1,0,0,0,0,0,0,0,0,0,0,0,0,394,0,0,0,0,512,0,0,0,-1321907123,1427461461
11770,Desecrate this Fire!,,5697,9484,0,-1,0,0,0,0,0,0,0,0,0,0,0,0,394,0,0,0,0,512,0,0,0,-1321907123,1427461461
11771,Desecrate this Fire!,,5698,9484,0,-1,0,0,0,0,0,0,0,0,0,0,0,0,394,0,0,0,0,512,0,0,0,-1321907123,1427461461
11772,Desecrate this Fire!,,5699,9484,0,-1,0,0,0,0,0,0,0,0,0,0,0,0,394,0,0,0,0,512,0,0,0,-1321907123,1427461461
11773,Desecrate this Fire!,,5700,9484,0,-1,0,0,0,0,0,0,0,0,0,0,0,0,394,0,0,0,0,512,0,0,0,-1321907123,1427461461
11774,Desecrate this Fire!,,5701,9484,0,-1,0,0,0,0,0,0,0,0,0,0,0,0,394,0,0,0,0,512,0,0,0,-1321907123,1427461461
11775,Desecrate this Fire!,,5702,9484,0,-1,0,0,0,0,0,0,0,0,0,0,0,0,394,0,0,0,0,512,0,0,0,-1321907123,1427461461
11776,Desecrate this Fire!,,5703,9484,0,-1,0,0,0,0,0,0,0,0,0,0,0,0,394,0,0,0,0,512,0,0,0,-1321907123,1427461461
11777,Desecrate this Fire!,,5704,9484,0,-1,0,0,0,0,0,0,0,0,0,0,0,0,394,0,0,0,0,512,0,0,0,-1321907123,1427461461
11778,Desecrate this Fire!,,5705,9484,0,-1,0,0,0,0,0,0,0,0,0,0,0,0,394,0,0,0,0,512,0,0,0,-1321907123,1427461461
11779,Desecrate this Fire!,,5706,9484,0,-1,0,0,0,0,0,0,0,0,0,0,0,0,394,0,0,0,0,512,0,0,0,-1321907123,1427461461
11780,Desecrate this Fire!,,5707,9484,0,-1,0,0,0,0,0,0,0,0,0,0,0,0,394,0,0,0,0,512,0,0,0,-1321907123,1427461461
11781,Desecrate this Fire!,,5708,9484,0,-1,0,0,0,0,0,0,0,0,0,0,0,0,394,0,0,0,0,512,0,0,0,-1321907123,1427461461
11782,Desecrate this Fire!,,5709,9484,0,-1,0,0,0,0,0,0,0,0,0,0,0,0,394,0,0,0,0,512,0,0,0,-1321907123,1427461461
11783,Desecrate this Fire!,,5710,9484,0,-1,0,0,0,0,0,0,0,0,0,0,0,0,394,0,0,0,0,512,0,0,0,-1321907123,1427461461
11784,Desecrate this Fire!,,5711,9484,0,-1,0,0,0,0,0,0,0,0,0,0,0,0,394,0,0,0,0,512,0,0,0,-1321907123,1427461461
11785,Desecrate this Fire!,,5712,9484,0,-1,0,0,0,0,0,0,0,0,0,0,0,0,394,0,0,0,0,512,0,0,0,-1321907123,1427461461
11786,Desecrate this Fire!,,5713,9484,0,-1,0,0,0,0,0,0,0,0,0,0,0,0,394,0,0,0,0,512,0,0,0,-1321907123,1427461461
11787,Desecrate this Fire!,,5714,9484,0,-1,0,0,0,0,0,0,0,0,0,0,0,0,394,0,0,0,0,512,0,0,0,-1321907123,1427461461
11799,Desecrate this Fire!,,5726,9484,0,-1,0,0,0,0,0,0,0,0,0,0,0,0,394,0,0,0,0,512,0,0,0,-1321907123,1427461461
11800,Desecrate this Fire!,,5727,9484,0,-1,0,0,0,0,0,0,0,0,0,0,0,0,394,0,0,0,0,512,0,0,0,-1321907123,1427461461
11801,Desecrate this Fire!,,5728,9484,0,-1,0,0,0,0,0,0,0,0,0,0,0,0,394,0,0,0,0,512,0,0,0,-1321907123,1427461461
11802,Desecrate this Fire!,,5729,9484,0,-1,0,0,0,0,0,0,0,0,0,0,0,0,394,0,0,0,0,512,0,0,0,-1321907123,1427461461
11803,Desecrate this Fire!,,5730,9484,0,-1,0,0,0,0,0,0,0,0,0,0,0,0,394,0,0,0,0,512,0,0,0,-1321907123,1427461461
11804,Honor the Flame,,5731,9484,0,-1,0,0,0,0,0,0,0,0,0,0,0,0,394,0,0,0,0,512,0,0,0,-1321907123,1427461461
11805,Honor the Flame,,5732,9484,0,-1,0,0,0,0,0,0,0,0,0,0,0,0,394,0,0,0,0,512,0,0,0,-1321907123,1427461461
11806,Honor the Flame,,5733,9484,0,-1,0,0,0,0,0,0,0,0,0,0,0,0,394,0,0,0,0,512,0,0,0,-1321907123,1427461461
11807,Honor the Flame,,5734,9484,0,-1,0,0,0,0,0,0,0,0,0,0,0,0,394,0,0,0,0,512,0,0,0,-1321907123,1427461461
11808,Honor the Flame,,5735,9484,0,-1,0,0,0,0,0,0,0,0,0,0,0,0,394,0,0,0,0,512,0,0,0,-1321907123,1427461461
11809,Honor the Flame,,5736,9484,0,-1,0,0,0,0,0,0,0,0,0,0,0,0,394,0,0,0,0,512,0,0,0,-1321907123,1427461461
11810,Honor the Flame,,5737,9484,0,-1,0,0,0,0,0,0,0,0,0,0,0,0,394,0,0,0,0,512,0,0,0,-1321907123,1427461461
11811,Honor the Flame,,5738,9484,0,-1,0,0,0,0,0,0,0,0,0,0,0,0,394,0,0,0,0,512,0,0,0,-1321907123,1427461461
11812,Honor the Flame,,5739,9484,0,-1,0,0,0,0,0,0,0,0,0,0,0,0,394,0,0,0,0,512,0,0,0,-1321907123,1427461461
11813,Honor the Flame,,5740,9484,0,-1,0,0,0,0,0,0,0,0,0,0,0,0,394,0,0,0,0,512,0,0,0,-1321907123,1427461461
11814,Honor the Flame,,5741,9484,0,-1,0,0,0,0,0,0,0,0,0,0,0,0,394,0,0,0,0,512,0,0,0,-1321907123,1427461461
11815,Honor the Flame,,5742,9484,0,-1,0,0,0,0,0,0,0,0,0,0,0,0,394,0,0,0,0,512,0,0,0,-1321907123,1427461461
11816,Honor the Flame,,5743,9484,0,-1,0,0,0,0,0,0,0,0,0,0,0,0,394,0,0,0,0,512,0,0,0,-1321907123,1427461461
11817,Honor the Flame,,5745,9484,0,-1,0,0,0,0,0,0,0,0,0,0,0,0,394,0,0,0,0,512,0,0,0,-1321907123,1427461461
11818,Honor the Flame,,5746,9484,0,-1,0,0,0,0,0,0,0,0,0,0,0,0,394,0,0,0,0,512,0,0,0,-1321907123,1427461461
11819,Honor the Flame,,5749,9484,0,-1,0,0,0,0,0,0,0,0,0,0,0,0,394,0,0,0,0,512,0,0,0,-1321907123,1427461461
11820,Honor the Flame,,5748,9484,0,-1,0,0,0,0,0,0,0,0,0,0,0,0,394,0,0,0,0,512,0,0,0,-1321907123,1427461461
11821,Honor the Flame,,5750,9484,0,-1,0,0,0,0,0,0,0,0,0,0,0,0,394,0,0,0,0,512,0,0,0,-1321907123,1427461461
11822,Honor the Flame,,5751,9484,0,-1,0,0,0,0,0,0,0,0,0,0,0,0,394,0,0,0,0,512,0,0,0,-1321907123,1427461461
11823,Honor the Flame,,5752,9484,0,-1,0,0,0,0,0,0,0,0,0,0,0,0,394,0,0,0,0,512,0,0,0,-1321907123,1427461461
11824,Honor the Flame,,5753,9484,0,-1,0,0,0,0,0,0,0,0,0,0,0,0,394,0,0,0,0,512,0,0,0,-1321907123,1427461461
11825,Honor the Flame,,5754,9484,0,-1,0,0,0,0,0,0,0,0,0,0,0,0,394,0,0,0,0,512,0,0,0,-1321907123,1427461461
11826,Honor the Flame,,5755,9484,0,-1,0,0,0,0,0,0,0,0,0,0,0,0,394,0,0,0,0,512,0,0,0,-1321907123,1427461461
11827,Honor the Flame,,5756,9484,0,-1,0,0,0,0,0,0,0,0,0,0,0,0,394,0,0,0,0,512,0,0,0,-1321907123,1427461461
11828,Honor the Flame,,5757,9484,0,-1,0,0,0,0,0,0,0,0,0,0,0,0,394,0,0,0,0,512,0,0,0,-1321907123,1427461461
11829,Honor the Flame,,5758,9484,0,-1,0,0,0,0,0,0,0,0,0,0,0,0,394,0,0,0,0,512,0,0,0,-1321907123,1427461461
11830,Honor the Flame,,5759,9484,0,-1,0,0,0,0,0,0,0,0,0,0,0,0,394,0,0,0,0,512,0,0,0,-1321907123,1427461461
11831,Honor the Flame,,5760,9484,0,-1,0,0,0,0,0,0,0,0,0,0,0,0,394,0,0,0,0,512,0,0,0,-1321907123,1427461461
11832,Honor the Flame,,5761,9484,0,-1,0,0,0,0,0,0,0,0,0,0,0,0,394,0,0,0,0,512,0,0,0,-1321907123,1427461461
11833,Honor the Flame,,5762,9484,0,-1,0,0,0,0,0,0,0,0,0,0,0,0,394,0,0,0,0,512,0,0,0,-1321907123,1427461461
11834,Honor the Flame,,5763,9484,0,-1,0,0,0,0,0,0,0,0,0,0,0,0,394,0,0,0,0,512,0,0,0,-1321907123,1427461461
11835,Honor the Flame,,5764,9484,0,-1,0,0,0,0,0,0,0,0,0,0,0,0,394,0,0,0,0,512,0,0,0,1309324210,-1440044374
11836,Honor the Flame,,5765,9484,0,-1,0,0,0,0,0,0,0,0,0,0,0,0,394,0,0,0,0,512,0,0,0,1309324210,-1440044374
11837,Honor the Flame,,5766,9484,0,-1,0,0,0,0,0,0,0,0,0,0,0,0,394,0,0,0,0,512,0,0,0,1309324210,-1440044374
11838,Honor the Flame,,5767,9484,0,-1,0,0,0,0,0,0,0,0,0,0,0,0,394,0,0,0,0,512,0,0,0,1309324210,-1440044374
11839,Honor the Flame,,5768,9484,0,-1,0,0,0,0,0,0,0,0,0,0,0,0,394,0,0,0,0,512,0,0,0,1309324210,-1440044374
11840,Honor the Flame,,5769,9484,0,-1,0,0,0,0,0,0,0,0,0,0,0,0,394,0,0,0,0,512,0,0,0,1309324210,-1440044374
11841,Honor the Flame,,5770,9484,0,-1,0,0,0,0,0,0,0,0,0,0,0,0,394,0,0,0,0,512,0,0,0,1309324210,-1440044374
11842,Honor the Flame,,5771,9484,0,-1,0,0,0,0,0,0,0,0,0,0,0,0,394,0,0,0,0,512,0,0,0,1309324210,-1440044374
11843,Honor the Flame,,5772,9484,0,-1,0,0,0,0,0,0,0,0,0,0,0,0,394,0,0,0,0,512,0,0,0,1309324210,-1440044374
11844,Honor the Flame,,5773,9484,0,-1,0,0,0,0,0,0,0,0,0,0,0,0,394,0,0,0,0,512,0,0,0,1309324210,-1440044374
11845,Honor the Flame,,5774,9484,0,-1,0,0,0,0,0,0,0,0,0,0,0,0,394,0,0,0,0,512,0,0,0,1309324210,-1440044374
11846,Honor the Flame,,5775,9484,0,-1,0,0,0,0,0,0,0,0,0,0,0,0,394,0,0,0,0,512,0,0,0,1309324210,-1440044374
11847,Honor the Flame,,5776,9484,0,-1,0,0,0,0,0,0,0,0,0,0,0,0,394,0,0,0,0,512,0,0,0,1309324210,-1440044374
11848,Honor the Flame,,5777,9484,0,-1,0,0,0,0,0,0,0,0,0,0,0,0,394,0,0,0,0,512,0,0,0,1309324210,-1440044374
11849,Honor the Flame,,5778,9484,0,-1,0,0,0,0,0,0,0,0,0,0,0,0,394,0,0,0,0,512,0,0,0,1309324210,-1440044374
11850,Honor the Flame,,5779,9484,0,-1,0,0,0,0,0,0,0,0,0,0,0,0,394,0,0,0,0,512,0,0,0,1309324210,-1440044374
11851,Honor the Flame,,5810,9484,0,-1,0,0,0,0,0,0,0,0,0,0,0,0,394,0,0,0,0,512,0,0,0,1309324210,-1440044374
11852,Honor the Flame,,5781,9484,0,-1,0,0,0,0,0,0,0,0,0,0,0,0,394,0,0,0,0,512,0,0,0,1309324210,-1440044374
11853,Honor the Flame,,5782,9484,0,-1,0,0,0,0,0,0,0,0,0,0,0,0,394,0,0,0,0,512,0,0,0,1309324210,-1440044374
11854,Honor the Flame,,5783,9484,0,-1,0,0,0,0,0,0,0,0,0,0,0,0,394,0,0,0,0,512,0,0,0,1309324210,-1440044374
11855,Honor the Flame,,5784,9484,0,-1,0,0,0,0,0,0,0,0,0,0,0,0,394,0,0,0,0,512,0,0,0,1309324210,-1440044374
11856,Honor the Flame,,5785,9484,0,-1,0,0,0,0,0,0,0,0,0,0,0,0,394,0,0,0,0,512,0,0,0,1309324210,-1440044374
11857,Honor the Flame,,5786,9484,0,-1,0,0,0,0,0,0,0,0,0,0,0,0,394,0,0,0,0,512,0,0,0,1309324210,-1440044374
11858,Honor the Flame,,5787,9484,0,-1,0,0,0,0,0,0,0,0,0,0,0,0,394,0,0,0,0,512,0,0,0,1309324210,-1440044374
11859,Honor the Flame,,5788,9484,0,-1,0,0,0,0,0,0,0,0,0,0,0,0,394,0,0,0,0,512,0,0,0,1309324210,-1440044374
11860,Honor the Flame,,5789,9484,0,-1,0,0,0,0,0,0,0,0,0,0,0,0,394,0,0,0,0,512,0,0,0,1309324210,-1440044374
11861,Honor the Flame,,5790,9484,0,-1,0,0,0,0,0,0,0,0,0,0,0,0,394,0,0,0,0,512,0,0,0,1309324210,-1440044374
11862,Honor the Flame,,5791,9484,0,-1,0,0,0,0,0,0,0,0,0,0,0,0,394,0,0,0,0,512,0,0,0,1309324210,-1440044374
11863,Honor the Flame,,5792,9484,0,-1,0,0,0,0,0,0,0,0,0,0,0,0,394,0,0,0,0,512,0,0,0,1309324210,-1440044374
11886,Unusual Activity,,5818,9484,0,-1,0,0,0,0,0,0,0,0,0,35828,0,0,395,0,2,268435464,0,268436992,0,0,0,-1,-1
11964,Incense for the Summer Scorchlings,,5893,9484,0,-1,0,0,0,0,0,0,0,0,0,35725,0,0,394,0,2,8,0,268435968,0,0,0,-1321907123,1427461461
11966,Incense for the Festival Scorchlings,,5895,9484,0,-1,0,0,0,0,0,0,0,0,0,35725,0,0,394,0,2,8,0,268435968,0,0,0,1309324210,-1440044374
13440,Desecrate this Fire!,,7203,9484,0,-1,0,0,0,0,0,0,0,0,0,0,0,0,394,0,0,0,0,512,0,0,0,1309324210,-1440044374
13441,Desecrate this Fire!,,7202,9484,0,-1,0,0,0,0,0,0,0,0,0,0,0,0,394,0,0,0,0,512,0,0,0,-1321907123,1427461461
13442,Desecrate this Fire!,,7204,9484,0,-1,0,0,0,0,0,0,0,0,0,0,0,0,394,0,0,0,0,512,0,0,0,1309324210,-1440044374
13443,Desecrate this Fire!,,7207,9484,0,-1,0,0,0,0,0,0,0,0,0,0,0,0,394,0,0,0,0,512,0,0,0,1309324210,-1440044374
13444,Desecrate this Fire!,,7208,9484,0,-1,0,0,0,0,0,0,0,0,0,0,0,0,394,0,0,0,0,512,0,0,0,1309324210,-1440044374
13445,Desecrate this Fire!,,7211,9484,0,-1,0,0,0,0,0,0,0,0,0,0,0,0,394,0,0,0,0,512,0,0,0,1309324210,-1440044374
13446,Desecrate this Fire!,,7212,9484,0,-1,0,0,0,0,0,0,0,0,0,0,0,0,394,0,0,0,0,512,0,0,0,1309324210,-1440044374
13447,Desecrate this Fire!,,7215,9484,0,-1,0,0,0,0,0,0,0,0,0,0,0,0,394,0,0,0,0,512,0,0,0,1309324210,-1440044374
13449,Desecrate this Fire!,,7216,9484,0,-1,0,0,0,0,0,0,0,0,0,0,0,0,394,0,0,0,0,512,0,0,0,1309324210,-1440044374
13450,Desecrate this Fire!,,7205,9484,0,-1,0,0,0,0,0,0,0,0,0,0,0,0,394,0,0,0,0,512,0,0,0,-1321907123,1427461461
13451,Desecrate this Fire!,,7206,9484,0,-1,0,0,0,0,0,0,0,0,0,0,0,0,394,0,0,0,0,512,0,0,0,-1321907123,1427461461
13453,Desecrate this Fire!,,7209,9484,0,-1,0,0,0,0,0,0,0,0,0,0,0,0,394,0,0,0,0,512,0,0,0,-1321907123,1427461461
13454,Desecrate this Fire!,,7210,9484,0,-1,0,0,0,0,0,0,0,0,0,0,0,0,394,0,0,0,0,512,0,0,0,-1321907123,1427461461
13455,Desecrate this Fire!,,7213,9484,0,-1,0,0,0,0,0,0,0,0,0,0,0,0,394,0,0,0,0,512,0,0,0,-1321907123,1427461461
13457,Desecrate this Fire!,,7214,9484,0,-1,0,0,0,0,0,0,0,0,0,0,0,0,394,0,0,0,0,512,0,0,0,-1321907123,1427461461
13458,Desecrate this Fire!,,7217,9484,0,-1,0,0,0,0,0,0,0,0,0,0,0,0,394,0,0,0,0,512,0,0,0,-1321907123,1427461461
13485,Honor the Flame,,7220,9484,0,-1,0,0,0,0,0,0,0,0,0,0,0,0,394,0,0,0,0,512,0,0,0,-1321907123,1427461461
13486,Honor the Flame,,7225,9484,0,-1,0,0,0,0,0,0,0,0,0,0,0,0,394,0,0,0,0,512,0,0,0,-1321907123,1427461461
13487,Honor the Flame,,7222,9484,0,-1,0,0,0,0,0,0,0,0,0,0,0,0,394,0,0,0,0,512,0,0,0,-1321907123,1427461461
13488,Honor the Flame,,7224,9484,0,-1,0,0,0,0,0,0,0,0,0,0,0,0,394,0,0,0,0,512,0,0,0,-1321907123,1427461461
13489,Honor the Flame,,7223,9484,0,-1,0,0,0,0,0,0,0,0,0,0,0,0,394,0,0,0,0,512,0,0,0,-1321907123,1427461461
13490,Honor the Flame,,7226,9484,0,-1,0,0,0,0,0,0,0,0,0,0,0,0,394,0,0,0,0,512,0,0,0,-1321907123,1427461461
13491,Honor the Flame,,7221,9484,0,-1,0,0,0,0,0,0,0,0,0,0,0,0,394,0,0,0,0,512,0,0,0,-1321907123,1427461461
13492,Honor the Flame,,7227,9484,0,-1,0,0,0,0,0,0,0,0,0,0,0,0,394,0,0,0,0,512,0,0,0,-1321907123,1427461461
13493,Honor the Flame,,7228,9484,0,-1,0,0,0,0,0,0,0,0,0,0,0,0,394,0,0,0,0,512,0,0,0,1309324210,-1440044374
13494,Honor the Flame,,7233,9484,0,-1,0,0,0,0,0,0,0,0,0,0,0,0,394,0,0,0,0,512,0,0,0,1309324210,-1440044374
13495,Honor the Flame,,7230,9484,0,-1,0,0,0,0,0,0,0,0,0,0,0,0,394,0,0,0,0,512,0,0,0,1309324210,-1440044374
13496,Honor the Flame,,7232,9484,0,-1,0,0,0,0,0,0,0,0,0,0,0,0,394,0,0,0,0,512,0,0,0,1309324210,-1440044374
13497,Honor the Flame,,7231,9484,0,-1,0,0,0,0,0,0,0,0,0,0,0,0,394,0,0,0,0,512,0,0,0,1309324210,-1440044374
13498,Honor the Flame,,7234,9484,0,-1,0,0,0,0,0,0,0,0,0,0,0,0,394,0,0,0,0,512,0,0,0,1309324210,-1440044374
13499,Honor the Flame,,7229,9484,0,-1,0,0,0,0,0,0,0,0,0,0,0,0,394,0,0,0,0,512,0,0,0,1309324210,-1440044374
13500,Honor the Flame,,7235,9484,0,-1,0,0,0,0,0,0,0,0,0,0,0,0,394,0,0,0,0,512,0,0,0,1309324210,-1440044374
28910,Desecrate this Fire!,,11855,9484,0,-1,0,0,0,0,0,0,0,0,0,0,0,0,394,0,0,0,0,512,0,0,0,1309324210,-1440044374
28911,Desecrate this Fire!,,11856,9484,0,-1,0,0,0,0,0,0,0,0,0,0,0,0,394,0,0,0,0,512,0,0,0,-1321907123,1427461461
28912,Desecrate this Fire!,,11857,9484,0,-1,0,0,0,0,0,0,0,0,0,0,0,0,394,0,0,0,0,512,0,0,0,1309324210,-1440044374
28913,Desecrate this Fire!,,11858,9484,0,-1,0,0,0,0,0,0,0,0,0,0,0,0,394,0,0,0,0,512,0,0,0,1309324210,-1440044374
28914,Desecrate this Fire!,,11859,9484,0,-1,0,0,0,0,0,0,0,0,0,0,0,0,394,0,0,0,0,512,0,0,0,-1321907123,1427461461
28915,Desecrate this Fire!,,11860,9484,0,-1,0,0,0,0,0,0,0,0,0,0,0,0,394,0,0,0,0,512,0,0,0,1309324210,-1440044374
28916,Desecrate this Fire!,,11861,9484,0,-1,0,0,0,0,0,0,0,0,0,0,0,0,394,0,0,0,0,512,0,0,0,1309324210,-1440044374
28917,Desecrate this Fire!,,11888,9484,0,-1,0,0,0,0,0,0,0,0,0,0,0,0,394,0,0,0,0,512,0,0,0,-1321907123,1427461461
28918,Desecrate this Fire!,,11863,9484,0,-1,0,0,0,0,0,0,0,0,0,0,0,0,394,0,0,0,0,512,0,0,0,-1321907123,1427461461
28919,Desecrate this Fire!,,11864,9484,0,-1,0,0,0,0,0,0,0,0,0,0,0,0,394,0,0,0,0,512,0,0,0,-1321907123,1427461461
28920,Desecrate this Fire!,,11865,9484,0,-1,0,0,0,0,0,0,0,0,0,0,0,0,394,0,0,0,0,512,0,0,0,-1321907123,1427461461
28921,Desecrate this Fire!,,11866,9484,0,-1,0,0,0,0,0,0,0,0,0,0,0,0,394,0,0,0,0,512,0,0,0,1309324210,-1440044374
28922,Honor the Flame,,11868,9484,0,-1,0,0,0,0,0,0,0,0,0,0,0,0,394,0,0,0,0,512,0,0,0,-1321907123,1427461461
28923,Honor the Flame,,11869,9484,0,-1,0,0,0,0,0,0,0,0,0,0,0,0,394,0,0,0,0,512,0,0,0,1309324210,-1440044374
28924,Honor the Flame,,11870,9484,0,-1,0,0,0,0,0,0,0,0,0,0,0,0,394,0,0,0,0,512,0,0,0,1309324210,-1440044374
28925,Honor the Flame,,11871,9484,0,-1,0,0,0,0,0,0,0,0,0,0,0,0,394,0,0,0,0,512,0,0,0,-1321907123,1427461461
28926,Honor the Flame,,11872,9484,0,-1,0,0,0,0,0,0,0,0,0,0,0,0,394,0,0,0,0,512,0,0,0,-1321907123,1427461461
28927,Honor the Flame,,11873,9484,0,-1,0,0,0,0,0,0,0,0,0,0,0,0,394,0,0,0,0,512,0,0,0,1309324210,-1440044374
28928,Honor the Flame,,11874,9484,0,-1,0,0,0,0,0,0,0,0,0,0,0,0,394,0,0,0,0,512,0,0,0,-1321907123,1427461461
28929,Honor the Flame,,11875,9484,0,-1,0,0,0,0,0,0,0,0,0,0,0,0,394,0,0,0,0,512,0,0,0,-1321907123,1427461461
28930,Honor the Flame,,11876,9484,0,-1,0,0,0,0,0,0,0,0,0,0,0,0,394,0,0,0,0,512,0,0,0,1309324210,-1440044374
28931,Honor the Flame,,11877,9484,0,-1,0,0,0,0,0,0,0,0,0,0,0,0,394,0,0,0,0,512,0,0,0,1309324210,-1440044374
28932,Honor the Flame,,11878,9484,0,-1,0,0,0,0,0,0,0,0,0,0,0,0,394,0,0,0,0,512,0,0,0,-1321907123,1427461461
28933,Honor the Flame,,11879,9484,0,-1,0,0,0,0,0,0,0,0,0,0,0,0,394,0,0,0,0,512,0,0,0,1309324210,-1440044374
28943,Desecrate this Fire!,,11890,9484,0,-1,0,0,0,0,0,0,0,0,0,0,0,0,394,0,0,0,0,512,0,0,0,1309324210,-1440044374
28944,Desecrate this Fire!,,11891,9484,0,-1,0,0,0,0,0,0,0,0,0,0,0,0,394,0,0,0,0,512,0,0,0,-1321907123,1427461461
28945,Honor the Flame,,11892,9484,0,-1,0,0,0,0,0,0,0,0,0,0,0,0,394,0,0,0,0,512,0,0,0,-1321907123,1427461461
28946,Honor the Flame,,11893,9484,0,-1,0,0,0,0,0,0,0,0,0,0,0,0,394,0,0,0,0,512,0,0,0,1309324210,-1440044374
28947,Desecrate this Fire!,,11894,9484,0,-1,0,0,0,0,0,0,0,0,0,0,0,0,394,0,0,0,0,512,0,0,0,1309324210,-1440044374
28948,Desecrate this Fire!,,11895,9484,0,-1,0,0,0,0,0,0,0,0,0,0,0,0,394,0,0,0,0,512,0,0,0,-1321907123,1427461461
28949,Honor the Flame,,11896,9484,0,-1,0,0,0,0,0,0,0,0,0,0,0,0,394,0,0,0,0,512,0,0,0,1309324210,-1440044374
28950,Honor the Flame,,11897,9484,0,-1,0,0,0,0,0,0,0,0,0,0,0,0,394,0,0,0,0,512,0,0,0,-1321907123,1427461461
29030,Honor the Flame,Honor the Earthen Ring Bonfire in Hyjal.,11976,9484,0,-1,0,0,0,0,0,0,0,0,0,0,0,0,394,0,2,2097152,0,268435968,0,0,0,-1,-1
29031,Honor the Flame,Honor the Earthen Ring Bonfire in Vashj'ir.,11982,9484,0,-1,0,0,0,0,0,0,0,0,0,0,0,0,394,0,2,2097152,0,268435968,0,0,0,-1,-1
29036,Honor the Flame,Honor the Earthen Ring Bonfire in Deepholm.,11983,9484,0,-1,0,0,0,0,0,0,0,0,0,0,0,0,394,0,2,2097152,0,268435968,0,0,0,-1,-1
30134,Wild Things,,12939,0,0,-1,0,0,0,0,0,0,0,0,0,0,0,0,57,0,2,0,0,268435968,0,0,0,-1,-1
31001,Falling Down,,13601,0,0,-1,0,0,0,0,0,0,0,0,0,0,0,0,62,0,2,8,0,268435968,0,0,0,-1,-1
31394,A Celestial Experience,,13906,0,0,-1,0,0,0,0,0,0,0,0,0,0,0,0,7210,0,2,1048584,0,268435968,0,0,0,-1321907123,1427461461
31395,A Celestial Experience,,13906,0,0,-1,0,0,0,0,0,0,0,0,0,0,0,0,7210,0,2,1048584,0,268435968,0,0,0,1309324210,-1440044374
31511,A Witness to History,,14001,0,0,-1,0,0,0,0,0,0,0,0,0,0,0,0,7210,0,2,8,0,268435968,31395,0,0,1309324210,-1440044374
31512,A Witness to History,,14001,0,0,-1,0,0,0,0,0,0,0,0,0,0,0,0,7210,0,2,2097160,0,268435968,31394,0,0,-1321907123,1427461461
31697,Jeremy's Test Quest,,22887,0,0,-1,0,0,0,0,0,0,0,0,0,0,0,109,798,0,3,3735552,131072,268435456,0,0,0,-1,-1
32246,Meet the Scout,,14562,0,0,-1,0,0,0,0,0,0,0,0,0,0,0,0,59,0,2,2097152,0,268435968,0,0,0,-1321907123,1427461461
32249,Meet the Scout,,14562,0,0,-1,0,0,0,0,0,0,0,0,0,0,0,0,59,0,2,2097152,0,268435968,0,0,0,1309324210,-1440044374
32496,Desecrate this Fire!,,14773,9484,0,-1,0,0,0,0,0,0,0,0,0,0,0,0,394,0,0,0,0,512,0,0,0,-1,-1
32497,Honor the Flame,Honor the Midsummer Bonfire in Dread Wastes.,14774,9484,0,-1,0,0,0,0,0,0,0,0,0,0,0,0,394,0,2,2097152,0,268435968,0,0,0,-1,-1
32498,Honor the Flame,Honor the Midsummer Bonfire in Jade Forest.,14775,9484,0,-1,0,0,0,0,0,0,0,0,0,0,0,0,394,0,2,2097152,0,268435968,0,0,0,-1,-1
32499,Honor the Flame,Honor the Midsummer Bonfire in Krasarang Wilds.,14772,9484,0,-1,0,0,0,0,0,0,0,0,0,0,0,0,394,0,2,2097152,0,268435968,0,0,0,-1,-1
32500,Honor the Flame,Honor the Midsummer Bonfire in Kun-Lai Summit.,14776,9484,0,-1,0,0,0,0,0,0,0,0,0,0,0,0,394,0,2,2097152,0,268435968,0,0,0,-1,-1
32501,Honor the Flame,Honor the Midsummer Bonfire in Townlong Steppes.,14777,9484,0,-1,0,0,0,0,0,0,0,0,0,0,0,0,394,0,2,2097152,0,268435968,0,0,0,-1,-1
32502,Honor the Flame,Honor the Midsummer Bonfire in Valley of the Four Winds.,14778,9484,0,-1,0,0,0,0,0,0,0,0,0,0,0,0,394,0,2,2097152,0,268435968,0,0,0,-1,-1
32503,Desecrate this Fire!,,14779,9484,0,-1,0,0,0,0,0,0,0,0,0,0,0,0,394,0,0,0,0,512,0,0,0,-1,-1
32509,Honor the Flame,,14785,9484,0,-1,0,0,0,0,0,0,0,0,0,0,0,0,394,0,0,0,0,512,0,0,0,1309324210,-1440044374
32510,Honor the Flame,,14786,9484,0,-1,0,0,0,0,0,0,0,0,0,0,0,0,394,0,0,0,0,512,0,0,0,-1321907123,1427461461
32680,The Storm Gathers,,14859,0,0,-1,0,0,0,0,0,0,0,0,0,0,0,0,167,0,2,572522504,0,268435968,0,0,0,1309324210,-1440044374
32681,The Storm Gathers,,14859,0,0,-1,0,0,0,0,0,0,0,0,0,0,0,0,167,0,2,572522504,0,268435968,0,0,0,-1321907123,1427461461
33145,Grimfrost Hill,,15222,0,0,-1,0,0,0,0,0,0,0,0,0,0,0,0,64,0,3,34144256,8192,268435456,0,0,0,1309324210,-1440044374
33156,Time Keeper Kairoz,,15234,0,0,-1,0,0,0,0,0,0,0,0,0,0,0,0,169,0,2,2097152,0,268435968,0,0,0,1309324210,-1440044374
33160,Time Keeper Kairoz,,15234,0,0,-1,0,0,0,0,0,0,0,0,0,0,0,0,169,0,2,2097152,0,268435968,0,0,0,-1321907123,1427461461
33232,Journey to the Timeless Isle,,15309,0,0,-1,0,0,0,0,0,0,0,0,15234,104110,0,0,169,0,2,302120968,0,268435968,0,0,0,1309324210,-1440044374
34076,The Burial Fields,,15961,0,0,-1,0,0,0,0,0,0,0,0,0,0,0,0,63,0,3,34144256,0,268435456,0,0,0,-1321907123,1427461461
34496,The Hills of Valuun,,16321,0,0,-1,0,0,0,0,0,0,0,0,0,0,0,0,63,0,3,34144256,0,268435456,0,0,0,-1321907123,1427461461
34501,Frostbite Hollow,,16326,0,0,-1,0,0,0,0,0,0,0,0,0,0,0,0,64,0,3,38338560,8192,268435456,0,0,0,1309324210,-1440044374
34504,Bloodthorn Cave,,16329,0,0,-1,0,0,0,0,0,0,0,0,0,0,0,0,63,0,3,37289984,0,268435456,0,0,0,-1321907123,1427461461
34505,Forbidden Glacier,,16330,28902,0,-1,0,0,0,0,0,0,0,0,0,0,0,0,64,0,3,34144256,0,268435456,0,0,0,1309324210,-1440044374
34639,Aruuna's Desolation,,16398,0,0,-1,0,0,0,0,0,0,0,0,0,0,0,0,66,0,3,589824,0,268435456,0,0,0,-1,-1
34660,Zorkra's Fall,,16417,0,0,-1,0,0,0,0,0,0,0,0,0,0,0,0,66,0,3,34144256,0,268435456,0,0,0,-1,-1
34667,Court of Souls,,16424,0,0,-1,0,0,0,0,0,0,0,0,0,0,0,0,66,0,3,34144256,0,268435456,0,0,0,-1,-1
34723,Ironfist Harbor,,16470,0,0,-1,0,0,0,0,0,0,0,0,0,0,0,0,68,0,3,34144256,0,268435456,0,0,0,-1,-1
34724,The Forgotten Caves,,18083,0,0,-1,0,0,0,0,0,0,0,0,0,0,0,0,65,0,3,34144256,0,268435456,0,0,0,-1,-1
34726,Vignette: Pale Spider Broodmother,,18084,0,0,-1,0,0,0,0,0,0,0,0,0,0,0,0,0,0,3,33555464,0,0,0,0,0,-1,-1
34728,The Shimmer Moor,,16472,0,0,-1,0,0,0,0,0,0,0,0,0,0,0,0,63,0,3,34144256,0,268435456,0,0,0,-1321907123,1427461461
35236,Orunai Coast,,16836,0,0,-1,0,0,0,0,0,0,0,0,0,0,0,0,66,0,3,34144256,0,268435456,0,0,0,-1321907123,1427461461
35237,Mor'gran Logworks,,16837,0,0,-1,0,0,0,0,0,0,0,0,0,0,0,0,66,0,3,34144256,0,268435456,0,0,0,1309324210,-1440044374
35250,Test Quest,,16847,0,0,-1,0,0,0,0,0,0,0,0,0,0,0,0,798,0,3,33554432,131328,268435456,0,0,0,-1,-1
35379,Hemet's Happy Hunting Grounds,,16917,0,0,-1,0,0,0,0,0,0,0,0,0,0,0,0,68,0,3,34144256,0,268435456,0,0,0,-1,-1
35637,Assault on Stonefury Cliffs,,17076,33050,0,-1,0,0,0,0,0,0,0,0,0,0,0,0,816,0,3,41488384,524288,268435464,0,0,0,-1321907123,1427461461
35641,Assault on Stonefury Cliffs,,17483,33050,0,-1,0,0,0,0,0,0,0,0,0,0,0,0,816,0,3,41488384,524288,268435464,0,0,0,1309324210,-1440044374
35649,The Writhing Mire,,17018,0,0,-1,0,0,0,0,0,0,0,0,0,0,0,0,67,0,3,34144256,0,268435456,0,0,0,-1,-1
35881,Ruins of the First Bastion,,17125,0,0,-1,0,0,0,0,0,0,0,0,0,0,0,0,65,0,3,34144256,0,268435456,0,0,0,-1,-1
35974,Assault on Darktide Roost,,17747,32525,0,-1,0,0,0,0,0,0,0,0,0,0,0,0,816,0,3,37294080,524288,268435464,0,0,0,-1321907123,1427461461
35977,Assault on Darktide Roost,,17748,32525,0,-1,0,0,0,0,0,0,0,0,0,0,0,0,816,0,3,37294080,524288,268435464,0,0,0,1309324210,-1440044374
36069,Assault on Skettis,,17851,32526,0,-1,0,0,0,0,0,0,0,0,0,0,0,0,816,0,3,37294080,524288,268435464,0,0,0,-1321907123,1427461461
36070,Assault on Skettis,,17852,32526,0,-1,0,0,0,0,0,0,0,0,0,0,0,0,816,0,3,37294080,524288,268435464,0,0,0,1309324210,-1440044374
36338,Assault on Shattrath Harbor,,19214,32529,0,-1,0,0,0,0,0,0,0,0,0,0,0,0,816,0,3,37294080,524288,268435464,0,0,0,1309324210,-1440044374
36347,Assault on Socrethar's Rise,,19211,32524,0,-1,0,0,0,0,0,0,0,0,0,0,0,0,816,0,3,37294080,524288,268435464,0,0,0,1309324210,-1440044374
36348,Assault on Socrethar's Rise,,19212,32524,0,-1,0,0,0,0,0,0,0,0,0,0,0,0,816,0,3,37294080,524288,268435464,0,0,0,-1321907123,1427461461
36383,Assault on the Pit,,17482,38227,0,-1,0,0,0,0,0,0,0,0,0,0,0,0,816,0,3,37294080,524288,268435464,0,0,0,-1321907123,1427461461
36473,Affliction Ridge,,17561,27805,0,-1,0,0,0,0,0,0,0,0,0,0,0,0,65,0,3,34144256,0,268435456,0,0,0,-1,-1
36476,South Gronn Canyon,,17565,27805,0,-1,0,0,0,0,0,0,0,0,0,0,0,0,65,0,3,34144256,0,268435456,0,0,0,-1,-1
36480,Valley of Destruction,,17569,31135,0,-1,0,0,0,0,0,0,0,0,0,0,0,0,65,0,3,34144256,0,268435456,0,0,0,-1,-1
36489,Assault on the Pit,,17482,38227,0,-1,0,0,0,0,0,0,0,0,0,0,0,0,816,0,3,37294080,524288,268435464,0,0,0,1309324210,-1440044374
36490,Assault on Pillars of Fate,,19213,32528,0,-1,0,0,0,0,0,0,0,0,0,0,0,0,816,0,3,37294080,524288,268435464,0,0,0,-1321907123,1427461461
36491,Assault on Pillars of Fate,,19218,32528,0,-1,0,0,0,0,0,0,0,0,0,0,0,0,816,0,3,37294080,524288,268435464,0,0,0,1309324210,-1440044374
36500,The Razorbloom,,17582,27803,0,-1,0,0,0,0,0,0,0,0,0,0,0,0,65,0,3,38338560,0,268435456,0,0,0,-1,-1
36504,Evermorn Springs,,17599,27803,0,-1,0,0,0,0,0,0,0,0,0,0,0,0,65,0,3,34144256,0,268435456,0,0,0,-1,-1
36520,Tailthrasher Basin,,17596,0,0,-1,0,0,0,0,0,0,0,0,0,0,0,0,65,0,3,34144256,0,268435456,0,0,0,-1,-1
36563,Mistcreep Mire,,17619,0,0,-1,0,0,0,0,0,0,0,0,0,0,0,0,65,0,3,34144256,0,268435456,0,0,0,-1,-1
36564,Tangleheart,,17620,27803,0,-1,0,0,0,0,0,0,0,0,0,0,0,0,65,0,3,34144256,0,268435456,0,0,0,-1,-1
36566,Stonemaul Arena,,17622,27805,0,-1,0,0,0,0,0,0,0,0,0,0,0,0,65,0,3,34144256,0,268435456,0,0,0,-1,-1
36571,Iyun Weald,,18072,0,0,-1,0,0,0,0,0,0,0,0,0,0,0,0,65,0,3,34144256,0,268435456,0,0,0,-1,-1
36590,The Howling Crag,,17646,0,0,-1,0,0,0,0,0,0,0,0,0,0,0,0,67,0,3,34144256,0,268435456,0,0,0,-1,-1
36603,Brimstone Springs,,17653,0,0,-1,0,0,0,0,0,0,0,0,0,0,0,0,65,0,3,34144256,0,268435456,0,0,0,-1,-1
36660,Bloodmane Pridelands,,17698,29048,0,-1,0,0,0,0,0,0,0,0,0,0,0,0,67,0,3,34144256,0,268435456,0,0,0,-1,-1
36792,Bladefist Hold,,17794,29095,0,-1,0,0,0,0,0,0,0,0,0,0,0,0,67,0,3,34144256,0,268435456,0,0,0,-1,-1
36807,Assault on the Heart of Shattrath,,19215,38228,0,-1,0,0,0,0,0,0,0,0,0,0,0,0,816,0,3,37294080,524288,268435464,0,0,0,1309324210,-1440044374
36808,Assault on Shattrath Harbor,,19216,32529,0,-1,0,0,0,0,0,0,0,0,0,0,0,0,816,0,3,37294080,524288,268435464,0,0,0,-1321907123,1427461461
36809,Assault on the Heart of Shattrath,,19217,38228,0,-1,0,0,0,0,0,0,0,0,0,0,0,0,816,0,3,37294080,524288,268435464,0,0,0,-1321907123,1427461461
36811,Retake Faronaar,,17804,39583,0,-1,2,0,0,0,0,0,0,0,0,0,0,0,331,0,3,570490888,0,268435456,36920,40815,0,-1,-1
36814,Assault on the Everbloom Wilds,,19209,32516,0,-1,0,0,0,0,0,0,0,0,0,0,0,0,816,0,3,37294080,524288,268435456,0,0,0,1309324210,-1440044374
36815,Assault on the Everbloom Wilds,,19210,32516,0,-1,0,0,0,0,0,0,0,0,0,0,0,0,816,0,3,37294080,524288,268435456,0,0,0,-1321907123,1427461461
36816,Assault on the Broken Precipice,,17808,32522,0,-1,0,0,0,0,0,0,0,0,0,0,0,0,816,0,3,37294080,524288,268435464,0,0,0,-1321907123,1427461461
36817,Assault on the Broken Precipice,,17809,32522,0,-1,0,0,0,0,0,0,0,0,0,0,0,0,816,0,3,37294080,524288,268435464,0,0,0,1309324210,-1440044374
36818,Assault on Mok'gol Watchpost,,17810,32523,0,-1,0,0,0,0,0,0,0,0,0,0,0,0,816,0,3,37294080,524288,268435464,0,0,0,-1321907123,1427461461
36819,Assault on Mok'gol Watchpost,,17811,32523,0,-1,0,0,0,0,0,0,0,0,0,0,0,0,816,0,3,37294080,524288,268435464,0,0,0,1309324210,-1440044374
36820,Assault on the Gorian Proving Grounds,,18451,31356,0,-1,0,0,0,0,0,0,0,0,0,0,0,0,816,0,3,37289984,524288,268435464,0,0,0,-1321907123,1427461461
36821,Assault on the Gorian Proving Grounds,,18452,31356,0,-1,0,0,0,0,0,0,0,0,0,0,0,0,816,0,3,41484288,532480,268435464,0,0,0,1309324210,-1440044374
36822,Assault on the Iron Siegeworks,,19208,32515,0,-1,0,0,0,0,0,0,0,0,0,0,0,0,816,0,3,37294080,524288,268435456,0,0,0,-1321907123,1427461461
36823,Assault on the Iron Siegeworks,,19207,32515,0,-1,0,0,0,0,0,0,0,0,0,0,0,0,816,0,3,37294080,524288,268435464,0,0,0,1309324210,-1440044374
36826,Assault on Magnarok,,17817,32520,0,-1,0,0,0,0,0,0,0,0,0,0,0,0,816,0,3,37294080,524288,268435464,0,0,0,-1321907123,1427461461
36827,Assault on Magnarok,,17842,32520,0,-1,0,0,0,0,0,0,0,0,0,0,0,0,816,0,3,37294080,524288,268435464,0,0,0,1309324210,-1440044374
36860,Assault on Lost Veil Anzu,,17848,32527,0,-1,0,0,0,0,0,0,0,0,0,0,0,0,816,0,3,37294080,524288,268435464,0,0,0,-1,-1
36868,Battle in Ashran,,17850,0,0,-1,2,0,0,0,0,0,0,0,0,0,0,0,949,0,3,37294080,0,8,36548,36666,0,1309324210,-1440044374
36869,Battle in Ashran,,17850,0,0,-1,2,0,0,0,0,0,0,0,0,0,0,0,949,0,3,37294080,0,8,36536,36666,0,1309324210,-1440044374
37280,Snarlpaw Ledge,,18209,0,0,-1,0,0,0,0,0,0,0,0,0,0,0,0,68,0,3,34144256,0,268435456,0,0,0,-1,-1
37421,Kuuro's Claim,,18332,30845,0,-1,0,0,0,0,0,0,0,0,0,0,0,0,66,0,3,34144256,0,268435456,0,0,0,-1,-1
37422,Zangarra,,18333,30846,0,-1,0,0,0,0,0,0,0,0,0,0,0,0,66,0,3,34144256,0,268435456,0,0,0,-1,-1
37466,The Broken Academy,,18937,32683,0,-1,0,0,0,0,0,0,0,0,0,0,0,0,990,0,3,34144256,2,268468224,0,0,0,-1,-1
37495,Plunder the Cove,,18385,39582,0,-1,0,0,0,0,0,0,0,0,0,0,0,0,331,0,3,34144256,0,268435456,37538,0,0,-1,-1
37585,Assault on the Iron Siegeworks,,18448,31290,0,-1,0,0,0,0,0,0,0,0,0,0,0,0,816,0,3,37289984,524288,268435464,0,0,0,-1321907123,1427461461
37622,Assault on the Iron Siegeworks,,18447,31290,0,-1,0,0,0,0,0,0,0,0,0,0,0,0,816,0,3,37289984,524288,268435464,0,0,0,1309324210,-1440044374
37623,Assault on Stonefury Cliffs,,18446,31355,0,-1,0,0,0,0,0,0,0,0,0,0,0,0,816,0,3,41484288,524288,268435464,0,0,0,-1321907123,1427461461
37624,Assault on Stonefury Cliffs,,18444,31355,0,-1,0,0,0,0,0,0,0,0,0,0,0,0,816,0,3,41484288,524288,268435464,0,0,0,1309324210,-1440044374
37625,Assault on Magnarok,,18445,31354,0,-1,0,0,0,0,0,0,0,0,0,0,0,0,816,0,3,37289984,524288,268435464,0,0,0,-1321907123,1427461461
37626,Assault on Magnarok,,18443,31354,0,-1,0,0,0,0,0,0,0,0,0,0,0,0,816,0,3,37289984,524288,268435464,0,0,0,1309324210,-1440044374
37627,Assault on the Broken Precipice,,18449,31357,0,-1,0,0,0,0,0,0,0,0,0,0,0,0,816,0,3,37289984,524288,268435464,0,0,0,-1321907123,1427461461
37628,Assault on the Broken Precipice,,18450,31357,0,-1,0,0,0,0,0,0,0,0,0,0,0,0,816,0,3,37289984,524288,268435464,0,0,0,1309324210,-1440044374
37629,Assault on Mok'gol Watchpost,,18453,31385,0,-1,0,0,0,0,0,0,0,0,0,0,0,0,816,0,3,37289984,524288,268435464,0,0,0,-1321907123,1427461461
37630,Assault on Mok'gol Watchpost,,18454,31385,0,-1,0,0,0,0,0,0,0,0,0,0,0,0,816,0,3,37289984,524288,268435464,0,0,0,1309324210,-1440044374
37631,Assault on Socrethar's Rise,,18455,31358,0,-1,0,0,0,0,0,0,0,0,0,0,0,0,816,0,3,37289984,524288,268435464,0,0,0,-1321907123,1427461461
37632,Assault on Socrethar's Rise,,18456,31358,0,-1,0,0,0,0,0,0,0,0,0,0,0,0,816,0,3,37289984,524288,268435464,0,0,0,1309324210,-1440044374
37633,Assault on Darktide Roost,,18457,31359,0,-1,0,0,0,0,0,0,0,0,0,0,0,0,816,0,3,37289984,524288,268435464,0,0,0,-1321907123,1427461461
37634,Assault on Darktide Roost,,18458,31359,0,-1,0,0,0,0,0,0,0,0,0,0,0,0,816,0,3,37289984,524288,268435464,0,0,0,1309324210,-1440044374
37635,Assault on Shattrath Harbor,,18459,31360,0,-1,0,0,0,0,0,0,0,0,0,0,0,0,816,0,3,37289984,524288,268435464,0,0,0,-1321907123,1427461461
37636,Assault on Shattrath Harbor,,18460,31360,0,-1,0,0,0,0,0,0,0,0,0,0,0,0,816,0,3,37289984,524288,268435464,0,0,0,1309324210,-1440044374
37749,Trials of Khadgar: Iron Maidens,,18535,0,0,-1,0,0,0,0,0,0,0,0,0,0,0,0,816,0,3,34177024,0,268468224,0,0,0,-1,-1
37779,Tip the Scales,,18565,32683,0,-1,0,0,0,0,0,0,0,0,0,0,0,0,990,0,3,34144256,0,268468224,0,0,0,-1,-1
37865,Assault on Ironhold Harbor,,18652,0,0,-1,2,0,0,0,0,0,0,0,0,0,0,0,816,0,3,37294080,524288,268435464,37946,36666,0,1309324210,-1440044374
37866,Assault on Ironhold Harbor,,18654,0,0,-1,2,0,0,0,0,0,0,0,0,0,0,0,816,0,3,37294080,524288,268435464,37886,36666,0,-1321907123,1427461461
37921,Clearing the Docks,,18697,0,0,-1,0,0,0,0,0,0,0,0,0,0,0,0,816,0,3,37289984,524288,268435456,38253,0,0,-1321907123,1427461461
37938,Assault on the Ruins of Kra'nak,,18716,0,0,-1,2,0,0,0,0,0,0,0,0,0,0,0,816,0,3,37294080,524288,268435464,37939,36666,0,-1321907123,1427461461
37963,Those Beyond Redemption,,18737,65868,0,-1,0,0,0,0,0,0,0,0,0,0,0,0,331,0,3,34144256,0,268468224,0,0,0,-1,-1
37965,A Tainted Vintage,,18744,49271,0,-1,0,0,0,0,0,0,0,0,0,0,0,0,990,0,3,34144256,0,268468224,0,0,0,-1,-1
37966,Assault on the Temple of Sha'naar,,18740,0,0,-1,2,0,0,0,0,0,0,0,0,0,0,0,816,0,3,37294080,524288,268435464,37967,36666,0,-1321907123,1427461461
37970,Assault on the Fel Forge,,19110,0,0,-1,2,0,0,0,0,0,0,0,0,0,0,0,816,0,3,37294080,4,268435464,38437,36666,0,1309324210,-1440044374
38009,Assault on the Ruins of Kra'nak,,18716,0,0,-1,2,0,0,0,0,0,0,0,0,0,0,0,816,0,3,37294080,524288,268435464,38010,36666,0,1309324210,-1440044374
38020,Assault on the Temple of Sha'naar,,18740,0,0,-1,2,0,0,0,0,0,0,0,0,0,0,0,816,0,3,37294080,524288,268435464,38021,36666,0,1309324210,-1440044374
38040,Bleeding the Bleeding Hollow,,18801,0,0,-1,2,0,0,0,0,0,0,0,0,0,0,0,816,0,3,37294080,524288,268435464,38041,36666,0,1309324210,-1440044374
38043,Bleeding the Bleeding Hollow,,18804,0,0,-1,2,0,0,0,0,0,0,0,0,0,0,0,816,0,3,37294080,524288,268435464,38042,36666,0,-1321907123,1427461461
38051,Battle At The Iron Front,,18816,0,0,-1,2,0,0,0,0,0,0,0,0,0,0,0,816,0,3,37294080,524288,268435464,38039,36666,0,-1321907123,1427461461
38054,Battle At The Iron Front,,18817,0,0,-1,2,0,0,0,0,0,0,0,0,0,0,0,816,0,3,37294080,524288,268435464,38038,36666,0,1309324210,-1440044374
38204,Assault on the Gorian Proving Grounds,,19251,32530,0,-1,0,0,0,0,0,0,0,0,0,0,0,0,816,0,3,37289984,524288,268435464,0,0,0,-1321907123,1427461461
38205,Assault on the Gorian Proving Grounds,,19250,32530,0,-1,0,0,0,0,0,0,0,0,0,0,0,0,816,0,3,41484288,532480,268435464,0,0,0,1309324210,-1440044374
38343,Raze Hel,,19006,0,0,-1,0,0,0,0,0,0,0,0,0,0,0,0,334,0,3,38338560,8192,268468224,38818,0,0,-1,-1
38372,Wretched Sisters,,19044,65870,0,-1,0,0,0,0,0,0,0,0,0,0,0,0,990,0,3,34144256,0,268468224,0,0,0,-1,-1
38374,Assault the Drekirjar,,19077,33048,0,-1,0,0,0,0,0,0,0,0,0,0,0,0,334,0,3,38338560,8192,268468224,0,0,0,-1,-1
38409,Test Bonus Objective,,19083,0,0,-1,0,0,0,0,0,0,0,0,0,0,0,0,949,0,3,38338560,139264,268468224,0,0,0,-1,-1
38439,Assault on the Fel Forge,,19114,0,0,-1,2,0,0,0,0,0,0,0,0,0,0,0,816,0,3,37294080,4,268435464,38438,36666,0,-1321907123,1427461461
38442,A Worthy Challenger,,19117,35357,0,-1,0,0,0,0,0,0,0,0,0,0,0,0,334,0,3,38338560,8192,268435456,0,0,0,-1,-1
38569,Clearing the Docks,,18697,0,0,-1,0,0,0,0,0,0,0,0,0,0,0,0,816,0,3,37289984,0,268435456,38567,0,0,1309324210,-1440044374
38587,Assault on the Throne of Kil'jaeden,,19269,0,0,-1,2,0,0,0,0,0,0,0,0,0,0,0,816,0,3,37294080,4,268435464,38583,36666,0,-1321907123,1427461461
38588,Assault on the Throne of Kil'jaeden,,19270,0,0,-1,2,0,0,0,0,0,0,0,0,0,0,0,816,0,3,37294080,4,268435464,38584,36666,0,1309324210,-1440044374
38708,Purge the River,,19388,0,0,-1,0,0,0,0,0,0,0,0,0,0,0,0,949,0,3,34144256,0,268468224,0,0,0,-1,-1
38716,Black Rook Hold,,19397,0,0,-1,0,0,0,0,0,0,0,0,0,0,0,0,332,0,3,34144256,0,268468224,38718,0,0,-1,-1
38748,Ruins of Shala'nir,,19435,45636,0,-1,0,0,0,0,0,0,0,0,0,0,0,0,332,0,3,34144256,0,268468224,38684,0,0,-1,-1
38842,Faerie Fracas,,19533,0,0,-1,0,0,0,0,0,0,0,0,0,0,0,0,990,0,3,34144256,0,268468224,0,0,0,-1,-1
38865,Battle At The Iron Front,,19560,33454,0,-1,0,0,0,0,0,0,0,0,0,0,0,0,816,0,3,37289984,524288,268435464,0,0,0,1309324210,-1440044374
38866,Battle At The Iron Front,,19560,33454,0,-1,0,0,0,0,0,0,0,0,0,0,0,0,816,0,3,37289984,524288,268435464,0,0,0,-1321907123,1427461461
38868,Assault on the Ruins of Kra'nak,,19563,33455,0,-1,0,0,0,0,0,0,0,0,0,0,0,0,816,0,3,37289984,524288,268435464,0,0,0,-1321907123,1427461461
38869,Assault on the Ruins of Kra'nak,,19563,33455,0,-1,0,0,0,0,0,0,0,0,0,0,0,0,816,0,3,37289984,524288,268435464,0,0,0,1309324210,-1440044374
38870,Bleeding the Bleeding Hollow,,19564,33456,0,-1,0,0,0,0,0,0,0,0,0,0,0,0,816,0,3,37289984,524288,268435464,0,0,0,-1321907123,1427461461
38871,Bleeding the Bleeding Hollow,,19564,33456,0,-1,0,0,0,0,0,0,0,0,0,0,0,0,816,0,3,37289984,524288,268435464,0,0,0,1309324210,-1440044374
38876,Assault on the Fel Forge,,19570,33459,0,-1,0,0,0,0,0,0,0,0,0,0,0,0,816,0,3,37289984,4,268435464,0,0,0,1309324210,-1440044374
38877,Assault on the Fel Forge,,19570,33459,0,-1,0,0,0,0,0,0,0,0,0,0,0,0,816,0,3,37289984,4,268435464,0,0,0,-1321907123,1427461461
38939,Assault on Skold-Ashil,,19630,0,0,-1,0,0,0,0,0,0,0,0,0,0,0,0,334,0,3,38338560,8192,268468224,39154,0,0,-1,-1
39029,Defend The Temple,,19736,65872,0,-1,0,0,0,0,0,0,0,0,0,0,0,0,332,0,3,34144256,0,268468224,38641,0,0,-1,-1
39119,Assault on Skold-Ashil,,19830,0,0,-1,0,0,0,0,0,0,0,0,0,0,0,0,334,0,3,38338560,8192,268468224,39062,0,0,-1,-1
39274,Defend the Riverlands,,19932,74379,0,-1,0,0,0,0,0,0,0,0,0,0,0,0,333,0,3,34144256,0,268468224,39496,0,0,-1,-1
39279,Assault on Mardum,,19936,38205,0,2048,0,0,0,0,0,0,0,0,0,0,0,0,699,0,3,34144512,0,268468224,0,0,0,-1,-1
39317,Siege of Crawliac,,19968,0,0,-1,0,0,0,0,0,0,0,0,0,0,0,0,333,0,3,34144256,0,268468224,38913,0,0,-1,-1
39371,Witches of the Sky,,20018,0,0,-1,0,0,0,0,0,0,0,0,0,0,0,0,990,0,3,34144256,0,268468224,0,0,0,-1,-1
39393,Moonclaw Vale,,20045,39500,0,-1,0,0,0,0,0,0,0,0,0,0,0,0,332,0,3,34144256,0,268435456,38382,0,0,-1,-1
39424,Everything!,,20069,47899,0,-1,0,0,0,0,0,0,0,0,0,0,18685,109,347,0,3,41484544,0,268435456,0,0,0,-1,-1
39441,Bleeding the Bleeding Hollow,,20103,34867,0,-1,0,0,0,0,0,0,0,0,0,0,0,0,816,0,3,37294080,524288,268435464,0,0,0,-1321907123,1427461461
39442,Bleeding the Bleeding Hollow,,20107,34868,0,-1,0,0,0,0,0,0,0,0,0,0,0,0,816,0,3,37294080,524288,268435464,0,0,0,1309324210,-1440044374
39443,Battle At The Iron Front,,20097,34872,0,-1,0,0,0,0,0,0,0,0,0,0,0,0,816,0,3,37294080,524288,268435464,0,0,0,-1321907123,1427461461
39444,Battle At The Iron Front,,20098,34871,0,-1,0,0,0,0,0,0,0,0,0,0,0,0,816,0,3,37294080,524288,268435464,0,0,0,1309324210,-1440044374
39445,Assault on the Fel Forge,,20105,34879,0,-1,0,0,0,0,0,0,0,0,0,0,0,0,816,0,3,37294080,4,268435464,0,0,0,-1321907123,1427461461
39446,Assault on the Fel Forge,,20099,34876,0,-1,0,0,0,0,0,0,0,0,0,0,0,0,816,0,3,37294080,4,268435464,0,0,0,1309324210,-1440044374
39447,Assault on the Ruins of Kra'nak,,20095,34873,0,-1,0,0,0,0,0,0,0,0,0,0,0,0,816,0,3,37294080,524288,268435464,0,0,0,-1321907123,1427461461
39448,Assault on the Ruins of Kra'nak,,20101,34874,0,-1,0,0,0,0,0,0,0,0,0,0,0,0,816,0,3,37294080,524288,268435464,0,0,0,1309324210,-1440044374
39449,Assault on the Temple of Sha'naar,,20096,34878,0,-1,0,0,0,0,0,0,0,0,0,0,0,0,816,0,3,37294080,524288,268435464,0,0,0,-1321907123,1427461461
39450,Assault on the Temple of Sha'naar,,20100,34875,0,-1,0,0,0,0,0,0,0,0,0,0,0,0,816,0,3,37294080,524288,268435464,0,0,0,1309324210,-1440044374
39451,Assault on Ironhold Harbor,,20094,34869,0,-1,0,0,0,0,0,0,0,0,0,0,0,0,816,0,3,37294080,524288,268435464,0,0,0,-1321907123,1427461461
39452,Assault on Ironhold Harbor,,20102,34870,0,-1,0,0,0,0,0,0,0,0,0,0,0,0,816,0,3,37294080,524288,268435464,0,0,0,1309324210,-1440044374
39453,Assault on the Throne of Kil'jaeden,,20104,34880,0,-1,0,0,0,0,0,0,0,0,0,0,0,0,816,0,3,37294080,4,268435464,0,0,0,-1321907123,1427461461
39454,Assault on the Throne of Kil'jaeden,,20106,34877,0,-1,0,0,0,0,0,0,0,0,0,0,0,0,816,0,3,37294080,4,268435464,0,0,0,1309324210,-1440044374
39462,Primal Payback,,21861,47899,0,-1,0,0,0,0,0,0,0,0,0,0,18333,109,347,0,3,34144512,0,268435456,0,0,0,-1,-1
39576,Echoes of Deathwing,,20221,74379,0,-1,0,0,0,0,0,0,0,0,0,0,0,0,333,0,3,34144256,0,268468224,39575,0,0,-1,-1
39742,Vault of the Wardens,,20386,0,0,2048,0,0,0,0,0,0,0,0,0,0,0,0,699,0,3,34144512,0,268468224,38672,0,0,-1,-1
39998,Drive Back the Tideskorn,,20684,0,0,-1,0,0,0,0,0,0,0,0,0,0,0,0,334,0,3,38338560,8192,268468224,40002,0,0,-1,-1
40050,Shipwreck Cove,,20743,0,0,-1,0,0,0,0,0,0,0,0,0,0,0,0,990,0,3,34144256,0,268468224,0,0,0,-1,-1
40111,Rout the Bilgefin Invaders,,20797,0,0,-1,0,0,0,0,0,0,0,0,0,0,0,0,990,0,3,38338560,8192,268468224,0,0,0,-1,-1
40121,Ley Line Influences,,20805,0,0,-1,0,0,0,0,0,0,0,0,0,0,0,0,335,0,3,34144256,0,268468224,0,0,0,-1,-1
40226,Remnants of the Sashj'tar,,20943,0,0,-1,0,0,0,0,0,0,0,0,0,0,0,0,335,0,3,34144256,0,268468224,41000,0,0,-1,-1
40277,Fight Night: Tiffany Nelson,,21007,145934,0,-1,0,0,0,0,0,0,0,0,0,0,19014,115,347,0,3,3735808,0,268435456,0,0,0,-1,-1
40278,My Beasts's Bidding,,21008,132427,0,-1,0,0,0,0,0,0,0,0,0,0,19170,115,347,0,3,3735808,0,268435456,0,0,0,-1,-1
40279,Training with Durian,,21009,145947,0,-1,0,0,0,0,0,0,0,0,0,0,18992,115,347,0,3,3735808,0,268435456,0,0,0,-1,-1
40280,Training with Bredda,,21010,132427,0,-1,0,0,0,0,0,0,0,0,0,0,18758,115,347,0,3,3735808,0,268435456,0,0,0,-1,-1
40282,"Tiny Poacher, Tiny Animals",,21013,132427,0,-1,0,0,0,0,0,0,0,0,0,0,18844,115,347,0,3,3735808,0,268435456,0,0,0,-1,-1
40298,Fight Night: Sir Galveston,,21031,145934,0,-1,0,0,0,0,0,0,0,0,0,0,19015,115,347,0,3,3735808,0,268435456,0,0,0,-1,-1
40299,Fight Night: Bodhi Sunwayver,,21032,145934,0,-1,0,0,0,0,0,0,0,0,0,0,19016,115,347,0,3,3735808,0,268435456,0,0,0,-1,-1
40316,The Screeching Crag,,21055,0,0,-1,0,0,0,0,0,0,0,0,0,0,0,0,990,0,3,37289984,0,268468224,0,0,0,-1,-1
40337,Flummoxed,,21090,145934,0,-1,0,0,0,0,0,0,0,0,0,0,19220,115,335,0,3,3735808,0,268435456,0,0,0,-1,-1
40390,Hallowed Ground,,21145,47602,0,2,0,0,0,0,0,0,0,0,0,0,21313,135,336,0,3,37290240,0,268435456,0,0,0,-1,-1
40850,Prisoners of Greystone,,21692,47899,0,-1,0,0,0,0,0,0,0,0,0,0,18835,109,347,0,3,37290240,0,268435456,0,0,0,-1,-1
40895,The Haunted Mire,,21746,47899,0,-1,0,0,0,0,0,0,0,0,0,0,18254,109,347,0,3,34144512,0,268435456,0,0,0,-1,-1
40896,Threnody of Chieftains,,21747,47899,0,-1,0,0,0,0,0,0,0,0,0,0,18259,109,347,0,3,37290240,0,268435456,0,0,0,-1,-1
40920,Stonebinder Bounty,,26247,47899,0,-1,0,0,0,0,0,0,0,0,0,0,18828,109,347,0,3,37290240,0,268435456,39027,0,0,-1,-1
40925,Bitestone Burglary,,21791,47899,0,-1,0,0,0,0,0,0,0,0,0,0,18834,109,347,0,3,41484544,8192,268435456,39027,0,0,-1,-1
40951,Bitestone Bazaar,,21829,47899,0,-1,0,0,0,0,0,0,0,0,0,0,18829,109,347,0,3,41484544,8192,268435456,39027,0,0,-1,-1
40966,Ritualists in Our Midsts,,22074,47899,0,-1,0,0,0,0,0,0,0,0,0,0,18647,109,347,0,3,37290240,0,268435456,0,0,0,-1,-1
40978,Bears Behaving Badly,,21863,47899,0,-1,0,0,0,0,0,0,0,0,0,0,18623,109,347,0,3,37290240,0,268435456,0,0,0,-1,-1
40980,Boilback Plague,,21864,47899,0,-1,0,0,0,0,0,0,0,0,0,0,18624,109,347,0,3,37290240,0,268435456,0,0,0,-1,-1
40984,Murkwater Naga Incursion: Highmountain,,21891,47899,0,-1,0,0,0,0,0,0,0,0,0,0,18841,109,347,0,3,37290240,0,268435456,0,0,0,-1,-1
40985,Rimescale Naga Incursion: Highmountain,,21892,47899,0,-1,0,0,0,0,0,0,0,0,0,0,20815,109,347,0,3,37290240,0,268435456,0,0,0,-1,-1
41011,Umbralshard Rituals,,21850,47899,0,-1,0,0,0,0,0,0,0,0,0,0,18649,109,347,0,3,37290240,0,268435456,0,0,0,-1,-1
41013,Darkbrul Arena,,23463,143217,0,-1,0,0,0,0,0,0,0,0,0,0,18196,113,347,0,3,3735808,0,268435456,0,0,0,-1,-1
41014,Fury Road,,26248,47899,0,-1,0,0,0,0,0,0,0,0,0,0,18648,109,347,0,3,41615616,8192,268435456,0,0,0,-1,-1
41024,Dirge of the Dead,,21901,47899,0,-1,0,0,0,0,0,0,0,0,0,0,18260,109,347,0,3,37290240,0,268435456,0,0,0,-1,-1
41025,Rise of the Fallen,,21902,47899,0,-1,0,0,0,0,0,0,0,0,0,0,18261,109,347,0,3,37290240,0,268435456,0,0,0,-1,-1
41026,Back to the Shadows,,21904,47899,0,-1,0,0,0,0,0,0,0,0,0,0,18262,109,347,0,3,37290240,0,268435456,0,0,0,-1,-1
41055,Primal Payback,,21947,47899,0,-1,0,0,0,0,0,0,0,0,0,0,18334,109,347,0,3,34144512,0,268435456,0,0,0,-1,-1
41057,Primal Payback,,21951,47899,0,-1,0,0,0,0,0,0,0,0,0,0,18335,109,347,0,3,34144512,0,268435456,0,0,0,-1,-1
41076,Munitions Testing,,21967,47899,0,-1,0,0,0,0,0,0,0,0,0,0,18635,109,347,0,3,36241664,16384,268435456,0,0,0,-1,-1
41077,Munitions Testing,,21968,47899,0,-1,0,0,0,0,0,0,0,0,0,0,18636,109,347,0,3,36241664,16384,268435456,0,0,0,-1,-1
41078,Munitions Testing,,21969,47899,0,-1,0,0,0,0,0,0,0,0,0,0,18637,109,347,0,3,36241664,0,268435456,0,0,0,-1,-1
41089,Lords of the Hills,,21987,47899,0,-1,0,0,0,0,0,0,0,0,0,0,18201,136,347,0,3,3735808,0,268435456,0,0,0,-1,-1
41090,Lords of the Hills,,21986,47899,0,-1,0,0,0,0,0,0,0,0,0,0,18202,136,347,0,3,3735808,0,268435456,0,0,0,-1,-1
41091,Lords of the Hills,,21988,47899,0,-1,0,0,0,0,0,0,0,0,0,0,18203,136,347,0,3,3735808,0,268435456,0,0,0,-1,-1
41093,DANGER: Durguth,,22136,47899,0,-1,0,0,0,0,0,0,0,0,0,0,18213,136,347,0,3,3735872,0,268435456,0,0,0,-1,-1
41095,Critical Crops,,21997,47899,0,-1,0,0,0,0,0,0,0,0,0,0,18913,109,347,0,3,7930112,0,268435456,0,0,0,-1,-1
41122,Mists Take You,,22021,47899,0,-1,0,0,0,0,0,0,0,0,0,0,18927,109,347,0,3,37290240,0,268435456,0,0,0,-1,-1
41127,Gunksnout Infestation,,22068,47899,0,-1,0,0,0,0,0,0,0,0,0,0,18929,109,347,0,3,37290240,0,268435456,0,0,0,-1,-1
41130,Don't Fear the Weeper,,22033,47899,0,-1,0,0,0,0,0,0,0,0,0,0,18255,109,347,0,3,34144512,0,268435456,0,0,0,-1,-1
41144,Return to the River,,22057,47899,0,-1,0,0,0,0,0,0,0,0,0,0,18330,109,347,0,3,37290240,8192,268435456,0,0,0,-1,-1
41145,Water of Life,,22058,47899,0,-1,0,0,0,0,0,0,0,0,0,0,18331,109,347,0,3,37290240,0,268435456,0,0,0,-1,-1
41196,Leystone Basilisks,,22118,47899,0,-1,0,0,0,0,0,2566,25,0,0,0,18225,120,347,0,3,34144576,0,268435456,0,0,0,-1,-1
41198,Leystone Basilisks,,22120,47899,0,-1,0,0,0,0,0,2566,25,0,0,0,18226,120,347,0,3,34144576,0,268435456,0,0,0,-1,-1
41199,Leystone Rumblers,,22122,47899,0,-1,0,0,0,0,0,2566,25,0,0,0,18227,120,347,0,3,34144576,0,268435456,0,0,0,-1,-1
41200,Rough Leystone Outcropping,,22121,47899,0,-1,0,0,0,0,0,2566,25,0,0,0,18228,120,347,0,3,34144576,0,268435456,0,0,0,-1,-1
41201,Coarse Leystone Outcropping,,22123,47899,0,-1,0,0,0,0,0,2566,25,0,0,0,18229,120,347,0,3,34144576,0,268435456,0,0,0,-1,-1
41202,Crude Leystone Seams,,22124,47899,0,-1,0,0,0,0,0,2566,25,0,0,0,18230,120,347,0,3,34144576,0,268435456,0,0,0,-1,-1
41203,Bright Leystone Deposits,,22125,47899,0,-1,0,0,0,0,0,2566,25,0,0,0,18231,120,347,0,3,34144576,0,268435456,0,0,0,-1,-1
41204,Hard Leystone Deposits,,22126,47899,0,-1,0,0,0,0,0,2566,25,0,0,0,18232,120,347,0,3,34144576,0,268435456,0,0,0,-1,-1
41205,Warm Leystone Deposits,,22127,47899,0,-1,0,0,0,0,0,2566,25,0,0,0,18233,120,347,0,3,34144576,0,268435456,0,0,0,-1,-1
41206,Work Order: Leystone,,22128,47899,0,-1,0,0,0,0,0,2566,25,0,0,0,18234,120,347,0,3,524608,0,268435456,0,0,0,-1,-1
41207,Supplies Needed: Leystone,,22129,143217,0,-1,0,0,0,0,0,0,0,0,0,0,18235,109,347,0,3,524608,0,268435456,0,0,0,-1,-1
41208,Brimstone Destroyer,,22130,47899,0,-1,0,0,0,0,0,2566,25,0,0,0,18236,120,347,0,3,34144576,0,268435456,0,0,0,-1,-1
41209,Brimstone Destroyer,,22131,47899,0,-1,0,0,0,0,0,2566,25,0,0,0,18237,120,347,0,3,34144576,0,268435456,0,0,0,-1,-1
41210,Brimstone Destroyer,,22132,47899,0,-1,0,0,0,0,0,2566,25,0,0,0,18238,120,347,0,3,34144576,0,268435456,0,0,0,-1,-1
41211,Neltharion's Lair: Neltharion's Treasure,,22912,42902,0,-1,0,0,0,0,0,0,0,0,0,0,18839,137,347,0,3,35193152,0,268435458,0,0,0,-1,-1
41219,Flourishing Foxflower,,22147,47899,0,-1,0,0,0,0,0,2550,25,0,0,0,18251,119,347,0,3,34144576,0,268435456,0,0,0,-1,-1
41223,Work Order: Foxflower,,22151,47899,0,-1,0,0,0,0,0,2550,25,0,0,0,18266,119,347,0,3,524608,0,268435456,0,0,0,-1,-1
41224,Supplies Needed: Foxflower,,22152,143217,0,-1,0,0,0,0,0,0,0,0,0,0,18267,109,347,0,3,524608,0,268435456,0,0,0,-1,-1
41225,Felwort,,22153,47899,0,-1,0,0,0,0,0,2550,25,0,0,0,18268,119,347,0,3,34144576,0,268435456,0,0,0,-1,-1
41227,Warden Tower Assault: Cordana's Apex,,24888,143217,0,-1,0,0,0,0,0,0,0,0,0,0,18272,113,347,0,3,37290240,0,268435456,0,0,0,1309324210,-1440044374
41228,Foxflower Cluster,,22156,47899,0,-1,0,0,0,0,0,2550,25,0,0,0,18269,119,347,0,3,34144576,0,268435456,0,0,0,-1,-1
41232,Thick Ironhorn Hide,,22162,47899,0,-1,0,0,0,0,0,2558,25,0,0,0,18278,124,347,0,3,34144576,0,268435456,0,0,0,-1,-1
41233,Bristled Bear Skin,,22163,47899,0,-1,0,0,0,0,0,2558,25,0,0,0,18279,124,347,0,3,34144576,0,268435456,0,0,0,-1,-1
41234,Shaggy Saber Hide,,22164,47899,0,-1,0,0,0,0,0,2558,25,0,0,0,18280,124,347,0,3,34144576,0,268435456,0,0,0,-1,-1
41235,Work Order: Stonehide Leather,,22165,47899,0,-1,0,0,0,0,0,2558,25,0,0,0,18281,124,347,0,3,524608,0,268435456,0,0,0,-1,-1
41236,Where's Our Wine?,,22168,0,0,-1,0,0,0,0,0,0,0,0,0,0,18626,0,347,0,3,34144512,0,268435456,41559,0,0,-1,-1
41237,Supplies Needed: Stonehide Leather,,22166,143217,0,-1,0,0,0,0,0,0,0,0,0,0,18282,109,347,0,3,524608,0,268435456,0,0,0,-1,-1
41238,Calcified Wormscales,,22167,47899,0,-1,0,0,0,0,0,2558,25,0,0,0,18283,124,347,0,3,34144576,0,268435456,0,0,0,-1,-1
41239,Felhide,,22169,47899,0,-1,0,0,0,0,0,2558,25,0,0,0,18284,124,347,0,3,34144576,0,268435456,0,0,0,-1,-1
41240,Work Order: Highmountain Salmon,,22170,47899,0,-1,0,0,0,0,0,356,75,0,0,0,18285,130,347,0,3,524608,0,268435456,0,0,0,-1,-1
41242,Slab of Bacon,,22172,47899,0,-1,0,0,0,0,0,2542,25,0,0,0,18288,131,347,0,3,34144576,0,268435456,0,0,0,-1,-1
41243,Huge Highmountain Salmon,,22173,47899,0,-1,0,0,0,0,0,356,75,0,0,0,18300,130,347,0,3,34144576,0,268435456,0,0,0,-1,-1
41244,Lively Highmountain Salmon,,22174,47899,0,-1,0,0,0,0,0,356,75,0,0,0,18301,130,347,0,3,34144576,0,268435456,0,0,0,-1,-1
41252,Wild Northern Barracuda,,22182,47899,0,-1,0,0,0,0,0,356,75,0,0,0,18305,130,347,0,3,34144576,0,268435456,0,0,0,-1,-1
41253,Migrating Highmountain Salmon,,22183,47899,0,-1,0,0,0,0,0,356,75,0,0,0,18328,130,347,0,3,34144576,0,268435456,0,0,0,-1,-1
41257,Warden Tower Assault: Cordana's Apex,,22155,143217,0,-1,0,0,0,0,0,0,0,0,0,0,18430,113,347,0,3,37290240,0,268435456,0,0,0,-1321907123,1427461461
41259,Slab of Bacon,,22209,47901,0,-1,0,0,0,0,0,2542,25,0,0,0,18336,131,347,0,3,34144576,0,268435456,0,0,0,-1,-1
41260,Slab of Bacon,,22210,47895,0,-1,0,0,0,0,0,2542,25,0,0,0,18337,131,347,0,3,34144576,0,268435456,0,0,0,-1,-1
41261,Slab of Bacon,,26359,47897,0,-1,0,0,0,0,0,2542,25,0,0,0,18338,131,347,0,3,34144576,0,268435456,0,0,0,-1,-1
41262,Slab of Bacon,,22212,38948,0,-1,0,0,0,0,0,2542,25,0,0,0,18339,131,335,0,3,34144576,0,268435456,0,0,0,-1,-1
41264,Lively Cursed Queenfish,,22214,47901,0,-1,0,0,0,0,0,356,75,0,0,0,18340,130,347,0,3,34144576,0,268435456,0,0,0,-1,-1
41265,Huge Cursed Queenfish,,22215,47901,0,-1,0,0,0,0,0,356,75,0,0,0,18341,130,347,0,3,34144576,0,268435456,0,0,0,-1,-1
41266,Raft Fishing,,22216,47901,0,-1,0,0,0,0,0,356,75,0,0,0,18342,130,347,0,3,34144576,0,268435456,0,0,0,-1,-1
41267,Work Order: Cursed Queenfish,,22217,47901,0,-1,0,0,0,0,0,356,75,0,0,0,18343,130,347,0,3,524608,16384,268435456,0,0,0,-1,-1
41268,Queen Queenfish,,22218,47901,0,-1,0,0,0,0,0,356,75,0,0,0,18344,130,347,0,3,34144576,0,268435456,0,0,0,-1,-1
41269,Lively Mossgill Perch,,22219,47895,0,-1,0,0,0,0,0,356,75,0,0,0,18345,130,347,0,3,34144576,0,268435456,0,0,0,-1,-1
41270,Huge Mossgill Perch,,22220,47895,0,-1,0,0,0,0,0,356,75,0,0,0,18346,130,347,0,3,34144576,0,268435456,0,0,0,-1,-1
41271,Into the Whirlpool,,22221,47895,0,-1,0,0,0,0,0,356,75,0,0,0,18347,130,347,0,3,34144576,0,268435456,0,0,0,-1,-1
41272,Work Order: Mossgill Perch,,22222,47895,0,-1,0,0,0,0,0,356,75,0,0,0,18348,130,347,0,3,524608,0,268435456,0,0,0,-1,-1
41273,Buoy Fishing,,22223,47895,0,-1,0,0,0,0,0,356,75,0,0,0,18349,130,347,0,3,34275648,0,268435456,0,0,0,-1,-1
41274,Lively Stormrays,,22224,47897,0,-1,0,0,0,0,0,356,75,0,0,0,18350,130,347,0,3,34144576,0,268435456,0,0,0,-1,-1
41275,Huge Stormrays,,22225,47897,0,-1,0,0,0,0,0,356,75,0,0,0,18351,130,347,0,3,34144576,0,268435456,0,0,0,-1,-1
41276,Rocket Boot Fishing,,22226,47897,0,-1,0,0,0,0,0,356,75,0,0,0,18352,130,347,0,3,34144576,0,268435456,0,0,0,-1,-1
41277,Work Order: Stormrays,,22227,47897,0,-1,0,0,0,0,0,356,75,0,0,0,18353,130,347,0,3,524608,0,268435456,0,0,0,-1,-1
41278,Slippery Stormrays,,22228,47897,0,-1,0,0,0,0,0,356,75,0,0,0,18354,130,347,0,3,1769792,8192,268435456,0,0,0,-1,-1
41279,Lively Runescale Koi,,22229,38948,0,-1,0,0,0,0,0,356,75,0,0,0,18355,130,335,0,3,34144576,0,268435456,0,0,0,-1,-1
41280,Huge Runescale Koi,,22230,38948,0,-1,0,0,0,0,0,356,75,0,0,0,18356,130,335,0,3,34144576,0,268435456,0,0,0,-1,-1
41282,Work Order: Runescale Koi,,22232,45166,0,-1,0,0,0,0,0,356,75,0,0,0,18358,130,335,0,3,524608,0,268435456,0,0,0,-1,-1
41283,The Angler Mangler,,22233,38948,0,-1,0,0,0,0,0,356,75,0,0,0,18359,130,335,0,3,34144576,0,268435456,0,0,0,-1,-1
41286,Aethril Cluster,,22236,47901,0,-1,0,0,0,0,0,2550,25,0,0,0,18371,119,347,0,3,34144576,0,268435456,0,0,0,-1,-1
41287,Work Order: Aethril,,22237,47901,0,-1,0,0,0,0,0,2550,25,0,0,0,18372,119,347,0,3,524608,0,268435456,0,0,0,-1,-1
41288,Supplies Needed: Aethril,,22238,143777,0,-1,0,0,0,0,0,0,0,0,0,0,18373,109,347,0,3,524608,0,268435456,0,0,0,-1,-1
41289,Flourishing Aethril,,22239,47901,0,-1,0,0,0,0,0,2550,25,0,0,0,18374,119,347,0,3,34144576,0,268435456,0,0,0,-1,-1
41290,Aqueous Aethril,,22240,47901,0,-1,0,0,0,0,0,2550,25,0,0,0,18375,119,347,0,3,34144576,0,268435456,0,0,0,-1,-1
41291,Dreamleaf Cluster,,22241,47895,0,-1,0,0,0,0,0,2550,25,0,0,0,18376,119,347,0,3,34144576,0,268435456,0,0,0,-1,-1
41292,Work Order: Dreamleaf,,22242,47895,0,-1,0,0,0,0,0,2550,25,0,0,0,18377,119,347,0,3,524608,0,268435456,0,0,0,-1,-1
41293,Supplies Needed: Dreamleaf,,22243,143219,0,-1,0,0,0,0,0,0,0,0,0,0,18378,109,347,0,3,524608,0,268435456,0,0,0,-1,-1
41294,Flourishing Dreamleaf,,22244,47895,0,-1,0,0,0,0,0,2550,25,0,0,0,18379,119,347,0,3,34144576,0,268435456,0,0,0,-1,-1
41295,Dreamleaf-Covered Ancient,,22245,47895,0,-1,0,0,0,0,0,2550,25,0,0,0,18380,119,347,0,3,34144576,0,268435456,0,0,0,-1,-1
41296,Fjarnskaggl Cluster,,22246,47897,0,-1,0,0,0,0,0,2550,25,0,0,0,18381,119,347,0,3,34144576,0,268435456,0,0,0,-1,-1
41297,Work Order: Fjarnskaggl,,22247,47897,0,-1,0,0,0,0,0,2550,25,0,0,0,18382,119,347,0,3,524608,0,268435456,0,0,0,-1,-1
41298,Supplies Needed: Fjarnskaggl,,22248,143218,0,-1,0,0,0,0,0,0,0,0,0,0,18383,109,347,0,3,524608,0,268435456,0,0,0,-1,-1
41299,Flourishing Fjarnskaggl,,22249,47897,0,-1,0,0,0,0,0,2550,25,0,0,0,18384,119,347,0,3,34144576,0,268435456,0,0,0,-1,-1
41300,Singed Fjarnskaggl,,22250,47897,0,-1,0,0,0,0,0,2550,25,0,0,0,18385,119,347,0,3,34144576,0,268435456,0,0,0,-1,-1
41301,Starlight Rose Cluster,,22251,38948,0,-1,0,0,0,0,0,2550,25,0,0,0,18386,119,335,0,3,34144576,0,268435456,0,0,0,-1,-1
41302,Work Order: Starlight Roses,,22252,45166,0,-1,0,0,0,0,0,2550,25,0,0,0,18387,119,335,0,3,524608,0,268435456,0,0,0,-1,-1
41303,Supplies Needed: Starlight Roses,,22253,45166,0,-1,0,0,0,0,0,0,0,0,0,0,18388,109,335,0,3,524608,0,268435456,0,0,0,-1,-1
41304,Flourishing Starlight Roses,,22254,38948,0,-1,0,0,0,0,0,2550,25,0,0,0,18389,119,335,0,3,34144576,0,268435456,0,0,0,-1,-1
41305,Nightborne Herb Trader,,22255,38948,0,-1,0,0,0,0,0,2550,25,0,0,0,18390,119,335,0,3,34144576,0,268435456,0,0,0,-1,-1
41308,Border Reinforcements,,22262,38948,0,-1,0,0,0,0,0,0,0,0,0,0,18392,109,347,0,3,37290240,0,268435456,0,0,0,-1,-1
41311,Work Order: Leystone,,22267,47901,0,-1,0,0,0,0,0,2566,25,0,0,0,18391,120,347,0,3,524608,0,268435456,0,0,0,-1,-1
41312,Work Order: Leystone,,22268,47895,0,-1,0,0,0,0,0,2566,25,0,0,0,18393,120,347,0,3,524608,0,268435456,0,0,0,-1,-1
41313,Work Order: Leystone,,22269,47897,0,-1,0,0,0,0,0,2566,25,0,0,0,18394,120,347,0,3,524608,0,268435456,0,0,0,-1,-1
41314,Work Order: Felslate,,22270,45166,0,-1,0,0,0,0,0,2566,25,0,0,0,18395,120,335,0,3,524608,0,268435456,0,0,0,-1,-1
41315,Supplies Needed: Leystone,,22271,143777,0,-1,0,0,0,0,0,0,0,0,0,0,18396,109,347,0,3,524608,0,268435456,0,0,0,-1,-1
41316,Supplies Needed: Leystone,,22272,143219,0,-1,0,0,0,0,0,0,0,0,0,0,18397,109,347,0,3,524608,0,268435456,0,0,0,-1,-1
41317,Supplies Needed: Leystone,,22273,143218,0,-1,0,0,0,0,0,0,0,0,0,0,18398,109,347,0,3,524608,0,268435456,0,0,0,-1,-1
41318,Supplies Needed: Felslate,,22274,45166,0,-1,0,0,0,0,0,0,0,0,0,0,18399,109,335,0,3,524608,0,268435456,0,0,0,-1,-1
41322,Unscratched Hippogryph Scale,,22278,47901,0,-1,0,0,0,0,0,2558,25,0,0,0,18401,124,347,0,3,34144576,0,268435456,0,0,0,-1,-1
41323,Fatty Lion Seal Skin,,22279,47901,0,-1,0,0,0,0,0,2558,25,0,0,0,18402,124,347,0,3,34144576,0,268435456,0,0,0,-1,-1
41324,Silky Prowler Fur,,22280,47901,0,-1,0,0,0,0,0,2558,25,0,0,0,18403,124,347,0,3,34144576,0,268435456,0,0,0,-1,-1
41326,Work Order: Stormscales,,22284,47901,0,-1,0,0,0,0,0,2558,25,0,0,0,18405,124,347,0,3,524608,0,268435456,0,0,0,-1,-1
41327,Supplies Needed: Stormscales,,22285,143777,0,-1,0,0,0,0,0,0,0,0,0,0,18406,109,347,0,3,524608,0,268435456,0,0,0,-1,-1
41333,Rugged Wolf Hide,,22293,47895,0,-1,0,0,0,0,0,2558,25,0,0,0,18407,124,347,0,3,34144576,0,268435456,0,0,0,-1,-1
41334,Musky Bear Hide,,22291,47895,0,-1,0,0,0,0,0,2558,25,0,0,0,18408,124,347,0,3,34144576,0,268435456,0,0,0,-1,-1
41336,Bristly Musken Hide,,22292,47897,0,-1,0,0,0,0,0,2558,25,0,0,0,18409,124,347,0,3,34144576,0,268435456,0,0,0,-1,-1
41337,Pristine Stag Hide,,22294,47895,0,-1,0,0,0,0,0,2558,25,0,0,0,18410,124,347,0,3,34144576,0,268435456,0,0,0,-1,-1
41338,Work Order: Stonehide Leather,,22295,47895,0,-1,0,0,0,0,0,2558,25,0,0,0,18411,124,347,0,3,524608,0,268435456,0,0,0,-1,-1
41339,Supplies Needed: Stonehide Leather,,22296,143219,0,-1,0,0,0,0,0,0,0,0,0,0,18412,109,347,0,3,524608,0,268435456,0,0,0,-1,-1
41340,Perfect Storm Drake Scale,,22297,47897,0,-1,0,0,0,0,0,2558,25,0,0,0,18413,124,347,0,3,34144576,0,268435456,0,0,0,-1,-1
41342,Thick Bear Hide,,22299,47897,0,-1,0,0,0,0,0,2558,25,0,0,0,18415,124,347,0,3,34144576,0,268435456,0,0,0,-1,-1
41343,Solid Crabshell Fragment,,22300,47897,0,-1,0,0,0,0,0,2558,25,0,0,0,18416,124,347,0,3,34144576,0,268435456,0,0,0,-1,-1
41344,Work Order: Stormscales,,22301,47897,0,-1,0,0,0,0,0,2558,25,0,0,0,18417,124,347,0,3,524608,0,268435456,0,0,0,-1,-1
41345,Supplies Needed: Stormscales,,22302,143218,0,-1,0,0,0,0,0,0,0,0,0,0,18418,109,347,0,3,524608,0,268435456,0,0,0,-1,-1
41346,Velvety Stalker Hide,,22303,38948,0,-1,0,0,0,0,0,2558,25,0,0,0,18419,124,335,0,3,34144576,0,268435456,0,0,0,-1,-1
41347,Extra-Rancid Felhound Hide,,22304,38948,0,-1,0,0,0,0,0,2558,25,0,0,0,18420,124,335,0,3,34144576,0,268435456,0,0,0,-1,-1
41349,Rock-Hard Crab Chitin,,22306,38948,0,-1,0,0,0,0,0,2558,25,0,0,0,18422,124,335,0,3,34144576,0,268435456,0,0,0,-1,-1
41350,Work Order: Stonehide Leather,,22307,45166,0,-1,0,0,0,0,0,2558,25,0,0,0,18423,124,335,0,3,524608,0,268435456,0,0,0,-1,-1
41351,Supplies Needed: Stonehide Leather,,22308,45166,0,-1,0,0,0,0,0,0,0,0,0,0,18424,109,335,0,3,524608,0,268435456,0,0,0,-1,-1
41352,Felslate Basilisks,,22309,38948,0,-1,0,0,0,0,0,2566,25,0,0,0,18425,120,335,0,3,34144576,0,268435456,0,0,0,-1,-1
41353,Odious Felslate Outcropping,,22310,38948,0,-1,0,0,0,0,0,2566,25,0,0,0,18427,120,335,0,3,34144576,0,268435456,0,0,0,-1,-1
41354,Shattered Felslate Seams,,22311,38948,0,-1,0,0,0,0,0,2566,25,0,0,0,18428,120,335,0,3,34144576,0,268435456,0,0,0,-1,-1
41357,Primordial Felslate Deposits,,22312,38948,0,-1,0,0,0,0,0,2566,25,0,0,0,18429,120,335,0,3,34144576,0,268435456,0,0,0,-1,-1
41414,Weapons of Deathwing,,26234,47899,0,-1,0,0,0,0,0,0,0,0,0,0,18426,109,347,0,3,37290240,0,268435456,0,0,0,-1,-1
41416,Retake the Skyhorn,,22384,47899,0,-1,0,0,0,0,0,0,0,0,0,0,18631,109,347,0,3,37290240,0,268435456,0,0,0,-1,-1
41417,Jeremy's Test Criteria-Based Progress Bar,,22382,0,0,-1,0,0,0,0,0,0,0,0,0,0,18632,0,333,0,3,589824,131072,268435456,0,0,0,-1,-1
41420,Warden Tower Assault: Nightwatcher's Perch,,22392,143217,0,-1,0,0,0,0,0,0,0,0,0,0,18430,113,347,0,3,37290240,0,268435456,0,0,0,1309324210,-1440044374
41421,Warden Tower Assault: Nightwatcher's Perch,,24887,143217,0,-1,0,0,0,0,0,0,0,0,0,0,18272,113,347,0,3,37290240,0,268435456,0,0,0,-1321907123,1427461461
41427,Get Vrekt,,22411,47897,0,-1,0,0,0,0,0,0,0,0,0,0,18656,109,347,0,3,37290240,0,268435456,0,0,0,-1,-1
41428,Unstable Portal,,22401,47899,0,-1,0,0,0,0,0,0,0,0,0,0,18686,109,347,0,3,41484544,0,268435456,0,0,0,-1,-1
41432,Fiery Leystone Deposits,,22413,47899,0,-1,0,0,0,0,0,2566,25,0,0,0,18658,120,347,0,3,34144576,0,268435456,0,0,0,-1,-1
41433,Massive Leystone Deposits,,22414,47899,0,-1,0,0,0,0,0,2566,25,0,0,0,18659,120,347,0,3,34144576,0,268435456,0,0,0,-1,-1
41434,Glowing Leystone Deposits,,22415,47901,0,-1,0,0,0,0,0,2566,25,0,0,0,18660,120,347,0,3,34144576,0,268435456,0,0,0,-1,-1
41435,Smooth Leystone Deposits,,22416,47901,0,-1,0,0,0,0,0,2566,25,0,0,0,18661,120,347,0,3,34144576,0,268435456,0,0,0,-1,-1
41437,Fine Leystone Deposits,,22417,47901,0,-1,0,0,0,0,0,2566,25,0,0,0,18662,120,347,0,3,34144576,0,268435456,0,0,0,-1,-1
41438,Charged Leystone Deposits,,22418,47901,0,-1,0,0,0,0,0,2566,25,0,0,0,18663,120,347,0,3,34144576,0,268435456,0,0,0,-1,-1
41439,Exquisite Leystone Deposits,,22419,47895,0,-1,0,0,0,0,0,2566,25,0,0,0,18664,120,347,0,3,34144576,0,268435456,0,0,0,-1,-1
41440,Magnificent Leystone Deposits,,22420,47895,0,-1,0,0,0,0,0,2566,25,0,0,0,18665,120,347,0,3,34144576,0,268435456,0,0,0,-1,-1
41441,Superior Leystone Deposits,,22422,47895,0,-1,0,0,0,0,0,2566,25,0,0,0,18666,120,347,0,3,34144576,0,268435456,0,0,0,-1,-1
41442,Striking Leystone Deposits,,22423,47897,0,-1,0,0,0,0,0,2566,25,0,0,0,18667,120,347,0,3,34144576,0,268435456,0,0,0,-1,-1
41443,Ancient Leystone Deposits,,22424,47897,0,-1,0,0,0,0,0,2566,25,0,0,0,18668,120,347,0,3,34144576,0,268435456,0,0,0,-1,-1
41444,Dark Leystone Deposits,,22425,47897,0,-1,0,0,0,0,0,2566,25,0,0,0,18669,120,347,0,3,34144576,0,268435456,0,0,0,-1,-1
41445,Stormy Leystone Deposits,,22426,47897,0,-1,0,0,0,0,0,2566,25,0,0,0,18670,120,347,0,3,34144576,0,268435456,0,0,0,-1,-1
41446,Darkened Felslate Deposits,,22427,38948,0,-1,0,0,0,0,0,2566,25,0,0,0,18671,120,335,0,3,34144576,0,268435456,0,0,0,-1,-1
41447,Burning Felslate Deposits,,22428,38948,0,-1,0,0,0,0,0,2566,25,0,0,0,18672,120,335,0,3,34144576,0,268435456,0,0,0,-1,-1
41448,Heavy Felslate Deposits,,22429,38948,0,-1,0,0,0,0,0,2566,25,0,0,0,18673,120,335,0,3,34144576,0,268435456,0,0,0,-1,-1
41451,Assault on Hrydshal,,22446,47897,0,-1,0,0,0,0,0,0,0,0,0,0,18674,109,347,0,3,41484544,0,268435456,0,0,0,-1,-1
41454,Luminous Leystone Outcropping,,22670,47901,0,-1,0,0,0,0,0,2566,25,0,0,0,18678,120,347,0,3,34144576,0,268435456,0,0,0,-1,-1
41455,Gleaming Leystone Outcropping,,22440,47901,0,-1,0,0,0,0,0,2566,25,0,0,0,18679,120,347,0,3,34144576,0,268435456,0,0,0,-1,-1
41457,Radiant Leystone Outcropping,,22442,47895,0,-1,0,0,0,0,0,2566,25,0,0,0,18680,120,347,0,3,34144576,0,268435456,0,0,0,-1,-1
41458,Hardened Leystone Outcropping,,22443,47895,0,-1,0,0,0,0,0,2566,25,0,0,0,18681,120,347,0,3,34144576,0,268435456,0,0,0,-1,-1
41459,Dense Leystone Outcropping,,22444,47897,0,-1,0,0,0,0,0,2566,25,0,0,0,18682,120,347,0,3,34144576,0,268435456,0,0,0,-1,-1
41460,Primal Leystone Outcropping,,22445,47897,0,-1,0,0,0,0,0,2566,25,0,0,0,18683,120,347,0,3,38338880,0,268435456,0,0,0,-1,-1
41461,Malevolent Felslate Outcropping,,22447,38948,0,-1,0,0,0,0,0,2566,25,0,0,0,18684,120,335,0,3,34144576,0,268435456,0,0,0,-1,-1
41464,"Not Here, Not Now, Not Ever",,22450,0,0,-1,0,0,0,0,0,0,0,0,0,0,0,0,335,0,2,37879816,0,268435968,41463,0,0,-1,-1
41467,The Only Choice We Can Make,,22453,0,0,-1,0,0,0,0,0,0,0,0,0,135534,0,0,335,0,2,33685512,0,268435968,41464,0,0,-1,-1
41481,Brimstone Destroyer,,22464,47901,0,-1,0,0,0,0,0,2566,25,0,0,0,18688,120,347,0,3,34144576,0,268435456,0,0,0,-1,-1
41482,Brimstone Destroyer,,22465,47901,0,-1,0,0,0,0,0,2566,25,0,0,0,18689,120,347,0,3,34144576,0,268435456,0,0,0,-1,-1
41483,Brimstone Destroyer,,22466,47901,0,-1,0,0,0,0,0,2566,25,0,0,0,18690,120,347,0,3,34144576,0,268435456,0,0,0,-1,-1
41484,Brimstone Destroyer,,22468,47895,0,-1,0,0,0,0,0,2566,25,0,0,0,18691,120,347,0,3,34144576,0,268435456,0,0,0,-1,-1
41486,Brimstone Destroyer,,22469,47895,0,-1,0,0,0,0,0,2566,25,0,0,0,18692,120,347,0,3,34144576,0,268435456,0,0,0,-1,-1
41487,Brimstone Destroyer,,22470,47895,0,-1,0,0,0,0,0,2566,25,0,0,0,18693,120,347,0,3,34144576,0,268435456,0,0,0,-1,-1
41488,Brimstone Destroyer,,22471,47897,0,-1,0,0,0,0,0,2566,25,0,0,0,18694,120,347,0,3,34144576,0,268435456,0,0,0,-1,-1
41489,Brimstone Destroyer,,22472,47897,0,-1,0,0,0,0,0,2566,25,0,0,0,18695,120,347,0,3,34144576,0,268435456,0,0,0,-1,-1
41490,Brimstone Destroyer,,22473,47897,0,-1,0,0,0,0,0,2566,25,0,0,0,18696,120,347,0,3,34144576,0,268435456,0,0,0,-1,-1
41491,Brimstone Destroyer,,22474,38948,0,-1,0,0,0,0,0,2566,25,0,0,0,18697,120,335,0,3,34144576,0,268435456,0,0,0,-1,-1
41492,Brimstone Destroyer,,22475,38948,0,-1,0,0,0,0,0,2566,25,0,0,0,18698,120,335,0,3,34144576,0,268435456,0,0,0,-1,-1
41493,Brimstone Destroyer,,22476,38948,0,-1,0,0,0,0,0,2566,25,0,0,0,18699,120,335,0,3,34144576,0,268435456,0,0,0,-1,-1
41495,Brilliant Leystone Seams,,22671,47901,0,-1,0,0,0,0,0,2566,25,0,0,0,18700,120,347,0,3,34144576,0,268435456,0,0,0,-1,-1
41496,Raw Leystone Seams,,22479,47895,0,-1,0,0,0,0,0,2566,25,0,0,0,18701,120,347,0,3,34144576,0,268435456,0,0,0,-1,-1
41497,Wild Leystone Seams,,22478,47897,0,-1,0,0,0,0,0,2566,25,0,0,0,18702,120,347,0,3,34144576,0,268435456,0,0,0,-1,-1
41498,Leystone Basilisks,,22480,47901,0,-1,0,0,0,0,0,2566,25,0,0,0,18703,120,347,0,3,34144576,0,268435456,0,0,0,-1,-1
41500,Leyworms,,22483,47901,0,-1,0,0,0,0,0,2566,25,0,0,0,18704,120,347,0,3,34144576,0,268435456,0,0,0,-1,-1
41501,Leystone Basilisks,,22484,47901,0,-1,0,0,0,0,0,2566,25,0,0,0,18705,120,347,0,3,34144576,0,268435456,0,0,0,-1,-1
41502,Leystone Basilisks,,22485,47895,0,-1,0,0,0,0,0,2566,25,0,0,0,18706,120,347,0,3,34144576,0,268435456,0,0,0,-1,-1
41503,Leystone Basilisks,,22486,47895,0,-1,0,0,0,0,0,2566,25,0,0,0,18707,120,347,0,3,34144576,0,268435456,0,0,0,-1,-1
41504,Leystone Basilisks,,22487,47895,0,-1,0,0,0,0,0,2566,25,0,0,0,18708,120,347,0,3,34144576,0,268435456,0,0,0,-1,-1
41505,Leystone Basilisks,,22488,47897,0,-1,0,0,0,0,0,2566,25,0,0,0,18709,120,347,0,3,34144576,0,268435456,0,0,0,-1,-1
41506,Leystone Basilisks,,22489,47897,0,-1,0,0,0,0,0,2566,25,0,0,0,18710,120,347,0,3,34144576,0,268435456,0,0,0,-1,-1
41507,Leystone Basilisks,,22490,47897,0,-1,0,0,0,0,0,2566,25,0,0,0,18711,120,347,0,3,34144576,0,268435456,0,0,0,-1,-1
41508,Felslate Basilisks,,22491,38948,0,-1,0,0,0,0,0,2566,25,0,0,0,18712,120,335,0,3,34144576,0,268435456,0,0,0,-1,-1
41509,Felslate Basilisks,,22492,38948,0,-1,0,0,0,0,0,2566,25,0,0,0,18713,120,335,0,3,34144576,0,268435456,0,0,0,-1,-1
41511,Felwort,,22494,47899,0,-1,0,0,0,0,0,2550,25,0,0,0,18715,119,347,0,3,34144576,0,268435456,0,0,0,-1,-1
41512,Felwort,,22495,47899,0,-1,0,0,0,0,0,2550,25,0,0,0,18716,119,347,0,3,34144576,0,268435456,0,0,0,-1,-1
41513,Felwort,,22496,47901,0,-1,0,0,0,0,0,2550,25,0,0,0,18717,119,347,0,3,34144576,0,268435456,0,0,0,-1,-1
41514,Felwort,,22497,47901,0,-1,0,0,0,0,0,2550,25,0,0,0,18718,119,347,0,3,34144576,0,268435456,0,0,0,-1,-1
41515,Felwort,,22498,47901,0,-1,0,0,0,0,0,2550,25,0,0,0,18719,119,347,0,3,34144576,0,268435456,0,0,0,-1,-1
41516,Felwort,,22499,47895,0,-1,0,0,0,0,0,2550,25,0,0,0,18720,119,347,0,3,34144576,0,268435456,0,0,0,-1,-1
41517,Felwort,,22500,47895,0,-1,0,0,0,0,0,2550,25,0,0,0,18721,119,347,0,3,34144576,0,268435456,0,0,0,-1,-1
41518,Felwort,,22501,47895,0,-1,0,0,0,0,0,2550,25,0,0,0,18722,119,347,0,3,34144576,0,268435456,0,0,0,-1,-1
41519,Felwort,,22502,47897,0,-1,0,0,0,0,0,2550,25,0,0,0,18723,119,347,0,3,34144576,0,268435456,0,0,0,-1,-1
41520,Felwort,,22503,47897,0,-1,0,0,0,0,0,2550,25,0,0,0,18724,119,347,0,3,34144576,0,268435456,0,0,0,-1,-1
41521,Felwort,,22504,47897,0,-1,0,0,0,0,0,2550,25,0,0,0,18725,119,347,0,3,34144576,0,268435456,0,0,0,-1,-1
41522,Felwort,,22505,38948,0,-1,0,0,0,0,0,2550,25,0,0,0,18726,119,335,0,3,34144576,0,268435456,0,0,0,-1,-1
41523,Felwort,,22506,38948,0,-1,0,0,0,0,0,2550,25,0,0,0,18727,119,335,0,3,34144576,0,268435456,0,0,0,-1,-1
41524,Felwort,,22507,38948,0,-1,0,0,0,0,0,2550,25,0,0,0,18728,119,335,0,3,34144576,0,268435456,0,0,0,-1,-1
41525,Wispy Foxflower,,22508,47899,0,-1,0,0,0,0,0,2550,25,0,0,0,18729,119,347,0,3,34144576,0,268435456,0,0,0,-1,-1
41526,Bushy Foxflower,,22509,47899,0,-1,0,0,0,0,0,2550,25,0,0,0,18730,119,347,0,3,34144576,0,268435456,0,0,0,-1,-1
41527,Lively Aethril,,22510,47901,0,-1,0,0,0,0,0,2550,25,0,0,0,18732,119,347,0,3,34144576,0,268435456,0,0,0,-1,-1
41528,Iridescent Aethril,,22511,47901,0,-1,0,0,0,0,0,2550,25,0,0,0,18733,119,347,0,3,34144576,0,268435456,0,0,0,-1,-1
41529,Bushy Aethril,,22512,47901,0,-1,0,0,0,0,0,2550,25,0,0,0,18735,119,347,0,3,34144576,0,268435456,0,0,0,-1,-1
41530,Lively Dreamleaf,,22513,47895,0,-1,0,0,0,0,0,2550,25,0,0,0,18736,119,347,0,3,34144576,0,268435456,0,0,0,-1,-1
41531,Iridescent Dreamleaf,,22514,47895,0,-1,0,0,0,0,0,2550,25,0,0,0,18737,119,347,0,3,34144576,0,268435456,0,0,0,-1,-1
41532,Bushy Dreamleaf,,22515,47895,0,-1,0,0,0,0,0,2550,25,0,0,0,18738,119,347,0,3,34144576,0,268435456,0,0,0,-1,-1
41533,Fragrant Dreamleaf,,22516,47895,0,-1,0,0,0,0,0,2550,25,0,0,0,18739,119,347,0,3,34144576,0,268435456,0,0,0,-1,-1
41534,Brambly Fjarnskaggl,,22517,47897,0,-1,0,0,0,0,0,2550,25,0,0,0,18740,119,347,0,3,34144576,0,268435456,0,0,0,-1,-1
41535,Prickly Fjarnskaggl,,22518,47897,0,-1,0,0,0,0,0,2550,25,0,0,0,18741,119,347,0,3,34144576,0,268435456,0,0,0,-1,-1
41536,Pungent Fjarnskaggl,,22519,47897,0,-1,0,0,0,0,0,2550,25,0,0,0,18742,119,347,0,3,34144576,0,268435456,0,0,0,-1,-1
41537,Lively Starlight Roses,,22672,38948,0,-1,0,0,0,0,0,2550,25,0,0,0,18743,119,335,0,3,34144576,0,268435456,0,0,0,-1,-1
41538,Iridescent Starlight Roses,,22521,38948,0,-1,0,0,0,0,0,2550,25,0,0,0,18744,119,335,0,3,34144576,0,268435456,0,0,0,-1,-1
41539,Sparkling Starlight Roses,,22520,38948,0,-1,0,0,0,0,0,2550,25,0,0,0,18745,119,335,0,3,34144576,0,268435456,0,0,0,-1,-1
41544,Foxflower Cluster,,22526,47899,0,-1,0,0,0,0,0,2550,25,0,0,0,18746,119,347,0,3,34144576,0,268435456,0,0,0,-1,-1
41545,Aethril Cluster,,22527,47901,0,-1,0,0,0,0,0,2550,25,0,0,0,18747,119,347,0,3,34144576,0,268435456,0,0,0,-1,-1
41546,Dreamleaf Cluster,,22530,47895,0,-1,0,0,0,0,0,2550,25,0,0,0,18748,119,347,0,3,34144576,0,268435456,0,0,0,-1,-1
41547,Fjarnskaggl Cluster,,22528,47897,0,-1,0,0,0,0,0,2550,25,0,0,0,18749,119,347,0,3,34144576,0,268435456,0,0,0,-1,-1
41548,Starlight Rose Cluster,,22529,38948,0,-1,0,0,0,0,0,2550,25,0,0,0,18750,119,335,0,3,34144576,0,268435456,0,0,0,-1,-1
41549,Slab of Bacon,,22531,47899,0,-1,0,0,0,0,0,2542,25,0,0,0,18759,131,347,0,3,34144576,0,268435456,0,0,0,-1,-1
41550,Slab of Bacon,,22532,47899,0,-1,0,0,0,0,0,2542,25,0,0,0,18760,131,347,0,3,34144576,0,268435456,0,0,0,-1,-1
41551,Slab of Bacon,,22533,47901,0,-1,0,0,0,0,0,2542,25,0,0,0,18761,131,347,0,3,34144576,0,268435456,0,0,0,-1,-1
41552,Slab of Bacon,,22534,47901,0,-1,0,0,0,0,0,2542,25,0,0,0,18762,131,347,0,3,34144576,0,268435456,0,0,0,-1,-1
41553,Slab of Bacon,,22535,47895,0,-1,0,0,0,0,0,2542,25,0,0,0,18763,131,347,0,3,34144576,0,268435456,0,0,0,-1,-1
41554,Slab of Bacon,,22536,47895,0,-1,0,0,0,0,0,2542,25,0,0,0,18764,131,347,0,3,34144576,0,268435456,0,0,0,-1,-1
41555,Slab of Bacon,,22537,47897,0,-1,0,0,0,0,0,2542,25,0,0,0,18765,131,347,0,3,34144576,0,268435456,0,0,0,-1,-1
41556,Slab of Bacon,,22538,47897,0,-1,0,0,0,0,0,2542,25,0,0,0,18766,131,347,0,3,34144576,0,268435456,0,0,0,-1,-1
41557,Slab of Bacon,,22539,38948,0,-1,0,0,0,0,0,2542,25,0,0,0,18767,131,335,0,3,34144576,0,268435456,0,0,0,-1,-1
41558,Slab of Bacon,,22540,38948,0,-1,0,0,0,0,0,2542,25,0,0,0,18768,131,335,0,3,34144576,0,268435456,0,0,0,-1,-1
41560,Felhide,,22543,47899,0,-1,0,0,0,0,0,2558,25,0,0,0,18770,124,347,0,3,34144576,0,268435456,0,0,0,-1,-1
41561,Felhide,,22544,47899,0,-1,0,0,0,0,0,2558,25,0,0,0,18771,124,347,0,3,34144576,0,268435456,0,0,0,-1,-1
41562,Felhide,,22545,47901,0,-1,0,0,0,0,0,2558,25,0,0,0,18772,124,347,0,3,34144576,0,268435456,0,0,0,-1,-1
41563,Felhide,,22546,47901,0,-1,0,0,0,0,0,2558,25,0,0,0,18773,124,347,0,3,34144576,0,268435456,0,0,0,-1,-1
41564,Felhide,,22547,47901,0,-1,0,0,0,0,0,2558,25,0,0,0,18774,124,347,0,3,34144576,0,268435456,0,0,0,-1,-1
41565,Felhide,,22548,47895,0,-1,0,0,0,0,0,2558,25,0,0,0,18775,124,347,0,3,34144576,0,268435456,0,0,0,-1,-1
41566,Felhide,,22549,47895,0,-1,0,0,0,0,0,2558,25,0,0,0,18776,124,347,0,3,34144576,0,268435456,0,0,0,-1,-1
41567,Felhide,,22550,47895,0,-1,0,0,0,0,0,2558,25,0,0,0,18777,124,347,0,3,34144576,0,268435456,0,0,0,-1,-1
41568,Felhide,,22551,47897,0,-1,0,0,0,0,0,2558,25,0,0,0,18778,124,347,0,3,34144576,0,268435456,0,0,0,-1,-1
41569,Felhide,,22552,47897,0,-1,0,0,0,0,0,2558,25,0,0,0,18779,124,347,0,3,34144576,0,268435456,0,0,0,-1,-1
41570,Felhide,,22553,47897,0,-1,0,0,0,0,0,2558,25,0,0,0,18780,124,347,0,3,34144576,0,268435456,0,0,0,-1,-1
41571,Felhide,,22554,38948,0,-1,0,0,0,0,0,2558,25,0,0,0,18781,124,335,0,3,34144576,0,268435456,0,0,0,-1,-1
41572,Felhide,,22555,38948,0,-1,0,0,0,0,0,2558,25,0,0,0,18782,124,335,0,3,34144576,0,268435456,0,0,0,-1,-1
41573,Felhide,,22556,38948,0,-1,0,0,0,0,0,2558,25,0,0,0,18783,124,335,0,3,34144576,0,268435456,0,0,0,-1,-1
41582,Smooth Sunrunner Hide,,22566,47901,0,-1,0,0,0,0,0,2558,25,0,0,0,19478,124,347,0,3,34144576,0,268435456,0,0,0,-1,-1
41596,Lively Highmountain Salmon,,22580,47899,0,-1,0,0,0,0,0,356,75,0,0,0,18804,130,347,0,3,34144576,0,268435456,0,0,0,-1,-1
41597,Lively Highmountain Salmon,,22581,47899,0,-1,0,0,0,0,0,356,75,0,0,0,18805,130,347,0,3,34144576,0,268435456,0,0,0,-1,-1
41598,Lively Cursed Queenfish,,22583,47901,0,-1,0,0,0,0,0,356,75,0,0,0,18806,130,347,0,3,34144576,0,268435456,0,0,0,-1,-1
41599,Lively Cursed Queenfish,,22582,47901,0,-1,0,0,0,0,0,356,75,0,0,0,18807,130,347,0,3,34144576,0,268435456,0,0,0,-1,-1
41600,Lively Mossgill Perch,,22584,47895,0,-1,0,0,0,0,0,356,75,0,0,0,18808,130,347,0,3,34144576,0,268435456,0,0,0,-1,-1
41601,Lively Mossgill Perch,,22585,47895,0,-1,0,0,0,0,0,356,75,0,0,0,18809,130,347,0,3,34144576,0,268435456,0,0,0,-1,-1
41602,Lively Stormrays,,22586,47897,0,-1,0,0,0,0,0,356,75,0,0,0,18810,130,347,0,3,34144576,0,268435456,0,0,0,-1,-1
41603,Lively Stormrays,,22587,47897,0,-1,0,0,0,0,0,356,75,0,0,0,18811,130,347,0,3,34144576,0,268435456,0,0,0,-1,-1
41604,Lively Runescale Koi,,22588,38948,0,-1,0,0,0,0,0,356,75,0,0,0,18812,130,347,0,3,34144576,0,268435456,0,0,0,-1,-1
41605,Lively Runescale Koi,,22589,38948,0,-1,0,0,0,0,0,356,75,0,0,0,18813,130,335,0,3,34144576,0,268435456,0,0,0,-1,-1
41609,Huge Highmountain Salmon,,22598,47899,0,-1,0,0,0,0,0,356,75,0,0,0,18816,130,347,0,3,34144576,0,268435456,0,0,0,-1,-1
41610,Huge Cursed Queenfish,,22599,47901,0,-1,0,0,0,0,0,356,75,0,0,0,18817,130,347,0,3,34144576,0,268435456,0,0,0,-1,-1
41611,Huge Cursed Queenfish,,22600,47901,0,-1,0,0,0,0,0,356,75,0,0,0,18818,130,347,0,3,34144576,0,268435456,0,0,0,-1,-1
41612,Huge Mossgill Perch,,22601,47895,0,-1,0,0,0,0,0,356,75,0,0,0,18819,130,347,0,3,34144576,0,268435456,0,0,0,-1,-1
41613,Huge Mossgill Perch,,22602,47895,0,-1,0,0,0,0,0,356,75,0,0,0,18820,130,347,0,3,34144576,0,268435456,0,0,0,-1,-1
41614,Huge Stormrays,,22603,47897,0,-1,0,0,0,0,0,356,75,0,0,0,18821,130,347,0,3,34144576,0,268435456,0,0,0,-1,-1
41615,Huge Stormrays,,22604,47897,0,-1,0,0,0,0,0,356,75,0,0,0,18822,130,347,0,3,101253440,0,268435456,0,0,0,-1,-1
41616,Huge Runescale Koi,,22605,38948,0,-1,0,0,0,0,0,356,75,0,0,0,18823,130,335,0,3,34144576,64,268435456,0,0,0,-1,-1
41617,Huge Runescale Koi,,22606,38948,0,-1,0,0,0,0,0,356,75,0,0,0,18824,130,335,0,3,34144576,0,268435456,0,0,0,-1,-1
41622,Crawliac's Legacy,,22611,47899,0,-1,0,0,0,0,0,0,0,0,0,0,18843,109,347,0,3,37290240,0,268435456,41694,0,0,-1,-1
41623,Champions of Highmountain,,22613,39948,0,-1,0,0,0,0,0,0,0,0,0,0,18845,109,347,0,3,38338816,0,268435456,39992,0,0,-1,-1
41624,Rocko Needs a Shave,,22614,145947,0,-1,0,0,0,0,0,0,0,0,0,0,18846,115,347,0,3,3735808,0,268435456,0,0,0,-1,-1
41633,Work Order: Leystone Greaves,,22623,47901,0,-1,0,0,0,0,0,2454,25,0,0,0,18848,116,347,0,3,524608,0,268435456,0,0,0,-1,-1
41634,Work Order: Leystone Armguards,,22624,47895,0,-1,0,0,0,0,0,2454,25,0,0,0,18849,116,347,0,3,524608,0,268435456,0,0,0,-1,-1
41635,Work Order: Leystone Boots,,22625,47899,0,-1,0,0,0,0,0,2454,25,0,0,0,18850,116,347,0,3,524608,0,268435456,0,0,0,-1,-1
41636,Work Order: Leystone Breastplate,,22626,47897,0,-1,0,0,0,0,0,2454,25,0,0,0,18851,116,347,0,3,524608,8192,268435456,0,0,0,-1,-1
41637,Work Order: Leystone Pauldrons,,22627,45166,0,-1,0,0,0,0,0,2454,25,0,0,0,18852,116,335,0,3,524608,0,268435456,0,0,0,-1,-1
41638,Work Order: Leystone Gauntlets,,22628,38948,0,-1,0,0,0,0,0,2454,25,0,0,0,18853,116,347,0,3,524608,0,268435456,0,0,0,-1,-1
41639,Work Order: Battlebound Spaulders,,22629,47901,0,-1,0,0,0,0,0,2526,25,0,0,0,18854,117,347,0,3,524608,0,268435456,0,0,0,-1,-1
41640,Work Order: Warhide Mask,,22630,47895,0,-1,0,0,0,0,0,2526,25,0,0,0,18855,117,347,0,3,524608,0,268435456,0,0,0,-1,-1
41641,Work Order: Battlebound Armbands,,22673,47899,0,-1,0,0,0,0,0,2526,25,0,0,0,18856,117,347,0,3,524608,0,268435456,0,0,0,-1,-1
41642,Work Order: Warhide Footpads,,22632,47897,0,-1,0,0,0,0,0,2526,25,0,0,0,18857,117,347,0,3,524608,0,268435456,0,0,0,-1,-1
41643,Work Order: Battlebound Leggings,,22631,45166,0,-1,0,0,0,0,0,2526,25,0,0,0,18858,117,335,0,3,524608,0,268435456,0,0,0,-1,-1
41644,Work Order: Warhide Gloves,,22633,38948,0,-1,0,0,0,0,0,2526,25,0,0,0,18859,117,347,0,3,524608,0,268435456,0,0,0,-1,-1
41645,Work Order: Silkweave Epaulets,,22634,47901,0,-1,0,0,0,0,0,2534,25,0,0,0,18860,121,347,0,3,524608,0,268435456,0,0,0,-1,-1
41646,Work Order: Silkweave Gloves,,22635,47895,0,-1,0,0,0,0,0,2534,25,0,0,0,18861,121,347,0,3,524608,0,268435456,0,0,0,-1,-1
41647,Work Order: Silkweave Robe,,22636,47899,0,-1,0,0,0,0,0,2534,25,0,0,0,18862,121,347,0,3,524608,0,268435456,0,0,0,-1,-1
41648,Work Order: Silkweave Bracers,,22637,47897,0,-1,0,0,0,0,0,2534,25,0,0,0,18863,121,347,0,3,524608,0,268435456,0,0,0,-1,-1
41649,Work Order: Silkweave Slippers,,22638,45166,0,-1,0,0,0,0,0,2534,25,0,0,0,18864,121,335,0,3,524608,0,268435456,0,0,0,-1,-1
41650,Work Order: Silkweave Hood,,22639,38948,0,-1,0,0,0,0,0,2534,25,0,0,0,18865,121,347,0,3,524608,0,268435456,0,0,0,-1,-1
41651,Work Order: Azsunite Pendant,,22640,47901,0,-1,0,0,0,0,0,2518,25,0,0,0,18866,125,347,0,3,524608,0,268435456,0,0,0,-1,-1
41652,Work Order: Deep Amber Loop,,22641,47895,0,-1,0,0,0,0,0,2518,25,0,0,0,18867,125,347,0,3,524608,0,268435456,0,0,0,-1,-1
41653,Work Order: Skystone Pendant,,22642,47899,0,-1,0,0,0,0,0,2518,25,0,0,0,18868,125,347,0,3,524608,0,268435456,0,0,0,-1,-1
41654,Work Order: Queen's Opal Loop,,22643,47897,0,-1,0,0,0,0,0,2518,25,0,0,0,18869,125,347,0,3,524608,0,268435456,0,0,0,-1,-1
41655,Work Order: Queen's Opal Pendant,,22644,45166,0,-1,0,0,0,0,0,2518,25,0,0,0,18870,125,335,0,3,524608,0,268435456,0,0,0,-1,-1
41656,Work Order: Azsunite Loop,,22645,38948,0,-1,0,0,0,0,0,2518,25,0,0,0,18871,125,347,0,3,524608,0,268435456,0,0,0,-1,-1
41657,Work Order: Draughts of Raw Magic,,22646,47901,0,-1,0,0,0,0,0,2479,25,0,0,0,18872,118,347,0,3,524608,0,268435456,0,0,0,-1,-1
41658,Work Order: Sylvan Elixirs,,22647,47895,0,-1,0,0,0,0,0,2479,25,0,0,0,18873,118,347,0,3,524608,0,268435456,0,0,0,-1,-1
41659,Work Order: Avalanche Elixirs,,22648,47899,0,-1,0,0,0,0,0,2479,25,0,0,0,18874,118,347,0,3,524608,0,268435456,0,0,0,-1,-1
41660,Work Order: Skaggldrynk,,22649,47897,0,-1,0,0,0,0,0,2479,25,0,0,0,18875,118,347,0,3,524608,0,268435456,0,0,0,-1,-1
41661,Work Order: Skystep Potions,,22650,45166,0,-1,0,0,0,0,0,2479,25,0,0,0,18876,118,335,0,3,524608,0,268435456,0,0,0,-1,-1
41662,Work Order: Ancient Rejuvenation Potions,,22651,38948,0,-1,0,0,0,0,0,2479,25,0,0,0,18877,118,347,0,3,524608,0,268435456,0,0,0,-1,-1
41663,Vantus Rune Work Order: Elerethe Renferal,,22652,47901,0,-1,0,0,0,0,0,2508,25,0,0,0,18878,126,347,0,3,524608,0,268435456,0,0,0,-1,-1
41664,Vantus Rune Work Order: Dragons of Nightmare,,22653,47895,0,-1,0,0,0,0,0,2508,25,0,0,0,18879,126,347,0,3,524608,0,268435456,0,0,0,-1,-1
41665,Vantus Rune Work Order: Ursoc,,22654,47899,0,-1,0,0,0,0,0,2508,25,0,0,0,18880,126,347,0,3,524608,0,268435456,0,0,0,-1,-1
41666,Vantus Rune Work Order: Nythendra,,22655,47897,0,-1,0,0,0,0,0,2508,25,0,0,0,18881,126,347,0,3,524608,0,268435456,0,0,0,-1,-1
41667,Vantus Rune Work Order: Xavius,,22656,45166,0,-1,0,0,0,0,0,2508,25,0,0,0,18882,126,335,0,3,524608,0,268435456,0,0,0,-1,-1
41668,"Vantus Rune Work Order: Il'gynoth, The Heart of Corruption",,22657,38948,0,-1,0,0,0,0,0,2508,25,0,0,0,18883,126,347,0,3,524608,0,268435456,0,0,0,-1,-1
41669,Work Order: Word of Critical Strike,,22658,47901,0,-1,0,0,0,0,0,2487,25,0,0,0,18884,123,347,0,3,524608,0,268435456,0,0,0,-1,-1
41670,Work Order: Word of Agility,,22659,47895,0,-1,0,0,0,0,0,2487,25,0,0,0,18885,123,347,0,3,524608,0,268435456,0,0,0,-1,-1
41671,Work Order: Word of Strength,,22660,47899,0,-1,0,0,0,0,0,2487,25,0,0,0,18886,123,347,0,3,524608,0,268435456,0,0,0,-1,-1
41672,Work Order: Word of Haste,,22661,47897,0,-1,0,0,0,0,0,2487,25,0,0,0,18887,123,347,0,3,524608,0,268435456,0,0,0,-1,-1
41673,Work Order: Word of Mastery,,22662,45166,0,-1,0,0,0,0,0,2487,25,0,0,0,18888,123,335,0,3,524608,0,268435456,0,0,0,-1,-1
41674,Work Order: Word of Intellect,,22663,38948,0,-1,0,0,0,0,0,2487,25,0,0,0,18889,123,347,0,3,524608,0,268435456,0,0,0,-1,-1
41675,Work Order: Blink-Trigger Headgun,,22664,47901,0,-1,0,0,0,0,0,2500,25,0,0,0,18890,122,347,0,3,524608,0,268435456,0,0,0,-1,-1
41676,Work Order: Pump-Action Bandage Gun,,22665,47895,0,-1,0,0,0,0,0,2500,25,0,0,0,18891,122,347,0,3,524608,0,268435456,0,0,0,-1,-1
41677,Work Order: Auto-Hammer,,22666,47899,0,-1,0,0,0,0,0,2500,25,0,0,0,18892,122,347,0,3,524608,0,268435456,0,0,0,-1,-1
41678,Work Order: Gunpack,,22667,47897,0,-1,0,0,0,0,0,2500,25,0,0,0,18893,122,347,0,3,524608,0,268435456,0,0,0,-1,-1
41679,Work Order: Deployable Bullet Dispenser,,22668,45166,0,-1,0,0,0,0,0,2500,25,0,0,0,18894,122,335,0,3,524608,0,268435456,0,0,0,-1,-1
41680,Work Order: Failure Detection Pylon,,22669,38948,0,-1,0,0,0,0,0,2500,25,0,0,0,18895,122,347,0,3,524608,0,268435456,0,0,0,-1,-1
41685,DANGER: Ala'washte,,22682,47899,0,-1,0,0,0,0,0,0,0,0,0,0,18902,136,347,0,3,3735872,0,268435456,0,0,0,-1,-1
41686,DANGER: Olokk the Shipbreaker,,22683,47899,0,-1,0,0,0,0,0,0,0,0,0,0,18904,136,347,0,3,3735872,0,268435456,0,0,0,-1,-1
41687,Snail Fight!,,22686,145947,0,-1,0,0,0,0,0,0,0,0,0,0,18905,115,347,0,3,3735808,0,268435456,0,0,0,-1,-1
41691,Sea of Feathers,,22692,47899,0,-1,0,0,0,0,0,0,0,0,0,0,18908,109,347,0,3,37290240,0,268435456,0,0,0,-1,-1
41692,Shipwreck Scavengers,,22693,47899,0,-1,0,0,0,0,0,0,0,0,0,0,18910,109,347,0,3,37290240,0,268435456,0,0,0,-1,-1
41695,DANGER: Defilia,,22699,47899,0,-1,0,0,0,0,0,0,0,0,0,0,18909,136,347,0,3,3735872,0,268435456,0,0,0,-1,-1
41696,DANGER: Mawat'aki,,22701,47899,0,-1,0,0,0,0,0,0,0,0,0,0,18914,136,347,0,3,3735872,0,268435456,0,0,0,-1,-1
41697,"DANGER: Colerian, Alteria, and Selenyi",,22702,38948,0,-1,0,0,0,0,0,0,0,0,0,0,18915,136,335,0,3,3735872,0,268435456,0,0,0,-1,-1
41699,Crabby Crunchies,,22704,47899,0,-1,0,0,0,0,0,0,0,0,0,0,18917,109,347,0,3,37290240,8192,268435456,0,0,0,-1,-1
41700,DANGER: Shalas'aman,,22708,47895,0,-1,0,0,0,0,0,0,0,0,0,0,18922,136,347,0,3,3735872,0,268435456,0,0,0,-1,-1
41701,Gettin' Tuffer,,22705,47899,0,-1,0,0,0,0,0,0,0,0,0,0,18921,109,347,0,3,37290240,8192,268435456,0,0,0,-1,-1
41703,DANGER: Ormagrogg,,22707,47899,0,-1,0,0,0,0,0,0,0,0,0,0,18923,136,347,0,3,3735872,0,268435456,0,0,0,-1,-1
41705,Assault on Thunder Totem,,22719,55295,0,-1,0,0,0,0,0,0,0,0,0,0,18924,109,347,0,3,41484544,8192,268435456,41694,0,0,-1,-1
41706,Briny Waters,,22723,47899,0,-1,0,0,0,0,0,0,0,0,0,0,18918,109,347,0,3,37290240,8192,268435456,0,0,0,-1,-1
41757,Echoes of the Earth-warder,,22766,47899,0,-1,0,0,0,0,0,0,0,0,0,0,18933,109,347,0,3,34144512,0,268435456,0,0,0,-1,-1
41758,Obsidian Guardians,,22767,47899,0,-1,0,0,0,0,0,0,0,0,0,0,18934,109,347,0,3,38338816,0,268435456,0,0,0,-1,-1
41765,[NYI] Hunting Wager,,22802,47899,0,-1,0,0,0,0,0,0,0,0,0,0,18936,109,347,0,3,35193088,0,268435456,0,0,0,-1,-1
41766,Wildlife Protection Force,,22773,145947,0,-1,0,0,0,0,0,0,0,0,0,0,18935,115,347,0,3,3735808,0,268435456,0,0,0,-1,-1
41789,Return to the Crag,,22812,47899,0,-1,0,0,0,0,0,0,0,0,0,0,18955,109,347,0,3,37290240,0,268435456,0,0,0,-1,-1
41794,Drakestalker,,22821,47897,0,-1,0,0,0,0,0,0,0,0,0,0,21030,109,347,0,3,37290240,0,268435456,0,0,0,-1,-1
41816,DANGER: Oubdob da Smasher,,22836,47899,0,-1,0,0,0,0,0,0,0,0,0,0,18966,136,347,0,3,3735872,0,268435456,0,0,0,-1,-1
41817,Skull of the Taskmaster,,22837,38948,0,-1,0,0,0,0,0,0,0,0,0,0,18967,109,347,0,3,590080,0,268435456,0,0,0,-1,-1
41818,WANTED: Majestic Elderhorn,,22838,47899,0,-1,0,0,0,0,0,0,0,0,0,0,20552,109,347,0,3,3735872,0,268435456,0,0,0,-1,-1
41819,WANTED: Gurbog da Basher,,22839,47899,0,-1,0,0,0,0,0,0,0,0,0,0,19940,109,347,0,3,3735872,0,268435456,0,0,0,-1,-1
41820,Walk Without Rhythm,,22842,38948,0,-1,0,0,0,0,0,0,0,0,0,0,18972,109,347,0,3,590080,0,268435456,0,0,0,-1,-1
41821,WANTED: Shara Felbreath,,22841,47899,0,-1,0,0,0,0,0,0,0,0,0,0,19835,109,347,0,3,3735872,0,268435456,0,0,0,-1,-1
41822,Following his Hoofsteps,,22843,38948,0,-1,0,0,0,0,0,0,0,0,0,0,18970,109,347,0,3,590080,0,268435456,0,0,0,-1,-1
41823,Ashes to Ashes,,22844,38948,0,-1,0,0,0,0,0,0,0,0,0,0,18973,109,347,0,3,590080,0,268435456,0,0,0,-1,-1
41824,WANTED: Arru,,22845,47899,0,-1,0,0,0,0,0,0,0,0,0,0,20555,109,347,0,3,3735872,0,268435456,0,0,0,-1,-1
41825,Winged Menace,,22846,38948,0,-1,0,0,0,0,0,0,0,0,0,0,18975,109,347,0,3,590080,0,268435456,0,0,0,-1,-1
41826,WANTED: Crawshuk the Hungry,,22847,47899,0,-1,0,0,0,0,0,0,0,0,0,0,20576,109,347,0,3,3735872,0,268435456,0,0,0,-1,-1
41827,The Cat's Meow,,26360,38948,0,-1,0,0,0,0,0,0,0,0,0,0,18976,109,347,0,3,590080,0,268435456,0,0,0,-1,-1
41828,WANTED: Bristlemaul,,22848,47899,0,-1,0,0,0,0,0,0,0,0,0,0,20571,109,347,0,3,3735872,0,268435456,0,0,0,-1,-1
41829,The Darkfeather Scout,,22849,38948,0,-1,0,0,0,0,0,0,0,0,0,0,18979,109,347,0,3,590080,0,268435456,0,0,0,-1,-1
41830,Demon's Bite,,22850,38948,0,-1,0,0,0,0,0,0,0,0,0,0,18980,109,347,0,3,590080,0,268435456,0,0,0,-1,-1
41832,White Water Terror,,22850,38948,0,-1,0,0,0,0,0,0,0,0,0,0,18982,109,347,0,3,590080,0,268435456,0,0,0,-1,-1
41833,Grmlrml's Last Ride,,22852,38948,0,-1,0,0,0,0,0,0,0,0,0,0,18983,109,347,0,3,590080,0,268435456,0,0,0,-1,-1
41835,Deworming,,22853,38948,0,-1,0,0,0,0,0,0,0,0,0,0,18984,109,347,0,3,590080,0,268435456,0,0,0,-1,-1
41836,WANTED: Bodash the Hoarder,,22854,47899,0,-1,0,0,0,0,0,0,0,0,0,0,19946,109,347,0,3,3735872,0,268435456,0,0,0,-1,-1
41837,Rockaway Bully,,26361,38948,0,-1,0,0,0,0,0,0,0,0,0,0,18986,109,347,0,3,590080,0,268435456,0,0,0,-1,-1
41838,WANTED: Slumber,,22858,47899,0,-1,0,0,0,0,0,0,0,0,0,0,20546,109,347,0,3,3735872,0,268435456,0,0,0,-1,-1
41842,Bottom of the Food Chain,,22859,38948,0,-1,0,0,0,0,0,0,0,0,0,0,18988,109,347,0,3,590080,0,268435456,0,0,0,-1,-1
41843,"Bad Luck, Puck",,22860,38948,0,-1,0,0,0,0,0,0,0,0,0,0,18989,109,347,0,3,590080,0,268435456,0,0,0,-1,-1
41844,WANTED: Sekhan,,26362,47899,0,-1,0,0,0,0,0,0,0,0,0,0,20549,109,347,0,3,3735872,0,268435456,0,0,0,-1,-1
41855,Stand Up to Bullies,,22879,145947,0,-1,0,0,0,0,0,0,0,0,0,0,18991,115,347,0,3,3735808,0,268435456,0,0,0,-1,-1
41857,Neltharion's Lair: Stonedark Slaves,,22910,42902,0,-1,0,0,0,0,0,0,0,0,0,0,19009,137,347,0,3,35193088,0,268435458,0,0,0,-1,-1
41860,Dealing with Satyrs,,22908,132427,0,-1,0,0,0,0,0,0,0,0,0,0,19002,115,347,0,3,3735808,0,268435456,0,0,0,-1,-1
41861,Meet The Maw,,22909,145947,0,-1,0,0,0,0,0,0,0,0,0,0,19004,115,347,0,3,3735808,0,268435456,0,0,0,-1,-1
41862,Only Pets Can Prevent Forest Fires,,22911,145947,0,-1,0,0,0,0,0,0,0,0,0,0,19007,115,347,0,3,3735808,0,268435456,0,0,0,-1,-1
41864,Neltharion's Lair: Crystalline Crusher,,22913,42253,0,-1,0,0,0,0,0,0,0,0,0,0,19010,137,347,0,3,35193088,0,268435458,0,0,0,-1,-1
41865,Neltharion's Lair: Mother of Stone,,22914,42253,0,-1,0,0,0,0,0,0,0,0,0,0,19011,137,347,0,3,35193088,0,268435458,0,0,0,-1,-1
41866,Neltharion's Lair: Blighted Bat,,22915,42253,0,-1,0,0,0,0,0,0,0,0,0,0,19012,137,347,0,3,35193088,0,268435458,0,0,0,-1,-1
41881,Fight Night: Heliosus,,22931,145934,0,-1,0,0,0,0,0,0,0,0,0,0,19018,115,347,0,3,3735808,0,268435456,0,0,0,-1,-1
41886,Fight Night: Rats!,,22942,145934,0,-1,0,0,0,0,0,0,0,0,0,0,19019,115,347,0,3,3735808,0,268435456,0,0,0,-1,-1
41895,The Master of Pets,,22951,145946,0,-1,0,0,0,0,0,0,0,0,0,0,19038,115,335,0,3,3735808,0,268435456,0,0,0,-1,-1
41896,Operation Murloc Freedom,,26246,143777,0,-1,0,0,0,0,0,0,0,0,0,0,20198,113,347,0,3,590080,0,268435456,0,0,0,-1,-1
41902,Gain Currency,,26357,21439,0,-1,0,0,0,0,0,0,0,0,0,0,0,0,347,0,3,3735552,131200,268435456,0,0,0,-1,-1
41914,Clear the Catacombs,,22968,145934,0,-1,0,0,0,0,0,0,0,0,0,0,19091,115,335,0,3,3735808,0,268435456,0,0,0,-1,-1
41925,Razing Hel,,22986,39338,0,-1,0,0,0,0,0,0,0,0,0,0,19093,109,347,0,3,41484544,8192,268435456,0,0,0,-1,-1
41926,Returning Champion,,23022,47897,0,-1,0,0,0,0,0,0,0,0,0,0,19094,109,347,0,3,41484544,8192,268435456,41694,0,0,-1,-1
41927,Ruining the Runewood,,23026,47897,0,-1,0,0,0,0,0,0,0,0,0,0,19095,109,347,0,3,41484544,8192,268435456,41694,0,0,-1,-1
41930,Valor Calls,,22998,47897,0,-1,0,0,0,0,0,0,0,0,0,0,19097,109,347,0,3,41484544,8192,268435456,41694,0,0,-1,-1
41931,Mana Tap,,22992,145934,0,-1,0,0,0,0,0,0,0,0,0,0,19096,115,335,0,3,3735808,0,268435456,0,0,0,-1,-1
41935,Beasts of Burden,,23002,145947,0,-1,0,0,0,0,0,0,0,0,0,0,19109,115,347,0,3,3735808,0,268435456,0,0,0,-1,-1
41936,You Have Been Challenged,,23013,47897,0,-1,0,0,0,0,0,0,0,0,0,0,19120,109,347,0,3,37290240,8192,268435456,0,0,0,-1,-1
41938,Brothers of Skovald,,23018,47897,0,-1,0,0,0,0,0,0,0,0,0,0,19128,109,347,0,3,37290240,0,268435456,0,0,0,-1,-1
41944,Jarrun's Ladder,,23028,145968,0,-1,0,0,0,0,0,0,0,0,0,0,19131,115,347,0,3,3735808,0,268435456,0,0,0,-1,-1
41948,All Pets Go to Heaven,,23033,145947,0,-1,0,0,0,0,0,0,0,0,0,0,19144,115,347,0,3,3735808,0,268435456,0,0,0,-1,-1
41949,The Drekirjar Return,,23045,47897,0,-1,0,0,0,0,0,0,0,0,0,0,19134,109,347,0,3,37290240,0,268435456,0,0,0,-1,-1
41950,Cry More Thunder!,,25514,47310,0,-1,0,0,0,0,0,0,0,0,0,0,19135,109,347,0,3,37290240,0,268435456,0,0,0,-1,-1
41955,Bloodline of Stone,,23053,47895,0,-1,0,0,0,0,0,0,0,0,0,0,19143,109,347,0,3,41484544,0,268435456,0,0,0,-1,-1
41956,Petrified Acolytes,,23054,47895,0,-1,0,0,0,0,0,0,0,0,0,0,19260,109,347,0,3,41484544,0,268435456,0,0,0,-1,-1
41958,"Oh, Ominitron",,23059,145947,0,-1,0,0,0,0,0,0,0,0,0,0,19147,115,347,0,3,3735808,0,268435456,0,0,0,-1,-1
41961,Black Rook Holdings,,23062,47893,0,-1,0,0,0,0,0,0,0,0,0,0,19149,109,347,0,3,37290240,0,268435456,0,0,0,-1,-1
41962,Black Rook Guard,,23063,47895,0,-1,0,0,0,0,0,0,0,0,0,0,19150,109,347,0,3,34144512,0,268435456,0,0,0,-1,-1
41964,Poisoned Waters,,23065,47895,0,-1,0,0,0,0,0,0,0,0,0,0,19145,109,347,0,3,37290240,8192,268435456,0,0,0,-1,-1
41965,Lunarwing Liberation,,23067,47895,0,-1,0,0,0,0,0,0,0,0,0,0,19152,109,347,0,3,37290240,0,268435456,0,0,0,-1,-1
41980,Temple Defense,,23082,47895,0,-1,0,0,0,0,0,0,0,0,0,0,19178,109,347,0,3,37290240,0,268435456,0,0,0,-1,-1
41983,[NYI] Bear Necessities,,23086,47899,0,-1,0,0,0,0,0,0,0,0,0,0,19172,109,347,0,3,3735808,0,268435456,0,0,0,-1,-1
41984,The Creeping Mists,,23120,47897,0,-1,0,0,0,0,0,0,0,0,0,0,19169,109,347,0,3,41484544,8192,268435456,0,0,0,-1,-1
41990,Chopped,,23100,145946,0,-1,0,0,0,0,0,0,0,0,0,0,19176,115,335,0,3,3735808,0,268435456,0,0,0,-1,-1
41992,Twisted Ash,,23105,47895,0,-1,0,0,0,0,0,0,0,0,0,0,19179,109,347,0,3,37290240,0,268435456,0,0,0,-1,-1
41995,Dark Corruption,,23110,47895,0,-1,0,0,0,0,0,0,0,0,0,0,19181,109,347,0,3,37290240,0,268435456,0,0,0,-1,-1
41996,Tangled Nightmare,,23117,47895,0,-1,0,0,0,0,0,0,0,0,0,0,19182,109,347,0,3,37290240,0,268435456,0,0,0,-1,-1
42004,Ghostship,,23140,47897,0,-1,0,0,0,0,0,0,0,0,0,0,19184,109,347,0,3,37290240,0,268435456,0,0,0,-1,-1
42013,The Helmouth,,23148,47896,0,-1,0,0,0,0,0,0,0,0,0,0,19190,109,347,0,3,37290240,0,268435456,0,0,0,-1,-1
42014,A Tainted Vintage,,23149,47901,0,-1,0,0,0,0,0,0,0,0,0,0,19192,109,347,0,3,37290240,0,268435456,41694,0,0,-1,-1
42015,Threads of Fate,,23150,145934,0,-1,0,0,0,0,0,0,0,0,0,0,19194,115,335,0,3,3735808,0,268435456,0,0,0,-1,-1
42018,Those Beyond Redemption,,23152,47901,0,-1,0,0,0,0,0,0,0,0,0,0,19196,109,347,0,3,37290240,0,268435456,41694,0,0,-1,-1
42019,Tip the Scales,,23153,47901,0,-1,0,0,0,0,0,0,0,0,0,0,19197,109,347,0,3,37290240,0,268435456,41694,0,0,-1,-1
42021,Investigation at Mak'rana,,23154,47901,0,-1,0,0,0,0,0,0,0,0,0,0,19198,109,347,0,3,37290240,0,268435456,41694,0,0,-1,-1
42022,The Broken Academy,,23155,47901,0,-1,0,0,0,0,0,0,0,0,0,0,19199,109,347,0,3,37290240,2,268435456,41694,0,0,-1,-1
42023,Black Rook Rumble,,23465,143219,0,-1,0,0,0,0,0,0,0,0,0,0,18197,113,347,0,3,3735808,0,268435456,0,0,0,-1,-1
42024,A Friend of My Enemy,,23156,47901,0,-1,0,0,0,0,0,0,0,0,0,0,19200,136,347,0,3,37290240,0,268435456,41694,0,0,-1,-1
42025,Bareback Brawl,,23464,143218,0,-1,0,0,0,0,0,0,0,0,0,0,18199,113,347,0,3,3735808,0,268435456,0,0,0,-1,-1
42026,Faronaar in Ruin,,23158,47901,0,-1,0,0,0,0,0,0,0,0,0,0,19201,109,347,0,3,577831176,8192,268435456,41694,0,0,-1,-1
42027,Faronaar in Chaos,,23157,47901,0,-1,0,0,0,0,0,0,0,0,0,0,19202,109,347,0,3,577831176,8192,268435456,41694,0,0,-1,-1
42028,Into the Nightmare,,23164,47895,0,-1,0,0,0,0,0,0,0,0,0,0,19203,109,347,0,3,41484544,8192,268435456,0,0,0,-1,-1
42062,Fight Night: Stitches Jr. Jr.,,23194,145934,0,-1,0,0,0,0,0,0,0,0,0,0,19221,115,347,0,3,3735808,0,268435456,0,0,0,-1,-1
42063,Size Doesn't Matter,,23195,145947,0,-1,0,0,0,0,0,0,0,0,0,0,19222,115,347,0,3,3735808,0,268435456,0,0,0,-1,-1
42064,It's Illid... Wait.,,23196,145947,0,-1,0,0,0,0,0,0,0,0,0,0,19223,115,347,0,3,3735808,0,268435456,0,0,0,-1,-1
42067,"All Howl, No Bite",,23199,145968,0,-1,0,0,0,0,0,0,0,0,0,0,19225,115,347,0,3,3735808,0,268435456,0,0,0,-1,-1
42070,Warden Tower Assault: Starstalker's Point,,24386,143219,0,-1,0,0,0,0,0,0,0,0,0,0,18630,113,347,0,3,37290240,0,268435456,0,0,0,1309324210,-1440044374
42071,Honoring the Past,,23217,41005,0,-1,0,0,0,0,0,0,0,0,0,0,19242,109,335,0,3,37290240,0,268435456,0,0,0,-1,-1
42075,Botanical Backlash,,23207,47895,0,-1,0,0,0,0,0,0,0,0,0,0,19227,109,347,0,3,41484544,8192,268435456,0,0,0,-1,-1
42076,Shadowfen Village,,23208,47895,0,-1,0,0,0,0,0,0,0,0,0,0,19236,109,347,0,3,37290240,0,268435456,0,0,0,-1,-1
42077,Waking Nightmares,,23209,47895,0,-1,0,0,0,0,0,0,0,0,0,0,19240,109,347,0,3,41484544,0,268435456,0,0,0,-1,-1
42080,Bastion of Bradensbrook,,23216,47895,0,-1,0,0,0,0,0,0,0,0,0,0,19241,109,347,0,3,41484544,8192,268435456,0,0,0,-1,-1
42082,The Shattered Locus,,23221,45613,0,-1,0,0,0,0,0,0,0,0,0,0,19244,109,335,0,3,41484544,8192,268435456,0,0,0,-1,-1
42086,The Feltotem,,23233,47899,0,-1,0,0,0,0,0,0,0,0,0,0,19246,109,347,0,3,37290240,0,268435456,41694,0,0,-1,-1
42087,Green Horror,,23237,47895,0,-1,0,0,0,0,0,0,0,0,0,0,19245,109,347,0,3,37290240,8192,268435456,0,0,0,-1,-1
42089,The Fallen Ones,,23239,45058,0,-1,0,0,0,0,0,0,0,0,0,0,19248,109,335,0,3,37290240,0,268435456,0,0,0,-1,-1
42090,Skittering Subjects,,23242,45058,0,-1,0,0,0,0,0,0,0,0,0,140916,19250,109,335,0,3,37290240,8192,268435456,0,0,0,-1,-1
42094,Keepers of the Dream,,23247,47895,0,-1,0,0,0,0,0,0,0,0,0,0,19249,109,347,0,3,34144512,0,268435456,0,0,0,-1,-1
42095,Nightmare Dragon,,23251,47895,0,-1,0,0,0,0,0,0,0,0,0,0,19251,0,347,0,3,34144512,0,268435456,0,0,0,-1,-1
42099,Bounty Quest Test,,23261,0,0,-1,0,0,0,0,0,0,0,0,0,0,0,128,798,0,3,33554440,131072,268435456,0,0,0,-1,-1
42101,Language of the Lost,,23272,47901,0,-1,0,0,0,0,0,0,0,0,0,0,19255,109,347,0,3,37290240,0,268435456,41694,0,0,-1,-1
42105,Mixology Mix-up,,23277,47901,0,-1,0,0,0,0,0,0,0,0,0,0,19257,109,347,0,3,37290240,0,268435456,41694,0,0,-1,-1
42108,Rally the Nightwatchers,,23279,47901,0,-1,0,0,0,0,0,0,0,0,0,0,19261,109,347,0,3,37290240,8192,268435456,41694,0,0,-1,-1
42109,Bounty Quest Test 2,,23261,0,0,-1,0,0,0,0,0,0,0,0,0,0,0,128,798,0,3,33554440,131072,268435456,0,0,0,-1,-1
42111,Aggressive Reconnaisance,,23281,41005,0,-1,0,0,0,0,0,0,0,0,0,0,19262,109,335,0,3,37290240,0,268435456,0,0,0,-1,-1
42112,The Withered Return,,23282,47901,0,-1,0,0,0,0,0,0,0,0,0,0,19263,109,347,0,3,37290240,0,268435456,41694,0,0,-1,-1
42119,A Cleansing Cocktail,,23290,47901,0,-1,0,0,0,0,0,0,0,0,0,0,19288,109,347,0,3,37290240,0,268435456,41694,0,0,-1,-1
42123,Reclaiming Llothien,,23298,47901,0,-1,0,0,0,0,0,0,0,0,0,0,19305,109,347,0,3,37290240,0,268435456,41694,0,0,-1,-1
42124,Hags and Hexes,,23300,47895,0,-1,0,0,0,0,0,0,0,0,0,0,19306,109,347,0,3,37290240,8192,268435456,0,0,0,-1,-1
42145,Out of the Woodwork,,23330,47895,0,-1,0,0,0,0,0,0,0,0,0,0,19325,109,347,0,3,37290240,8192,268435456,0,0,0,-1,-1
42146,Dazed and Confused and Adorable,,23331,145947,0,-1,0,0,0,0,0,0,0,0,0,0,19331,115,347,0,3,3735808,0,268435456,0,0,0,-1,-1
42148,The Wine's Gone Bad,,23334,145970,0,-1,0,0,0,0,0,0,0,0,0,0,19336,115,347,0,3,3735808,0,268435456,0,0,0,-1,-1
42150,Kal'delar Naga Incursion,,23339,47895,0,-1,0,0,0,0,0,0,0,0,0,0,19340,109,347,0,3,37290240,0,268435456,0,0,0,-1,-1
42151,Clear the Skies,,23340,45619,0,-1,0,0,0,0,0,0,0,0,0,0,19341,109,335,0,3,41484544,8192,268435456,0,0,0,-1,-1
42154,Help a Whelp,,23341,145947,0,-1,0,0,0,0,0,0,0,0,0,0,19343,115,347,0,3,3735808,0,268435456,0,0,0,-1,-1
42159,Training with the Nightwatchers,,23343,145947,0,-1,0,0,0,0,0,0,0,0,0,0,19347,115,347,0,3,3735808,0,268435456,0,0,0,-1,-1
42160,Unwelcome Visitors,,23344,47901,0,-1,0,0,0,0,0,0,0,0,0,0,19350,109,347,0,3,37290240,8192,268435456,41694,0,0,-1,-1
42165,Azsuna Specimens,,23345,145947,0,-1,0,0,0,0,0,0,0,0,0,0,19385,115,347,0,3,3735808,0,268435456,0,0,0,-1,-1
42169,Left for Dead,,25395,45618,0,-1,0,0,0,0,0,0,0,0,0,0,19356,109,335,0,3,37290240,0,268435456,0,0,0,-1,-1
42172,Leyhollow Infestation,,23356,47901,0,-1,0,0,0,0,0,0,0,0,0,0,19366,109,347,0,3,37290240,8192,268435456,41694,0,0,-1,-1
42173,Electrosnack,,23361,47897,0,-1,0,0,0,0,0,0,0,0,0,0,19367,109,347,0,3,41484544,8192,268435456,41694,0,0,-1,-1
42174,Champions of Elune,,23359,39947,0,-1,0,0,0,0,0,0,0,0,0,0,19352,109,347,0,3,39387392,0,268435456,39992,0,0,-1,-1
42176,Rise of Skovald,,23371,47897,0,-1,0,0,0,0,0,0,0,0,0,0,19353,109,347,0,3,40435968,8192,268435456,41694,0,0,-1,-1
42177,Reclaiming Morheim,,23368,47897,0,-1,0,0,0,0,0,0,0,0,0,0,19369,109,347,0,3,41484544,8192,268435456,41694,0,0,-1,-1
42178,Shock Absorber,,23388,42474,0,-1,0,0,0,0,0,0,0,0,0,0,19370,109,347,0,3,41484544,8192,268435456,41694,0,0,-1,-1
42182,To Battle!,,23387,47897,0,-1,0,0,0,0,0,0,0,0,0,0,19376,109,347,0,3,37290240,0,268435456,41694,0,0,1309324210,-1440044374
42183,To Battle!,,24987,47897,0,-1,0,0,0,0,0,0,0,0,0,0,19376,109,347,0,3,37290240,0,268435456,41694,0,0,-1321907123,1427461461
42190,Wildlife Conservationist,,23399,145947,0,-1,0,0,0,0,0,0,0,0,0,0,19392,115,347,0,3,3735808,0,268435456,0,0,0,-1,-1
42209,Freeing the Taken,,23856,41006,0,-1,0,0,0,0,0,0,0,0,0,0,19381,135,335,0,3,41615616,0,268435456,0,0,0,-1,-1
42211,Leodrath's Kin,,23423,47901,0,-1,0,0,0,0,0,0,0,0,0,0,19382,109,347,0,3,37290240,8192,268435456,41694,0,0,-1,-1
42239,Halls of Valor: The Bear King,,23440,42253,0,-1,0,0,0,0,0,0,0,0,0,0,19308,137,347,0,3,35193088,0,268435458,0,0,0,-1,-1
42240,Halls of Valor: Ponderous Poaching,,23441,42253,0,-1,0,0,0,0,0,0,0,0,0,0,19307,137,347,0,3,35193088,0,268435458,0,0,0,-1,-1
42241,Halls of Valor: A Worthy Challenge,,23442,42253,0,-1,0,0,0,0,0,0,0,0,0,0,19286,137,347,0,3,35193088,0,268435458,0,0,0,-1,-1
42242,Halls of Valor: A Gift for Vethir,,23443,42902,0,-1,0,0,0,0,0,0,0,0,0,0,19314,137,347,0,3,35193088,0,268435458,0,0,0,-1,-1
42243,Halls of Valor: Deeds of the Past,,23446,42902,0,-1,0,0,0,0,0,0,0,0,0,0,19394,137,347,0,3,35193088,0,268435458,0,0,0,-1,-1
42269,The Soultakers,,23448,45690,0,-1,0,0,0,0,0,0,0,0,0,0,19404,112,347,0,3,37290304,0,268435456,0,0,0,-1,-1
42270,Scourge of the Skies,,23452,45690,0,-1,0,0,0,0,0,0,0,0,0,0,19405,112,347,0,3,37290304,0,268435456,0,0,0,-1,-1
42274,Won't Anyone Think of the Whelps?,,23456,47901,0,-1,0,0,0,0,0,0,0,0,0,0,19429,109,347,0,3,37290240,0,268435456,0,0,0,-1,-1
42275,Not On My Watch,,23457,47901,0,-1,0,0,0,0,0,0,0,0,0,0,19430,109,347,0,3,37290240,0,268435456,0,0,0,-1,-1
42276,"Disgusting, but Useful",,23458,47901,0,-1,0,0,0,0,0,0,0,0,0,0,19431,109,347,0,3,37290240,0,268435456,0,0,0,-1,-1
42277,Interlopers!,,23459,47901,0,-1,0,0,0,0,0,0,0,0,0,0,19432,109,347,0,3,37290240,0,268435456,0,0,0,-1,-1
42373,Vengeance for the Stonedark,,23512,74379,0,-1,5,0,0,0,0,0,0,0,0,0,0,0,333,0,3,38338560,0,268468224,39391,39425,39588,-1,-1
42431,The Brood of Nithogg,,23584,0,0,-1,0,0,0,0,0,0,0,0,0,0,0,0,990,0,3,38338560,8192,268468224,0,0,0,-1,-1
42442,Fight Night: Amalia,,23593,145934,0,-1,0,0,0,0,0,0,0,0,0,0,19474,115,347,0,3,3735808,0,268435456,0,0,0,-1,-1
42506,Tomes of Yore,,23645,47901,0,-1,0,0,0,0,0,0,0,0,0,0,19483,109,347,0,3,37290240,0,268435456,0,0,0,-1,-1
42511,Twisted Souls,,23651,47901,0,-1,0,0,0,0,0,0,0,0,0,0,19486,109,347,0,3,37290240,0,268435456,0,0,0,-1,-1
42620,WANTED: Arcavellus,,23753,47901,0,-1,0,0,0,0,0,0,0,0,0,0,19736,109,347,0,3,3735872,0,268435456,0,0,0,-1,-1
42623,Piracy Doesn't Pay,,23757,47901,0,-1,0,0,0,0,0,0,0,0,0,0,19514,109,347,0,3,37290240,0,268435456,0,0,0,-1,-1
42624,Heads of the Fleet,,23758,47901,0,-1,0,0,0,0,0,0,0,0,0,0,19515,109,347,0,3,37290240,0,268435456,0,0,0,-1,-1
42631,WANTED: Inquisitor Tivos,,23762,47901,0,-1,0,0,0,0,0,0,0,0,0,0,19740,109,347,0,3,3735872,0,268435456,0,0,0,-1,-1
42633,WANTED: Vorthax,,23766,47901,0,-1,0,0,0,0,0,0,0,0,0,0,19741,109,347,0,3,3735872,0,268435456,0,0,0,-1,-1
42636,WANTED: Arcanist Shal'iman,,23767,47901,0,-1,0,0,0,0,0,0,0,0,0,0,19735,109,347,0,3,3735872,0,268435456,0,0,0,-1,-1
42652,Ancient Exemplars,,23832,47901,0,-1,0,0,0,0,0,0,0,0,0,0,19554,111,347,0,3,37290240,0,268435456,0,0,0,-1,-1
42711,The Eternal Mages,,23834,47901,0,-1,0,0,0,0,0,0,0,0,0,0,19555,109,347,0,3,37290240,0,268435456,0,0,0,-1,-1
42712,Eye of Azshara: Termination Claws,,23838,42253,0,-1,0,0,0,0,0,0,0,0,0,0,19547,137,347,0,3,35193088,0,268435458,0,0,0,-1,-1
42713,Eye of Azshara: Slug It Out,,23843,42253,0,-1,0,0,0,0,0,0,0,0,0,0,19548,137,347,0,3,35193088,0,268435458,0,0,0,-1,-1
42714,Darkheart Thicket: Mythana,,23849,42253,0,-1,0,0,0,0,0,0,0,0,0,0,18130,137,347,0,3,37290240,0,268435458,0,0,0,-1,-1
42723,Eye of Azshara: A Tough Shell,,23858,42253,0,-1,0,0,0,0,0,0,0,0,0,0,19549,137,347,0,3,35193088,0,268435458,0,0,0,-1,-1
42725,Sharing the Wealth,,23867,41006,0,-1,0,0,0,0,0,0,0,0,0,0,19582,135,335,0,3,37290240,0,268435456,0,0,0,-1,-1
42742,Darkheart Thicket: Rage Rot,,23887,42253,0,-1,0,0,0,0,0,0,0,0,0,0,18131,137,347,0,3,37290240,0,268435458,0,0,0,-1,-1
42743,Darkheart Thicket: Kudzilla,,23886,42253,0,-1,0,0,0,0,0,0,0,0,0,0,18132,137,347,0,3,37290240,0,268435458,0,0,0,-1,-1
42744,Darkheart Thicket: Preserving the Preservers,,23885,42902,0,-1,0,0,0,0,0,0,0,0,0,0,19552,137,347,0,3,37290240,0,268435458,0,0,0,-1,-1
42745,Darkheart Thicket: A Burden to Bear,,23884,42902,0,-1,0,0,0,0,0,0,0,0,0,0,19583,137,347,0,3,37290240,0,268435458,0,0,0,-1,-1
42746,Eye of Azshara: Dread End,,23890,42902,0,-1,0,0,0,0,0,0,0,0,0,0,19550,137,347,0,3,35193088,0,268435458,0,0,0,-1,-1
42755,Eye of Azshara: Azsunian Pearls,,24902,42902,0,-1,0,0,0,0,0,0,0,0,0,0,19551,137,347,0,3,35193088,0,268435458,0,0,0,-1,-1
42757,Maw of Souls: Menace of the Seas,,23906,42253,0,-1,0,0,0,0,0,0,0,0,0,0,19573,137,347,0,3,35193088,0,268435458,0,0,0,-1,-1
42764,Court of Stars: Wraith in the Machine,,23914,45063,0,-1,0,0,0,0,0,0,0,0,0,0,19589,137,335,0,3,35193088,0,268435458,0,0,0,-1,-1
42769,Court of Stars: Bring Me the Eyes,,23932,45063,0,-1,0,0,0,0,0,0,0,0,0,0,19590,137,335,0,3,35193088,0,268435458,0,0,0,-1,-1
42779,The Sleeping Corruption,,23946,45690,0,-1,0,0,0,0,0,0,0,0,0,0,19597,112,347,0,3,37290304,0,268435456,0,0,0,-1,-1
42780,Maw of Souls: From Hell's Mouth,,23929,42253,0,-1,0,0,0,0,0,0,0,0,0,0,19574,137,347,0,3,35193088,0,268435458,0,0,0,-1,-1
42781,Court of Stars: Disarming the Watch,,23903,45063,0,-1,0,0,0,0,0,0,0,0,0,0,19591,137,335,0,3,35193088,0,268435458,0,0,0,-1,-1
42783,Court of Stars: They Bloom at Night,,23933,45063,0,-1,0,0,0,0,0,0,0,0,0,0,19592,137,335,0,3,35193088,0,268435458,0,0,0,-1,-1
42784,Court of Stars: The Deceitful Student,,23934,45063,0,-1,0,0,0,0,0,0,0,0,0,0,19593,137,335,0,3,35193088,0,268435458,0,0,0,-1,-1
42785,DANGER: Den Mother Ylva,,23943,47897,0,-1,0,0,0,0,0,0,0,0,0,0,19598,136,347,0,3,37290304,0,268435456,0,0,0,-1,-1
42788,Maw of Souls: Return of the Beast,,23959,42253,0,-1,0,0,0,0,0,0,0,0,0,0,19575,137,347,0,3,35193088,0,268435458,0,0,0,-1,-1
42795,WANTED: Sanaar,,23963,38948,0,-1,0,0,0,0,0,0,0,0,0,0,20477,109,335,0,3,3735872,0,268435456,0,0,0,-1,-1
42796,WANTED: Broodmother Shu'malis,,23964,38948,0,-1,0,0,0,0,0,0,0,0,0,0,20470,109,335,0,3,3735872,0,268435456,0,0,0,-1,-1
42797,DANGER: Scythemaster Cil'raman,,25420,38948,0,-1,0,0,0,0,0,0,0,0,0,0,19187,136,335,0,3,3735872,0,268435456,0,0,0,-1,-1
42798,DANGER: Huntress Estrid,,23968,47897,0,-1,0,0,0,0,0,0,0,0,0,0,19604,136,347,0,3,37290304,0,268435456,0,0,0,-1,-1
42799,DANGER: Oglok the Furious,,23965,38948,0,-1,0,0,0,0,0,0,0,0,0,0,19610,136,335,0,3,3735872,0,268435456,0,0,0,-1,-1
42806,"DANGER: Fjorlag, the Grave's Chill",,23981,47897,0,-1,0,0,0,0,0,0,0,0,0,0,19618,136,347,0,3,37290304,0,268435456,0,0,0,-1,-1
42819,Pocket Wizard,,23996,45690,0,-1,0,0,0,0,0,0,0,0,0,0,19627,112,347,0,3,37290304,0,268435456,0,0,0,-1,-1
42820,DANGER: Aegir Wavecrusher,,23998,47897,0,-1,0,0,0,0,0,0,0,0,0,0,19632,136,347,0,3,37290304,0,268435456,0,0,0,-1,-1
42830,Pest Management,,24041,41007,0,-1,0,0,0,0,0,0,0,0,0,0,19642,135,335,0,3,37421312,0,268435456,0,0,0,-1,-1
42859,A Draught of Hope,,24163,41006,0,-1,0,0,0,0,0,0,0,0,0,0,19687,135,335,0,3,41484544,0,268435456,0,0,0,-1,-1
42861,"DANGER: Boulderfall, the Eroded",,24048,47897,0,-1,0,0,0,0,0,0,0,0,0,0,19646,136,347,0,3,37290304,0,268435456,0,0,0,-1,-1
42864,DANGER: Captain Dargun,,24053,47897,0,-1,0,0,0,0,0,0,0,0,0,0,19647,136,347,0,3,37290304,0,268435456,0,0,0,-1,-1
42870,DANGER: Kathaw the Savage,,24061,47895,0,-1,0,0,0,0,0,0,0,0,0,0,19655,136,347,0,3,37290304,0,268435456,0,0,0,-1,-1
42880,Meeting their Quota,,24073,41007,0,-1,0,0,0,0,0,0,0,0,0,0,19657,135,335,0,3,37290240,0,268435456,0,0,0,-1,-1
42922,Vault of the Wardens: Startup Sequence,,24104,42902,0,-1,0,0,0,0,0,0,0,0,0,0,19666,137,347,0,3,35193088,0,268435458,0,0,0,-1,-1
42924,Vault of the Wardens: A Grim Matter,,24112,42902,0,-1,0,0,0,0,0,0,0,0,0,0,19668,137,347,0,3,35193088,0,268435458,0,0,0,-1,-1
42926,Vault of the Wardens: How'd He Get Up There?,,24114,42253,0,-1,0,0,0,0,0,0,0,0,0,0,19670,137,347,0,3,35193088,0,268435458,0,0,0,-1,-1
42927,DANGER: Malisandra,,24131,47895,0,-1,0,0,0,0,0,0,0,0,0,0,19663,136,347,0,3,37290304,0,268435456,0,0,0,-1,-1
42953,DANGER: Soulbinder Halldora,,24142,47897,0,-1,0,0,0,0,0,0,0,0,0,0,19673,136,347,0,3,37290304,0,268435456,0,0,0,-1,-1
42962,Secret Correspondence,,24156,41006,0,-1,0,0,0,0,0,0,0,0,0,137299,19677,135,335,0,3,37421312,6,268435456,0,0,0,-1,-1
42963,DANGER: Rulf Bonesnapper,,24158,47897,0,-1,0,0,0,0,0,0,0,0,0,0,19678,136,347,0,3,37290304,0,268435456,0,0,0,-1,-1
42964,DANGER: Lagertha,,24159,47897,0,-1,0,0,0,0,0,0,0,0,0,0,19639,136,347,0,3,37290304,0,268435456,0,0,0,-1,-1
42969,A Spy in Our Midst,,24161,41006,0,-1,0,0,0,0,0,0,0,0,0,0,19685,135,335,0,3,41484544,2,268435456,0,0,0,-1,-1
42991,DANGER: Runeseer Sigvid,,24186,47897,0,-1,0,0,0,0,0,0,0,0,0,0,19690,136,347,0,3,37290304,0,268435456,0,0,0,-1,-1
43027,DANGER: Mortiferous,,24224,47901,0,-1,0,0,0,0,0,0,0,0,0,0,19697,136,347,0,3,37290304,0,268435456,0,0,0,-1,-1
43040,DANGER: Valakar the Thirsty,,24255,47901,0,-1,0,0,0,0,0,0,0,0,0,0,19698,136,347,0,3,37290304,0,268435456,0,0,0,-1,-1
43059,DANGER: Fjordun,,24254,47901,0,-1,0,0,0,0,0,0,0,0,0,0,19699,136,347,0,3,37290304,0,268435456,0,0,0,-1,-1
43063,DANGER: Stormfeather,,24707,47901,0,-1,0,0,0,0,0,0,0,0,0,0,19700,136,347,0,3,37290304,0,268435456,0,0,0,-1,-1
43072,DANGER: The Whisperer,,24267,47901,0,-1,0,0,0,0,0,0,0,0,0,0,19702,136,347,0,3,37290304,0,268435456,0,0,0,-1,-1
43079,DANGER: Immolian,,24706,47901,0,-1,0,0,0,0,0,0,0,0,0,0,19703,136,347,0,3,37290304,0,268435456,0,0,0,-1,-1
43091,DANGER: Arcanor Prime,,24289,47901,0,-1,0,0,0,0,0,0,0,0,0,0,19706,136,347,0,3,37290304,0,268435456,0,0,0,-1,-1
43098,DANGER: Marblub the Massive,,24295,47901,0,-1,0,0,0,0,0,0,0,0,0,0,19707,136,347,0,3,37290304,0,268435456,0,0,0,-1,-1
43101,DANGER: Witchdoctor Grgl-Brgl,,24348,47895,0,-1,0,0,0,0,0,0,0,0,0,0,19708,136,347,0,3,37290304,0,268435456,0,0,0,-1,-1
43121,DANGER: Chief Treasurer Jabrill,,24376,47901,0,-1,0,0,0,0,0,0,0,0,0,0,19724,136,347,0,3,37290304,0,268435456,0,0,0,-1,-1
43152,DANGER: Lytheron,,24351,47895,0,-1,0,0,0,0,0,0,0,0,0,0,19730,136,347,0,3,37290304,0,268435456,0,0,0,-1,-1
43175,DANGER: Deepclaw,,24375,47901,0,-1,0,0,0,0,0,0,0,0,0,0,19742,136,347,0,3,37290304,0,268435456,0,0,0,-1,-1
43183,Warden Tower Assault: Starstalker's Point,,24387,143219,0,-1,0,0,0,0,0,0,0,0,0,0,18675,113,347,0,3,37290240,0,268435456,0,0,0,-1321907123,1427461461
43192,Terror of the Deep,,24399,45690,0,-1,0,0,0,0,0,0,0,0,0,0,19603,112,347,0,3,37290304,0,268435456,0,0,0,-1,-1
43193,Calamitous Intent,,24400,45690,0,-1,0,0,0,0,0,0,0,0,0,0,19695,112,347,0,3,37290304,0,268435456,0,0,0,-1,-1
43241,Flow of the Nightmare,,24451,45636,0,-1,0,0,0,0,0,0,0,0,0,0,0,0,990,0,3,34144256,0,268468224,0,0,0,-1,-1
43247,Warden Tower Assault: Darkfollow's Spire,,24457,143219,0,-1,0,0,0,0,0,0,0,0,0,0,18675,113,347,0,3,37290240,0,268435456,0,0,0,1309324210,-1440044374
43248,Warden Tower Assault: Darkfollow's Spire,,24458,143219,0,-1,0,0,0,0,0,0,0,0,0,0,18630,113,347,0,3,37290240,0,268435456,0,0,0,-1321907123,1427461461
43324,Rage of the Owlbeasts,,24566,47895,0,-1,0,0,0,0,0,0,0,0,0,0,19850,109,347,0,3,41484544,0,268435456,0,0,0,-1,-1
43325,Ley Race,,24561,48387,0,-1,0,0,0,0,0,0,0,0,0,0,20478,109,347,0,3,35193088,0,268435456,0,0,0,-1,-1
43326,Scouting,,24565,47904,0,-1,0,0,0,0,0,0,0,0,0,0,19852,109,347,0,3,35193088,0,268435456,0,0,0,-1,-1
43327,The Magic of Flight,,24567,47901,0,-1,0,0,0,0,0,0,0,0,0,0,20479,109,347,0,3,-2112290560,0,268435456,0,0,0,-1,-1
43328,Enigmatic,,24568,47901,0,-1,0,0,0,0,0,0,0,0,0,0,20480,109,347,0,3,-2110193408,0,268435456,0,0,0,-1,-1
43330,Fire for Effect,,24570,47904,0,-1,0,0,0,0,0,0,0,0,0,0,19855,109,347,0,3,35193088,0,268435456,0,0,0,-1,-1
43332,Grell in a Handbasket,,24574,47895,0,-1,0,0,0,0,0,0,0,0,0,0,19883,109,347,0,3,41484544,0,268435456,0,0,0,-1,-1
43333,DANGER: Nylaathria the Forgotten,,24578,47895,0,-1,0,0,0,0,0,0,0,0,0,0,19882,136,347,0,3,37290304,0,268435456,0,0,0,-1,-1
43336,Purge of the Nightmare,,24581,47895,0,-1,0,0,0,0,0,0,0,0,0,0,19886,109,347,0,3,37290240,0,268435456,0,0,0,-1,-1
43344,DANGER: Aodh Witherpetal,,24599,47895,0,-1,0,0,0,0,0,0,0,0,0,0,19941,136,347,0,3,37290304,0,268435456,0,0,0,-1,-1
43345,DANGER: Harbinger of Screams,,24603,47895,0,-1,0,0,0,0,0,0,0,0,0,0,19943,136,347,0,3,37290304,0,268435456,0,0,0,-1,-1
43346,DANGER: Ealdis,,24605,47895,0,-1,0,0,0,0,0,0,0,0,0,0,19954,136,347,0,3,37290304,0,268435456,0,0,0,-1,-1
43347,DANGER: Rabxach,,24608,47895,0,-1,0,0,0,0,0,0,0,0,0,0,19937,136,347,0,3,37290304,0,268435456,0,0,0,-1,-1
43426,WANTED: Brogozog,,24705,47901,0,-1,0,0,0,0,0,0,0,0,0,0,19737,109,347,0,3,3735872,0,268435456,0,0,0,-1,-1
43427,WANTED: Infernal Lord,,24702,47901,0,-1,0,0,0,0,0,0,0,0,0,0,19739,109,347,0,3,3735872,0,268435456,0,0,0,-1,-1
43428,WANTED: Doomlord Kazrok,,24703,47901,0,-1,0,0,0,0,0,0,0,0,0,0,19738,109,347,0,3,3735872,0,268435456,0,0,0,-1,-1
43429,WANTED: Syphonus,,24700,47901,0,-1,0,0,0,0,0,0,0,0,0,0,19753,109,347,0,3,3735872,0,268435456,0,0,0,-1,-1
43430,WANTED: Captain Volo'ren,,24704,47901,0,-1,0,0,0,0,0,0,0,0,0,0,19758,109,347,0,3,3735872,0,268435456,0,0,0,-1,-1
43431,WANTED: Warbringer Mox'na,,24693,47901,0,-1,0,0,0,0,0,0,0,0,0,0,19970,109,347,0,3,3735872,0,268435456,0,0,0,-1,-1
43432,WANTED: Normantis the Deposed,,24701,47901,0,-1,0,0,0,0,0,0,0,0,0,0,19781,109,347,0,3,3735872,0,268435456,0,0,0,-1,-1
43434,WANTED: Fathnyr,,24699,47897,0,-1,0,0,0,0,0,0,0,0,0,0,19792,109,347,0,3,3735872,0,268435456,0,0,0,-1,-1
43435,The Battle Rages On,,24697,45616,0,-1,0,0,0,0,0,0,0,0,0,0,19973,109,335,0,3,37290240,8194,268435456,0,0,0,-1,-1
43436,WANTED: Glimar Ironfist,,24698,47897,0,-1,0,0,0,0,0,0,0,0,0,0,19895,109,347,0,3,3735872,0,268435456,0,0,0,-1,-1
43437,WANTED: Thane Irglov,,24709,47897,0,-1,0,0,0,0,0,0,0,0,0,0,19900,109,347,0,3,3735872,0,268435456,0,0,0,-1,-1
43438,WANTED: Nameless King,,24721,47897,0,-1,0,0,0,0,0,0,0,0,0,0,19905,109,347,0,3,3735872,0,268435456,0,0,0,-1,-1
43445,Air Superiority,,24715,41856,0,-1,0,0,0,0,0,0,0,0,0,0,19974,109,335,0,3,41484544,8192,268435456,0,0,0,-1,-1
43448,The Frozen King,,24719,45690,0,-1,0,0,0,0,0,0,0,0,0,0,19975,112,347,0,3,37290304,0,268435456,0,0,0,-1,-1
43450,WANTED: Tiptog the Lost,,24722,47897,0,-1,0,0,0,0,0,0,0,0,0,0,19911,109,347,0,3,3735872,0,268435456,0,0,0,-1,-1
43451,WANTED: Urgev the Flayer,,24724,47897,0,-1,0,0,0,0,0,0,0,0,0,0,19917,109,347,0,3,3735872,0,268435456,0,0,0,-1,-1
43452,WANTED: Isel the Hammer,,24723,47897,0,-1,0,0,0,0,0,0,0,0,0,0,19922,109,347,0,3,3735872,0,268435456,0,0,0,-1,-1
43453,WANTED: Hannval the Butcher,,24725,47897,0,-1,0,0,0,0,0,0,0,0,0,0,19927,109,347,0,3,3735872,0,268435456,0,0,0,-1,-1
43454,WANTED: Egyl the Enduring,,24726,47897,0,-1,0,0,0,0,0,0,0,0,0,0,19934,109,347,0,3,3735872,0,268435456,0,0,0,-1,-1
43455,WANTED: Devouring Darkness,,25419,47899,0,-1,0,0,0,0,0,0,0,0,0,0,19800,109,347,0,3,3735872,0,268435456,0,0,0,-1,-1
43456,WANTED: Skul'vrax,,24727,47895,0,-1,0,0,0,0,0,0,0,0,0,0,19806,109,347,0,3,3735872,0,268435456,0,0,0,-1,-1
43457,WANTED: Theryssia,,24728,47895,0,-1,0,0,0,0,0,0,0,0,0,0,19811,109,347,0,3,3735872,0,268435456,0,0,0,-1,-1
43458,WANTED: Perrexx,,24729,47895,0,-1,0,0,0,0,0,0,0,0,0,0,19816,109,347,0,3,3735872,0,268435456,0,0,0,-1,-1
43459,WANTED: Thondrax,,24730,47895,0,-1,0,0,0,0,0,0,0,0,0,0,19822,109,347,0,3,3735872,0,268435456,0,0,0,-1,-1
43460,WANTED: Kiranys Duskwhisper,,24731,47895,0,-1,0,0,0,0,0,0,0,0,0,0,19951,109,347,0,3,3735872,0,268435456,0,0,0,-1,-1
43483,Fel Annihilation,,24761,41989,0,-1,0,0,0,0,0,0,0,0,0,0,0,0,345,0,3,39387136,8192,268435456,0,0,0,-1,-1
43512,Ana-Mouz,,24785,45690,0,-1,0,0,0,0,0,0,0,0,0,0,20023,112,335,0,3,37290304,0,268435456,0,0,0,-1,-1
43513,Na'zak the Fiend,,24786,45690,0,-1,0,0,0,0,0,0,0,0,0,0,20025,112,335,0,3,37290304,0,268435456,0,0,0,-1,-1
43583,Life Finds a Way,,24866,42874,0,-1,0,0,0,0,0,0,0,0,0,0,20027,109,335,0,3,41484544,0,268435456,0,0,0,-1,-1
43598,Warden Tower Assault: Blackhawk's Bulwark,,24883,143218,0,-1,0,0,0,0,0,0,0,0,0,0,18753,113,347,0,3,37290240,0,268435456,0,0,0,1309324210,-1440044374
43599,Warden Tower Assault: Blackhawk's Bulwark,,24884,143218,0,-1,0,0,0,0,0,0,0,0,0,0,18752,113,347,0,3,37290240,0,268435456,0,0,0,-1321907123,1427461461
43600,Warden Tower Assault: Whisperwind's Citadel,,24885,143218,0,-1,0,0,0,0,0,0,0,0,0,0,18752,113,347,0,3,37290240,0,268435456,0,0,0,1309324210,-1440044374
43601,Warden Tower Assault: Whisperwind's Citadel,,24886,143218,0,-1,0,0,0,0,0,0,0,0,0,0,18753,113,347,0,3,37290240,0,268435456,0,0,0,-1321907123,1427461461
43605,WANTED: Arcanist Shal'iman,,25283,47901,0,-1,0,0,0,0,0,0,0,0,0,0,19718,135,347,0,3,3735872,0,268435456,0,0,0,-1,-1
43606,WANTED: Arcavellus,,25282,47901,0,-1,0,0,0,0,0,0,0,0,0,0,19717,135,347,0,3,3735872,0,268435456,0,0,0,-1,-1
43607,WANTED: Brogozog,,25281,47901,0,-1,0,0,0,0,0,0,0,0,0,0,19710,135,347,0,3,3735872,0,268435456,0,0,0,-1,-1
43608,WANTED: Captain Volo'ren,,25280,47901,0,-1,0,0,0,0,0,0,0,0,0,0,19757,135,347,0,3,3735872,0,268435456,0,0,0,-1,-1
43609,WANTED: Doomlord Kazrok,,25279,47901,0,-1,0,0,0,0,0,0,0,0,0,0,19734,135,347,0,3,3735872,0,268435456,0,0,0,-1,-1
43610,WANTED: Infernal Lord,,25278,47901,0,-1,0,0,0,0,0,0,0,0,0,0,19728,135,347,0,3,3735872,0,268435456,0,0,0,-1,-1
43611,WANTED: Inquisitor Tivos,,25277,47901,0,-1,0,0,0,0,0,0,0,0,0,0,19716,135,347,0,3,3735872,0,268435456,0,0,0,-1,-1
43612,WANTED: Normantis the Deposed,,25276,47901,0,-1,0,0,0,0,0,0,0,0,0,0,19766,135,347,0,3,3735872,0,268435456,0,0,0,-1,-1
43613,WANTED: Syphonus,,25274,47901,0,-1,0,0,0,0,0,0,0,0,0,0,19752,135,347,0,3,3735872,0,268435456,0,0,0,-1,-1
43614,WANTED: Vorthax,,25275,47901,0,-1,0,0,0,0,0,0,0,0,0,0,19715,135,347,0,3,3735872,0,268435456,0,0,0,-1,-1
43615,WANTED: Warbringer Mox'na,,25273,47901,0,-1,0,0,0,0,0,0,0,0,0,0,19762,135,347,0,3,3735872,0,268435456,0,0,0,-1,-1
43616,WANTED: Bodash the Hoarder,,25301,47899,0,-1,0,0,0,0,0,0,0,0,0,0,19944,135,347,0,3,3735872,0,268435456,0,0,0,-1,-1
43617,WANTED: Devouring Darkness,,25300,47899,0,-1,0,0,0,0,0,0,0,0,0,0,19799,135,347,0,3,3735872,0,268435456,0,0,0,-1,-1
43618,WANTED: Gurbog da Basher,,25299,47899,0,-1,0,0,0,0,0,0,0,0,0,0,19939,135,347,0,3,3735872,0,268435456,0,0,0,-1,-1
43619,WANTED: Shara Felbreath,,25298,47899,0,-1,0,0,0,0,0,0,0,0,0,0,19834,135,347,0,3,3735872,0,268435456,0,0,0,-1,-1
43620,WANTED: Egyl the Enduring,,25297,47897,0,-1,0,0,0,0,0,0,0,0,0,0,19932,135,347,0,3,3735872,0,268435456,0,0,0,-1,-1
43621,WANTED: Fathnyr,,25296,47897,0,-1,0,0,0,0,0,0,0,0,0,0,19791,135,347,0,3,3735872,0,268435456,0,0,0,-1,-1
43622,WANTED: Glimar Ironfist,,25295,47897,0,-1,0,0,0,0,0,0,0,0,0,0,19894,135,347,0,3,3735872,0,268435456,0,0,0,-1,-1
43623,WANTED: Hannval the Butcher,,25294,47897,0,-1,0,0,0,0,0,0,0,0,0,0,19925,135,347,0,3,3735872,0,268435456,0,0,0,-1,-1
43624,WANTED: Isel the Hammer,,25293,47897,0,-1,0,0,0,0,0,0,0,0,0,0,19920,135,347,0,3,3735872,0,268435456,0,0,0,-1,-1
43625,WANTED: Nameless King,,25292,47897,0,-1,0,0,0,0,0,0,0,0,0,0,19904,135,347,0,3,3735872,0,268435456,0,0,0,-1,-1
43626,WANTED: Thane Irglov,,25291,47897,0,-1,0,0,0,0,0,0,0,0,0,0,19897,135,347,0,3,3735872,0,268435456,0,0,0,-1,-1
43627,WANTED: Tiptog the Lost,,25290,47897,0,-1,0,0,0,0,0,0,0,0,0,0,19909,135,347,0,3,3735872,0,268435456,0,0,0,-1,-1
43628,WANTED: Urgev the Flayer,,25289,47897,0,-1,0,0,0,0,0,0,0,0,0,0,19915,135,347,0,3,3735872,0,268435456,0,0,0,-1,-1
43629,WANTED: Kiranys Duskwhisper,,25288,47895,0,-1,0,0,0,0,0,0,0,0,0,0,19949,135,347,0,3,3735872,0,268435456,0,0,0,-1,-1
43630,WANTED: Perrexx,,25287,47895,0,-1,0,0,0,0,0,0,0,0,0,0,19815,135,347,0,3,3735872,0,268435456,0,0,0,-1,-1
43631,WANTED: Skul'vrax,,25286,47895,0,-1,0,0,0,0,0,0,0,0,0,0,19805,135,347,0,3,3735872,0,268435456,0,0,0,-1,-1
43632,WANTED: Theryssia,,25285,47895,0,-1,0,0,0,0,0,0,0,0,0,0,19810,135,347,0,3,3735872,0,268435456,0,0,0,-1,-1
43633,WANTED: Thondrax,,25284,47895,0,-1,0,0,0,0,0,0,0,0,0,0,19821,135,347,0,3,3735872,0,268435456,0,0,0,-1,-1
43637,The Arcway: Clogged Drain,,24897,45060,0,-1,0,0,0,0,0,0,0,0,0,0,20040,137,335,0,3,35193088,0,268435458,0,0,0,-1,-1
43638,The Arcway: Silver Serpent,,24898,45060,0,-1,0,0,0,0,0,0,0,0,0,0,20052,137,335,0,3,35193088,0,268435458,0,0,0,-1,-1
43639,The Arcway: Arcanist Down,,24899,45060,0,-1,0,0,0,0,0,0,0,0,0,0,20053,137,335,0,3,35193088,0,268435458,0,0,0,-1,-1
43640,The Arcway: Creeping Suspicions,,24900,45060,0,-1,0,0,0,0,0,0,0,0,0,0,20054,137,335,0,3,35193088,0,268435458,0,0,0,-1,-1
43641,The Arcway: Wandering Plague,,24901,45060,0,-1,0,0,0,0,0,0,0,0,0,0,20055,137,335,0,3,35193088,0,268435458,0,0,0,-1,-1
43642,Black Rook Hold: The Sorrow,,24905,42253,0,-1,0,0,0,0,0,0,0,0,0,0,20058,137,347,0,3,35193088,0,268435458,0,0,0,-1,-1
43709,Seal Clubbing,,25022,47895,0,-1,0,0,0,0,0,0,0,0,0,0,20105,109,347,0,3,41484544,0,268435456,0,0,0,-1,-1
43710,Dark Runes,,25049,47897,0,-1,0,0,0,0,0,0,0,0,0,0,20108,109,347,0,3,37290240,0,268435456,41694,0,0,-1,-1
43711,Black Rook Hold: ... With Fire!,,25045,42253,0,-1,0,0,0,0,0,0,0,0,0,0,20090,137,347,0,3,35193088,0,268435458,0,0,0,-1,-1
43712,Black Rook Hold: The Mad Arcanist,,25047,42253,0,-1,0,0,0,0,0,0,0,0,0,0,20102,137,347,0,3,35193088,0,268435458,0,0,0,-1,-1
43714,Black Rook Hold: Worst of the Worst,,25048,42253,0,-1,0,0,0,0,0,0,0,0,0,0,20113,137,347,0,3,35193088,0,268435458,0,0,0,-1,-1
43721,The Helarjar Have Surfaced,,25059,47897,0,-1,0,0,0,0,0,0,0,0,0,0,20116,136,347,0,3,37290240,0,268435456,41694,0,0,-1,-1
43722,Sacred Bones,,26355,47897,0,-1,0,0,0,0,0,0,0,0,0,0,20117,136,347,0,3,37290240,0,268435456,41694,0,0,-1,-1
43738,Coastal Gloom,,25081,47895,0,-1,0,0,0,0,0,0,0,0,0,0,20122,109,347,0,3,41484544,8192,268435456,0,0,0,-1,-1
43745,Culling the Storm,,25061,47897,0,-1,0,0,0,0,0,0,0,0,0,0,20123,136,347,0,3,37290240,0,268435456,41694,0,0,-1,-1
43751,"Oh, Ship!",,25093,47897,0,-1,0,0,0,0,0,0,0,0,0,0,20138,109,347,0,3,41484544,0,268435456,41694,0,0,-1321907123,1427461461
43752,"Oh, Ship!",,25131,47897,0,-1,0,0,0,0,0,0,0,0,0,0,20138,109,347,0,3,41484544,0,268435456,41694,0,0,1309324210,-1440044374
43753,Ley Race,,25094,47895,0,-1,0,0,0,0,0,0,0,0,0,0,20490,109,347,0,3,35193088,0,268435456,0,0,0,-1,-1
43754,Scouting,,25095,47894,0,-1,0,0,0,0,0,0,0,0,0,0,19877,109,347,0,3,35193088,0,268435456,0,0,0,-1,-1
43755,The Magic of Flight,,25096,47895,0,-1,0,0,0,0,0,0,0,0,0,0,20491,109,347,0,3,-2112290560,0,268435456,0,0,0,-1,-1
43756,Enigmatic,,25097,47895,0,-1,0,0,0,0,0,0,0,0,0,0,20492,109,347,0,3,-2110193408,0,268435456,0,0,0,-1,-1
43757,Fire for Effect,,25098,47894,0,-1,0,0,0,0,0,0,0,0,0,0,19880,109,347,0,3,35193088,0,268435456,0,0,0,-1,-1
43758,Wherever I May Gloam,,25101,47895,0,-1,0,0,0,0,0,0,0,0,0,0,20136,109,347,0,3,41484544,8192,268435456,0,0,0,-1,-1
43759,Where's the Reef?,,25102,47895,0,-1,0,0,0,0,0,0,0,0,0,0,20139,109,347,0,3,41484544,8192,268435456,0,0,0,-1,-1
43762,Black Rook Hold: Traitor's Demise,,25107,42253,0,-1,0,0,0,0,0,0,0,0,0,0,20120,137,347,0,3,35193088,0,268435458,0,0,0,-1,-1
43764,Ley Race,,25109,47899,0,-1,0,0,0,0,0,0,0,0,0,0,20481,109,347,0,3,35193088,0,268435456,0,0,0,-1,-1
43765,Scouting,,25110,47900,0,-1,0,0,0,0,0,0,0,0,0,0,19858,109,347,0,3,35193088,0,268435456,0,0,0,-1,-1
43766,The Magic of Flight,,25111,47899,0,-1,0,0,0,0,0,0,0,0,0,0,20482,109,347,0,3,-2112290560,0,268435456,0,0,0,-1,-1
43767,Enigmatic,,25112,48385,0,-1,0,0,0,0,0,0,0,0,0,0,20483,109,347,0,3,-2110193408,0,268435456,0,0,0,-1,-1
43768,Fire for Effect,,25113,47900,0,-1,0,0,0,0,0,0,0,0,0,0,19862,109,347,0,3,35193088,0,268435456,0,0,0,-1,-1
43769,Ley Race,,25114,47897,0,-1,0,0,0,0,0,0,0,0,0,0,20484,109,347,0,3,35193088,0,268435456,0,0,0,-1,-1
43770,Scouting,,25115,47898,0,-1,0,0,0,0,0,0,0,0,0,0,19865,109,347,0,3,35193088,0,268435456,0,0,0,-1,-1
43771,The Magic of Flight,,25116,48386,0,-1,0,0,0,0,0,0,0,0,0,0,20485,109,347,0,3,-2112290560,0,268435456,0,0,0,-1,-1
43772,Enigmatic,,25117,47897,0,-1,0,0,0,0,0,0,0,0,0,0,20486,109,347,0,3,-2110193408,0,268435456,0,0,0,-1,-1
43773,Fire for Effect,,25118,47898,0,-1,0,0,0,0,0,0,0,0,0,0,19868,109,347,0,3,35193088,0,268435456,0,0,0,-1,-1
43774,Ley Race,,25120,38948,0,-1,0,0,0,0,0,0,0,0,0,0,20487,109,335,0,3,35193088,0,268435456,0,0,0,-1,-1
43776,Scouting,,25121,42886,0,-1,0,0,0,0,0,0,0,0,0,0,19871,109,335,0,3,35193088,0,268435456,0,0,0,-1,-1
43777,The Magic of Flight,,25122,38948,0,-1,0,0,0,0,0,0,0,0,0,0,20488,109,335,0,3,-2112290560,0,268435456,0,0,0,-1,-1
43778,Enigmatic,,25123,38948,0,-1,0,0,0,0,0,0,0,0,0,0,20489,109,335,0,3,-2110193408,0,268435456,0,0,0,-1,-1
43784,What a Nightmare,,25127,47895,0,-1,0,0,0,0,0,0,0,0,0,0,20153,109,347,0,3,41484544,0,268435456,0,0,0,-1,-1
43786,Pesty Nests,,25149,47897,0,-1,0,0,0,0,0,0,0,0,0,0,20159,109,347,0,3,37290240,0,268435456,41694,0,0,-1,-1
43798,DANGER: Kosumoth the Hungering,,25156,42706,0,-1,0,0,0,0,0,0,0,0,0,0,20161,136,347,0,3,37290304,0,268435456,0,0,0,-1,-1
43801,Shell Out Some Pain,,25163,47901,0,-1,0,0,0,0,0,0,0,0,0,0,20162,136,347,0,3,37290240,0,268435456,41694,0,0,-1,-1
43802,Watery Graves,,25164,47901,0,-1,0,0,0,0,0,0,0,0,0,0,20163,136,347,0,3,37290240,0,268435456,41694,0,0,-1,-1
43803,A Giant Murloc Problem,,25165,47901,0,-1,0,0,0,0,0,0,0,0,0,0,20164,136,347,0,3,37290240,0,268435456,41694,0,0,-1,-1
43804,Hate the Hatecoil,,25167,47901,0,-1,0,0,0,0,0,0,0,0,0,0,20165,136,347,0,3,37290240,0,268435456,41694,0,0,-1,-1
43805,Aquatic Assassination,,25168,47901,0,-1,0,0,0,0,0,0,0,0,0,0,20166,136,347,0,3,37290240,0,268435456,41694,0,0,-1,-1
43807,Withered Wrangling: Ambervale,,25171,44105,0,-1,0,0,0,0,0,0,0,0,0,0,20167,109,335,0,3,37290240,8192,268435456,0,0,0,-1,-1
43814,Unspeakable Collaborators,,25180,42728,0,-1,0,0,0,0,0,0,0,0,0,0,20171,136,335,0,3,36765960,0,268435456,0,0,0,-1,-1
43827,Stormwing the Portals,,25190,42766,0,-1,0,0,0,0,0,0,0,0,0,129161,20177,109,347,0,3,41615616,8192,268435456,41694,0,0,-1,-1
43930,Fiends of Tel'anor,,25264,45617,0,-1,0,0,0,0,0,0,0,0,0,0,20205,109,335,0,3,37290240,0,268435456,0,0,0,-1,-1
43932,Forces of Oppression,,25302,41006,0,-1,0,0,0,0,0,0,0,0,0,0,20207,135,335,0,3,37290240,0,268435456,0,0,0,-1,-1
43942,Timeworn Artifact,,25304,132203,0,-1,0,0,0,0,0,0,0,0,0,140249,0,0,331,0,2,33554432,0,268435968,0,0,0,-1,-1
43943,Withered Army Training,,25306,44828,0,-1,0,0,0,0,0,0,0,0,0,0,20222,109,335,0,3,34144576,0,268435456,44636,0,0,-1,-1
43951,An Overdue Debt,,25318,47897,0,-1,0,0,0,0,0,0,0,0,0,0,20226,109,347,0,3,37290240,0,268435456,41694,0,0,-1,-1
43959,Stelleris Shakedown,,25328,42728,0,-1,0,0,0,0,0,0,0,0,0,0,20228,136,335,0,3,37290240,0,268435456,0,0,0,-1,-1
43963,Vampirates!,,25337,47897,0,-1,0,0,0,0,0,0,0,0,0,0,20233,109,347,0,3,37290240,0,268435456,41694,0,0,-1,-1
43964,A Jarl's Feast,,25393,42474,0,-1,0,0,0,0,0,0,0,0,0,0,18956,109,347,0,3,37290240,0,268435456,41694,0,0,-1,-1
43985,A Dark Tide,,25377,45690,0,-1,0,0,0,0,0,0,0,0,0,0,20267,112,347,0,3,37290304,0,268435456,0,0,0,-1,-1
44002,Undersea Survey,,25389,41005,0,-1,0,0,0,0,0,0,0,0,0,0,20298,109,335,0,3,37290240,0,268435456,0,0,0,-1,-1
44010,WANTED: Oreth the Vile,,25405,38948,0,-1,0,0,0,0,0,0,0,0,0,0,20260,109,335,0,3,3735872,0,268435456,0,0,0,-1,-1
44011,Lost Wisp,,25404,47895,0,-1,0,0,0,0,0,0,0,0,0,0,20349,109,347,0,3,41484544,8192,268435456,0,0,0,-1,-1
44012,WANTED: Siegemaster Aedrin,,25406,38948,0,-1,0,0,0,0,0,0,0,0,0,0,20266,109,335,0,3,3735872,0,268435456,0,0,0,-1,-1
44013,WANTED: Guardian Thor'el,,25407,38948,0,-1,0,0,0,0,0,0,0,0,0,0,20272,109,335,0,3,3735872,0,268435456,0,0,0,-1,-1
44015,WANTED: Mal'Dreth the Corruptor,,25412,38948,0,-1,0,0,0,0,0,0,0,0,0,0,20277,109,335,0,3,3735872,0,268435456,0,0,0,-1,-1
44016,WANTED: Cadraeus,,25418,38948,0,-1,0,0,0,0,0,0,0,0,0,0,20282,109,335,0,3,3735872,0,268435456,0,0,0,-1,-1
44017,WANTED: Apothecary Faldren,,25414,38948,0,-1,0,0,0,0,0,0,0,0,0,0,20287,109,335,0,3,3735872,0,268435456,0,0,0,-1,-1
44018,WANTED: Magister Phaedris,,25415,38948,0,-1,0,0,0,0,0,0,0,0,0,0,20292,109,335,0,3,3735872,0,268435456,0,0,0,-1,-1
44019,WANTED: Lieutenant Strathmar,,25416,38948,0,-1,0,0,0,0,0,0,0,0,0,0,20297,109,335,0,3,3735872,0,268435456,0,0,0,-1,-1
44021,WANTED: Hertha Grimdottir,,25413,38948,0,-1,0,0,0,0,0,0,0,0,0,0,20303,109,335,0,3,3735872,0,268435456,0,0,0,-1,-1
44022,WANTED: Shal'an,,25417,38948,0,-1,0,0,0,0,0,0,0,0,0,0,20322,109,335,0,3,3735872,0,268435456,0,0,0,-1,-1
44023,WANTED: Siegemaster Aedrin,,25421,38948,0,-1,0,0,0,0,0,0,0,0,0,0,20262,135,335,0,3,3735872,0,268435456,0,0,0,-1,-1
44024,WANTED: Shal'an,,25422,38948,0,-1,0,0,0,0,0,0,0,0,0,0,20320,135,335,0,3,3735872,0,268435456,0,0,0,-1,-1
44025,WANTED: Oreth the Vile,,25423,38948,0,-1,0,0,0,0,0,0,0,0,0,0,20259,135,335,0,3,3735872,0,268435456,0,0,0,-1,-1
44026,WANTED: Mal'Dreth the Corruptor,,25424,38948,0,-1,0,0,0,0,0,0,0,0,0,0,20276,135,335,0,3,3735872,0,268435456,0,0,0,-1,-1
44027,WANTED: Magister Phaedris,,25425,38948,0,-1,0,0,0,0,0,0,0,0,0,0,20291,135,335,0,3,3735872,0,268435456,0,0,0,-1,-1
44028,WANTED: Lieutenant Strathmar,,25426,38948,0,-1,0,0,0,0,0,0,0,0,0,0,20296,135,335,0,3,3735872,0,268435456,0,0,0,-1,-1
44029,WANTED: Hertha Grimdottir,,25427,38948,0,-1,0,0,0,0,0,0,0,0,0,0,20302,135,335,0,3,3735872,0,268435456,0,0,0,-1,-1
44030,WANTED: Guardian Thor'el,,25428,38948,0,-1,0,0,0,0,0,0,0,0,0,0,20268,135,335,0,3,3735872,0,268435456,0,0,0,-1,-1
44031,WANTED: Cadraeus,,25429,38948,0,-1,0,0,0,0,0,0,0,0,0,0,20281,135,335,0,3,3735872,0,268435456,0,0,0,-1,-1
44032,WANTED: Apothecary Faldren,,25430,38948,0,-1,0,0,0,0,0,0,0,0,0,0,20286,135,335,0,3,3735872,0,268435456,0,0,0,-1,-1
44033,"Aw, Nuts!",,25436,47895,0,-1,0,0,0,0,0,0,0,0,0,0,20357,109,347,0,3,41484544,0,268435456,0,0,0,-1,-1
44044,Felled Experiment,,25458,47901,0,-1,0,0,0,0,0,0,0,0,0,0,20363,136,347,0,3,37290240,0,268435456,0,0,0,-1,-1
44048,Nagana Happen,,25465,47901,0,-1,0,0,0,0,0,0,0,0,0,0,20365,136,347,0,3,37290240,0,268435456,0,0,0,-1,-1
44049,Evil Has Many Legs,,25466,47901,0,-1,0,0,0,0,0,0,0,0,0,0,20366,136,347,0,3,37290240,0,268435456,0,0,0,-1,-1
44050,The Felsworn Must Fall,,25471,47901,0,-1,0,0,0,0,0,0,0,0,0,0,20367,136,347,0,3,37290240,0,268435456,0,0,0,-1,-1
44054,Demonicide,,25475,47901,0,-1,0,0,0,0,0,0,0,0,0,0,20368,136,347,0,3,37290240,0,268435456,0,0,0,-1,-1
44067,Consolidating Power,,25493,42728,0,-1,0,0,0,0,0,0,0,0,0,141253,20376,136,335,0,3,37421312,0,268435456,0,0,0,-1,-1
44113,DANGER: Achronos,,25544,38948,0,-1,0,0,0,0,0,0,0,0,0,0,20421,136,335,0,3,37290304,0,268435456,0,0,0,-1,-1
44114,DANGER: Magistrix Vilessa,,25545,38948,0,-1,0,0,0,0,0,0,0,0,0,0,20422,136,335,0,3,37290304,0,268435456,0,0,0,-1,-1
44118,DANGER: Auditor Esiel,,25550,38948,0,-1,0,0,0,0,0,0,0,0,0,0,20425,136,335,0,3,37290304,0,268435456,0,0,0,-1,-1
44119,"DANGER: Volshax, Breaker of Will",,25551,38948,0,-1,0,0,0,0,0,0,0,0,0,0,20426,136,335,0,3,37290304,0,268435456,0,0,0,-1,-1
44121,DANGER: Az'jatar,,25553,38948,0,-1,0,0,0,0,0,0,0,0,0,0,20428,136,335,0,3,3735872,0,268435456,0,0,0,-1,-1
44122,DANGER: Sorallus,,25554,38948,0,-1,0,0,0,0,0,0,0,0,0,0,20430,136,335,0,3,3735872,0,268435456,0,0,0,-1,-1
44157,Withered Wrangling: Tel'anor,,25589,44105,0,-1,0,0,0,0,0,0,0,0,0,0,20439,109,335,0,3,37290240,8192,268435456,0,0,0,-1,-1
44158,Withered Wrangling: Falanaar,,25590,44105,0,-1,0,0,0,0,0,0,0,0,0,0,20440,109,335,0,3,37290240,8192,268435456,0,0,0,-1,-1
44185,WANTED: Sanaar,,25617,38948,0,-1,0,0,0,0,0,0,0,0,0,0,20476,135,335,0,3,3735872,0,268435456,0,0,0,-1,-1
44186,WANTED: Broodmother Shu'malis,,25618,38948,0,-1,0,0,0,0,0,0,0,0,0,0,20468,135,335,0,3,3735872,0,268435456,0,0,0,-1,-1
44187,DANGER: Cinderwing,,25621,47901,0,-1,0,0,0,0,0,0,0,0,0,0,20504,136,347,0,3,37290304,0,268435456,0,0,0,-1,-1
44189,DANGER: Bestrix,,25622,47901,0,-1,0,0,0,0,0,0,0,0,0,0,20503,136,347,0,3,37290304,0,268435456,0,0,0,-1,-1
44190,DANGER: Jade Darkhaven,,25623,47901,0,-1,0,0,0,0,0,0,0,0,0,0,20505,136,347,0,3,37290304,0,268435456,0,0,0,-1,-1
44191,DANGER: Karthax,,25624,47901,0,-1,0,0,0,0,0,0,0,0,0,0,20506,136,347,0,3,37290304,0,268435456,0,0,0,-1,-1
44192,DANGER: Lysanis Shadesoul,,25625,47901,0,-1,0,0,0,0,0,0,0,0,0,0,20507,136,347,0,3,37290304,0,268435456,0,0,0,-1,-1
44193,DANGER: Sea King Tidross,,25626,47901,0,-1,0,0,0,0,0,0,0,0,0,0,20508,136,347,0,3,37290304,0,268435456,0,0,0,-1,-1
44194,DANGER: Torrentius,,25627,47901,0,-1,0,0,0,0,0,0,0,0,0,0,20509,136,347,0,3,37290304,0,268435456,0,0,0,-1,-1
44287,DEADLY: Withered J'im,,25801,45690,0,-1,0,0,0,0,0,0,0,0,0,0,20358,112,347,0,3,37290304,0,268435456,0,0,0,-1,-1
44289,WANTED: Arru,,25806,47899,0,-1,0,0,0,0,0,0,0,0,0,0,20554,135,347,0,3,3735872,0,268435456,0,0,0,-1,-1
44290,WANTED: Bristlemaul,,25807,47899,0,-1,0,0,0,0,0,0,0,0,0,0,20570,135,347,0,3,3735872,0,268435456,0,0,0,-1,-1
44291,WANTED: Crawshuk the Hungry,,25808,47899,0,-1,0,0,0,0,0,0,0,0,0,0,20575,135,347,0,3,3735872,0,268435456,0,0,0,-1,-1
44292,WANTED: Majestic Elderhorn,,25809,47899,0,-1,0,0,0,0,0,0,0,0,0,0,20551,135,347,0,3,3735872,0,268435456,0,0,0,-1,-1
44293,WANTED: Slumber,,25810,47899,0,-1,0,0,0,0,0,0,0,0,0,0,20545,135,347,0,3,3735872,0,268435456,0,0,0,-1,-1
44294,WANTED: Sekhan,,25811,47899,0,-1,0,0,0,0,0,0,0,0,0,0,20548,135,347,0,3,3735872,0,268435456,0,0,0,-1,-1
44298,WANTED: Dreadbog,,25815,47895,0,-1,0,0,0,0,0,0,0,0,0,0,20582,109,347,0,3,3735872,0,268435456,0,0,0,-1,-1
44299,WANTED: Darkshade,,25816,47895,0,-1,0,0,0,0,0,0,0,0,0,0,20588,109,347,0,3,3735872,0,268435456,0,0,0,-1,-1
44300,WANTED: Seersei,,25817,47895,0,-1,0,0,0,0,0,0,0,0,0,0,20593,109,347,0,3,3735872,0,268435456,0,0,0,-1,-1
44301,WANTED: Bahagar,,25818,47895,0,-1,0,0,0,0,0,0,0,0,0,0,20602,109,347,0,3,3735872,0,268435456,0,0,0,-1,-1
44302,WANTED: Seersei,,25819,47895,0,-1,0,0,0,0,0,0,0,0,0,0,20592,135,347,0,3,3735872,0,268435456,0,0,0,-1,-1
44303,WANTED: Dreadbog,,25820,47895,0,-1,0,0,0,0,0,0,0,0,0,0,20581,135,347,0,3,3735872,0,268435456,0,0,0,-1,-1
44304,WANTED: Darkshade,,25821,47895,0,-1,0,0,0,0,0,0,0,0,0,0,20587,135,347,0,3,3735872,0,268435456,0,0,0,-1,-1
44305,WANTED: Bahagar,,25822,47895,0,-1,0,0,0,0,0,0,0,0,0,0,20601,135,347,0,3,3735872,0,268435456,0,0,0,-1,-1
44494,Brood of Alexstrasza,,26056,44612,0,-1,0,0,0,0,0,0,0,0,0,0,0,0,345,0,3,38338560,8192,268435456,0,0,0,-1,-1
44570,Honor the Flame,Honor the Midsummer Bonfire in Spires of Arak.,26108,9484,0,-1,0,0,0,0,0,0,0,0,0,0,0,0,394,0,2,2097152,0,268435968,0,0,0,-1,-1
44571,Honor the Flame,Honor the Midsummer Bonfire in Talador.,26109,9484,0,-1,0,0,0,0,0,0,0,0,0,0,0,0,394,0,2,2097152,0,268435968,0,0,0,-1,-1
44572,Honor the Flame,Honor the Midsummer Bonfire in Nagrand.,26110,9484,0,-1,0,0,0,0,0,0,0,0,0,0,0,0,394,0,2,2097152,0,268435968,0,0,0,-1,-1
44573,Honor the Flame,Honor the Midsummer Bonfire in Gorgrond.,26111,9484,0,-1,0,0,0,0,0,0,0,0,0,0,0,0,394,0,2,2097152,0,268435968,0,0,0,-1,-1
44574,Honor the Flame,Honor the Midsummer Bonfire in Azsuna.,26112,9484,0,-1,0,0,0,0,0,0,0,0,0,0,0,0,394,0,2,2097152,0,268435968,0,0,0,-1,-1
44575,Honor the Flame,Honor the Midsummer Bonfire in Val'Sharah.,26113,9484,0,-1,0,0,0,0,0,0,0,0,0,0,0,0,394,0,2,2097152,0,268435968,0,0,0,-1,-1
44576,Honor the Flame,Honor the Midsummer Bonfire in Highmountain.,26114,9484,0,-1,0,0,0,0,0,0,0,0,0,0,0,0,394,0,2,2097152,0,268435968,0,0,0,-1,-1
44577,Honor the Flame,Honor the Midsummer Bonfire in Stormheim.,26115,9484,0,-1,0,0,0,0,0,0,0,0,0,0,0,0,394,0,2,2097152,0,268435968,0,0,0,-1,-1
44578,Honor the Flame,Honor the Midsummer Bonfire in Suramar.,26116,9484,0,-1,0,0,0,0,0,0,0,0,0,0,0,0,394,0,2,2097152,0,268435968,0,0,0,-1,-1
44579,Honor the Flame,,26117,9484,0,-1,0,0,0,0,0,0,0,0,0,0,0,0,394,0,0,0,0,512,0,0,0,-1321907123,1427461461
44580,Honor the Flame,,26118,9484,0,-1,0,0,0,0,0,0,0,0,0,0,0,0,394,0,0,0,0,512,0,0,0,1309324210,-1440044374
44582,Desecrate this Fire!,,26120,9484,0,-1,0,0,0,0,0,0,0,0,0,0,0,0,394,0,0,0,0,512,0,0,0,1309324210,-1440044374
44583,Desecrate this Fire!,,26119,9484,0,-1,0,0,0,0,0,0,0,0,0,0,0,0,394,0,0,0,0,512,0,0,0,-1321907123,1427461461
44613,Honor the Flame,,26146,9484,0,-1,0,0,0,0,0,0,0,0,0,0,0,0,394,0,0,0,0,512,0,0,0,-1321907123,1427461461
44614,Honor the Flame,,26147,9484,0,-1,0,0,0,0,0,0,0,0,0,0,0,0,394,0,0,0,0,512,0,0,0,1309324210,-1440044374
44624,Desecrate this Fire!,,26159,9484,0,-1,0,0,0,0,0,0,0,0,0,0,0,0,394,0,0,0,0,512,0,0,0,1309324210,-1440044374
44627,Desecrate this Fire!,,26160,9484,0,-1,0,0,0,0,0,0,0,0,0,0,0,0,394,0,0,0,0,512,0,0,0,-1321907123,1427461461
44730,Ravaged Dreams,,26249,49404,0,-1,0,0,0,0,0,0,0,0,0,0,20852,139,332,0,3,37290752,0,268435456,0,0,0,-1,-1
44737,Helarjar Landing: Grey Shoals,,26256,47903,0,-1,0,0,0,0,0,0,0,0,0,0,20860,135,347,0,3,37290240,0,268435456,0,0,0,-1,-1
44744,Lifelines,,26263,45705,0,-1,0,0,0,0,0,0,0,0,0,0,20870,135,335,0,3,37290240,0,268435456,0,0,0,-1,-1
44746,Helarjar Landing: Rockaway Coast,,26264,47902,0,-1,0,0,0,0,0,0,0,0,0,0,20875,135,347,0,3,37290240,0,268435456,0,0,0,-1,-1
44748,Winged Terrors,,26266,47404,0,-1,0,0,0,0,0,0,0,0,0,0,21750,109,336,0,3,37290240,0,268435456,0,0,0,-1,-1
44751,No Soldier Left Behind,,26268,47404,0,-1,0,0,0,0,0,0,0,0,0,0,21463,109,336,0,3,37290240,8192,268435456,0,0,0,-1,-1
44759,The Vale of Dread,,26276,49404,0,-1,0,0,0,0,0,0,0,0,0,0,20890,139,332,0,3,37290752,8192,268435456,0,0,0,-1,-1
44765,Stranglethorn Fishing Extravaganza,,26280,34333,0,-1,0,0,0,0,0,356,1,0,0,0,21650,130,391,0,3,524608,0,268435456,0,0,0,-1,-1
44769,Arming the Populace,,26284,45705,0,-1,0,0,0,0,0,0,0,0,0,0,20906,135,335,0,3,37421312,0,268435456,0,0,0,-1,-1
44776,Feelin' Floppy,,26291,47899,0,-1,0,0,0,0,0,0,0,0,0,0,20909,109,347,0,3,37290240,0,268435456,0,0,0,-1,-1
44780,Backlash,,26296,46746,0,-1,0,0,0,0,0,0,0,0,0,0,20910,135,335,0,3,37290240,0,268435456,0,0,0,-1,-1
44784,Advanced Wanding,,26302,45821,0,-1,0,0,0,0,0,0,0,0,0,0,20911,109,347,0,3,38338816,8192,268435456,0,0,0,-1,-1
44786,Midterm: Rune Aptitude,,26304,45824,0,-1,0,0,0,0,0,0,0,0,0,0,20912,109,347,0,3,38338816,8192,268435456,0,0,0,-1,-1
44788,Work Study: Bestiaries of Azsuna,,26322,45825,0,-1,0,0,0,0,0,0,0,0,0,0,20913,109,347,0,3,38338816,8192,268435456,0,0,0,-1,-1
44799,Safe Keeping,,26308,45705,0,-1,0,0,0,0,0,0,0,0,0,0,20919,135,335,0,3,37290240,0,268435456,0,0,0,-1,-1
44801,Defending Shal'aran,,26309,45705,0,-1,0,0,0,0,0,0,0,0,0,0,20920,135,335,0,3,37290240,0,268435456,0,0,0,-1,-1
44802,Ancient Guidance,,26512,45705,0,-1,0,0,0,0,0,0,0,0,0,0,20921,135,335,0,3,37290240,0,268435456,0,0,0,-1,-1
44805,In the Thick of It,,26314,45840,0,-1,0,0,0,0,0,0,0,0,0,0,20923,135,335,0,3,37290240,0,268435456,0,0,0,-1,-1
44811,Help on the Way,,26315,45840,0,-1,0,0,0,0,0,0,0,0,0,0,20924,135,335,0,3,37290240,0,268435456,0,0,0,-1,-1
44812,Running on Empty,,26316,45840,0,-1,0,0,0,0,0,0,0,0,0,0,20925,135,335,0,3,37290240,0,268435456,0,0,0,-1,-1
44813,Ley Line Interference,,26317,45705,0,-1,0,0,0,0,0,0,0,0,0,142446,20926,135,335,0,3,37290240,0,268435456,0,0,0,-1,-1
44815,Sick of the Sycophants,,26318,45705,0,-1,0,0,0,0,0,0,0,0,0,142401,20927,136,335,0,3,37290240,0,268435456,0,0,0,-1,-1
44816,Continued Exposure,,26320,50838,0,-1,0,0,0,0,0,0,0,0,0,142509,20928,135,335,0,3,37290240,8192,268435456,0,0,0,-1,-1
44817,Stirring the Swarm,,26321,45705,0,-1,0,0,0,0,0,0,0,0,0,0,20930,135,335,0,3,3735808,0,268435456,0,0,0,-1,-1
44823,Thunder Totem Cleanup Detail,,26324,5703,0,-1,0,0,0,0,0,0,0,0,0,0,20932,109,347,0,3,38338816,8192,268435456,0,0,0,-1,-1
44846,Clearing the Path,,26553,47602,0,4093,0,0,0,0,0,0,0,0,0,0,21313,135,336,0,3,37290240,0,268435456,0,0,0,-1,-1
44847,Straight From the Source,,26346,47901,0,-1,0,0,0,0,0,0,0,0,0,0,20939,109,347,0,3,41484544,8192,268435456,37860,0,0,-1,-1
44856,Cut the Cattitude,,26351,142529,0,-1,0,0,0,0,0,0,0,0,0,0,21101,109,335,0,3,38338816,8192,268435456,41197,0,0,-1,-1
44857,"Not There, Not Then, Not Forever",,26352,142529,0,-1,0,0,0,0,0,0,0,0,0,0,21028,109,335,0,3,41615616,8192,268435456,41464,0,0,-1,-1
44867,Contain their Advance,,26367,45705,0,-1,0,0,0,0,0,0,0,0,0,0,20950,135,335,0,3,37290240,0,268435456,0,0,0,-1,-1
44884,Defense of Emerald Bay,,26383,49404,0,-1,0,0,0,0,0,0,0,0,0,0,20959,139,332,0,3,37290752,8192,268435456,0,0,0,-1,-1
44892,Snowfeather Swarm!,,26392,47899,0,-1,0,0,0,0,0,0,0,0,0,0,20964,135,347,0,3,41484544,8192,268435456,41694,0,0,-1,-1
44893,Direbeak Swarm!,,26395,47897,0,-1,0,0,0,0,0,0,0,0,0,0,20966,135,347,0,3,41484544,8192,268435456,41694,0,0,-1,-1
44894,Bloodgazer Swarm!,,26394,47901,0,-1,0,0,0,0,0,0,0,0,0,0,20965,135,347,0,3,41484544,8192,268435456,41694,0,0,-1,-1
44895,Sharptalon Swarm!,,26393,47895,0,-1,0,0,0,0,0,0,0,0,0,0,20967,135,347,0,3,41484544,8192,268435456,0,0,0,-1,-1
44923,Helarjar Landing: Vrekt,,26417,45693,0,-1,0,0,0,0,0,0,0,0,0,0,20988,135,347,0,3,37290240,0,268435456,0,0,0,-1,-1
44932,The Nighthold: Ettin Your Foot In The Door,,26426,46053,0,-1,0,0,0,0,0,0,0,0,0,0,20992,141,335,0,3,35193152,0,268435458,0,0,0,-1,-1
44933,The Nighthold: Wailing In The Night,,26427,46053,0,-1,0,0,0,0,0,0,0,0,0,0,20994,141,335,0,3,35193152,0,268435458,0,0,0,-1,-1
44934,The Nighthold: Creepy Crawlers,,26428,46053,0,-1,0,0,0,0,0,0,0,0,0,0,20995,141,335,0,3,35193152,0,268435458,0,0,0,-1,-1
44935,The Nighthold: Gilded Guardian,,26429,46053,0,-1,0,0,0,0,0,0,0,0,0,0,20996,141,335,0,3,35193152,0,268435458,0,0,0,-1,-1
44936,The Nighthold: Supply Routes,,26430,46053,0,-1,0,0,0,0,0,0,0,0,0,0,20997,141,335,0,3,35193152,0,268435458,0,0,0,-1,-1
44937,The Nighthold: Focused Power,,26431,46053,0,-1,0,0,0,0,0,0,0,0,0,0,20998,141,335,0,3,35193152,0,268435458,0,0,0,-1,-1
44938,The Nighthold: Love Tap,,26433,46053,0,-1,0,0,0,0,0,0,0,0,0,0,20999,141,335,0,3,35193152,0,268435458,0,0,0,-1,-1
44939,The Nighthold: Seeds of Destruction,,26432,46053,0,-1,0,0,0,0,0,0,0,0,0,0,21000,141,335,0,3,35193152,0,268435458,0,0,0,-1,-1
44942,Wind in Their Feathers,,26683,47897,0,-1,0,0,0,0,0,0,0,0,0,0,21041,109,347,0,3,38338816,8192,268435456,42447,0,0,-1,-1
44943,Now That's Just Clawful!,,26435,47897,0,-1,0,0,0,0,0,0,0,0,0,0,21029,109,347,0,3,41484544,8192,268435456,0,0,0,-1,-1
45032,Like the Wind,,26515,42886,0,-1,0,0,0,0,0,0,0,0,0,0,21002,109,335,0,3,-2112290560,0,268435456,0,0,0,-1,-1
45035,The Call of Battle,,26517,47404,0,-1,0,0,0,0,0,0,0,0,0,0,21762,109,336,0,3,34144512,8192,268435456,0,0,0,-1,-1
45046,Like the Wind,,26526,47904,0,-1,0,0,0,0,0,0,0,0,0,0,21014,109,347,0,3,-2112290560,0,268435456,0,0,0,-1,-1
45047,Like the Wind,,26527,47894,0,-1,0,0,0,0,0,0,0,0,0,0,21015,109,347,0,3,-2112290560,0,268435456,0,0,0,-1,-1
45048,Like the Wind,,26528,47900,0,-1,0,0,0,0,0,0,0,0,0,0,21016,109,347,0,3,-2112290560,0,268435456,0,0,0,-1,-1
45049,Like the Wind,,26529,38948,0,-1,0,0,0,0,0,0,0,0,0,0,21017,109,347,0,3,-2112290560,0,268435456,0,0,0,-1,-1
45058,Release the Wardens!,,26535,49401,0,-1,0,0,0,0,0,0,0,0,0,0,21019,139,331,0,3,37290752,0,268435456,0,0,0,-1,-1
45068,Barrels o' Fun,,26543,38948,0,-1,0,0,0,0,0,0,0,0,0,0,21022,109,335,0,3,-2110193408,0,268435456,0,0,0,-1,-1
45069,Barrels o' Fun,,26544,47901,0,-1,0,0,0,0,0,0,0,0,0,0,21023,109,347,0,3,-2110193408,0,268435456,0,0,0,-1,-1
45070,Barrels o' Fun,,26545,48388,0,-1,0,0,0,0,0,0,0,0,0,0,21024,109,347,0,3,-2110193408,0,268435456,0,0,0,-1,-1
45071,Barrels o' Fun,,26546,47900,0,-1,0,0,0,0,0,0,0,0,0,0,21025,109,347,0,3,-2110193408,0,268435456,0,0,0,-1,-1
45072,Barrels o' Fun,,26547,47898,0,-1,0,0,0,0,0,0,0,0,0,0,21026,109,347,0,3,-2110193408,0,268435456,0,0,0,-1,-1
45134,The Soul Harvesters,,26580,49401,0,-1,0,0,0,0,0,0,0,0,0,0,21040,139,331,0,3,41485056,8192,268435456,0,0,0,-1,-1
45178,Contagion Containment,,26627,47602,0,4079,0,0,0,0,0,0,0,0,0,0,21804,135,336,0,3,37290240,0,268435456,0,0,0,-1,-1
45203,Battle for the Ruins,,26647,49401,0,-1,0,0,0,0,0,0,0,0,0,0,21054,139,331,0,3,41485056,8192,268435456,0,0,0,-1,-1
45307,Claws for Alarm!,,26741,142529,0,-1,0,0,0,0,0,0,0,0,0,0,21093,109,335,0,3,41484544,8192,268435456,40230,0,0,-1,-1
45358,Contagion Containment,,26795,47602,0,16,0,0,0,0,0,0,0,0,0,0,21804,135,336,0,3,37290240,0,268435456,46034,0,0,-1,-1
45379,Treasure Master Iks'reeged,,26801,47404,0,-1,0,0,0,0,0,0,0,0,0,0,22420,135,336,0,3,41484608,8192,268435456,46666,0,0,-1,-1
45390,Souls of the Vrykul,,26807,49403,0,-1,0,0,0,0,0,0,0,0,0,0,21108,139,334,0,3,7930624,8194,268435456,0,0,0,-1,-1
45439,An Invasion of... Murlocs?,,26848,49403,0,-1,0,0,0,0,0,0,0,0,0,0,21135,139,334,0,3,7930624,8192,268435456,0,0,0,-1,-1
45472,Kraken Eggs,,26872,47404,0,-1,0,0,0,0,0,0,0,0,0,0,21351,109,336,0,3,41484544,8192,268435456,0,0,0,-1,-1
45473,A Giant Problem,,26873,47404,0,-1,0,0,0,0,0,0,0,0,0,0,21379,109,336,0,3,37290240,0,268435456,0,0,0,-1,-1
45520,Behind Enemy Portals,,26918,47404,0,-1,0,0,0,0,0,0,0,0,0,0,21177,109,336,0,3,37290240,0,268435456,0,0,0,-1,-1
45531,Creeping Fel,,26929,47602,0,16,0,0,0,0,0,0,0,0,0,0,21268,135,336,0,3,37290240,8192,268435456,0,0,0,-1,-1
45541,How Do YOU Like It?!,,26937,47602,0,256,0,0,0,0,0,0,0,0,0,0,21196,135,336,0,3,37290240,8192,268435456,0,0,0,-1,-1
45542,Behind Enemy Portals,,26954,47404,0,-1,0,0,0,0,0,0,0,0,0,0,21210,109,336,0,3,37290240,0,268435456,0,0,0,-1,-1
45549,Salving the Corruption,,26943,47602,0,4,0,0,0,0,0,0,0,0,0,0,21809,135,336,0,3,37290240,0,268435456,46048,0,0,-1,-1
45550,Salving the Corruption,,26944,47602,0,4091,0,0,0,0,0,0,0,0,0,0,21809,135,336,0,3,37290240,0,268435456,0,0,0,-1,-1
45559,Behind Enemy Portals,,26953,47404,0,-1,0,0,0,0,0,0,0,0,0,0,21218,109,336,0,3,37290240,0,268435456,0,0,0,-1,-1
45626,Set You Up the Bomb!,,27010,47602,0,3967,0,0,0,0,0,0,0,0,0,0,21249,135,336,0,3,37290240,0,268435456,0,0,0,-1,-1
45651,The Ruins of Ahn'Qiraj: Ossirian,,27512,47095,0,-1,0,0,0,0,0,0,0,0,0,0,21274,137,183,0,3,34144576,0,268436482,0,0,0,1309324210,-1440044374
45653,Kill it with Fire!,,27025,47602,0,128,0,0,0,0,0,0,0,0,0,0,21249,135,336,0,3,37290240,8192,268435456,0,0,0,-1,-1
45654,Ahn'Qiraj: C'Thun,,27511,47095,0,-1,0,0,0,0,0,0,0,0,0,0,21275,137,183,0,3,34144576,0,268436482,0,0,0,1309324210,-1440044374
45655,The Colossus of Ashi,,27510,47154,0,-1,0,0,0,0,0,0,0,0,0,0,21276,111,183,0,3,34144576,0,268436480,0,0,0,1309324210,-1440044374
45656,Lesser Wind Stones,,27509,47095,0,-1,0,0,0,0,0,0,0,0,0,0,21277,109,183,0,3,34144576,0,268436480,0,0,0,1309324210,-1440044374
45657,Silithyst,,27506,47095,0,-1,0,0,0,0,0,0,0,0,0,0,21277,113,183,0,3,34144576,0,268436480,0,0,0,1309324210,-1440044374
45674,The Colossus of Regal,,27508,47155,0,-1,0,0,0,0,0,0,0,0,0,0,21300,111,183,0,3,34144576,0,268436480,0,0,0,1309324210,-1440044374
45675,The Colossus of Zora,,27507,47156,0,-1,0,0,0,0,0,0,0,0,0,0,21301,111,183,0,3,34144576,0,268436480,0,0,0,1309324210,-1440044374
45694,Arachnicide,,27033,47404,0,-1,0,0,0,0,0,0,0,0,0,0,21760,109,336,0,3,37290240,0,268435456,0,0,0,-1,-1
45736,The Ruins of Ahn'Qiraj: Ossirian,,27023,47095,0,-1,0,0,0,0,0,0,0,0,0,0,21274,137,183,0,3,34144576,0,268436482,0,0,0,-1321907123,1427461461
45737,Ahn'Qiraj: C'Thun,,27026,47095,0,-1,0,0,0,0,0,0,0,0,0,0,21275,137,183,0,3,34144576,0,268436482,0,0,0,-1321907123,1427461461
45738,The Colossus of Ashi,,27027,47154,0,-1,0,0,0,0,0,0,0,0,0,0,21276,111,183,0,3,34144576,0,268436480,0,0,0,-1321907123,1427461461
45739,Lesser Wind Stones,,27028,47095,0,-1,0,0,0,0,0,0,0,0,0,0,21277,109,183,0,3,34144576,0,268436480,0,0,0,-1321907123,1427461461
45740,Silithyst,,27029,47095,0,-1,0,0,0,0,0,0,0,0,0,0,21277,113,183,0,3,34144576,0,268436480,0,0,0,-1321907123,1427461461
45741,The Colossus of Regal,,27030,47155,0,-1,0,0,0,0,0,0,0,0,0,0,21300,111,183,0,3,34144576,0,268436480,0,0,0,-1321907123,1427461461
45742,The Colossus of Zora,,27031,47156,0,-1,0,0,0,0,0,0,0,0,0,0,21301,111,183,0,3,34144576,0,268436480,0,0,0,-1321907123,1427461461
45743,Judgment of Odyn,,27049,47602,0,1,0,0,0,0,0,0,0,0,0,0,21311,135,336,0,3,37290240,8192,268435456,0,0,0,-1,-1
45744,Fall of the Felskorn,,27050,47602,0,4094,0,0,0,0,0,0,0,0,0,0,21311,135,336,0,3,37290240,8192,268435456,0,0,0,-1,-1
45776,Keys are a Crutch,,27066,47602,0,8,0,0,0,0,0,0,0,0,0,0,21337,135,336,0,3,37290240,8192,268435456,0,0,0,-1,-1
45786,Feast of the Hounds,,27067,49403,0,-1,0,0,0,0,0,0,0,0,0,0,21338,139,334,0,3,7930624,8192,268435456,0,0,0,-1,-1
45791,War Materiel,,27072,47404,0,-1,0,0,0,0,0,0,0,0,0,0,21339,109,336,0,3,37290240,0,268435456,0,0,0,-1,-1
45792,Occultist Onslaught,,27073,47602,0,3839,0,0,0,0,0,0,0,0,0,0,21802,135,336,0,3,37290240,0,268435456,0,0,0,-1,-1
45793,Occultist Onslaught,,27074,47602,0,256,0,0,0,0,0,0,0,0,0,0,21802,135,336,0,3,34144512,0,268435456,0,0,0,-1,-1
45797,Playing with Green Fire,,27078,47404,0,-1,0,0,0,0,0,0,0,0,0,0,21346,109,336,0,3,37290240,0,268435456,0,0,0,-1,-1
45804,Impvasion!,,27084,49404,0,-1,0,0,0,0,0,0,0,0,0,0,21347,139,332,0,3,37290240,0,268435456,0,0,0,-1,-1
45805,The Burning Keys,,27086,47602,0,4087,0,0,0,0,0,0,0,0,0,0,21337,135,336,0,3,37290240,0,268435456,0,0,0,-1,-1
45806,Boat Tour,,27087,47348,0,-1,0,0,0,0,0,0,0,0,0,0,21362,109,184,0,3,34144512,0,268436480,0,0,0,-1,-1
45807,Garbage Fishing,,27088,47348,0,-1,0,0,0,0,0,0,0,0,0,0,21363,109,184,0,3,34144512,0,268436480,45806,0,0,-1,-1
45808,Beach Ball Bash,,27089,47348,0,-1,0,0,0,0,0,0,0,0,0,0,21366,109,184,0,3,34144512,0,268436480,45806,0,0,-1,-1
45809,"Grog, Rum, and Ale",,27090,47348,0,-1,0,0,0,0,0,0,0,0,0,0,21364,109,184,0,3,34144512,0,268436480,45806,0,0,-1,-1
45810,The Gnomes Stole Our Bombs!,,27091,47348,0,-1,0,0,0,0,0,0,0,0,0,0,21365,109,184,0,3,34144512,0,268436480,45806,0,0,1309324210,-1440044374
45811,The Goblins Stole Our Bombs!,,27091,47348,0,-1,0,0,0,0,0,0,0,0,0,0,21365,109,184,0,3,34144512,0,268436480,45806,0,0,-1321907123,1427461461
45837,Creeping Fel,,27118,47602,0,4079,0,0,0,0,0,0,0,0,0,0,21268,135,336,0,3,37290240,8192,268435456,0,0,0,-1,-1
45878,Exterminating with Impunity,,27147,47404,0,-1,0,0,0,0,0,0,0,0,0,0,21378,109,336,0,3,37290240,0,268435456,0,0,0,-1,-1
45921,Thal'xur,,27183,49404,0,-1,0,0,0,0,0,0,0,0,0,0,21367,142,332,0,3,37290304,0,268435456,0,0,0,-1,-1
45922,Agmozuul,,27184,49404,0,-1,0,0,0,0,0,0,0,0,0,0,21368,142,332,0,3,37290304,0,268435456,0,0,0,-1,-1
45923,Gloth,,27185,49404,0,-1,0,0,0,0,0,0,0,0,0,0,21369,142,332,0,3,37290304,0,268435456,0,0,0,-1,-1
45924,Abyssal Monstrosity,,27186,49404,0,-1,0,0,0,0,0,0,0,0,0,0,21370,142,332,0,3,37290304,0,268435456,0,0,0,-1,-1
45925,Nez'val,,27187,49404,0,-1,0,0,0,0,0,0,0,0,0,0,21371,142,332,0,3,37290304,0,268435456,0,0,0,-1,-1
45926,Zar'teth,,27188,49404,0,-1,0,0,0,0,0,0,0,0,0,0,21373,142,332,0,3,37290304,0,268435456,0,0,0,-1,-1
45927,Zagmothar,,27189,49404,0,-1,0,0,0,0,0,0,0,0,0,0,21374,142,332,0,3,37290304,0,268435456,0,0,0,-1,-1
45928,Gelthrak,,27190,49404,0,-1,0,0,0,0,0,0,0,0,0,0,21375,142,332,0,3,37290304,0,268435456,0,0,0,-1,-1
45929,Purging the Flames,,27191,47602,0,64,0,0,0,0,0,0,0,0,0,0,21399,135,336,0,3,37290240,8192,268435456,0,0,0,-1,-1
45930,We Didn't Start the Fire,,27192,47602,0,4031,0,0,0,0,0,0,0,0,0,0,21399,135,336,0,3,37290240,8192,268435456,0,0,0,-1,-1
45934,Fowl Play,,27193,47404,0,-1,0,0,0,0,0,0,0,0,0,0,21401,109,336,0,3,37290240,8192,268435456,0,0,0,-1,-1
45969,Defense of the Ancient,,27228,47602,0,1024,0,0,0,0,0,0,0,0,0,0,21422,136,336,0,3,37290240,0,268435456,0,0,0,-1,-1
45970,Duty's End,,27229,47404,0,-1,0,0,0,0,0,0,0,0,0,0,21465,111,336,0,3,37290240,0,268435456,0,0,0,-1,-1
45972,The Accursed Thicket,,27231,63664,0,-1,0,0,0,0,0,0,0,0,0,0,0,0,1404,0,3,34144320,0,268468224,47428,0,0,-1,-1
45973,Unchecked Power,,27232,47666,0,3967,0,0,0,0,0,0,0,0,0,0,21407,135,336,0,3,37421312,8192,268435456,0,0,0,-1,-1
45977,Where There is a Whip...,,27242,47602,0,3839,0,0,0,0,0,0,0,0,0,0,21196,135,336,0,3,37290240,8192,268435456,0,0,0,-1,-1
45985,Hellish Scavengers,,27244,47404,0,-1,0,0,0,0,0,0,0,0,0,0,21410,109,336,0,3,37290240,0,268435456,0,0,0,-1,-1
45988,Ancient Bones,,27247,47404,0,-1,0,0,0,0,0,0,0,0,0,0,21402,109,336,0,3,37290240,8192,268435456,0,0,0,-1,-1
46001,Rules of the Hunt,,27260,47602,0,3071,0,0,0,0,0,0,0,0,0,0,21422,136,336,0,3,37290240,0,268435456,0,0,0,-1,-1
46006,Arkuthaz,,27266,49403,0,-1,0,0,0,0,0,0,0,0,0,0,21424,142,334,0,3,37290304,0,268435456,0,0,0,-1,-1
46008,Balnazoth,,27267,49403,0,-1,0,0,0,0,0,0,0,0,0,0,21425,142,334,0,3,37290304,0,268435456,0,0,0,-1,-1
46010,Bonecrusher Korgolath,,27268,49403,0,-1,0,0,0,0,0,0,0,0,0,0,21426,142,334,0,3,37290304,0,268435456,0,0,0,-1,-1
46011,Colossal Infernal,,27269,49403,0,-1,0,0,0,0,0,0,0,0,0,0,21427,142,334,0,3,37290304,0,268435456,0,0,0,-1,-1
46012,Fel Commander Urgoz,,27270,49403,0,-1,0,0,0,0,0,0,0,0,0,0,21428,142,334,0,3,37290304,0,268435456,0,0,0,-1,-1
46013,Firecaller Rok'duun,,27271,49403,0,-1,0,0,0,0,0,0,0,0,0,0,21429,142,334,0,3,37290304,0,268435456,0,0,0,-1,-1
46014,Gelthrog,,27272,49403,0,-1,0,0,0,0,0,0,0,0,0,0,21430,142,334,0,3,37290304,0,268435456,0,0,0,-1,-1
46015,Idra'zuul,,27273,49403,0,-1,0,0,0,0,0,0,0,0,0,0,21431,142,334,0,3,37290304,0,268435456,0,0,0,-1,-1
46016,Magdrezoth,,27274,49403,0,-1,0,0,0,0,0,0,0,0,0,0,21432,142,334,0,3,37290304,0,268435456,0,0,0,-1,-1
46017,Shel'drozul,,27275,49403,0,-1,0,0,0,0,0,0,0,0,0,0,21433,142,334,0,3,37290304,0,268435456,0,0,0,-1,-1
46021,Thel'draz,,27280,49403,0,-1,0,0,0,0,0,0,0,0,0,0,21434,142,334,0,3,37290304,0,268435456,0,0,0,-1,-1
46032,The Tormented Return,,27291,47602,0,4063,0,0,0,0,0,0,0,0,0,0,21413,135,336,0,3,37290240,0,268435456,0,0,0,-1,-1
46046,Life's a Lich,,27305,47602,0,32,0,0,0,0,0,0,0,0,0,0,21413,135,336,0,3,37290240,0,268435456,0,0,0,-1,-1
46061,Adopt a Tadpole,,27319,0,0,-1,0,0,0,0,0,0,0,0,0,0,21464,0,438,0,2,34603016,8192,268436992,0,0,0,-1,-1
46063,The Wailing Dead,,27320,47404,0,-1,0,0,0,0,0,0,0,0,0,0,21466,109,336,0,3,37290240,0,268435456,0,0,0,-1,-1
46066,I Fel Bat For You,,27324,47404,0,-1,0,0,0,0,0,0,0,0,0,0,21469,111,336,0,3,37290240,0,268435456,0,0,0,-1,-1
46068,Brute Wrangling,,27325,47404,0,-1,0,0,0,0,0,0,0,0,0,0,21470,109,336,0,3,41484544,0,268435456,0,0,0,-1,-1
46072,Full Fel,,27430,47602,0,2048,0,0,0,0,0,0,0,0,0,0,21618,136,336,0,3,37290240,8192,268435456,0,0,0,-1,-1
46073,Break Their Garrison,,27329,47404,0,-1,0,0,0,0,0,0,0,0,0,0,21471,109,336,0,3,37290240,0,268435456,0,0,0,-1,-1
46075,Relic Hunting,,27331,47404,0,-1,0,0,0,0,0,0,0,0,0,0,21404,109,336,0,3,41484544,8192,268435456,0,0,0,-1,-1
46076,Restless Spirits,,27332,47602,0,4093,0,0,0,0,0,0,0,0,0,0,21403,135,336,0,3,37290240,8192,268435456,0,0,0,-1,-1
46077,Felbound Spirits,,27333,47602,0,2,0,0,0,0,0,0,0,0,0,0,21403,135,336,0,3,37290240,8192,268435456,46045,0,0,-1,-1
46104,Arachnid Toxicity,,27355,47602,0,512,0,0,0,0,0,0,0,0,0,0,21490,135,336,0,3,37290240,0,268435456,0,0,0,-1,-1
46105,Arachnid Superiority,,27356,47602,0,3583,0,0,0,0,0,0,0,0,0,0,21490,135,336,0,3,37290240,0,268435456,0,0,0,-1,-1
46109,Stand!,,27360,47404,0,-1,0,0,0,0,0,0,0,0,0,0,21489,111,336,0,3,37290240,8192,268435456,0,0,0,-1,-1
46111,Illidari Masters: Sissix,,27362,145969,0,-1,0,0,0,0,0,0,0,0,0,0,21521,115,336,0,3,34144512,0,268435456,0,0,0,-1,-1
46112,Illidari Masters: Madam Viciosa,,27363,145969,0,-1,0,0,0,0,0,0,0,0,0,0,21522,115,336,0,3,34144512,0,268435456,0,0,0,-1,-1
46113,Illidari Masters: Nameless Mystic,,27364,145969,0,-1,0,0,0,0,0,0,0,0,0,0,21523,115,336,0,3,34144512,0,268435456,0,0,0,-1,-1
46116,On Unhallowed Grounds,,27366,49401,0,-1,0,0,0,0,0,0,0,0,0,0,21076,139,331,0,3,37290240,0,268435456,0,0,0,-1,-1
46126,Fel-Corrupted Feathers,,27370,47404,0,-1,0,0,0,0,0,0,0,0,0,0,21505,109,336,0,3,37290240,0,268435456,0,0,0,-1,-1
46134,Gemcutter Needed,,27373,38948,0,-1,5,0,0,0,0,2518,25,0,0,0,21511,125,347,0,3,590144,0,268435456,40559,40560,40561,-1,-1
46135,Gemcutter Needed,,27374,38948,0,-1,5,0,0,0,0,2518,25,0,0,0,21512,125,347,0,3,590144,0,268435456,40559,40560,40561,-1,-1
46136,Gemcutter Needed,,27375,38948,0,-1,5,0,0,0,0,2518,25,0,0,0,21513,125,347,0,3,590144,0,268435456,40559,40560,40561,-1,-1
46137,Gemcutter Needed,,27376,38948,0,-1,5,0,0,0,0,2518,25,0,0,0,21514,125,347,0,3,590144,0,268435456,40559,40560,40561,-1,-1
46138,Gemcutter Needed,,27377,38948,0,-1,5,0,0,0,0,2518,25,0,0,0,21515,125,347,0,3,590144,0,268435456,40559,40560,40561,-1,-1
46139,Gemcutter Needed,,27378,38948,0,-1,5,0,0,0,0,2518,25,0,0,0,21516,125,347,0,3,590144,0,268435456,40559,40560,40561,-1,-1
46146,The Burning Shores,,27380,49401,0,-1,0,0,0,0,0,0,0,0,0,0,21307,139,331,0,3,37290240,0,268435456,0,0,0,-1,-1
46160,The Shackled Void,,27382,47404,0,-1,0,0,0,0,0,0,0,0,0,0,21520,109,336,0,3,37290240,0,268435456,0,0,0,-1,-1
46161,Felcaller Thalezra,,27383,49401,0,-1,0,0,0,0,0,0,0,0,0,0,21435,142,331,0,3,37290304,0,268435456,0,0,0,-1,-1
46162,Subjugator Val'rek,,27384,49401,0,-1,0,0,0,0,0,0,0,0,0,0,21436,142,331,0,3,37290304,0,268435456,0,0,0,-1,-1
46163,Thaz'gul,,27385,49401,0,-1,0,0,0,0,0,0,0,0,0,0,21437,142,331,0,3,37290304,0,268435456,0,0,0,-1,-1
46164,Mal'serus,,27386,49401,0,-1,0,0,0,0,0,0,0,0,0,0,21438,142,331,0,3,37290304,0,268435456,0,0,0,-1,-1
46165,Kazruul,,27387,49401,0,-1,0,0,0,0,0,0,0,0,0,0,21439,142,331,0,3,37290304,0,268435456,0,0,0,-1,-1
46166,Garthulak the Crusher,,27388,49401,0,-1,0,0,0,0,0,0,0,0,0,0,21440,142,331,0,3,37290304,0,268435456,0,0,0,-1,-1
46167,Kozrum,,27389,49401,0,-1,0,0,0,0,0,0,0,0,0,0,21441,142,331,0,3,37290304,0,268435456,0,0,0,-1,-1
46168,Commander Vorlax,,27390,49401,0,-1,0,0,0,0,0,0,0,0,0,0,21442,142,331,0,3,37290304,0,268435456,0,0,0,-1,-1
46169,Dro'zek,,27391,49401,0,-1,0,0,0,0,0,0,0,0,0,0,21443,142,331,0,3,37290304,0,268435456,0,0,0,-1,-1
46170,Thar'gokk,,27392,49401,0,-1,0,0,0,0,0,0,0,0,0,0,21444,142,331,0,3,37290304,0,268435456,0,0,0,-1,-1
46175,Rolling Thunder,,27395,47404,0,-1,0,0,0,0,0,0,0,0,0,0,21524,109,336,0,3,37290240,0,268435456,0,0,0,-1,-1
46179,Crushing the Legion,,27397,49403,0,-1,0,0,0,0,0,0,0,0,0,0,21552,139,334,0,3,7930624,8192,268435456,0,0,0,-1,-1
46180,Power of Our Enemy,,27398,47404,0,-1,0,0,0,0,0,0,0,0,0,0,21538,109,336,0,3,41484544,8192,268435456,0,0,0,-1,-1
46183,Commander Zarthak,,27401,49402,0,-1,0,0,0,0,0,0,0,0,0,0,21445,142,333,0,3,37290304,0,268435456,0,0,0,-1,-1
46184,Gelgothar,,27402,49402,0,-1,0,0,0,0,0,0,0,0,0,0,21446,142,333,0,3,37290304,0,268435456,0,0,0,-1,-1
46185,Iroxus,,27403,49402,0,-1,0,0,0,0,0,0,0,0,0,0,21447,142,333,0,3,37290304,0,268435456,0,0,0,-1,-1
46186,Ix'dreloth,,27404,49402,0,-1,0,0,0,0,0,0,0,0,0,0,21448,142,333,0,3,37290304,0,268435456,0,0,0,-1,-1
46187,Larthogg,,27405,49402,0,-1,0,0,0,0,0,0,0,0,0,0,21449,142,333,0,3,37290304,0,268435456,0,0,0,-1,-1
46188,Orgrokk,,27406,49402,0,-1,0,0,0,0,0,0,0,0,0,0,21450,142,333,0,3,37290304,0,268435456,0,0,0,-1,-1
46189,Shel'zuul,,27407,49402,0,-1,0,0,0,0,0,0,0,0,0,0,21451,142,333,0,3,37290304,0,268435456,0,0,0,-1,-1
46190,Ulgrom,,27408,49402,0,-1,0,0,0,0,0,0,0,0,0,0,21452,142,333,0,3,37290304,0,268435456,0,0,0,-1,-1
46191,Balinar,,27409,49402,0,-1,0,0,0,0,0,0,0,0,0,0,21453,142,333,0,3,37290304,0,268435456,0,0,0,-1,-1
46192,Zar'vok,,27410,49402,0,-1,0,0,0,0,0,0,0,0,0,0,21454,142,333,0,3,37290304,0,268435456,0,0,0,-1,-1
46193,Borne of Fel,,27411,49402,0,-1,0,0,0,0,0,0,0,0,0,0,21558,139,333,0,3,37290240,8192,268435456,0,0,0,-1,-1
46194,Wolves of the Legion,,27412,49402,0,-1,0,0,0,0,0,0,0,0,0,0,21560,139,333,0,3,41484544,8192,268435456,0,0,0,-1,-1
46195,Swarming Skies,,27413,49402,0,-1,0,0,0,0,0,0,0,0,0,0,21562,139,333,0,3,37290240,0,268435456,0,0,0,-1,-1
46196,Class Dismissed,,27414,49402,0,-1,0,0,0,0,0,0,0,0,0,0,21564,139,333,0,3,37290240,0,268435456,0,0,0,-1,-1
46197,From the Skies They Fel,,27415,49402,0,-1,0,0,0,0,0,0,0,0,0,0,21223,139,333,0,3,37290240,0,268435456,0,0,0,-1,-1
46198,Gems of Destruction,,27416,47404,0,-1,0,0,0,0,0,0,0,0,0,0,21571,109,336,0,3,37290240,0,268435456,0,0,0,-1,-1
46201,By Water Be Purged,,27419,48357,0,-1,0,0,0,0,0,0,0,0,0,0,21815,109,336,0,3,41484544,8192,268435456,0,0,0,-1,-1
46209,A Flare In The Dark,,27425,47602,0,4,0,0,0,0,0,0,0,0,0,0,21581,135,336,0,3,41484544,8192,268435456,0,0,0,-1,-1
46212,Get Them Up,,27427,47602,0,4091,0,0,0,0,0,0,0,0,0,0,21581,135,336,0,3,41484544,8192,268435456,0,0,0,-1,-1
46216,Congealed Corruption,,27429,49403,0,-1,0,0,0,0,0,0,0,0,0,0,21608,139,334,0,3,7930624,8192,268435456,0,0,0,-1,-1
46236,Stonebound Soldiers,,27444,47404,0,-1,0,0,0,0,0,0,0,0,0,0,21630,109,336,0,3,37290240,0,268435456,0,0,0,-1,-1
46261,The Taste of Corruption,,27469,49404,0,-1,0,0,0,0,0,0,0,0,0,0,20933,139,332,0,3,37290752,0,268435456,0,0,0,-1,-1
46262,Save the Tadpoles!,,27470,49402,0,-1,0,0,0,0,0,0,0,0,0,0,21566,139,333,0,3,37290240,0,268435456,0,0,0,-1,-1
46263,Weaving Fel Webs,,27471,49401,0,-1,0,0,0,0,0,0,0,0,0,0,21506,139,331,0,3,41484544,8192,268435456,0,0,0,-1,-1
46264,Their Eyes Are Upon Us,,27472,49403,0,-1,0,0,0,0,0,0,0,0,0,0,21124,139,334,0,3,37290240,0,268435456,0,0,0,-1,-1
46265,The Fel and the Fawns,,27473,49404,0,-1,0,0,0,0,0,0,0,0,0,0,21657,139,332,0,3,37290752,0,268435456,0,0,0,-1,-1
46279,Zargrom,,27485,49402,0,-1,0,0,0,0,0,0,0,0,0,0,21720,142,333,0,3,37290304,0,268435456,0,0,0,-1,-1
46288,Everyone to the Front,,27498,47602,0,2047,0,0,0,0,0,0,0,0,0,0,21618,136,336,0,3,37290240,8192,268435456,0,0,0,-1,-1
46308,Leave a Trail,,27518,47602,0,8,0,0,0,0,0,0,0,0,0,0,21801,135,336,0,3,41484544,8192,268435456,0,0,0,-1,-1
46325,The United Front,,27527,47404,0,-1,0,0,0,0,0,0,0,0,0,0,21777,111,336,0,3,37290240,8192,268435456,0,0,0,-1,-1
46360,Simply Stunning,,27694,47602,0,4087,0,0,0,0,0,0,0,0,0,0,21801,135,336,0,3,41484544,8192,268435456,0,0,0,-1,-1
46500,Tomb of Sargeras: Legend of the Deep,,28076,48842,0,-1,0,0,0,0,0,0,0,0,0,0,22024,141,336,0,3,35193152,0,268435458,0,0,0,-1,-1
46502,Tomb of Sargeras: Hand of the Legion,,28078,48842,0,-1,0,0,0,0,0,0,0,0,0,0,22025,141,336,0,3,35193152,0,268435458,0,0,0,-1,-1
46503,Tomb of Sargeras: A Lesson in Pain,,28080,48842,0,-1,0,0,0,0,0,0,0,0,0,0,22026,141,336,0,3,35193152,0,268435458,0,0,0,-1,-1
46504,Tomb of Sargeras: Crushing Depths,,28081,48842,0,-1,0,0,0,0,0,0,0,0,0,0,22027,141,336,0,3,35193152,0,268435458,0,0,0,-1,-1
46505,Tomb of Sargeras: Lost But Not Forgotten,,28082,48842,0,-1,0,0,0,0,0,0,0,0,0,0,22028,141,336,0,3,35193152,0,268435458,0,0,0,-1,-1
46506,Tomb of Sargeras: Life After Death,,28083,48842,0,-1,0,0,0,0,0,0,0,0,0,0,22029,141,336,0,3,35193152,0,268435458,0,0,0,-1,-1
46507,Tomb of Sargeras: The Dread Stalker,,28084,48842,0,-1,0,0,0,0,0,0,0,0,0,0,22030,141,336,0,3,35193152,0,268435458,0,0,0,-1,-1
46508,Tomb of Sargeras: Azshara's Reach,,28085,48842,0,-1,0,0,0,0,0,0,0,0,0,0,22031,141,336,0,3,35193152,0,268435458,0,0,0,-1,-1
46707,Minion! Kill That One Too!,,27890,47404,0,-1,0,0,0,0,0,0,0,0,0,0,21816,109,336,0,3,41484544,0,268435456,0,0,0,-1,-1
46750,Battery Backup,,27918,48502,0,2048,0,0,0,0,0,0,0,0,0,0,21878,135,336,0,3,37421312,0,268435456,0,0,0,-1,-1
46752,On Borrowed Wings,,27920,48502,0,2047,0,0,0,0,0,0,0,0,0,0,21878,135,336,0,3,37421312,0,268435456,0,0,0,-1,-1
46754,Magical Beasts,,27922,47666,0,128,0,0,0,0,0,0,0,0,0,0,21407,135,336,0,3,37421312,0,268435456,0,0,0,-1,-1
46755,Mission: Felraging,,27923,48514,0,1,0,0,0,0,0,0,0,0,0,0,21883,135,336,0,3,41615616,8192,268435456,0,0,0,-1,-1
46756,Mission: Felrage Destruction,,27924,48514,0,4094,0,0,0,0,0,0,0,0,0,0,21883,135,336,0,3,37421312,0,268435456,0,0,0,-1,-1
46761,Brew Bandits,,27925,48521,0,3583,0,0,0,0,0,0,0,0,0,0,21885,135,336,0,3,41615616,8192,268435456,0,0,0,-1,-1
46762,Storm Brew Hustle,,27926,48521,0,512,0,0,0,0,0,0,0,0,0,0,21885,135,336,0,3,41615616,8192,268435456,0,0,0,-1,-1
46763,Drol'maz,,27928,49404,0,-1,0,0,0,0,0,0,0,0,0,0,21887,142,332,0,3,37290304,0,268435456,0,0,0,-1,-1
46766,Ulgthax,,27929,49404,0,-1,0,0,0,0,0,0,0,0,0,0,21888,142,332,0,3,37290304,0,268435456,0,0,0,-1,-1
46811,The Broodmother's Wrath,,27967,47602,0,32,0,0,0,0,0,0,0,0,0,0,21921,135,336,0,3,41484544,8192,268435456,0,0,0,-1,-1
46814,Call of the Frostwyrm,,27971,47602,0,4063,0,0,0,0,0,0,0,0,0,0,21921,135,336,0,3,41484544,8192,268435456,0,0,0,-1,-1
46817,Infernal Downfall,,27973,47602,0,64,0,0,0,0,0,0,0,0,0,0,21928,135,336,0,3,37290240,0,268435456,0,0,0,-1,-1
46821,Creepy Crawlies,,27978,47404,0,-1,0,0,0,0,0,0,0,0,0,0,21945,109,336,0,3,37421312,0,268435456,0,0,0,-1,-1
46822,Natural Selection,,27979,47602,0,1024,0,0,0,0,0,0,0,0,0,0,21944,135,336,0,3,37290240,0,268435456,0,0,0,-1,-1
46825,Mud Mucking,,27982,47404,0,-1,0,0,0,0,0,0,0,0,0,0,21947,109,336,0,3,37290240,0,268435456,0,0,0,-1,-1
46829,Elemental Abuse,,27986,47602,0,4031,0,0,0,0,0,0,0,0,0,0,21928,135,336,0,3,37290240,0,268435456,0,0,0,-1,-1
46833,Nature Unshackled,,27990,47602,0,3071,0,0,0,0,0,0,0,0,0,0,21944,135,336,0,3,37290240,0,268435456,0,0,0,-1,-1
46844,Cathedral of Eternal Night: Mistress of Blades,,27998,144768,0,-1,0,0,0,0,0,0,0,0,0,0,0,145,336,0,3,35193088,0,268435456,0,0,0,-1,-1
46865,Cathedral of Eternal Night: Mother of Flame,,28003,144771,0,-1,0,0,0,0,0,0,0,0,0,0,0,145,336,0,3,35193088,0,268435456,0,0,0,-1,-1
46866,Torture Chamber,,28040,47404,0,-1,0,0,0,0,0,0,0,0,0,0,21999,109,336,0,3,37421312,0,268435456,0,0,0,-1,-1
46867,Cathedral of Eternal Night: Fel Beast,,28002,144772,0,-1,0,0,0,0,0,0,0,0,0,0,0,145,336,0,3,35192832,0,268435456,0,0,0,-1,-1
46868,Cathedral of Eternal Night: Infernal Dead,,28004,144770,0,-1,0,0,0,0,0,0,0,0,0,0,0,145,336,0,3,35193088,0,268435456,0,0,0,-1,-1
46869,Cathedral of Eternal Night: Temptress of Pain,,28005,144769,0,-1,0,0,0,0,0,0,0,0,0,0,0,145,336,0,3,35193088,0,268435456,0,0,0,-1,-1
46932,A Tad More Corruption,,28068,47404,0,-1,0,0,0,0,0,0,0,0,0,0,21576,109,336,0,3,37290240,0,268435456,0,0,0,-1,-1
46933,Felrglrglrglrgl,,28069,47404,0,-1,0,0,0,0,0,0,0,0,0,0,22009,109,336,0,3,37290240,8192,268435456,0,0,0,-1,-1
46942,The Cost of Power,,28086,47404,0,-1,0,0,0,0,0,0,0,0,0,0,22049,109,336,0,3,41484544,0,268435456,0,0,0,-1,-1
46945,Si'vash,,28088,143175,0,-1,0,0,0,0,0,0,0,0,0,0,21280,144,335,0,3,37290304,0,268435456,0,0,0,-1,-1
46947,Brutallus,,28090,143175,0,-1,0,0,0,0,0,0,0,0,0,0,21226,144,335,0,3,37290304,0,268435456,0,0,0,-1,-1
46948,Malificus,,28091,143175,0,-1,0,0,0,0,0,0,0,0,0,0,21227,144,335,0,3,37290304,0,268435456,0,0,0,-1,-1
47061,Apocron,,28160,143175,0,-1,0,0,0,0,0,0,0,0,0,0,22242,144,335,0,3,37290304,0,268435456,0,0,0,-1,-1
47132,Fel Fire and Ice,,28202,47404,0,-1,0,0,0,0,0,0,0,0,0,0,21456,109,336,0,3,37290240,8192,268435456,0,0,0,-1,-1
47135,For Their Own Good,,28205,50321,0,-1,0,0,0,0,0,0,0,0,0,0,22474,109,337,0,3,41484288,8192,268435456,0,0,0,-1,-1
47456,Calming the Void,,28476,50321,0,-1,0,0,0,0,0,0,0,0,0,0,22515,109,337,0,3,41484288,8192,268435456,0,0,0,-1,-1
47496,Bunker Buster,,28505,50280,0,-1,0,0,0,0,0,0,0,0,0,0,22750,109,337,0,3,37289984,0,268435456,47182,0,0,-1,-1
47507,Khazaduum,,28516,51611,0,-1,0,0,0,0,0,0,0,0,0,0,23299,136,337,0,3,37290048,0,268435456,0,0,0,-1,-1
47527,Rituals of Heresy,,28533,0,0,-1,0,0,0,0,0,0,0,0,0,0,0,0,1407,0,3,40435712,8192,268468224,47521,0,0,1309324210,-1440044374
47542,Siegemaster Voraan,,28544,50280,0,-1,0,0,0,0,0,0,0,0,0,0,22609,136,337,0,3,37290048,0,268435456,0,0,0,-1,-1
47551,Lessons of Fire and Pain,,28553,50280,0,-1,0,0,0,0,0,0,0,0,0,0,22603,109,337,0,3,37289984,0,268435456,0,0,0,-1,-1
47552,Mistress Il'thendra,,28554,51561,0,-1,0,0,0,0,0,0,0,0,0,0,22606,136,337,0,3,37290048,0,268435456,0,0,0,-1,-1
47561,Blistermaw,,28562,51561,0,-1,0,0,0,0,0,0,0,0,0,0,22625,136,337,0,3,37290048,0,268435456,0,0,0,-1,-1
47563,Spirits of the Fallen,,28564,50280,0,-1,0,0,0,0,0,0,0,0,0,152995,22627,109,337,0,3,37289984,0,268435456,0,0,0,-1,-1
47566,Gar'zoth,,28567,51561,0,-1,0,0,0,0,0,0,0,0,0,0,22633,136,337,0,3,37290048,0,268435456,0,0,0,-1,-1
47567,Umbra'jin,,28568,0,0,-1,1,0,0,0,0,0,0,0,0,0,0,0,0,0,3,35652616,0,0,0,0,0,-1,-1
47624,Bury It,,28650,50280,0,-1,0,0,0,0,0,0,0,0,0,0,22655,109,337,0,3,37289984,0,268435456,48544,0,0,-1,-1
47625,The Ritual We Share,,28651,50280,0,-1,0,0,0,0,0,0,0,0,0,0,22656,109,337,0,3,37289984,0,268435456,48544,0,0,-1,-1
47646,Rope Around,,28664,50280,0,-1,0,0,0,0,0,0,0,0,0,0,22665,109,337,0,3,37289984,0,268435456,48544,0,0,-1,-1
47647,Monsters of Zem'lan,,28687,0,0,-1,0,0,0,0,0,0,0,0,0,0,0,0,1406,0,3,41484544,8192,268468224,51054,0,0,1309324210,-1440044374
47704,Ranishu Feeding Frenzy,,28712,55564,0,-1,0,0,0,0,0,0,0,0,0,0,25091,109,464,0,3,38338816,8192,268435456,0,0,0,1309324210,-1440044374
47705,Behind Legion Lines,,28713,52120,0,-1,0,0,0,0,0,0,0,0,0,0,23176,109,337,0,3,41484288,8192,268435456,0,0,0,-1,-1
47707,Melting Down,,28715,50280,0,-1,0,0,0,0,0,0,0,0,0,0,22707,109,337,0,3,37289984,0,268435456,0,0,0,-1,-1
47712,The Devastator,,28720,50280,0,-1,0,0,0,0,0,0,0,0,0,0,22709,109,337,0,3,37289984,0,268435456,0,0,0,-1,-1
47720,Eternal Vengeance,,28723,50280,0,-1,0,0,0,0,0,0,0,0,0,0,22714,109,337,0,3,37289984,0,268435456,0,0,0,-1,-1
47722,Watertusk,,28725,0,0,-1,1,0,0,0,0,0,0,0,0,0,0,0,189,0,3,35652616,0,0,0,0,0,-1,-1
47724,Besieged,,28726,50280,0,-1,0,0,0,0,0,0,0,0,0,0,22724,109,337,0,3,37289984,0,268435456,0,0,0,-1,-1
47728,Talestra the Vile,,28730,50280,0,-1,0,0,0,0,0,0,0,0,0,0,22725,136,337,0,3,37290048,0,268435456,0,0,0,-1,-1
47756,The Libation's Liberation,,28756,0,0,-1,0,0,0,0,0,0,0,0,0,0,0,0,1403,0,3,38338560,8192,268468224,47245,0,0,1309324210,-1440044374
47797,Occupation Hazard,,28768,0,0,-1,1,0,0,0,0,0,0,0,0,0,0,0,1407,0,3,34144256,0,268468224,47737,0,0,1309324210,-1440044374
47828,Memories of the Fallen,,28773,50321,0,-1,0,0,0,0,0,0,0,0,0,0,22914,109,337,0,3,37289984,0,268435456,0,0,0,-1,-1
47833,Shadowcaster Voruun,,28778,50321,0,-1,0,0,0,0,0,0,0,0,0,0,22915,136,337,0,3,37290048,0,268435456,0,0,0,-1,-1
47834,X'ue,,28779,0,0,-1,1,0,0,0,0,0,0,0,0,0,0,0,189,0,3,35652616,0,0,0,0,0,-1,-1
47839,Angry Troll Spirit,,28783,0,0,-1,1,0,0,0,0,0,0,0,0,0,0,0,189,0,3,35652616,0,0,0,0,0,-1,-1
47842,Asheva: Defiled Pools,,28786,34450,0,-1,0,0,0,0,0,0,0,0,0,0,22922,109,347,0,3,34144256,0,268435456,0,0,0,-1,-1
47844,Recurring Madness,,28789,50321,0,-1,0,0,0,0,0,0,0,0,0,0,22923,109,337,0,3,37421056,0,268435456,47184,0,0,-1,-1
47858,Security: Engaged,,28803,52120,0,-1,0,0,0,0,0,0,0,0,0,0,23178,109,337,0,3,41484288,8192,268435456,0,0,0,-1,-1
47875,Irixus: Legion Shipyard,,28818,34450,0,-1,0,0,0,0,0,0,0,0,0,0,22927,109,347,0,3,34144256,0,268435456,0,0,0,-1,-1
47876,Sholoth: Slave Pits,,28819,34450,0,-1,0,0,0,0,0,0,0,0,0,0,22928,109,347,0,3,34144256,0,268435456,0,0,0,-1,-1
47953,Tereck the Selector,,28870,50280,0,-1,0,0,0,0,0,0,0,0,0,0,23016,136,337,0,3,37290048,0,268435456,0,0,0,-1,-1
47969,Fallhaven's Curse,,28885,50981,0,-1,0,0,0,0,0,0,0,0,0,0,0,0,1404,0,3,34144320,0,268468224,48622,0,0,-1321907123,1427461461
47996,Mawfiend Extermination,,28905,51048,0,-1,0,0,0,0,0,0,0,0,0,0,0,0,1403,0,3,34144256,0,268468224,0,0,0,1309324210,-1440044374
48091,Vagath the Betrayed,,28982,50280,0,-1,0,0,0,0,0,0,0,0,0,0,23101,136,337,0,3,37290048,0,268435456,0,0,0,-1,-1
48093,Nagating the Threat,,28984,61613,0,-1,0,0,0,0,0,0,0,0,0,0,0,0,1403,0,3,34144256,0,268468224,0,0,0,1309324210,-1440044374
48094,Void Clot,,28985,50321,0,-1,0,0,0,0,0,0,0,0,0,0,23216,109,337,0,3,37289984,0,268435456,0,0,0,-1,-1
48095,Dark Experimentation,,28986,50321,0,-1,0,0,0,0,0,0,0,0,0,0,23530,109,337,0,3,37289984,0,268435456,0,0,0,-1,-1
48096,Core Mechanics,,28987,52119,0,-1,0,0,0,0,0,0,0,0,0,0,23515,109,337,0,3,37289984,0,268435456,0,0,0,-1,-1
48097,Gatekeeper's Review: Cunning,,28988,52119,0,-1,1,0,0,0,0,0,0,0,0,0,23521,109,337,0,3,37289984,0,268435456,47685,48107,0,-1,-1
48098,Garden Pests,,28989,52120,0,-1,0,0,0,0,0,0,0,0,0,0,23265,109,337,0,3,37289984,0,268435456,47854,0,0,-1,-1
48099,Hostile Echology,,28990,52119,0,-1,0,0,0,0,0,0,0,0,0,0,23263,109,337,0,3,37289984,0,268435456,0,0,0,-1,-1
48100,The Defense of Eredath,,28991,52120,0,-1,0,0,0,0,0,0,0,0,0,0,23529,109,337,0,3,37289984,0,268435456,0,0,0,-1,-1
48101,Bully Pulpit,,28992,147714,0,-1,0,0,0,0,0,0,0,0,0,0,23683,109,337,0,3,37289984,0,268435456,0,0,0,-1,-1
48102,Scale Samples,,28993,52119,0,-1,0,0,0,0,0,0,0,0,0,0,23204,109,337,0,3,37289984,0,268435456,0,0,0,-1,-1
48103,Gatekeeper's Review: Tenacity,,28994,52119,0,-1,0,0,0,0,0,0,0,0,0,0,23522,109,337,0,3,35192832,0,268435456,47689,0,0,-1,-1
48105,Peer Review,,28996,52119,0,-1,0,0,0,0,0,0,0,0,0,0,23523,109,337,0,3,37421056,0,268435456,0,0,0,-1,-1
48106,No Love Lost,,28997,50321,0,-1,0,0,0,0,0,0,0,0,0,0,23227,109,337,0,3,37289984,0,268435456,0,0,0,-1,-1
48175,Hidden in the Hollows,,29008,50321,0,-1,0,0,0,0,0,0,0,0,0,0,23568,109,337,0,3,37289984,0,268435456,0,0,0,-1,-1
48181,Nooooope,,29017,0,0,-1,0,0,0,0,0,0,0,0,0,0,0,0,1404,0,3,34144256,0,268468224,0,0,0,-1321907123,1427461461
48192,Tar Spitter,,29025,50280,0,-1,0,0,0,0,0,0,0,0,0,0,23110,136,337,0,3,37290048,0,268435456,0,0,0,-1,-1
48282,Imp Mother Laglath,,29105,50280,0,-1,0,0,0,0,0,0,0,0,0,0,23170,136,337,0,3,37290048,0,268435456,0,0,0,-1,-1
48284,Reap the Fields,,29108,50280,0,-1,0,0,0,0,0,0,0,0,0,0,23393,109,337,0,3,37289984,0,268435456,0,0,0,-1,-1
48285,Aerial Superiority,,29109,50280,0,-1,0,0,0,0,0,0,0,0,0,0,23396,109,337,0,3,37289984,0,268435456,0,0,0,-1,-1
48286,Crystal Methods,,29110,50280,0,-1,0,0,0,0,0,0,0,0,0,0,23394,109,337,0,3,37289984,0,268435456,0,0,0,-1,-1
48287,Harvesters of Sorrow,,29111,50280,0,-1,0,0,0,0,0,0,0,0,0,0,23395,109,337,0,3,37289984,0,268435456,0,0,0,-1,-1
48318,Work Order: Lightblood Elixirs,,29123,51748,0,-1,0,0,0,0,0,2479,25,0,0,0,23182,118,337,0,3,524608,0,268435456,0,0,0,-1,-1
48323,Work Order: Tears of the Naaru,,29128,51747,0,-1,0,0,0,0,0,2479,25,0,0,0,23193,118,337,0,3,524608,0,268435456,0,0,0,-1,-1
48337,Work Order: Astral Glory,,29142,51750,0,-1,0,0,0,0,0,2550,25,0,0,0,23184,119,337,0,3,524608,0,268435456,0,0,0,-1,-1
48338,Supplies Needed: Astral Glory,,29143,51750,0,-1,0,0,0,0,0,0,0,0,0,0,23185,109,337,0,3,524608,0,268435456,0,0,0,-1,-1
48349,Work Order: Empyrium,,29153,51750,0,-1,0,0,0,0,0,2566,25,0,0,0,23188,120,337,0,3,524608,0,268435456,0,0,0,-1,-1
48358,Supplies Needed: Empyrium,,29162,51750,0,-1,0,0,0,0,0,0,0,0,0,0,23189,109,337,0,3,524608,0,268435456,0,0,0,-1,-1
48359,Work Order: Fiendish Leather,,29163,51750,0,-1,0,0,0,0,0,2558,25,0,0,0,23190,124,337,0,3,524608,0,268435456,0,0,0,-1,-1
48360,Supplies Needed: Fiendish Leather,,29164,51750,0,-1,0,0,0,0,0,0,0,0,0,0,23191,109,337,0,3,524608,0,268435456,0,0,0,-1,-1
48363,Work Order: Florid Malachite,,29167,51750,0,-1,0,0,0,0,0,2518,25,0,0,0,23194,125,337,0,3,524608,0,268435456,0,0,0,-1,-1
48364,Work Order: Hesselian,,29168,51750,0,-1,0,0,0,0,0,2518,25,0,0,0,23195,125,337,0,3,524608,0,268435456,0,0,0,-1,-1
48373,Work Order: Lightweave Cloth,,29177,51750,0,-1,0,0,0,0,0,2534,75,0,0,0,23197,121,337,0,3,524608,0,268435456,0,0,0,-1,-1
48374,Supplies Needed: Lightweave Cloth,,29178,51750,0,-1,0,0,0,0,0,0,0,0,0,0,23198,109,337,0,3,524608,0,268435456,0,0,0,-1,-1
48386,Jed'hin Tournament,,29188,52119,0,-1,0,0,0,0,0,0,0,0,0,0,23655,109,337,0,3,37289984,0,268435456,0,0,0,-1,-1
48465,Vrax'thul,,29250,51561,0,-1,0,0,0,0,0,0,0,0,0,0,23247,136,337,0,3,37290048,0,268435456,0,0,0,-1,-1
48466,Ven'orn,,29251,51561,0,-1,0,0,0,0,0,0,0,0,0,0,23248,136,337,0,3,37290048,0,268435456,0,0,0,-1,-1
48467,Puscilla,,29252,51561,0,-1,0,0,0,0,0,0,0,0,0,0,23249,136,337,0,3,37290048,0,268435456,0,0,0,-1,-1
48474,Crypt Keepers,,29255,52761,0,-1,0,0,0,0,0,0,0,0,0,0,0,0,1404,0,3,37289984,0,268468224,0,0,0,-1321907123,1427461461
48502,"Naroua, King of the Forest",,29274,113895,0,-1,0,0,0,0,0,0,0,0,0,0,23267,136,337,0,3,37290048,0,268435456,0,0,0,-1,-1
48503,Vindicator Hakbi,,29275,0,0,-1,1,0,0,0,0,0,0,0,0,0,0,0,189,0,3,35652616,0,0,0,0,0,-1,-1
48509,Commander Sathrenael,,29279,50280,0,-1,0,0,0,0,0,0,0,0,0,0,23300,136,337,0,3,37290048,0,268435456,0,0,0,-1,-1
48510,Commander Vecaya,,29280,50280,0,-1,0,0,0,0,0,0,0,0,0,0,23301,136,337,0,3,37290048,0,268435456,0,0,0,-1,-1
48511,Commander Endaxis,,29281,50280,0,-1,0,0,0,0,0,0,0,0,0,0,23302,136,337,0,3,37290048,0,268435456,0,0,0,-1,-1
48512,Sister Subversia,,29282,50280,0,-1,0,0,0,0,0,0,0,0,0,0,23303,136,337,0,3,37290048,0,268435456,0,0,0,-1,-1
48514,Slumbering Behemoths,,29284,51561,0,-1,0,0,0,0,0,0,0,0,0,0,23612,135,337,0,3,37289984,0,268435456,0,0,0,-1,-1
48525,Break Them to Splinters,,29295,0,0,-1,0,0,0,0,0,0,0,0,0,0,0,0,1404,0,3,34144256,0,268468224,48519,0,0,-1321907123,1427461461
48526,Scuttled,,29296,51561,0,-1,0,0,0,0,0,0,0,0,0,0,23318,135,337,0,3,37289984,0,268435456,0,0,0,-1,-1
48543,Kandak,,29312,0,0,-1,1,0,0,0,0,0,0,0,0,0,0,0,0,0,3,35652616,0,0,0,0,0,-1,-1
48588,Purge the Infection,,29353,54627,0,-1,0,0,0,0,0,0,0,0,0,0,0,0,1403,0,3,36241408,0,268468224,0,0,0,1309324210,-1440044374
48592,Holding the Spire,,29356,51611,0,-1,0,0,0,0,0,0,0,0,0,0,23426,109,337,0,3,41484288,0,268435456,0,0,0,-1,-1
48614,Woeful Implications,,29378,51611,0,-1,0,0,0,0,0,0,0,0,0,0,23433,109,337,0,3,41484288,0,268435456,0,0,0,-1,-1
48615,War Never Changes,,29379,51611,0,-1,0,0,0,0,0,0,0,0,0,0,23434,109,337,0,3,37289984,0,268435456,0,0,0,-1,-1
48624,Who Let The Dogs Out?,,29388,51561,0,-1,0,0,0,0,0,0,0,0,0,0,23436,135,337,0,3,37289984,0,268435456,0,0,0,-1,-1
48625,Ahalt'cob,,29389,0,0,-1,1,0,0,0,0,0,0,0,0,0,0,0,189,0,3,35652616,0,0,0,0,0,-1,-1
48637,Cleansing Fire,,29398,51561,0,-1,0,0,0,0,0,0,0,0,0,152648,23445,135,337,0,3,37421056,0,268435456,0,0,0,-1,-1
48640,The Immortal Squadron,,29401,51561,0,-1,0,0,0,0,0,0,0,0,0,152657,23447,135,337,0,3,37421056,0,268435456,0,0,0,-1,-1
48662,Short Fuses,,29420,51561,0,-1,0,0,0,0,0,0,0,0,0,0,23452,135,337,0,3,37289984,0,268435456,0,0,0,-1,-1
48680,Not the Bees!,,29438,0,0,-1,0,0,0,0,0,0,0,0,0,0,0,0,1404,0,3,34144320,0,268468224,48678,0,0,-1321907123,1427461461
48691,Soul Chain,,29449,51561,0,-1,0,0,0,0,0,0,0,0,0,152971,23455,135,337,0,3,37289984,0,268435456,0,0,0,-1,-1
48694,Soultwisted Monstrosity,,29452,52119,0,-1,0,0,0,0,0,0,0,0,0,0,23457,136,337,0,3,37290048,0,268435456,0,0,0,-1,-1
48696,Wrangler Kravos,,29454,52119,0,-1,0,0,0,0,0,0,0,0,0,0,23458,136,337,0,3,37290048,0,268435456,0,0,0,-1,-1
48698,Kaara the Pale,,29456,50321,0,-1,0,0,0,0,0,0,0,0,0,0,23459,136,337,0,3,37290048,0,268435456,0,0,0,-1,-1
48701,Baruut the Bloodthirsty,,29459,50321,0,-1,0,0,0,0,0,0,0,0,0,0,23460,136,337,0,3,37290048,0,268435456,0,0,0,-1,-1
48722,Feasel the Muffin Thief,,29480,52120,0,-1,0,0,0,0,0,0,0,0,0,0,23461,136,337,0,3,37290048,0,268435456,0,0,0,-1,-1
48723,Vigilant Thanos,,29481,50321,0,-1,0,0,0,0,0,0,0,0,0,0,23462,136,337,0,3,37290048,0,268435456,0,0,0,-1,-1
48724,Vigilant Kuro,,29482,52119,0,-1,0,0,0,0,0,0,0,0,0,0,23463,136,337,0,3,37290048,0,268435456,0,0,0,-1,-1
48725,Venomtail Skyfin,,29483,50321,0,-1,0,0,0,0,0,0,0,0,0,0,23464,136,337,0,3,37290048,0,268435456,0,0,0,-1,-1
48726,Turek the Lucid,,29484,50321,0,-1,0,0,0,0,0,0,0,0,0,0,23465,136,337,0,3,37290048,0,268435456,0,0,0,-1,-1
48727,Captain Faruq,,29485,50321,0,-1,0,0,0,0,0,0,0,0,0,0,23466,136,337,0,3,37290048,0,268435456,0,0,0,-1,-1
48728,Umbraliss,,29486,50321,0,-1,0,0,0,0,0,0,0,0,0,0,23467,136,337,0,3,37290048,0,268435456,0,0,0,-1,-1
48729,Ataxon,,29487,50321,0,-1,0,0,0,0,0,0,0,0,0,0,23468,136,337,0,3,37290048,0,268435456,0,0,0,-1,-1
48730,Sorolis the Ill-Fated,,29488,52119,0,-1,0,0,0,0,0,0,0,0,0,0,23469,136,337,0,3,37290048,0,268435456,0,0,0,-1,-1
48731,Herald of Chaos,,29489,50321,0,-1,0,0,0,0,0,0,0,0,0,0,23470,136,337,0,3,37290048,0,268435456,0,0,0,-1,-1
48732,Sabuul,,29490,50321,0,-1,0,0,0,0,0,0,0,0,0,0,23471,136,337,0,3,37290048,0,268435456,0,0,0,-1,-1
48733,Jed'hin Champion Vorusk,,29491,52119,0,-1,0,0,0,0,0,0,0,0,0,0,23472,136,337,0,3,37290048,0,268435456,0,0,0,-1,-1
48734,Overseer Y'Beda,,29492,52120,0,-1,0,0,0,0,0,0,0,0,0,0,23473,136,337,0,3,37290048,0,268435456,0,0,0,-1,-1
48735,Overseer Y'Sorna,,29493,52120,0,-1,0,0,0,0,0,0,0,0,0,0,23474,136,337,0,3,37290048,0,268435456,0,0,0,-1,-1
48736,Overseer Y'Morna,,29494,52120,0,-1,0,0,0,0,0,0,0,0,0,0,23475,136,337,0,3,37290048,0,268435456,0,0,0,-1,-1
48737,Instructor Tarahna,,29495,52119,0,-1,0,0,0,0,0,0,0,0,0,0,23476,136,337,0,3,37290048,0,268435456,0,0,0,-1,-1
48738,Zul'tan the Numerous,,29496,52119,0,-1,0,0,0,0,0,0,0,0,0,0,23477,136,337,0,3,37290048,0,268435456,0,0,0,-1,-1
48739,Commander Xethgar,,29497,52120,0,-1,0,0,0,0,0,0,0,0,0,0,23478,136,337,0,3,37290048,0,268435456,0,0,0,-1,-1
48740,Skreeg the Devourer,,29498,52120,0,-1,0,0,0,0,0,0,0,0,0,0,23479,136,337,0,3,37290048,0,268435456,0,0,0,-1,-1
48777,Den of Fiends,,29535,51561,0,-1,0,0,0,0,0,0,0,0,0,0,23481,135,337,0,3,37289984,0,268435456,0,0,0,-1,-1
48780,Gladius,,29538,51561,0,-1,0,0,0,0,0,0,0,0,0,0,23484,135,337,0,3,37289984,0,268435456,0,0,0,-1,-1
48783,Nobody Expects Them,,29541,51561,0,-1,0,0,0,0,0,0,0,0,0,0,23504,135,337,0,3,37289984,0,268435456,0,0,0,-1,-1
48827,Varga,,29580,51561,0,-1,0,0,0,0,0,0,0,0,0,0,23535,136,337,0,3,37290048,0,268435456,0,0,0,-1,-1
48828,Lieutenant Xakaar,,29581,51561,0,-1,0,0,0,0,0,0,0,0,0,0,23536,136,337,0,3,37290048,0,268435456,0,0,0,-1,-1
48829,Wrath-Lord Yarez,,29582,51561,0,-1,0,0,0,0,0,0,0,0,0,0,23537,136,337,0,3,37290048,0,268435456,0,0,0,-1,-1
48830,Inquisitor Vethroz,,29583,51561,0,-1,0,0,0,0,0,0,0,0,0,0,23538,136,337,0,3,37290048,0,268435456,0,0,0,-1,-1
48831,Commander Texlaz,,29584,51561,0,-1,0,0,0,0,0,0,0,0,0,0,23539,136,337,0,3,37290048,0,268435456,0,0,0,-1,-1
48832,Admiral Rel'var,,29585,51561,0,-1,0,0,0,0,0,0,0,0,0,0,23540,136,337,0,3,37290048,0,268435456,0,0,0,-1,-1
48833,Ritual Completion,,29586,51561,0,-1,0,0,0,0,0,0,0,0,0,0,23608,111,337,0,3,37289984,0,268435456,0,0,0,-1,-1
48834,Worldsplitter Skuul,,29587,51561,0,-1,0,0,0,0,0,0,0,0,0,0,23543,136,337,0,3,37290048,0,268435456,0,0,0,-1,-1
48835,Houndmaster Kerrax,,29588,51561,0,-1,0,0,0,0,0,0,0,0,0,0,23544,136,337,0,3,37290048,0,268435456,0,0,0,-1,-1
48836,Watcher Aival,,29589,51561,0,-1,0,0,0,0,0,0,0,0,0,0,23545,136,337,0,3,37290048,0,268435456,0,0,0,-1,-1
48837,All-Seer Xanarian,,29590,51561,0,-1,0,0,0,0,0,0,0,0,0,0,23541,136,337,0,3,37290048,0,268435456,0,0,0,-1,-1
48852,Stopping Zardrax,,29605,52131,0,-1,0,0,0,0,0,0,0,0,0,0,0,0,1403,0,3,34144256,0,268468224,0,0,0,1309324210,-1440044374
48866,Void Warden Valsuran,,29616,51561,0,-1,0,0,0,0,0,0,0,0,0,0,23560,136,337,0,3,37290048,0,268435456,0,0,0,-1,-1
48867,Chief Alchemist Munculus,,29617,51561,0,-1,0,0,0,0,0,0,0,0,0,0,23561,136,337,0,3,37290048,0,268435456,0,0,0,-1,-1
48875,Mix It Up,,29624,51561,0,-1,0,0,0,0,0,0,0,0,0,0,23567,135,337,0,3,37289984,0,268435456,0,0,0,-1,-1
48931,Behemoths Awakened,,29675,51561,0,-1,0,0,0,0,0,0,0,0,0,0,23610,111,337,0,3,37289984,0,268435456,0,0,0,-1,-1
48934,Mark of the Damned,,29677,53769,0,-1,0,0,0,0,0,0,0,0,0,0,0,0,1403,0,3,34144256,0,268468224,0,0,0,1309324210,-1440044374
48936,Slithon the Last,,29679,52119,0,-1,0,0,0,0,0,0,0,0,0,0,23627,136,337,0,3,37290048,0,268435456,0,0,0,-1,-1
48951,Seat of the Triumvirate: Voidmaw,,29694,50321,0,-1,0,0,0,0,0,0,0,0,0,0,23660,137,337,0,3,35192832,0,268435458,0,0,0,-1,-1
48952,Throw Them a Bone,,29695,51561,0,-1,0,0,0,0,0,0,0,0,0,0,23666,135,337,0,3,37289984,0,268435456,0,0,0,-1,-1
48953,Seat of the Triumvirate: Darkcaller,,29696,50321,0,-1,0,0,0,0,0,0,0,0,0,0,23659,137,337,0,3,35192832,0,268435458,0,0,0,-1,-1
48957,Seat of the Triumvirate: Void-Blade Zedaat,,29698,50321,0,-1,0,0,0,0,0,0,0,0,0,0,23661,137,337,0,3,35192832,0,268435458,0,0,0,-1,-1
48958,Ritual Interruption,,29699,51561,0,-1,0,0,0,0,0,0,0,0,0,0,23678,135,337,0,3,37289984,0,268435456,0,0,0,-1,-1
48959,Seat of the Triumvirate: Dark Fissures,,29700,50321,0,-1,0,0,0,0,0,0,0,0,0,0,23662,137,337,0,3,35192832,0,268435458,0,0,0,-1,-1
48983,Mining Regulation,,29722,51561,0,-1,0,0,0,0,0,0,0,0,0,0,23684,135,337,0,3,37289984,0,268435456,0,0,0,-1,-1
48985,Seat of the Triumvirate: Twilight-Harbinger Tharuul,,29724,50321,0,-1,0,0,0,0,0,0,0,0,0,0,23663,137,337,0,3,35192832,0,268435458,0,0,0,-1,-1
49013,A Jolt of Power,,29748,55564,0,-1,0,0,0,0,0,0,0,0,0,0,25446,109,464,0,3,34144256,8192,268435456,0,0,0,1309324210,-1440044374
49041,Ruinhoof,,29774,145951,0,-1,0,0,0,0,0,0,0,0,0,0,23694,115,337,0,3,3735808,0,268435456,0,0,0,-1,-1
49042,Foulclaw,,29775,145951,0,-1,0,0,0,0,0,0,0,0,0,0,23695,115,337,0,3,3735808,0,268435456,0,0,0,-1,-1
49043,Baneglow,,29776,145951,0,-1,0,0,0,0,0,0,0,0,0,0,23696,115,337,0,3,3735808,0,268435456,0,0,0,-1,-1
49044,Retch,,29777,145951,0,-1,0,0,0,0,0,0,0,0,0,0,23697,115,337,0,3,3735808,0,268435456,0,0,0,-1,-1
49045,Deathscreech,,29778,145951,0,-1,0,0,0,0,0,0,0,0,0,0,23698,115,337,0,3,3735808,0,268435456,0,0,0,-1,-1
49046,Gnasher,,29779,145951,0,-1,0,0,0,0,0,0,0,0,0,0,23699,115,337,0,3,3735808,0,268435456,0,0,0,-1,-1
49047,Bucky,,29780,145956,0,-1,0,0,0,0,0,0,0,0,0,0,23700,115,337,0,3,3735808,0,268435456,0,0,0,-1,-1
49048,Snozz,,29781,145956,0,-1,0,0,0,0,0,0,0,0,0,0,23701,115,337,0,3,3735808,0,268435456,0,0,0,-1,-1
49049,Gloamwing,,29782,145956,0,-1,0,0,0,0,0,0,0,0,0,0,23702,115,337,0,3,3735808,0,268435456,0,0,0,-1,-1
49050,Shadeflicker,,29783,145956,0,-1,0,0,0,0,0,0,0,0,0,0,23703,115,337,0,3,3735808,0,268435456,0,0,0,-1,-1
49051,Corrupted Blood of Argus,,29784,145956,0,-1,0,0,0,0,0,0,0,0,0,0,23704,115,337,0,3,3735808,0,268435456,0,0,0,-1,-1
49052,Mar'cuus,,29785,145956,0,-1,0,0,0,0,0,0,0,0,0,0,23705,115,337,0,3,3735808,0,268435456,0,0,0,-1,-1
49053,Watcher,,29786,145953,0,-1,0,0,0,0,0,0,0,0,0,0,23706,115,337,0,3,3735808,0,268435456,0,0,0,-1,-1
49054,Bloat,,29787,145953,0,-1,0,0,0,0,0,0,0,0,0,0,23707,115,337,0,3,3735808,0,268435456,0,0,0,-1,-1
49055,Earseeker,,29788,145953,0,-1,0,0,0,0,0,0,0,0,0,0,23708,115,337,0,3,3735808,0,268435456,0,0,0,-1,-1
49056,Pilfer,,29789,145953,0,-1,0,0,0,0,0,0,0,0,0,0,23709,115,337,0,3,3735808,0,268435456,0,0,0,-1,-1
49057,Minixis,,29790,145953,0,-1,0,0,0,0,0,0,0,0,0,0,23710,115,337,0,3,3735808,0,268435456,0,0,0,-1,-1
49058,One-of-Many,,29791,145953,0,-1,0,0,0,0,0,0,0,0,0,0,23711,115,337,0,3,3735808,0,268435456,0,0,0,-1,-1
49068,Quelling the Cove,,29797,55564,0,-1,0,0,0,0,0,0,0,0,0,0,23720,109,464,0,3,41484288,8192,268435456,0,0,0,1309324210,-1440044374
49300,Creature Corruption,,29980,0,0,-1,0,0,0,0,0,0,0,0,0,0,0,0,1310,0,3,34144256,0,268468224,48366,0,0,-1321907123,1427461461
49315,Dreadpearl Collusion,,29995,61885,0,-1,0,0,0,0,0,0,0,0,0,0,0,0,1407,0,3,34144256,0,268468224,0,0,0,-1,-1
49345,Buried Treasure,,30025,55564,0,-1,0,0,0,0,0,0,0,0,0,0,25055,109,464,0,3,41484288,8192,268435456,0,0,0,1309324210,-1440044374
49367,Tracking Quest,,30044,0,0,-1,0,0,0,0,0,0,0,0,0,0,0,0,190,0,3,33555456,0,0,0,0,0,-1,-1
49368,Tracking Quest,,30045,0,0,-1,0,0,0,0,0,0,0,0,0,0,0,0,190,0,3,33555456,0,0,0,0,0,-1,-1
49369,Tracking Quest,,30046,0,0,-1,0,0,0,0,0,0,0,0,0,0,0,0,190,0,3,33555456,0,0,0,0,0,-1,-1
49397,Sausage Party,,30069,55564,0,-1,0,0,0,0,0,0,0,0,0,0,25198,109,464,0,3,34144256,0,268435456,0,0,0,-1321907123,1427461461
49406,Zalamar Slaughter,,30078,53450,0,-1,0,0,0,0,0,0,0,0,0,0,0,0,1403,0,3,269025280,0,268468224,0,0,0,1309324210,-1440044374
49413,Scamps With Scrolls,,30084,55564,0,-1,0,0,0,0,0,0,0,0,0,0,24018,109,464,0,3,37289984,0,268435456,0,0,0,-1,-1
49444,Underfoot,,30112,68543,0,-1,0,0,0,0,0,0,0,0,0,0,23566,109,464,0,3,41484288,8192,268435456,0,0,0,1309324210,-1440044374
49529,Spring Cleaning,,30167,54391,0,-1,0,0,0,0,0,0,0,0,0,0,0,0,1310,0,3,34144256,0,268468224,0,0,0,-1321907123,1427461461
49675,Tracking Quest,,30237,0,0,-1,0,0,0,0,0,0,0,0,0,0,0,0,190,0,3,33555456,0,0,0,0,0,-1,-1
49695,Tracking Quest,,30257,0,0,-1,0,0,0,0,0,0,0,0,0,0,0,0,190,0,3,33555464,0,0,0,0,0,-1,-1
49739,Enemies at the Gate,,30283,62654,0,-1,0,0,0,0,0,0,0,0,0,0,0,0,1310,0,3,589824,0,268468224,49738,0,0,-1321907123,1427461461
49800,Atal'Dazar: Spiders!,,30331,55564,0,-1,0,0,0,0,0,0,0,0,0,0,24143,137,464,0,3,35192832,0,268435458,0,0,0,-1,-1
49809,Atal'Dazar: From the Shadows,,30340,55564,0,-1,0,0,0,0,0,0,0,0,0,0,24144,137,464,0,3,35192832,0,268435458,0,0,0,-1,-1
49888,Atal'Dazar: A Little Mojo,,30400,55564,0,-1,0,0,0,0,0,0,0,0,0,0,24145,137,464,0,3,35192832,0,268435458,0,0,0,-1,-1
49918,Gorilla Gorge,,30430,66346,0,-1,0,0,0,0,0,0,0,0,0,0,0,0,1407,0,3,34144320,0,268468224,0,0,0,1309324210,-1440044374
49994,Sliding with Style,,30491,55564,0,-1,0,0,0,0,0,0,0,0,0,0,26695,109,464,0,3,2686976,0,268435456,0,0,0,-1321907123,1427461461
50000,Beastly Dealings,,30497,55564,0,-1,0,0,0,0,0,0,0,0,0,0,25244,109,464,0,3,37289984,0,268435456,0,0,0,-1321907123,1427461461
50009,Shipwreck Recovery Crew,,30506,0,0,-1,0,0,0,0,0,0,0,0,0,0,0,0,1310,0,3,34144256,0,268468224,50026,0,0,-1321907123,1427461461
50072,Test WQ Quest [RNM],,30567,0,0,-1,0,0,0,0,0,0,0,0,0,0,24378,115,347,0,3,34144256,196608,268435456,0,0,0,-1,-1
50080,Raiding the Raiders,,30575,62273,0,-1,0,0,0,0,0,0,0,0,0,0,0,0,1403,0,3,38338560,8192,268468224,0,0,0,1309324210,-1440044374
50091,Village Repair,,30586,54736,0,-1,0,0,0,0,0,0,0,0,0,0,0,0,1404,0,3,37289984,0,268468224,0,0,0,-1321907123,1427461461
50133,Weed Whacking,,30618,54815,0,-1,1,0,0,0,0,0,0,0,0,0,0,0,1405,0,3,34144256,0,268468224,0,0,0,-1321907123,1427461461
50164,Polly Want A Cracker?,,30649,55564,0,-1,0,0,0,0,0,0,0,0,0,154878,25319,109,464,0,3,38338560,8192,268435456,0,0,0,-1321907123,1427461461
50178,Trouble in the Rootway,,30660,0,0,-1,0,0,0,0,0,0,0,0,0,0,0,0,1407,0,3,34144256,0,268468224,0,0,0,1309324210,-1440044374
50234,Crews of Freehold,,30716,55564,0,-1,0,0,0,0,0,0,0,0,0,0,24483,109,464,0,3,4784128,8193,268435456,0,0,0,-1321907123,1427461461
50267,Xu'e,,30744,0,0,-1,1,0,0,0,0,0,0,0,0,0,0,0,0,0,3,35652616,0,0,0,0,0,-1,-1
50287,Unending Gorilla Warfare,,30768,55564,0,-1,0,0,0,0,0,0,0,0,0,0,24526,109,464,0,3,37290304,0,268435456,0,0,0,1309324210,-1440044374
50295,Like Pulling Teeth,,30775,70114,0,-1,0,0,0,0,0,0,0,0,0,0,24527,109,464,0,3,38338560,8192,268435456,0,0,0,-1321907123,1427461461
50296,Billy Goat Barber,,30776,55564,0,-1,0,0,0,0,0,0,0,0,0,153596,24528,109,464,0,3,34144256,0,268435456,0,0,0,-1321907123,1427461461
50299,Gryphon Wranglin',,30779,55564,0,-1,0,0,0,0,0,0,0,0,0,156928,24532,109,464,0,3,34144256,0,268435456,0,0,0,-1321907123,1427461461
50315,Not On the Itinerary,,30793,55564,0,-1,0,0,0,0,0,0,0,0,0,0,25380,109,464,0,3,38338560,8192,268435456,0,0,0,-1321907123,1427461461
50322,A Feathery Fad,,30799,55564,0,-1,0,0,0,0,0,0,0,0,0,0,25858,109,464,0,3,38338560,8192,268435456,0,0,0,-1321907123,1427461461
50324,Picturesque Fizzsprings Resort,,30801,55564,0,-1,0,0,0,0,0,0,0,0,0,157540,26576,109,464,0,3,38338560,8192,268435456,0,0,0,-1321907123,1427461461
50357,Reclaiming the Mine,,30833,5793,0,-1,0,0,0,0,0,0,0,0,0,0,0,0,1310,0,3,34144256,0,268468224,50349,0,0,-1321907123,1427461461
50369,Bruin Potions,,30845,55564,0,-1,1,0,0,0,0,0,0,0,0,0,25411,109,464,0,3,3735552,0,268435456,0,0,0,-1321907123,1427461461
50421,Sparring on the Spar,,30896,55564,0,-1,0,0,0,0,0,0,0,0,0,0,25457,109,464,0,3,4784128,8192,268435456,0,0,0,-1321907123,1427461461
50443,Down to the Roots,,30918,55564,0,-1,0,0,0,0,0,0,0,0,0,0,24631,109,464,0,3,41484288,8192,268435456,0,0,0,1309324210,-1440044374
50448,Reclaiming Corlain,,30924,0,0,-1,0,0,0,0,0,0,0,0,0,0,0,0,1404,0,3,38338560,0,268468224,50253,0,0,-1321907123,1427461461
50459,Vugthuth,,30935,55564,0,-1,0,0,0,0,0,0,0,0,0,0,24588,136,464,0,3,37289984,0,268435456,0,0,0,-1,-1
50461,Zujothgul,,30937,55564,0,-1,0,0,0,0,0,0,0,0,0,0,24589,136,464,0,3,37289984,0,268435456,0,0,0,-1,-1
50468,Shul-Nagruth,,30943,55564,0,-1,0,0,0,0,0,0,0,0,0,0,24590,136,464,0,3,37289984,0,268435456,0,0,0,-1,-1
50474,The Other Side,,30945,55564,0,-1,0,0,0,0,0,0,0,0,0,0,24632,109,464,0,3,41484288,8192,268435456,0,0,0,1309324210,-1440044374
50483,Underlord Xerxiz,,30954,55564,0,-1,0,0,0,0,0,0,0,0,0,0,24591,136,464,0,3,37289984,0,268435456,0,0,0,-1,-1
50488,Ancient Jawbreaker,,30958,55564,0,-1,0,0,0,0,0,0,0,0,0,0,24597,135,464,0,3,34144320,0,268435456,0,0,0,-1,-1
50489,Xu'ba,,30959,55564,0,-1,0,0,0,0,0,0,0,0,0,0,24598,135,464,0,3,34144320,0,268435456,0,0,0,-1,-1
50490,Uroku the Bound,,30960,55564,0,-1,0,0,0,0,0,0,0,0,0,0,24599,135,464,0,3,34144320,0,268435456,0,0,0,-1,-1
50491,Corpse Bringer Yal'kar,,30961,55564,0,-1,0,0,0,0,0,0,0,0,0,0,24600,135,464,0,3,34144320,0,268435456,0,0,0,-1,-1
50492,Cursed Chest,,30962,55564,0,-1,0,0,0,0,0,0,0,0,0,0,24601,135,464,0,3,34144320,0,268435456,0,0,0,-1,-1
50496,Glompmaw,,30967,55564,0,-1,0,0,0,0,0,0,0,0,0,0,24602,135,464,0,3,34144320,0,268435456,0,0,0,-1,-1
50497,Krag'wa's Favor,,30968,55564,0,-1,0,0,0,0,0,0,0,0,0,0,24635,109,464,0,3,41484288,8192,268435456,0,0,0,1309324210,-1440044374
50498,Gutrip,,30969,55564,0,-1,0,0,0,0,0,0,0,0,0,0,24603,135,464,0,3,34144320,0,268435456,0,0,0,-1,-1
50499,Gwugnug,,30970,55564,0,-1,0,0,0,0,0,0,0,0,0,0,24604,135,464,0,3,34144320,0,268435456,0,0,0,-1,-1
50501,Queen Tzxi'kik,,30972,55564,0,-1,0,0,0,0,0,0,0,0,0,0,24605,135,464,0,3,35192896,0,268435456,0,0,0,-1,-1
50502,Jax'teb the Reanimated,,30973,55564,0,-1,0,0,0,0,0,0,0,0,0,0,24606,135,464,0,3,34144320,0,268435456,0,0,0,-1,-1
50503,Juba the Scarred,,30974,55564,0,-1,0,0,0,0,0,0,0,0,0,0,24607,135,464,0,3,34144320,0,268435456,0,0,0,-1,-1
50505,Kal'draxa,,30976,67269,0,-1,0,0,0,0,0,0,0,0,0,0,24608,135,464,0,3,34144320,0,268435456,0,0,0,-1,-1
50506,King Kooba,,30977,55564,0,-1,0,0,0,0,0,0,0,0,0,0,24609,135,464,0,3,34144320,0,268435456,0,0,0,-1,-1
50507,Krubbs,,30978,55564,0,-1,0,0,0,0,0,0,0,0,0,0,24610,135,464,0,3,34144320,0,268435456,0,0,0,-1,-1
50509,Lo'kuno,,30980,55564,0,-1,0,0,0,0,0,0,0,0,0,0,24612,135,464,0,3,34144320,0,268435456,0,0,0,-1,-1
50510,Overstuffed Saurolisk,,30981,55564,0,-1,0,0,0,0,0,0,0,0,0,0,24613,135,464,0,3,34144320,0,268435456,0,0,0,-1,-1
50511,Bajiatha,,30982,55564,0,-1,0,0,0,0,0,0,0,0,0,0,24614,135,464,0,3,34144320,0,268435456,0,0,0,-1,-1
50512,Scout Skrasniss,,30983,55564,0,-1,0,0,0,0,0,0,0,0,0,0,24615,135,464,0,3,34144320,0,268435456,0,0,0,-1,-1
50513,Tainted Guardian,,30984,55564,0,-1,0,0,0,0,0,0,0,0,0,0,24616,135,464,0,3,34144320,0,268435456,0,0,0,-1,-1
50514,Totem Maker Jash'ga,,30985,55564,0,-1,0,0,0,0,0,0,0,0,0,0,24617,135,464,0,3,34144320,0,268435456,0,0,0,-1,-1
50515,Venomjaw,,30986,55564,0,-1,0,0,0,0,0,0,0,0,0,0,24618,135,464,0,3,34144320,0,268435456,0,0,0,-1,-1
50516,Wardrummer Zurula,,30987,55564,0,-1,0,0,0,0,0,0,0,0,0,0,24619,135,464,0,3,34144320,0,268435456,0,0,0,-1,-1
50517,Mala'kili and Rohnkor,,30988,55564,0,-1,0,0,0,0,0,0,0,0,0,0,24620,135,464,0,3,34144320,0,268435456,0,0,0,-1,-1
50518,Zanxib,,30989,55564,0,-1,0,0,0,0,0,0,0,0,0,0,24621,135,464,0,3,34144320,0,268435456,0,0,0,-1,-1
50519,Za'amar,,30990,55564,0,-1,0,0,0,0,0,0,0,0,0,0,24623,135,464,0,3,34144320,0,268435456,0,0,0,-1,-1
50521,Scorched Earth,,30992,55564,0,-1,0,0,0,0,0,0,0,0,0,157847,25598,109,464,0,3,41615360,8192,268435456,0,0,0,1309324210,-1440044374
50524,Purify the Temple,,30995,55564,0,-1,0,0,0,0,0,0,0,0,0,0,24664,109,464,0,3,41484288,8192,268435456,0,0,0,1309324210,-1440044374
50527,Behind Mogu Lines,,30998,66654,0,-1,0,0,0,0,0,0,0,0,0,0,24666,109,464,0,3,41484544,8192,268435456,52287,0,0,-1321907123,1427461461
50529,The Spirits Within,,31000,55564,0,-1,0,0,0,0,0,0,0,0,0,0,24637,109,464,0,3,41484288,8192,268435456,0,0,0,1309324210,-1440044374
50540,Rally the Rastari,,31011,55564,0,-1,0,0,0,0,0,0,0,0,0,157858,24676,109,464,0,3,41615616,8192,268435456,0,0,0,1309324210,-1440044374
50545,Forked Lightning,,32725,55564,0,-1,0,0,0,0,0,0,0,0,0,0,24639,109,464,0,3,41484288,8192,268435456,0,0,0,1309324210,-1440044374
50547,Knives of Zul,,31020,55564,0,-1,0,0,0,0,0,0,0,0,0,0,24677,109,464,0,3,41484544,0,268435456,0,0,0,1309324210,-1440044374
50548,Enforcing the Will of the King,,31021,55564,0,-1,0,0,0,0,0,0,0,0,0,0,24678,109,464,0,3,41615360,8192,268435456,0,0,0,1309324210,-1440044374
50549,Absolutely Barbaric,,31022,55564,0,-1,0,0,0,0,0,0,0,0,0,0,25611,109,464,0,3,41484288,8192,268435456,0,0,0,1309324210,-1440044374
50559,Getting Out of Hand,,31032,66505,0,-1,5,0,0,0,0,0,0,0,0,0,25787,109,464,0,3,40435712,8192,268435456,0,0,0,1309324210,-1440044374
50564,Azerite Infused Slag,,31037,55564,0,-1,0,0,0,0,0,0,0,0,0,0,24680,135,464,0,3,37290048,0,268435456,0,0,0,-1,-1
50566,Lost Scroll,,31039,55564,0,-1,0,0,0,0,0,0,0,0,0,0,24681,135,464,0,3,37290048,0,268435456,0,0,0,-1,-1
50568,Chag's Challenge,,31041,55564,0,-1,0,0,0,0,0,0,0,0,0,0,24682,135,464,0,3,37290048,0,268435456,0,0,0,-1,-1
50570,Azerite Infused Elemental,,31043,55564,0,-1,0,0,0,0,0,0,0,0,0,0,24683,135,464,0,3,34144320,0,268435456,0,0,0,-1,-1
50571,Eggstermination,,31044,55564,0,-1,0,0,0,0,0,0,0,0,0,0,24684,109,464,0,3,41484544,0,268435456,0,0,0,1309324210,-1440044374
50572,Bloody Intrusion,,31045,67204,0,-1,0,0,0,0,0,0,0,0,0,154724,24642,109,464,0,3,41615360,8192,268435456,0,0,0,1309324210,-1440044374
50574,Preservation Methods,,31047,55564,0,-1,0,0,0,0,0,0,0,0,0,158067,24685,109,464,0,3,41615616,0,268435456,0,0,0,1309324210,-1440044374
50577,Unaccounted For,,31050,55564,0,-1,0,0,0,0,0,0,0,0,0,159761,25599,109,464,0,3,41484288,8192,268435456,0,0,0,1309324210,-1440044374
50578,Bring Ruin Again,,31051,55564,0,-1,0,0,0,0,0,0,0,0,0,0,24686,109,464,0,3,41484288,8192,268435456,0,0,0,1309324210,-1440044374
50581,Scrolls and Scales,,31054,70810,0,-1,0,0,0,0,0,0,0,0,0,0,25000,109,464,0,3,41484288,8192,268435456,0,0,0,1309324210,-1440044374
50587,Nagative Feedback,,31060,55564,0,-1,0,0,0,0,0,0,0,0,0,0,24644,109,464,0,3,41484288,8192,268435456,0,0,0,1309324210,-1440044374
50591,Son of a Bee,,31066,55564,0,-1,0,0,0,0,0,0,0,0,0,0,25748,109,464,0,3,34144256,16384,268435456,0,0,0,-1321907123,1427461461
50592,Tiny Terror,,31067,55564,0,-1,0,0,0,0,0,0,0,0,0,0,24999,109,464,0,3,41484288,8192,268435456,49681,0,0,1309324210,-1440044374
50619,What Goes Up,,31093,55564,0,-1,0,0,0,0,0,0,0,0,0,0,24997,109,464,0,3,38338560,8192,268435456,0,0,0,1309324210,-1440044374
50633,Pterrible Ingredients,,31105,55564,0,-1,0,0,0,0,0,0,0,0,0,0,24706,109,464,0,3,41484544,0,268435456,0,0,0,1309324210,-1440044374
50634,Save Our Scrolls!,,31106,55564,0,-1,0,0,0,0,0,0,0,0,0,0,24847,109,464,0,3,38338560,8192,268435456,0,0,0,1309324210,-1440044374
50636,Ravoracious,,31108,55564,0,-1,0,0,0,0,0,0,0,0,0,0,24707,109,464,0,3,41484544,0,268435456,0,0,0,1309324210,-1440044374
50648,Bubbles and Trouble,,31120,55564,0,-1,0,0,0,0,0,0,0,0,0,0,24649,109,464,0,3,41484288,8192,268435456,0,0,0,1309324210,-1440044374
50650,Smashing Zalamar,,31122,67203,0,-1,0,0,0,0,0,0,0,0,0,0,26030,109,464,0,3,272171008,0,268435456,0,0,0,1309324210,-1440044374
50651,Cut Off Potential,,31123,55564,0,-1,0,0,0,0,0,0,0,0,0,158185,24713,109,464,0,3,41615616,0,268435456,0,0,0,-1321907123,1427461461
50652,Biting the Hand that Feeds Them,,31124,55564,0,-1,0,0,0,0,0,0,0,0,0,0,24996,109,464,0,3,38338560,8192,268435456,0,0,0,1309324210,-1440044374
50660,Survival Strategy,,31132,55564,0,-1,0,0,0,0,0,0,0,0,0,0,24652,109,464,0,3,41484288,8192,268435456,0,0,0,1309324210,-1440044374
50665,Cancel the Blood Troll Apocalypse,,31137,55564,0,-1,0,0,0,0,0,0,0,0,0,0,24654,109,464,0,3,272171008,0,268435456,0,0,0,1309324210,-1440044374
50667,Past Due,,31139,55564,0,-1,0,0,0,0,0,0,0,0,0,0,24653,109,464,0,3,41484288,8192,268435456,0,0,0,1309324210,-1440044374
50676,River Toll,,31149,55564,0,-1,0,0,0,0,0,0,0,0,0,0,24655,109,464,0,3,41484288,8192,268435456,0,0,0,1309324210,-1440044374
50689,It's the Pits,,31162,55564,0,-1,0,0,0,0,0,0,0,0,0,0,24656,109,464,0,3,272171264,0,268435456,0,0,0,1309324210,-1440044374
50695,It's Never Time for Cannibalism,,31167,55564,0,-1,0,0,0,0,0,0,0,0,0,0,25595,109,464,0,3,272171008,0,268435456,0,0,0,1309324210,-1440044374
50717,"Don't Stalk Me, Troll",,31189,55564,0,-1,0,0,0,0,0,0,0,0,0,158324,24658,109,464,0,3,272171264,0,268435456,0,0,0,1309324210,-1440044374
50718,Agent of Death,,31190,55564,0,-1,0,0,0,0,0,0,0,0,0,0,24659,109,464,0,3,41484288,8192,268435456,0,0,0,1309324210,-1440044374
50735,Burial Detail,,31206,55564,0,-1,0,0,0,0,0,0,0,0,0,0,24660,109,464,0,3,41484288,8192,268435456,0,0,0,1309324210,-1440044374
50737,Silence the Speakers,,31207,55564,0,-1,0,0,0,0,0,0,0,0,0,0,24743,109,464,0,3,41484544,0,268435456,0,0,0,-1321907123,1427461461
50744,Refresh Their Memory,,31215,55564,0,-1,0,0,0,0,0,0,0,0,0,0,24755,109,464,0,3,41484544,0,268435456,0,0,0,1309324210,-1440044374
50747,No Good Amani,,31218,55564,0,-1,0,0,0,0,0,0,0,0,0,0,24756,109,464,0,3,41484544,8192,268435456,0,0,0,-1321907123,1427461461
50756,Subterranean Evacuation,,31227,55564,0,-1,0,0,0,0,0,0,0,0,0,158652,24757,109,464,0,3,8061184,0,268435456,0,0,0,-1321907123,1427461461
50765,Herding Children,,31236,55564,0,-1,0,0,0,0,0,0,0,0,0,0,25002,109,464,0,3,38338560,8192,268435456,0,0,0,1309324210,-1440044374
50767,The Scrimshaw Gang,,31238,55564,0,-1,0,0,0,0,0,0,0,0,0,0,25383,109,464,0,3,34144256,0,268435456,0,0,0,-1321907123,1427461461
50776,False Prophets,,31247,55564,0,-1,0,0,0,0,0,0,0,0,0,0,26579,109,464,0,3,34144256,0,268435456,0,0,0,-1321907123,1427461461
50779,A Clean Slate,,31250,56366,0,-1,0,0,0,0,0,0,0,0,0,0,0,0,1405,0,3,34144256,0,268468224,50612,0,0,-1321907123,1427461461
50782,Word on the Streets,,31253,55564,0,-1,0,0,0,0,0,0,0,0,0,0,24763,109,464,0,3,41615616,0,268435456,0,0,0,-1321907123,1427461461
50786,Revenge of Krag'wa,,31257,55564,0,-1,0,0,0,0,0,0,0,0,0,0,24640,109,464,0,3,41484288,8192,268435456,0,0,0,1309324210,-1440044374
50792,Taking Bribes,,31263,55564,0,-1,0,0,0,0,0,0,0,0,0,0,26581,109,464,0,3,34144256,0,268435456,0,0,0,-1321907123,1427461461
50805,Skycaller Shutdown,,31276,56202,0,-1,5,0,0,0,0,0,0,0,0,0,0,0,1406,0,3,34275328,0,268468224,0,0,0,1309324210,-1440044374
50813,Cargo Reclamation,,31284,55564,0,-1,0,0,0,0,0,0,0,0,0,0,24661,109,464,0,3,41484288,8192,268435456,0,0,0,1309324210,-1440044374
50845,Kul'krazahn,,31307,55564,0,-1,0,0,0,0,0,0,0,0,0,0,24785,135,464,0,3,37290048,0,268435456,0,0,0,-1,-1
50846,Headhunter Lee'za,,31308,55564,0,-1,0,0,0,0,0,0,0,0,0,0,24786,136,464,0,3,37289984,0,268435456,0,0,0,-1,-1
50847,Twisted Child of Rezan,,31309,55564,0,-1,0,0,0,0,0,0,0,0,0,0,24787,136,464,0,3,37289984,0,268435456,0,0,0,-1,-1
50848,Brgl-Lrgl the Basher,,31310,0,0,-1,0,0,0,0,0,0,0,0,0,0,0,136,464,0,3,37290048,0,268435456,0,0,0,-1,-1
50849,Witch Doctor Habra'du,,31311,0,0,-1,0,0,0,0,0,0,0,0,0,0,0,136,464,0,3,37290048,0,268435456,0,0,0,-1,-1
50850,Tia'Kawan,,31312,55564,0,-1,0,0,0,0,0,0,0,0,0,0,24790,136,464,0,3,37289984,0,268435456,0,0,0,-1,-1
50851,Mor'fani the Exile,,31313,0,0,-1,0,0,0,0,0,0,0,0,0,0,0,136,464,0,3,37290048,0,268435456,0,0,0,-1,-1
50852,Lady Seirine,,31314,0,0,-1,0,0,0,0,0,0,0,0,0,0,0,136,464,0,3,37290048,0,268435456,0,0,0,-1,-1
50853,Umbra'rix,,31315,55564,0,-1,0,0,0,0,0,0,0,0,0,0,24793,136,464,0,3,37289984,0,268435456,0,0,0,-1,-1
50854,Crimsonclaw,,31316,55564,0,-1,0,0,0,0,0,0,0,0,0,0,24795,135,464,0,3,37290048,0,268435456,0,0,0,-1,-1
50855,Old R'gal,,31317,55564,0,-1,0,0,0,0,0,0,0,0,0,0,24796,136,464,0,3,37290048,0,268435456,0,0,0,-1321907123,1427461461
50857,Golrakahn,,31319,55564,0,-1,0,0,0,0,0,0,0,0,0,0,24797,135,464,0,3,37290048,0,268435456,0,0,0,-1,-1
50858,Sky Queen,,31320,55564,0,-1,0,0,0,0,0,0,0,0,0,0,24798,135,464,0,3,37290048,0,268435456,0,0,0,-1321907123,1427461461
50859,Kandak,,31321,55564,0,-1,0,0,0,0,0,0,0,0,0,0,24799,135,464,0,3,37290048,0,268435456,0,0,0,-1,-1
50861,Torraske the Eternal,,31323,55564,0,-1,0,0,0,0,0,0,0,0,0,0,24801,135,464,0,3,37290048,0,268435456,0,0,0,-1,-1
50862,Bloodbulge,,31324,55564,0,-1,0,0,0,0,0,0,0,0,0,0,24802,135,464,0,3,37290048,0,268435456,0,0,0,-1,-1
50863,Avatar of Xolotal,,31325,55564,0,-1,0,0,0,0,0,0,0,0,0,0,24803,135,464,0,3,37290048,0,268435456,0,0,0,-1,-1
50864,Atal'zul Gotaka,,31326,55564,0,-1,0,0,0,0,0,0,0,0,0,0,24804,135,464,0,3,37290048,0,268435456,0,0,0,-1,-1
50866,Zayoos,,31328,66345,0,-1,0,0,0,0,0,0,0,0,0,0,24805,135,464,0,3,37290048,0,268435456,0,0,0,-1,-1
50867,Tambano,,31329,55564,0,-1,0,0,0,0,0,0,0,0,0,0,24806,135,464,0,3,37290048,0,268435456,0,0,0,-1,-1
50868,Bramblewing,,31330,55564,0,-1,0,0,0,0,0,0,0,0,0,0,24807,135,464,0,3,37290048,0,268435456,0,0,0,-1,-1
50869,Kiboku,,31331,55564,0,-1,0,0,0,0,0,0,0,0,0,0,24808,135,464,0,3,37290048,0,268435456,0,0,0,-1,-1
50870,G'Naat,,31332,55564,0,-1,0,0,0,0,0,0,0,0,0,0,24809,135,464,0,3,37290048,0,268435456,0,0,0,-1,-1
50871,Daggerjaw,,31333,55564,0,-1,0,0,0,0,0,0,0,0,0,0,24810,135,464,0,3,37290048,0,268435456,0,0,0,-1,-1
50872,Warcrawler Karkithiss,,31334,55564,0,-1,0,0,0,0,0,0,0,0,0,0,24811,135,464,0,3,37290048,0,268435456,0,0,0,-1,-1
50873,Strange Egg,,31335,55564,0,-1,0,0,0,0,0,0,0,0,0,0,24812,135,464,0,3,37290048,0,268435456,0,0,0,-1,-1
50874,Hakbi the Risen,,31336,55564,0,-1,0,0,0,0,0,0,0,0,0,0,24813,135,464,0,3,37290048,0,268435456,0,0,0,-1,-1
50875,Darkspeaker Jo'la,,31337,55564,0,-1,0,0,0,0,0,0,0,0,0,0,24814,135,464,0,3,37290048,0,268435456,0,0,0,-1,-1
50876,Murderbeak,,31338,55564,0,-1,0,0,0,0,0,0,0,0,0,0,24815,135,464,0,3,37290048,0,268435456,0,0,0,-1,-1
50877,Gahz'ralka,,31339,55564,0,-1,0,0,0,0,0,0,0,0,0,0,24816,135,464,0,3,37290048,0,268435456,0,0,0,-1,-1
50885,Lei-zhi,,31347,55564,0,-1,0,0,0,0,0,0,0,0,0,0,25019,135,464,0,3,37290048,0,268435456,0,0,0,-1,-1
50899,"Don't Stalk Me, Troll",,31361,55564,0,-1,0,0,0,0,0,0,0,0,0,158924,24850,109,464,0,3,272171008,0,268435456,0,0,0,-1321907123,1427461461
50936,Survival Strategy,,31398,55564,0,-1,0,0,0,0,0,0,0,0,0,0,24848,109,464,0,3,41484288,8192,268435456,0,0,0,-1321907123,1427461461
50957,Wrath of Rezan,,31417,55564,0,-1,0,0,0,0,0,0,0,0,0,0,24888,109,464,0,3,40435712,8192,268435456,0,0,0,1309324210,-1440044374
50958,Watch Your Wallets,,31418,55564,0,-1,0,0,0,0,0,0,0,0,0,0,26580,109,464,0,3,34144256,0,268435456,0,0,0,-1321907123,1427461461
50959,Plundering Pirates,,31420,0,0,-1,0,0,0,0,0,0,0,0,0,0,0,0,1404,0,3,38338624,0,268468224,0,0,0,-1321907123,1427461461
50961,Save Our Scrolls!,,31106,55564,0,-1,0,0,0,0,0,0,0,0,0,0,24847,109,464,0,3,38338560,8192,268435456,0,0,0,-1321907123,1427461461
50962,Cargo Reclamation,,31424,55564,0,-1,0,0,0,0,0,0,0,0,0,0,24846,109,464,0,3,41484288,8192,268435456,0,0,0,-1321907123,1427461461
50964,Ritual Combat,,31426,61938,0,-1,0,0,0,0,0,0,0,0,0,0,24915,109,464,0,3,35323904,0,268435456,0,0,0,1309324210,-1440044374
50966,Cleanup Crew,,31428,55564,0,-1,0,0,0,0,0,0,0,0,0,0,24998,109,464,0,3,38338560,8192,268435456,0,0,0,1309324210,-1440044374
50969,Emergency Management,,31430,55564,0,-1,0,0,0,0,0,0,0,0,0,0,25233,109,464,0,3,41484288,8192,268435456,0,0,0,-1321907123,1427461461
50975,Azerite Mining,,31436,55564,0,-1,0,0,0,0,0,0,0,0,0,0,24940,151,464,0,3,272171008,0,268435456,0,0,0,-1,-1
50977,Smuggler Shakedown,,31438,55564,0,-1,0,0,0,0,0,0,0,0,0,0,24941,109,464,0,3,34144256,0,268435456,0,0,0,-1321907123,1427461461
50981,Work Order: Riverbud,,31442,55564,0,-1,0,0,0,0,0,2549,1,0,0,0,26156,119,464,0,3,524608,0,268435458,0,0,0,-1321907123,1427461461
50982,Work Order: Star Moss,,31443,55564,0,-1,0,0,0,0,0,2549,1,0,0,0,26157,119,464,0,3,524608,0,268435458,0,0,0,-1321907123,1427461461
50983,Work Order: Akunda's Bite,,31444,55564,0,-1,0,0,0,0,0,2549,1,0,0,0,26158,119,464,0,3,524608,0,268435458,0,0,0,-1321907123,1427461461
50984,Work Order: Winter's Kiss,,31445,55564,0,-1,0,0,0,0,0,2549,1,0,0,0,26159,119,464,0,3,524608,0,268435458,0,0,0,-1321907123,1427461461
50985,Work Order: Siren's Pollen,,31446,55564,0,-1,0,0,0,0,0,2549,1,0,0,0,26160,119,464,0,3,524608,0,268435458,0,0,0,-1321907123,1427461461
50986,Work Order: Sea Stalk,,31447,55564,0,-1,0,0,0,0,0,2549,1,0,0,0,26161,119,464,0,3,524608,0,268435458,0,0,0,-1321907123,1427461461
50987,Work Order: Monelite Ore,,31448,55564,0,-1,0,0,0,0,0,2565,1,0,0,0,26175,120,464,0,3,524608,0,268435458,0,0,0,-1321907123,1427461461
50989,Work Order: Storm Silver Ore,,31450,55564,0,-1,0,0,0,0,0,2565,1,0,0,0,26176,120,464,0,3,524608,0,268435458,0,0,0,-1321907123,1427461461
50991,Work Order: Blood-Stained Bone,,31452,55564,0,-1,0,0,0,0,0,2557,1,0,0,0,26183,124,464,0,3,524608,0,268435458,0,0,0,-1321907123,1427461461
50992,Work Order: Calcified Bone,,31453,55564,0,-1,0,0,0,0,0,2557,1,0,0,0,26184,124,464,0,3,524608,0,268435458,0,0,0,-1321907123,1427461461
50993,Work Order: Coarse Leather,,31454,55564,0,-1,0,0,0,0,0,2557,1,0,0,0,26185,124,464,0,3,524608,0,268435458,0,0,0,-1321907123,1427461461
50994,Work Order: Tempest Hide,,31455,55564,0,-1,0,0,0,0,0,2557,1,0,0,0,26186,124,464,0,3,524608,0,268435458,0,0,0,-1321907123,1427461461
50995,Work Order: Shimmerscale,,31456,55564,0,-1,0,0,0,0,0,2557,1,0,0,0,26187,124,464,0,3,524608,0,268435458,0,0,0,-1321907123,1427461461
50996,Work Order: Mistscale,,31457,55564,0,-1,0,0,0,0,0,2557,1,0,0,0,26188,124,464,0,3,524608,0,268435458,0,0,0,-1321907123,1427461461
50997,Work Order: Tidespray Linen,,31458,55564,0,-1,0,0,0,0,0,197,1,0,0,0,26177,121,464,0,3,524608,0,268435458,0,0,0,-1321907123,1427461461
50998,Work Order: Deep Sea Satin,,31459,55564,0,-1,0,0,0,0,0,197,1,0,0,0,26178,121,464,0,3,524608,0,268435458,0,0,0,-1321907123,1427461461
50999,Work Order: Riverbud,,31460,55564,0,-1,0,0,0,0,0,2549,1,0,0,0,26229,119,464,0,3,524608,0,268435458,0,0,0,1309324210,-1440044374
51000,Work Order: Star Moss,,31463,55564,0,-1,0,0,0,0,0,2549,1,0,0,0,26230,119,464,0,3,524608,0,268435458,0,0,0,1309324210,-1440044374
51002,Work Order: Akunda's Bite,,31464,55564,0,-1,0,0,0,0,0,2549,1,0,0,0,26231,119,464,0,3,524608,0,268435458,0,0,0,1309324210,-1440044374
51003,Work Order: Winter's Kiss,,31465,55564,0,-1,0,0,0,0,0,2549,1,0,0,0,26232,119,464,0,3,524608,0,268435458,0,0,0,1309324210,-1440044374
51004,Work Order: Siren's Pollen,,31466,55564,0,-1,0,0,0,0,0,2549,1,0,0,0,26233,119,464,0,3,524608,0,268435458,0,0,0,1309324210,-1440044374
51005,Work Order: Sea Stalk,,31467,55564,0,-1,0,0,0,0,0,2549,1,0,0,0,26234,119,464,0,3,524608,0,268435458,0,0,0,1309324210,-1440044374
51006,Work Order: Monelite Ore,,31468,67908,0,-1,0,0,0,0,0,2565,1,0,0,0,26251,120,464,0,3,524608,0,268435458,0,0,0,1309324210,-1440044374
51007,Work Order: Storm Silver Ore,,31469,55564,0,-1,0,0,0,0,0,2565,1,0,0,0,26252,120,464,0,3,524608,0,268435458,0,0,0,1309324210,-1440044374
51008,Work Order: Blood-Stained Bone,,31470,55564,0,-1,0,0,0,0,0,2557,1,0,0,0,26259,124,464,0,3,524608,0,268435458,0,0,0,1309324210,-1440044374
51009,Work Order: Calcified Bone,,31471,55564,0,-1,0,0,0,0,0,2557,1,0,0,0,26260,124,464,0,3,524608,0,268435458,0,0,0,1309324210,-1440044374
51010,Work Order: Coarse Leather,,31472,55564,0,-1,0,0,0,0,0,2557,1,0,0,0,26261,124,464,0,3,524608,0,268435458,0,0,0,1309324210,-1440044374
51011,Work Order: Tempest Hide,,31473,55564,0,-1,0,0,0,0,0,2557,1,0,0,0,26262,124,464,0,3,524608,0,268435458,0,0,0,1309324210,-1440044374
51012,Work Order: Shimmerscale,,31474,55564,0,-1,0,0,0,0,0,2557,1,0,0,0,26263,124,464,0,3,524608,0,268435458,0,0,0,1309324210,-1440044374
51013,Work Order: Mistscale,,31475,55564,0,-1,0,0,0,0,0,2557,1,0,0,0,26264,124,464,0,3,524608,0,268435458,0,0,0,1309324210,-1440044374
51014,Work Order: Tidespray Linen,,31476,55564,0,-1,0,0,0,0,0,197,1,0,0,0,26267,121,464,0,3,524608,0,268435458,0,0,0,1309324210,-1440044374
51015,Work Order: Deep Sea Satin,,31477,55564,0,-1,0,0,0,0,0,197,1,0,0,0,26268,121,464,0,3,524608,0,268435458,0,0,0,1309324210,-1440044374
51017,Supplies Needed: Monelite Ore,,31479,55564,0,-1,0,0,0,0,0,0,0,0,0,0,26074,109,464,0,3,524608,0,268435458,0,0,0,-1321907123,1427461461
51021,Supplies Needed: Storm Silver Ore,,31483,55564,0,-1,0,0,0,0,0,0,0,0,0,0,26075,109,464,0,3,524608,0,268435458,0,0,0,-1321907123,1427461461
51022,Supplies Needed: Riverbud,,31484,55564,0,-1,0,0,0,0,0,0,0,0,0,0,26072,109,464,0,3,524608,0,268435458,0,0,0,-1321907123,1427461461
51023,Supplies Needed: Star Moss,,31485,55564,0,-1,0,0,0,0,0,0,0,0,0,0,26073,109,464,0,3,524608,0,268435458,0,0,0,-1321907123,1427461461
51024,Supplies Needed: Akunda's Bite,,31486,55564,0,-1,0,0,0,0,0,0,0,0,0,0,26127,109,464,0,3,524608,0,268435458,0,0,0,-1321907123,1427461461
51025,Supplies Needed: Winter's Kiss,,31487,55564,0,-1,0,0,0,0,0,0,0,0,0,0,26128,109,464,0,3,524608,0,268435458,0,0,0,-1321907123,1427461461
51026,Supplies Needed: Siren's Pollen,,31488,55564,0,-1,0,0,0,0,0,0,0,0,0,0,26129,109,464,0,3,524608,0,268435458,0,0,0,-1321907123,1427461461
51027,Supplies Needed: Sea Stalk,,31489,55564,0,-1,0,0,0,0,0,0,0,0,0,0,26130,109,464,0,3,524608,0,268435458,0,0,0,-1321907123,1427461461
51028,Supplies Needed: Blood-Stained Bone,,31490,55564,0,-1,0,0,0,0,0,0,0,0,0,0,26132,109,464,0,3,524608,0,268435458,0,0,0,-1321907123,1427461461
51029,Supplies Needed: Calcified Bone,,31491,55564,0,-1,0,0,0,0,0,0,0,0,0,0,26133,109,464,0,3,524608,0,268435458,0,0,0,-1321907123,1427461461
51030,Supplies Needed: Coarse Leather,,31492,55564,0,-1,0,0,0,0,0,0,0,0,0,0,26134,109,464,0,3,524608,0,268435458,0,0,0,-1321907123,1427461461
51031,Supplies Needed: Tempest Hide,,31493,55564,0,-1,0,0,0,0,0,0,0,0,0,0,26135,109,464,0,3,524608,0,268435458,0,0,0,-1321907123,1427461461
51032,Supplies Needed: Shimmerscale,,31494,55564,0,-1,0,0,0,0,0,0,0,0,0,0,26136,109,464,0,3,524608,0,268435458,0,0,0,-1321907123,1427461461
51033,Supplies Needed: Mistscale,,31495,55564,0,-1,0,0,0,0,0,0,0,0,0,0,26137,109,464,0,3,524608,0,268435458,0,0,0,-1321907123,1427461461
51034,Supplies Needed: Tidespray Linen,,31496,55564,0,-1,0,0,0,0,0,0,0,0,0,0,26138,109,464,0,3,524608,0,268435458,0,0,0,-1321907123,1427461461
51035,Supplies Needed: Deep Sea Satin,,31497,55564,0,-1,0,0,0,0,0,0,0,0,0,0,26139,109,464,0,3,524608,0,268435458,0,0,0,-1321907123,1427461461
51036,Supplies Needed: Riverbud,,31498,55564,0,-1,0,0,0,0,0,0,0,0,0,0,26222,109,464,0,3,524608,0,268435458,0,0,0,1309324210,-1440044374
51037,Supplies Needed: Star Moss,,31499,55564,0,-1,0,0,0,0,0,0,0,0,0,0,26223,109,464,0,3,524608,0,268435458,0,0,0,1309324210,-1440044374
51038,Supplies Needed: Akunda's Bite,,31500,55564,0,-1,0,0,0,0,0,0,0,0,0,0,26224,109,464,0,3,524608,0,268435458,0,0,0,1309324210,-1440044374
51039,Supplies Needed: Winter's Kiss,,31501,55564,0,-1,0,0,0,0,0,0,0,0,0,0,26225,109,464,0,3,524608,0,268435458,0,0,0,1309324210,-1440044374
51040,Supplies Needed: Siren's Pollen,,31502,55564,0,-1,0,0,0,0,0,0,0,0,0,0,26227,109,464,0,3,524608,0,268435458,0,0,0,1309324210,-1440044374
51041,Supplies Needed: Sea Stalk,,31503,55564,0,-1,0,0,0,0,0,0,0,0,0,0,26228,109,464,0,3,524608,0,268435458,0,0,0,1309324210,-1440044374
51042,Supplies Needed: Monelite Ore,,31504,55564,0,-1,0,0,0,0,0,0,0,0,0,0,26249,109,464,0,3,524608,0,268435458,0,0,0,1309324210,-1440044374
51043,Supplies Needed: Storm Silver Ore,,31505,55564,0,-1,0,0,0,0,0,0,0,0,0,0,26250,109,464,0,3,524608,0,268435458,0,0,0,1309324210,-1440044374
51044,Supplies Needed: Blood-Stained Bone,,31506,55564,0,-1,0,0,0,0,0,0,0,0,0,0,26253,109,464,0,3,524608,0,268435458,0,0,0,1309324210,-1440044374
51045,Supplies Needed: Calcified Bone,,31507,55564,0,-1,0,0,0,0,0,0,0,0,0,0,26254,109,464,0,3,524608,0,268435458,0,0,0,1309324210,-1440044374
51046,Supplies Needed: Coarse Leather,,31508,55564,0,-1,0,0,0,0,0,0,0,0,0,0,26255,109,464,0,3,524608,0,268435458,0,0,0,1309324210,-1440044374
51047,Supplies Needed: Tempest Hide,,31509,55564,0,-1,0,0,0,0,0,0,0,0,0,0,26256,109,464,0,3,524608,0,268435458,0,0,0,1309324210,-1440044374
51048,Supplies Needed: Shimmerscale,,31510,55564,0,-1,0,0,0,0,0,0,0,0,0,0,26257,109,464,0,3,524608,0,268435458,0,0,0,1309324210,-1440044374
51049,Supplies Needed: Mistscale,,31511,55564,0,-1,0,0,0,0,0,0,0,0,0,0,26258,109,464,0,3,524608,0,268435458,0,0,0,1309324210,-1440044374
51050,Supplies Needed: Tidespray Linen,,31512,55564,0,-1,0,0,0,0,0,0,0,0,0,0,26265,109,464,0,3,524608,0,268435458,0,0,0,1309324210,-1440044374
51051,Supplies Needed: Deep Sea Satin,,31513,55564,0,-1,0,0,0,0,0,0,0,0,0,0,26266,109,464,0,3,524608,0,268435458,0,0,0,1309324210,-1440044374
51064,Azerite Wounds,,31525,55564,0,-1,0,0,0,0,0,0,0,0,0,0,24952,151,464,0,3,7930112,8192,268435456,0,0,0,-1,-1
51081,Syrawon the Dominus,,31539,55564,0,-1,0,0,0,0,0,0,0,0,0,0,25021,135,464,0,3,37290048,0,268435456,0,0,0,-1,-1
51084,Dark Chronicler,,31542,55564,0,-1,0,0,0,0,0,0,0,0,0,0,25020,135,464,0,3,37290048,0,268435456,0,0,0,-1,-1
51090,Picturesque Norwington Estate,,31548,55564,0,-1,0,0,0,0,0,0,0,0,0,157540,26577,109,464,0,3,38338560,8192,268435456,0,0,0,-1321907123,1427461461
51092,Picturesque Boralus,,31550,55564,0,-1,0,0,0,0,0,0,0,0,0,157540,26578,109,464,0,3,38338560,8192,268435456,0,0,0,-1321907123,1427461461
51095,Ashmane,,31553,55564,0,-1,0,0,0,0,0,0,0,0,0,0,24965,135,464,0,3,37290048,0,268435456,0,0,0,-1,-1
51096,Azer'tor,,31554,55564,0,-1,0,0,0,0,0,0,0,0,0,0,24966,135,464,0,3,37290048,0,268435456,0,0,0,-1,-1
51097,Bloated Krolusk,,31555,55564,0,-1,0,0,0,0,0,0,0,0,0,0,24967,135,464,0,3,37290048,0,268435456,0,0,0,-1,-1
51098,Commodore Calhoun,,31556,55564,0,-1,0,0,0,0,0,0,0,0,0,0,24968,135,464,0,3,37290048,0,268435456,0,0,0,-1,-1
51099,Gut-Gut the Glutton,,31557,55564,0,-1,0,0,0,0,0,0,0,0,0,0,24969,135,464,0,3,37290048,0,268435456,0,0,0,-1,-1
51100,Jumbo Sandsnapper,,31558,55564,0,-1,0,0,0,0,0,0,0,0,0,0,24970,135,464,0,3,37290048,0,268435456,0,0,0,-1,-1
51102,Kamid the Trapper,,31560,55564,0,-1,0,0,0,0,0,0,0,0,0,0,24971,135,464,0,3,37290048,0,268435456,0,0,0,-1,-1
51103,Nez'ara,,31561,55564,0,-1,0,0,0,0,0,0,0,0,0,0,24972,135,464,0,3,37290048,0,268435456,0,0,0,-1,-1
51104,Skycaller Teskris,,31562,55564,0,-1,0,0,0,0,0,0,0,0,0,0,24973,135,464,0,3,37290048,0,268435456,0,0,0,-1,-1
51105,Ak'tar,,31563,55564,0,-1,0,0,0,0,0,0,0,0,0,0,24974,135,464,0,3,37290048,0,268435456,0,0,0,-1,-1
51106,Songstress Nahjeen,,31564,55564,0,-1,0,0,0,0,0,0,0,0,0,0,24975,135,464,0,3,37290048,0,268435456,0,0,0,-1,-1
51107,Scaleclaw Broodmother,,31565,55564,0,-1,0,0,0,0,0,0,0,0,0,0,24976,135,464,0,3,37290048,0,268435456,0,0,0,-1,-1
51108,Hivemother Kraxi,,31566,55564,0,-1,0,0,0,0,0,0,0,0,0,0,24977,135,464,0,3,37290048,0,268435456,0,0,0,-1,-1
51109,Scorched Earth,,31567,55564,0,-1,0,0,0,0,0,0,0,0,0,159745,25596,109,464,0,3,41615360,8192,268435456,0,0,0,-1321907123,1427461461
51112,Warbringer Hozzik,,31570,55564,0,-1,0,0,0,0,0,0,0,0,0,0,24978,135,464,0,3,37290048,0,268435456,0,0,0,-1,-1
51113,Warlord Zothix,,31571,55564,0,-1,0,0,0,0,0,0,0,0,0,0,24979,135,464,0,3,37290048,0,268435456,0,0,0,-1,-1
51114,Warmother Captive,,31572,55564,0,-1,0,0,0,0,0,0,0,0,0,0,24980,135,464,0,3,37290048,0,268435456,0,0,0,-1,-1
51115,Zunashi the Exile,,31573,55564,0,-1,0,0,0,0,0,0,0,0,0,0,24981,135,464,0,3,37290048,0,268435456,0,0,0,-1,-1
51116,Skycarver Krakit,,31574,55564,0,-1,0,0,0,0,0,0,0,0,0,0,24982,135,464,0,3,37290048,0,268435456,0,0,0,-1,-1
51117,Bajiani the Slick,,31575,55564,0,-1,0,0,0,0,0,0,0,0,0,0,24983,135,464,0,3,37290048,0,268435456,0,0,0,-1,-1
51118,Bloodwing Bonepicker,,31576,55564,0,-1,0,0,0,0,0,0,0,0,0,0,24984,135,464,0,3,37290048,0,268435456,0,0,0,-1,-1
51119,Vathikur,,31577,55564,0,-1,0,0,0,0,0,0,0,0,0,0,24985,135,464,0,3,37290048,0,268435456,0,0,0,-1,-1
51120,"Stef ""Marrow"" Quin",,31578,55564,0,-1,0,0,0,0,0,0,0,0,0,0,24986,135,464,0,3,37290048,0,268435456,0,0,0,-1,-1
51121,Enraged Krolusk,,31579,55564,0,-1,0,0,0,0,0,0,0,0,0,0,24987,135,464,0,3,37290048,0,268435456,0,0,0,-1,-1
51122,Scorpox,,31580,55564,0,-1,0,0,0,0,0,0,0,0,0,0,24988,135,464,0,3,37290048,0,268435456,0,0,0,-1,-1
51123,Sirokar,,31581,55564,0,-1,0,0,0,0,0,0,0,0,0,0,24989,135,464,0,3,37290048,0,268435456,0,0,0,-1,-1
51124,Relic Hunter Hazaak,,31582,55564,0,-1,0,0,0,0,0,0,0,0,0,0,24990,135,464,0,3,37290048,0,268435456,0,0,0,-1,-1
51125,Jungleweb Hunter,,31583,55564,0,-1,0,0,0,0,0,0,0,0,0,0,24991,135,464,0,3,37290048,0,268435456,0,0,0,-1,-1
51127,Getting Out of Hand,,31585,67687,0,-1,5,0,0,0,0,0,0,0,0,0,24844,109,464,0,3,41484288,8192,268435456,0,0,0,-1321907123,1427461461
51131,Absolutely Barbaric,,31587,55564,0,-1,0,0,0,0,0,0,0,0,0,0,24843,109,464,0,3,41484288,8192,268435456,0,0,0,-1321907123,1427461461
51153,Mor'fani the Exile,,31606,55564,0,-1,0,0,0,0,0,0,0,0,0,0,25012,136,464,0,3,37289984,0,268435456,0,0,0,-1,-1
51154,Past Due,,31607,55564,0,-1,0,0,0,0,0,0,0,0,0,0,24841,109,464,0,3,41484288,8192,268435456,0,0,0,-1321907123,1427461461
51155,Brgl-Lrgl the Basher,,31608,55564,0,-1,0,0,0,0,0,0,0,0,0,0,25014,136,464,0,3,37289984,0,268435456,0,0,0,-1,-1
51156,Fangcaller Xorreth,,31609,55564,0,-1,0,0,0,0,0,0,0,0,0,0,25015,136,464,0,3,37289984,0,268435456,0,0,0,-1,-1
51157,Golanar,,31610,55564,0,-1,0,0,0,0,0,0,0,0,0,0,25242,136,464,0,3,37289984,0,268435456,0,0,0,-1,-1
51166,Down to the Roots,,31619,55564,0,-1,0,0,0,0,0,0,0,0,0,0,24840,109,464,0,3,41484288,8192,268435456,0,0,0,-1321907123,1427461461
51172,Forked Lightning,,31018,55564,0,-1,0,0,0,0,0,0,0,0,0,0,24839,109,464,0,3,41484288,8192,268435456,0,0,0,-1321907123,1427461461
51173,Sandfishing,,31625,55564,0,-1,0,0,0,0,0,0,0,0,0,0,25029,109,464,0,3,7929856,8192,268435456,0,0,0,1309324210,-1440044374
51174,Instructions Not Included,,31626,55564,0,-1,0,0,0,0,0,0,0,0,0,0,25026,109,464,0,3,37289984,8192,268435456,0,0,0,1309324210,-1440044374
51175,Azerite Wounds,,31627,55564,0,-1,0,0,0,0,0,0,0,0,0,0,25031,151,464,0,3,7929856,8192,268435456,0,0,0,-1,-1
51176,Unaccounted For,,31628,55564,0,-1,0,0,0,0,0,0,0,0,0,159761,25597,109,464,0,3,41484288,8192,268435456,0,0,0,-1321907123,1427461461
51178,Hundred Troll Holdout,,31630,55564,0,-1,0,0,0,0,0,0,0,0,0,0,25090,109,464,0,3,37289984,8192,268435456,0,0,0,-1321907123,1427461461
51179,Azerite Madness,,31631,55564,0,-1,0,0,0,0,0,0,0,0,0,0,25033,151,464,0,3,7930112,8192,268435456,0,0,0,-1,-1
51180,Instructions Not Included,,31632,55564,0,-1,0,0,0,0,0,0,0,0,0,0,25027,109,464,0,3,37289984,8192,268435456,0,0,0,1309324210,-1440044374
51181,Instructions Not Included,,31633,55564,0,-1,0,0,0,0,0,0,0,0,0,0,25028,109,464,0,3,37289984,8192,268435456,0,0,0,1309324210,-1440044374
51185,Azerite Empowerment,,31635,55564,0,-1,0,0,0,0,0,0,0,0,0,0,25034,151,464,0,3,3735552,0,268435456,0,0,0,-1,-1
51198,Fertilizer Duty,,31640,55564,0,-1,0,0,0,0,0,0,0,0,0,0,25038,109,464,0,3,41484288,8192,268435456,0,0,0,1309324210,-1440044374
51210,Blast Back the Siege,,31651,55564,0,-1,0,0,0,0,0,0,0,0,0,0,25044,109,464,0,3,36241408,8192,268435456,0,0,0,1309324210,-1440044374
51212,Waycrest Manor: Witchy Kitchen,,31653,55564,0,-1,0,0,0,0,0,0,0,0,0,0,25045,137,464,0,3,34144256,0,268435458,0,0,0,-1,-1
51213,Waycrest Manor: No need to Hag-gle,,31654,55564,0,-1,0,0,0,0,0,0,0,0,0,0,25046,137,464,0,3,34144320,0,268435458,0,0,0,-1,-1
51216,Waycrest Manor: Something to Crow About,,31657,55564,0,-1,0,0,0,0,0,0,0,0,0,0,25047,137,464,0,3,34144320,0,268435458,0,0,0,-1,-1
51223,Walking on Broken Glass,,31664,55564,0,-1,0,0,0,0,0,0,0,0,0,0,25051,109,464,0,3,41484544,0,268435456,0,0,0,1309324210,-1440044374
51225,Albatrocity,,31666,55564,0,-1,0,0,0,0,0,0,0,0,0,0,25054,109,464,0,3,34144256,0,268435456,0,0,0,-1321907123,1427461461
51228,"Instant Meat, Ready to Eat",,31668,55564,0,-1,0,0,0,0,0,0,0,0,0,159796,25061,109,464,0,3,34275328,0,268435456,0,0,0,1309324210,-1440044374
51232,Hundred Troll Holdout,,31672,55564,0,-1,0,0,0,0,0,0,0,0,0,0,25089,109,464,0,3,37289984,8192,268435456,0,0,0,1309324210,-1440044374
51238,Abandoned in the Burrows,,31675,55564,0,-1,0,0,0,0,0,0,0,0,0,0,25062,109,464,0,3,34144256,8192,268435456,0,0,0,1309324210,-1440044374
51239,Instructions Not Included,,31676,55564,0,-1,0,0,0,0,0,0,0,0,0,0,25063,109,464,0,3,37289984,8192,268435456,0,0,0,1309324210,-1440044374
51241,The Bear Witch Project,,31678,55564,0,-1,0,0,0,0,0,0,0,0,0,0,25065,109,464,0,3,34144256,0,268435456,0,0,0,-1321907123,1427461461
51245,I'm a Lumberjack and I'm Okay,,31682,55564,0,-1,0,0,0,0,0,0,0,0,0,0,25066,109,464,0,3,34144256,0,268435456,0,0,0,-1321907123,1427461461
51250,Buzz Off!,,31687,55564,0,-1,0,0,0,0,0,0,0,0,0,0,25067,109,464,0,3,41484608,0,268435456,0,0,0,1309324210,-1440044374
51252,Kiro's Desert Flower,,31689,55564,0,-1,0,0,0,0,0,0,0,0,0,0,25070,109,464,0,3,34275328,0,268435456,0,0,0,1309324210,-1440044374
51284,Falcon Hunt,,31697,55564,0,-1,0,0,0,0,0,0,0,0,0,152643,25931,109,464,0,3,34144256,8192,268435456,0,0,0,-1321907123,1427461461
51285,Feeding Frenzy,,31698,55564,0,-1,0,0,0,0,0,0,0,0,0,0,25080,109,464,0,3,7929856,8192,268435456,0,0,0,1309324210,-1440044374
51287,Tol Dagor: Sealed Supplies,,31700,55564,0,-1,0,0,0,0,0,0,0,0,0,0,25081,137,464,0,3,35192832,0,268435458,0,0,0,-1,-1
51296,Tol Dagor: The Overseer's Pride,,31701,55564,0,-1,0,0,0,0,0,0,0,0,0,0,25085,137,464,0,3,35192832,0,268435458,0,0,0,-1,-1
51297,Tol Dagor: Shorefront Property,,31702,55564,0,-1,0,0,0,0,0,0,0,0,0,0,25088,137,464,0,3,35192832,0,268435458,0,0,0,-1,-1
51311,Energizing Extract,,31709,55564,0,-1,0,0,0,0,0,0,0,0,0,0,25891,109,464,0,3,34144256,0,268435456,0,0,0,-1321907123,1427461461
51315,Wild Flutterbies,,31713,55564,0,-1,0,0,0,0,0,0,0,0,0,0,25093,109,464,0,3,38338560,8192,268435456,0,0,0,1309324210,-1440044374
51316,Walking in a Spiderweb,,31714,55564,0,-1,0,0,0,0,0,0,0,0,0,0,25094,109,464,0,3,41484288,8192,268435456,0,0,0,1309324210,-1440044374
51317,Grounding the Grimestone,,31715,55564,0,-1,0,0,0,0,0,0,0,0,0,0,25929,109,464,0,3,34144256,0,268435456,0,0,0,-1321907123,1427461461
51318,Go for the Boat,,31716,55564,0,-1,0,0,0,0,0,0,0,0,0,0,25236,109,464,0,3,40435712,8192,268435456,0,0,0,-1321907123,1427461461
51322,Wings and Stingers,,31720,55564,0,-1,0,0,0,0,0,0,0,0,0,0,25098,109,464,0,3,38338560,8192,268435456,0,0,0,1309324210,-1440044374
51330,Resilient Seeds,,31721,55564,0,-1,0,0,0,0,0,0,0,0,0,0,25096,109,464,0,3,41484544,0,268435456,0,0,0,1309324210,-1440044374
51333,Anchors Aweigh!,,31724,55564,0,-1,0,0,0,0,0,0,0,0,0,0,25237,109,464,0,3,40435712,8192,268435456,0,0,0,-1321907123,1427461461
51373,Ears Everywhere,,31761,55564,0,-1,0,0,0,0,0,0,0,0,0,0,25116,109,464,0,3,41484544,0,268435456,0,0,0,-1321907123,1427461461
51374,Unending Gorilla Warfare,,31762,66345,0,-1,0,0,0,0,0,0,0,0,0,0,25121,109,464,0,3,37290304,0,268435456,0,0,0,-1321907123,1427461461
51377,Temple of Sethraliss: Ecological Research,,31765,55564,0,-1,0,0,0,0,0,0,0,0,0,0,25124,137,464,0,3,35193088,0,268435458,0,0,0,-1,-1
51378,Temple of Sethraliss: A Bazaar Menagerie,,31766,55564,0,-1,0,0,0,0,0,0,0,0,0,0,25125,137,464,0,3,35193088,0,268435458,0,0,0,-1,-1
51379,Temple of Sethraliss: Navigating Currents,,31767,55564,0,-1,0,0,0,0,0,0,0,0,0,0,25126,137,464,0,3,35193088,0,268435458,0,0,0,-1,-1
51385,A Supply of Stingers,,31771,67806,0,-1,0,0,0,0,0,0,0,0,0,0,25127,109,464,0,3,34144256,0,268435456,0,0,0,-1321907123,1427461461
51388,Stopping the Infestation,,31773,55564,0,-1,0,0,0,0,0,0,0,0,0,0,25128,109,464,0,3,34144256,0,268435456,0,0,0,-1321907123,1427461461
51397,Up In Your Drill,,31780,55564,0,-1,0,0,0,0,0,0,0,0,0,0,25363,109,464,0,3,40435712,8192,268435456,0,0,0,-1321907123,1427461461
51405,Corruption in the Bay,,31786,55564,0,-1,0,0,0,0,0,0,0,0,0,0,25132,109,464,0,3,34144256,0,268435456,0,0,0,-1321907123,1427461461
51406,The Lord's Hunt,,31788,70114,0,-1,0,0,0,0,0,0,0,0,0,0,25930,109,464,0,3,34144256,0,268435456,0,0,0,-1321907123,1427461461
51411,Azerite Mining,,31791,55564,0,-1,0,0,0,0,0,0,0,0,0,0,25017,151,464,0,3,272171008,0,268435456,0,0,0,-1,-1
51412,Azerite Empowerment,,31792,55564,0,-1,0,0,0,0,0,0,0,0,0,0,25005,151,464,0,3,3735552,0,268435456,0,0,0,-1,-1
51415,Azerite Madness,,31794,55564,0,-1,0,0,0,0,0,0,0,0,0,0,25018,151,464,0,3,7929856,8192,268435456,0,0,0,-1,-1
51422,Azerite Madness,,31798,55564,0,-1,0,0,0,0,0,0,0,0,0,0,25162,151,464,0,3,7929856,8192,268435456,0,0,0,-1,-1
51428,Azerite Wounds,,31802,55564,0,-1,0,0,0,0,0,0,0,0,0,0,25161,151,464,0,3,7929856,8192,268435456,0,0,0,-1,-1
51429,King Clickyclack,,31803,55564,0,-1,0,0,0,0,0,0,0,0,0,0,25171,135,464,0,3,37290048,0,268435456,0,0,0,-1,-1
51431,Soul Goliath,,31805,55564,0,-1,0,0,0,0,0,0,0,0,0,0,25176,136,464,0,3,34144256,0,268435456,0,0,0,-1,-1
51433,Matron Morana,,31807,55564,0,-1,0,0,0,0,0,0,0,0,0,0,25175,136,464,0,3,34144256,0,268435456,0,0,0,-1,-1
51434,Stone Golem,,31808,55564,0,-1,0,0,0,0,0,0,0,0,0,0,25177,136,464,0,3,34144256,0,268435456,0,0,0,-1,-1
51444,Azerite Empowerment,,31818,55564,0,-1,0,0,0,0,0,0,0,0,0,0,25166,151,464,0,3,3735552,0,268435456,0,0,0,-1,-1
51450,Azerite Mining,,31824,55564,0,-1,0,0,0,0,0,0,0,0,0,0,25165,151,464,0,3,272171008,0,268435456,0,0,0,-1,-1
51453,"Shrine of the Storm: Behold, Pure Water",,31825,55564,0,-1,0,0,0,0,0,0,0,0,0,0,25180,137,464,0,3,35192832,0,268435458,0,0,0,-1,-1
51454,Once More Into Battle,,31826,55564,0,-1,0,0,0,0,0,0,0,0,0,0,25181,109,464,0,3,34144256,0,268435456,0,0,0,-1321907123,1427461461
51455,Shrine of the Storm: Cleansing Fonts,,31827,55564,0,-1,0,0,0,0,0,0,0,0,0,0,25182,137,464,0,3,35192832,0,268435458,0,0,0,-1,-1
51456,Shrine of the Storm: Crawling Corruption,,31828,55564,0,-1,0,0,0,0,0,0,0,0,0,0,25183,137,464,0,3,35192832,0,268435458,0,0,0,-1,-1
51457,Whargarble the Ill-Tempered,,31829,55564,0,-1,0,0,0,0,0,0,0,0,0,0,25184,135,464,0,3,34144320,0,268435456,0,0,0,-1,-1
51461,Deathcap,,31830,55564,0,-1,0,0,0,0,0,0,0,0,0,0,25185,135,464,0,3,34144320,0,268435456,0,0,0,-1,-1
51462,Paratroopers,,31831,55564,0,-1,0,0,0,0,0,0,0,0,0,0,25389,109,464,0,3,36241408,0,268435456,0,0,0,1309324210,-1440044374
51463,Sky Drop Rescue,,31832,55564,0,-1,0,0,0,0,0,0,0,0,0,0,25390,109,464,0,3,36241408,0,268435456,0,0,0,1309324210,-1440044374
51466,Arvon the Betrayed,,31834,55564,0,-1,0,0,0,0,0,0,0,0,0,0,25187,135,464,0,3,34144320,0,268435456,0,0,0,-1,-1
51467,Hyo'gi,,31835,55564,0,-1,0,0,0,0,0,0,0,0,0,0,25188,135,464,0,3,34144320,0,268435456,0,0,0,-1,-1
51468,Bonesquall,,31836,55564,0,-1,0,0,0,0,0,0,0,0,0,0,25189,135,464,0,3,34144320,0,268435456,0,0,0,-1,-1
51469,Betsy,,31837,55564,0,-1,0,0,0,0,0,0,0,0,0,0,25190,135,464,0,3,34144320,0,268435456,0,0,0,-1,-1
51475,Brutal Escort,,31842,55564,0,-1,0,0,0,0,0,0,0,0,0,0,25193,109,464,0,3,34144256,0,268435456,0,0,0,1309324210,-1440044374
51491,Balethorn,,31853,55564,0,-1,0,0,0,0,0,0,0,0,0,0,25195,135,464,0,3,34144320,0,268435456,0,0,0,-1,-1
51494,The Blood Gate,,31856,67077,0,-1,0,0,0,0,0,0,0,0,0,0,25199,109,464,0,3,34144256,0,268435456,0,0,0,1309324210,-1440044374
51495,Old Rotana,,31857,57393,0,-1,0,0,0,0,0,0,0,0,0,0,25200,109,464,0,3,38338560,8192,268435456,0,0,0,1309324210,-1440044374
51496,Loa Your Standards,,31858,65496,0,-1,0,0,0,0,0,0,0,0,0,0,25202,109,464,0,3,34144256,0,268435456,0,0,0,1309324210,-1440044374
51497,Hex Education,,31859,65496,0,-1,0,0,0,0,0,0,0,0,0,160307,25201,109,464,0,3,34275328,0,268435456,0,0,0,1309324210,-1440044374
51500,Kings' Rest: The Weaponmaster Walks Again,,31861,55564,0,-1,0,0,0,0,0,0,0,0,0,0,26091,137,464,0,3,34144320,0,268435458,0,0,0,-1,-1
51501,Kings' Rest: Malfunction Junction,,31862,55564,0,-1,0,0,0,0,0,0,0,0,0,0,26105,137,464,0,3,34144256,0,268435458,0,0,0,-1,-1
51502,Kings' Rest: Kingsguard,,31863,55564,0,-1,0,0,0,0,0,0,0,0,0,0,26106,137,464,0,3,34144256,0,268435458,0,0,0,-1,-1
51505,Quillrat Matriarch,,31865,55564,0,-1,0,0,0,0,0,0,0,0,0,0,25203,135,464,0,3,34144320,0,268435456,0,0,0,-1,-1
51506,Barbthorn Queen,,31866,55564,0,-1,0,0,0,0,0,0,0,0,0,0,25205,135,464,0,3,34144320,0,268435456,0,0,0,-1,-1
51507,Gorehorn,,31867,55564,0,-1,0,0,0,0,0,0,0,0,0,0,25209,135,464,0,3,34144320,0,268435456,0,0,0,-1,-1
51508,Vicemaul,,31868,55564,0,-1,0,0,0,0,0,0,0,0,0,0,25210,135,464,0,3,34144320,0,268435456,0,0,0,-1,-1
51512,Bilefang Mother,,31869,67266,0,-1,0,0,0,0,0,0,0,0,0,0,25211,135,464,0,3,34144320,0,268435456,0,0,0,-1,-1
51527,Executioner Blackwell,,31880,55564,0,-1,0,0,0,0,0,0,0,0,0,0,25218,135,464,0,3,34144320,0,268435456,0,0,0,-1,-1
51528,Captain Leadfist,,31881,55564,0,-1,0,0,0,0,0,0,0,0,0,0,25219,135,464,0,3,34144320,0,268435456,0,0,0,-1,-1
51529,Talon,,31882,55564,0,-1,0,0,0,0,0,0,0,0,0,0,25220,135,464,0,3,34144320,0,268435456,0,0,0,-1,-1
51530,Wedding Crashers,,31883,55564,0,-1,0,0,0,0,0,0,0,0,0,0,25224,109,464,0,3,34144256,0,268435456,0,0,0,-1321907123,1427461461
51534,The Battle for Brennadam,,31886,0,0,-1,1,0,0,0,0,0,0,0,0,0,0,0,1405,0,3,34144256,0,268468224,51163,0,0,-1321907123,1427461461
51541,Arclight,,31892,55564,0,-1,0,0,0,0,0,0,0,0,0,0,25230,135,464,0,3,34144320,0,268435456,0,0,0,-1,-1
51542,Avalanche,,31893,55564,0,-1,0,0,0,0,0,0,0,0,0,0,25231,135,464,0,3,34144320,0,268435456,0,0,0,-1,-1
51546,It's the Pits,,31897,55564,0,-1,0,0,0,0,0,0,0,0,0,0,24837,109,464,0,3,272171264,0,268435456,0,0,0,-1321907123,1427461461
51548,Nagative Feedback,,31899,55564,0,-1,0,0,0,0,0,0,0,0,0,0,25594,109,464,0,3,41484288,8192,268435456,0,0,0,-1321907123,1427461461
51550,Bubbles and Trouble,,31901,55564,0,-1,0,0,0,0,0,0,0,0,0,0,25802,109,464,0,3,41484288,8192,268435456,0,0,0,-1321907123,1427461461
51558,Spider Scorching,,31909,55564,0,-1,0,0,0,0,0,0,0,0,0,160870,25529,109,464,0,3,37289984,0,268435456,0,0,0,1309324210,-1440044374
51559,Damaged Goods,,31910,55564,0,-1,0,0,0,0,0,0,0,0,0,160923,25565,109,464,0,3,37421056,0,268435456,0,0,0,1309324210,-1440044374
51561,Spider Scorching,,31912,55564,0,-1,0,0,0,0,0,0,0,0,0,160870,25530,109,464,0,3,37289984,0,268435456,0,0,0,-1321907123,1427461461
51562,Damaged Goods,,31913,55564,0,-1,0,0,0,0,0,0,0,0,0,160923,25564,109,464,0,3,37421056,0,268435456,0,0,0,-1321907123,1427461461
51564,Fertilizer Duty,,31915,55564,0,-1,0,0,0,0,0,0,0,0,0,0,25568,109,464,0,3,41484288,8192,268435456,0,0,0,-1321907123,1427461461
51565,Feeding Frenzy,,31916,55564,0,-1,0,0,0,0,0,0,0,0,0,0,25569,109,464,0,3,7929856,8192,268435456,0,0,0,-1321907123,1427461461
51566,Resurgence of the Beast,,31917,55564,0,-1,0,0,0,0,0,0,0,0,0,0,25246,109,464,0,3,34144256,0,268435456,0,0,0,-1321907123,1427461461
51576,Any Witch Way but Dead,,31927,55564,0,-1,0,0,0,0,0,0,0,0,0,0,25254,109,464,0,3,37289984,0,268435456,0,0,0,-1321907123,1427461461
51577,Defending the Academy,,31928,68021,0,-1,0,0,0,0,0,0,0,0,0,0,25259,109,464,0,3,38338560,8192,268435456,0,0,0,-1321907123,1427461461
51578,The Sea Runs Red,,31929,55564,0,-1,0,0,0,0,0,0,0,0,0,0,25259,109,464,0,3,40435712,8192,268435456,0,0,0,1309324210,-1440044374
51579,Dark Ranger Clea,,31930,55564,0,-1,0,0,0,0,0,0,0,0,0,0,25260,136,464,0,3,38338560,8192,268435456,0,0,0,-1321907123,1427461461
51580,Rear Admiral Hainsworth,,31931,55564,0,-1,0,0,0,0,0,0,0,0,0,0,25260,136,464,0,3,40435712,8192,268435456,0,0,0,1309324210,-1440044374
51581,Azerite Mining,,31932,55564,0,-1,0,0,0,0,0,0,0,0,0,0,25255,151,464,0,3,272171008,0,268435456,0,0,0,-1,-1
51583,Azerite Wounds,,31934,55564,0,-1,0,0,0,0,0,0,0,0,0,0,25256,151,464,0,3,7929856,8192,268435456,0,0,0,-1,-1
51584,Azerite Madness,,31935,55564,0,-1,0,0,0,0,0,0,0,0,0,0,25257,151,464,0,3,7929856,8192,268435456,0,0,0,-1,-1
51585,Quit Your Witchin',,31936,55564,0,-1,1,0,0,0,0,0,0,0,0,0,25272,109,464,0,3,3735616,0,268435456,0,0,0,-1321907123,1427461461
51586,Azerite Empowerment,,31937,55564,0,-1,0,0,0,0,0,0,0,0,0,0,25258,151,464,0,3,3735552,0,268435456,0,0,0,-1,-1
51588,Familiar Foes,,31939,55564,0,-1,0,0,0,0,0,0,0,0,0,0,25437,109,464,0,3,34144256,0,268435456,0,0,0,-1321907123,1427461461
51604,Hunters Hunted,,31954,55564,0,-1,0,0,0,0,0,0,0,0,0,0,25514,109,464,0,3,34144320,0,268435456,0,0,0,-1321907123,1427461461
51608,Azerite Madness,,31955,67313,0,-1,0,0,0,0,0,0,0,0,0,0,25275,151,464,0,3,7929856,8192,268435456,0,0,0,-1,-1
51609,Azerite Wounds,,31956,67313,0,-1,0,0,0,0,0,0,0,0,0,0,25276,151,464,0,3,7929856,8192,268435456,0,0,0,-1,-1
51610,Adhara White,,31957,55564,0,-1,0,0,0,0,0,0,0,0,0,0,25286,136,464,0,3,38338560,8192,268435456,0,0,0,-1,-1
51611,Ghost of the Deep,,31958,55564,0,-1,0,0,0,0,0,0,0,0,0,0,25287,136,464,0,3,38338560,8192,268435456,0,0,0,-1,-1
51612,Azerite Empowerment,,31959,67266,0,-1,0,0,0,0,0,0,0,0,0,0,25274,151,464,0,3,3735552,0,268435456,0,0,0,-1,-1
51613,Bloodmaw,,31960,55564,0,-1,0,0,0,0,0,0,0,0,0,0,25288,136,464,0,3,38338560,8192,268435456,0,0,0,-1,-1
51615,Azerite Mining,,31961,67313,0,-1,0,0,0,0,0,0,0,0,0,0,25273,151,464,0,3,272171008,0,268435456,0,0,0,-1,-1
51616,A Final Rest,,31962,55564,0,-1,0,0,0,0,0,0,0,0,0,0,25293,109,464,0,3,37289984,0,268435456,0,0,0,-1321907123,1427461461
51617,Azerite Empowerment,,31963,55564,0,-1,0,0,0,0,0,0,0,0,0,0,25291,151,464,0,3,3735552,0,268435456,0,0,0,-1,-1
51618,Azerite Madness,,31964,55564,0,-1,0,0,0,0,0,0,0,0,0,0,25290,151,464,0,3,7929856,8192,268435456,0,0,0,-1,-1
51619,Trapline,,31965,55564,0,-1,0,0,0,0,0,0,0,0,0,0,25441,109,464,0,3,34144256,0,268435456,0,0,0,-1321907123,1427461461
51620,Natural Resources,,31966,55564,0,-1,0,0,0,0,0,0,0,0,0,0,25442,109,464,0,3,37289984,0,268435456,0,0,0,-1321907123,1427461461
51621,Tidal Teachings,,33435,55564,0,-1,0,0,0,0,0,0,0,0,0,0,25296,109,464,0,3,38338560,8192,268435456,0,0,0,-1321907123,1427461461
51622,Tidal Teachings,,31967,55564,0,-1,0,0,0,0,0,0,0,0,0,0,25298,109,464,0,3,38338560,8192,268435456,0,0,0,1309324210,-1440044374
51623,Azerite Wounds,,31968,55564,0,-1,0,0,0,0,0,0,0,0,0,0,25289,151,464,0,3,7929856,8192,268435456,0,0,0,-1,-1
51625,Shell Game,,31970,55564,0,-1,0,0,0,0,0,0,0,0,0,0,25300,152,464,0,3,-2110193408,0,268435456,0,0,0,-1,-1
51626,Shell Game,,31971,55564,0,-1,0,0,0,0,0,0,0,0,0,0,25301,152,464,0,3,-2110193408,0,268435456,0,0,0,-1,-1
51627,Shell Game,,31972,55564,0,-1,0,0,0,0,0,0,0,0,0,0,25302,152,464,0,3,-2110193408,0,268435456,0,0,0,-1,-1
51628,Shell Game,,31973,55564,0,-1,0,0,0,0,0,0,0,0,0,0,25303,152,464,0,3,-2110193408,0,268435456,0,0,0,-1,-1
51629,Shell Game,,31974,67936,0,-1,0,0,0,0,0,0,0,0,0,0,25304,152,464,0,3,-2105999104,8192,268435456,0,0,0,-1,-1
51630,Shell Game,,31975,55564,0,-1,0,0,0,0,0,0,0,0,0,0,25305,152,464,0,3,-2110193408,0,268435456,0,0,0,-1,-1
51631,Make Loh Go,,31976,55564,0,-1,0,0,0,0,0,0,0,0,0,0,25306,152,464,0,3,-2110193408,0,268435456,0,0,0,-1,-1
51632,Make Loh Go,,31977,66774,0,-1,0,0,0,0,0,0,0,0,0,0,25307,152,464,0,3,-2110193408,0,268435456,0,0,0,-1,-1
51633,Make Loh Go,,31978,55564,0,-1,0,0,0,0,0,0,0,0,0,0,25308,152,464,0,3,-2110193408,0,268435456,0,0,0,-1,-1
51634,Make Loh Go,,31979,55564,0,-1,0,0,0,0,0,0,0,0,0,0,25309,152,464,0,3,-2110193408,0,268435456,0,0,0,-1,-1
51635,Make Loh Go,,31980,55564,0,-1,0,0,0,0,0,0,0,0,0,0,25310,152,464,0,3,-2105999104,8192,268435456,0,0,0,-1,-1
51636,Make Loh Go,,31981,55564,0,-1,0,0,0,0,0,0,0,0,0,0,25311,152,464,0,3,-2110193408,0,268435456,0,0,0,-1,-1
51637,Beachhead,,31982,55564,0,-1,0,0,0,0,0,0,0,0,0,0,25312,152,464,0,3,-2110193408,0,268435456,0,0,0,-1,-1
51638,Beachhead,,31983,55564,0,-1,0,0,0,0,0,0,0,0,0,0,25313,152,464,0,3,-2110193408,0,268435456,0,0,0,-1,-1
51639,Beachhead,,31984,55564,0,-1,0,0,0,0,0,0,0,0,0,0,25314,152,464,0,3,-2110193408,8192,268435456,0,0,0,-1,-1
51640,Beachhead,,31985,67269,0,-1,0,0,0,0,0,0,0,0,0,0,25315,152,464,0,3,-2110193408,0,268435456,0,0,0,-1,-1
51641,Beachhead,,31986,55564,0,-1,0,0,0,0,0,0,0,0,0,0,25316,152,464,0,3,-2110193408,0,268435456,0,0,0,-1,-1
51642,Beachhead,,31987,55564,0,-1,0,0,0,0,0,0,0,0,0,0,25317,152,464,0,3,-2110193408,0,268435456,0,0,0,-1,-1
51644,Azerite Mining,,31989,55564,0,-1,0,0,0,0,0,0,0,0,0,0,25292,151,464,0,3,272171008,0,268435456,0,0,0,-1,-1
51646,Polly Want A Cracker?,,30649,55564,0,-1,0,0,0,0,0,0,0,0,0,154878,25319,109,464,0,3,38338560,8192,268435456,0,0,0,1309324210,-1440044374
51647,Crews of Freehold,,33432,55564,0,-1,0,0,0,0,0,0,0,0,0,0,25320,109,464,0,3,4784128,8193,268435456,0,0,0,1309324210,-1440044374
51651,Squacks,,31993,55564,0,-1,0,0,0,0,0,0,0,0,0,0,25321,135,464,0,3,38338624,8192,268435456,0,0,0,-1,-1
51652,Barman Bill,,31994,55564,0,-1,0,0,0,0,0,0,0,0,0,0,25324,135,464,0,3,38338624,8192,268435456,0,0,0,-1,-1
51653,Auditor Dolp,,31995,55564,0,-1,0,0,0,0,0,0,0,0,0,0,25325,135,464,0,3,38338624,8192,268435456,0,0,0,-1,-1
51654,Fowlmouth,,31996,55564,0,-1,0,0,0,0,0,0,0,0,0,0,25326,135,464,0,3,38338624,8192,268435456,0,0,0,-1,-1
51655,Teres,,31997,55564,0,-1,0,0,0,0,0,0,0,0,0,0,25330,135,464,0,3,38338624,8192,268435456,0,0,0,-1,-1
51656,Saurolisk Tamer Mugg,,31998,55564,0,-1,0,0,0,0,0,0,0,0,0,0,25339,135,464,0,3,38338624,8192,268435456,0,0,0,-1,-1
51657,Twin-Hearted Construct,,31999,55564,0,-1,0,0,0,0,0,0,0,0,0,0,25340,135,464,0,3,38338624,8192,268435456,0,0,0,-1,-1
51658,Fly the Coop!,,32000,55564,0,-1,0,0,0,0,0,0,0,0,0,0,25347,109,464,0,3,34144256,0,268435456,0,0,0,-1321907123,1427461461
51659,Merianae,,32001,55564,0,-1,0,0,0,0,0,0,0,0,0,0,25341,135,464,0,3,38338624,8192,268435456,0,0,0,-1,-1
51660,Pack Leader Asenya,,32002,55564,0,-1,0,0,0,0,0,0,0,0,0,0,25342,135,464,0,3,38338624,8192,268435456,0,0,0,-1,-1
51661,Raging Swell,,32003,55564,0,-1,0,0,0,0,0,0,0,0,0,0,25343,135,464,0,3,38338624,8192,268435456,0,0,0,-1,-1
51662,Foxhollow Skyterror,,32004,55564,0,-1,0,0,0,0,0,0,0,0,0,0,25344,135,464,0,3,38338624,8192,268435456,0,0,0,-1,-1
51664,Kulett the Ornery,,32006,55564,0,-1,0,0,0,0,0,0,0,0,0,0,25345,135,464,0,3,38338624,8192,268435456,0,0,0,-1,-1
51665,Broodmother Razora,,32007,55564,0,-1,0,0,0,0,0,0,0,0,0,0,25346,135,464,0,3,38338624,8192,268435456,0,0,0,-1,-1
51666,Bashmu,,32008,55564,0,-1,0,0,0,0,0,0,0,0,0,0,25348,135,464,0,3,38338624,8192,268435456,0,0,0,-1,-1
51667,This Bird You Cannot Change,,32009,55564,0,-1,0,0,0,0,0,0,0,0,0,157845,25352,109,464,0,3,34275328,0,268435456,0,0,0,-1321907123,1427461461
51669,Black-Eyed Bart,,32011,55564,0,-1,0,0,0,0,0,0,0,0,0,0,25349,135,464,0,3,38338624,8192,268435456,0,0,0,-1,-1
51670,Lumbergrasp Sentinel,,32012,55564,0,-1,0,0,0,0,0,0,0,0,0,0,25350,135,464,0,3,38338624,8192,268435456,0,0,0,-1,-1
51671,Billy Goat Barber,,33434,70114,0,-1,0,0,0,0,0,0,0,0,0,153596,25351,109,464,0,3,34144256,0,268435456,0,0,0,1309324210,-1440044374
51672,Tangled Webs,,32013,55564,0,-1,0,0,0,0,0,0,0,0,0,0,25353,109,464,0,3,34144256,0,268435456,0,0,0,-1321907123,1427461461
51676,What a Gull Wants,,32018,55564,0,-1,0,0,0,0,0,0,0,0,0,0,25369,109,464,0,3,34144256,0,268435456,0,0,0,-1321907123,1427461461
51681,Basic Witch,,32023,55564,0,-1,0,0,0,0,0,0,0,0,0,0,25372,109,464,0,3,34144256,0,268435456,0,0,0,-1321907123,1427461461
51682,Witches by the Dozen,,33437,55564,0,-1,0,0,0,0,0,0,0,0,0,0,25370,109,464,0,3,38338560,8192,268435456,0,0,0,-1321907123,1427461461
51683,Slash and Burn Tactics,,32025,55564,0,-1,0,0,0,0,0,0,0,0,0,0,25375,109,464,0,3,34144256,0,268435456,0,0,0,-1321907123,1427461461
51686,Where My Witches at?,,32028,55564,0,-1,5,0,0,0,0,0,0,0,0,0,25376,109,464,0,3,38338560,0,268435456,0,0,0,-1321907123,1427461461
51687,A Smelly Solution,,33438,55564,0,-1,0,0,0,0,0,0,0,0,0,160557,25377,109,464,0,3,38338560,8192,268435456,0,0,0,-1321907123,1427461461
51689,Tortollan Rescue,,32030,61475,0,-1,0,0,0,0,0,0,0,0,0,0,0,0,1403,0,3,34144256,0,268468224,0,0,0,1309324210,-1440044374
51690,The Shadows of Corlain,,32032,55564,0,-1,0,0,0,0,0,0,0,0,0,0,25420,109,464,0,3,38338560,8192,268435456,0,0,0,-1321907123,1427461461
51693,Intercepting the Irontide,,32034,55564,0,-1,0,0,0,0,0,0,0,0,0,0,25385,109,464,0,3,38338624,0,268435456,0,0,0,-1321907123,1427461461
51694,Which Witch?,,32035,55564,0,-1,0,0,0,0,0,0,0,0,0,160571,25392,109,464,0,3,38338560,0,268435456,0,0,0,-1321907123,1427461461
51697,Hunting for Truffle Hunters,,32038,55564,0,-1,0,0,0,0,0,0,0,0,0,0,25391,109,464,0,3,38338560,0,268435456,0,0,0,-1321907123,1427461461
51699,Blighted Monstrosity,,32040,55564,0,-1,0,0,0,0,0,0,0,0,0,0,25518,136,464,0,3,34144256,0,268435456,0,0,0,-1,-1
51706,Deadwood,,32047,55564,0,-1,0,0,0,0,0,0,0,0,0,0,25397,109,464,0,3,41484288,8192,268435456,0,0,0,-1321907123,1427461461
51707,More Valuable Than Gold,,32048,55564,0,-1,0,0,0,0,0,0,0,0,0,0,25396,109,464,0,3,38338560,0,268435456,0,0,0,-1321907123,1427461461
51709,Bombarbment,,33440,55564,0,-1,0,0,0,0,0,0,0,0,0,0,25402,109,464,0,3,38338624,0,268435456,0,0,0,-1321907123,1427461461
51710,Rise of the Yetis,,33441,55564,0,-1,0,0,0,0,0,0,0,0,0,0,25403,109,464,0,3,38338560,0,268435456,0,0,0,-1321907123,1427461461
51719,A Glaive Mistake,,32058,55564,0,-1,0,0,0,0,0,0,0,0,0,0,25405,109,464,0,3,34144256,0,268435456,0,0,0,1309324210,-1440044374
51727,A Shot at the Dark Iron,,32066,55564,0,-1,0,0,0,0,0,0,0,0,0,0,25410,109,464,0,3,38338560,8192,268435456,0,0,0,1309324210,-1440044374
51737,Bruin Potions,,30845,55564,0,-1,1,0,0,0,0,0,0,0,0,0,25411,109,464,0,3,3735552,0,268435456,0,0,0,1309324210,-1440044374
51738,Witches by the Dozen,,32024,55564,0,-1,0,0,0,0,0,0,0,0,0,0,25412,109,464,0,3,38338560,8192,268435456,0,0,0,1309324210,-1440044374
51739,Rise of the Yetis,,32051,55564,0,-1,0,0,0,0,0,0,0,0,0,0,25445,109,464,0,3,38338560,0,268435456,0,0,0,1309324210,-1440044374
51740,Hunting for Truffle Hunters,,32038,55564,0,-1,0,0,0,0,0,0,0,0,0,0,25391,109,464,0,3,38338560,0,268435456,0,0,0,1309324210,-1440044374
51741,Bombarbment,,32050,55564,0,-1,0,0,0,0,0,0,0,0,0,0,25415,109,464,0,3,38338624,0,268435456,0,0,0,1309324210,-1440044374
51742,Intercepting the Irontide,,33439,55564,0,-1,0,0,0,0,0,0,0,0,0,0,25416,109,464,0,3,38338624,0,268435456,0,0,0,1309324210,-1440044374
51743,More Valuable Than Gold,,32048,67266,0,-1,0,0,0,0,0,0,0,0,0,0,25396,109,464,0,3,38338560,0,268435456,0,0,0,1309324210,-1440044374
51745,A Smelly Solution,,32029,55564,0,-1,0,0,0,0,0,0,0,0,0,160557,25418,109,464,0,3,38338560,8192,268435456,0,0,0,1309324210,-1440044374
51746,The Shadows of Corlain,,32032,55564,0,-1,0,0,0,0,0,0,0,0,0,0,25420,109,464,0,3,38338560,8192,268435456,0,0,0,1309324210,-1440044374
51747,Early Warning,,32076,55564,0,-1,1,0,0,0,0,0,0,0,0,0,25424,109,464,0,3,3735552,0,268435456,0,0,0,1309324210,-1440044374
51754,Dogged Tenacity,,32083,55564,0,-1,0,0,0,0,0,0,0,0,0,0,25425,109,464,0,3,38338560,8192,268435456,0,0,0,1309324210,-1440044374
51758,Weapons Shipment,,32087,55564,0,-1,0,0,0,0,0,0,0,0,0,0,25388,109,464,0,3,34144256,0,268435456,0,0,0,-1321907123,1427461461
51759,Seabreaker Skoloth,,32088,55564,0,-1,0,0,0,0,0,0,0,0,0,0,25433,135,464,0,3,41484352,8192,268435456,0,0,0,-1,-1
51760,Ranishu Feeding Frenzy,,32089,55564,0,-1,0,0,0,0,0,0,0,0,0,0,25434,109,464,0,3,38338816,8192,268435456,0,0,0,-1321907123,1427461461
51761,Familiar Foes,,31939,55564,0,-1,0,0,0,0,0,0,0,0,0,0,25437,109,464,0,3,34144256,0,268435456,0,0,0,1309324210,-1440044374
51763,Zem'lan Rescue,,32091,55564,0,-1,0,0,0,0,0,0,0,0,0,0,25438,109,464,0,3,34144512,0,268435456,0,0,0,1309324210,-1440044374
51764,Hunters Hunted,,31954,55564,0,-1,0,0,0,0,0,0,0,0,0,0,25514,109,464,0,3,34144320,0,268435456,0,0,0,1309324210,-1440044374
51765,Tangled Webs,,33436,55564,0,-1,0,0,0,0,0,0,0,0,0,0,25440,109,464,0,3,34144256,0,268435456,0,0,0,1309324210,-1440044374
51767,Trapline,,31965,55564,0,-1,0,0,0,0,0,0,0,0,0,0,25441,109,464,0,3,34144256,0,268435456,0,0,0,1309324210,-1440044374
51768,Natural Resources,,31966,55564,0,-1,0,0,0,0,0,0,0,0,0,0,25442,109,464,0,3,37289984,0,268435456,0,0,0,1309324210,-1440044374
51769,What a Gull Wants,,32018,55564,0,-1,0,0,0,0,0,0,0,0,0,0,25369,109,464,0,3,34144256,0,268435456,0,0,0,1309324210,-1440044374
51774,Ragna,,32097,55564,0,-1,0,0,0,0,0,0,0,0,0,0,25447,135,464,0,3,41484352,8192,268435456,0,0,0,-1,-1
51776,Galestorm,,32099,55564,0,-1,0,0,0,0,0,0,0,0,0,0,25448,135,464,0,3,41484352,8192,268435456,0,0,0,-1,-1
51777,Dagrus the Scorned,,32100,68611,0,-1,0,0,0,0,0,0,0,0,0,0,25449,135,464,0,3,41484352,8192,268435456,0,0,0,-1,-1
51778,Deepfang,,32101,55564,0,-1,0,0,0,0,0,0,0,0,0,0,25452,135,464,0,3,41484352,8192,268435456,0,0,0,-1,-1
51779,Grimscowl the Hairbrained,,32103,55564,0,-1,0,0,0,0,0,0,0,0,0,0,25451,135,464,0,3,41484352,8192,268435456,0,0,0,-1,-1
51780,Dinner for Dolly and Dot,,32104,55564,0,-1,0,0,0,0,0,0,0,0,0,0,25453,109,464,0,3,34144256,8192,268435456,0,0,0,1309324210,-1440044374
51781,Foreman Scripps,,32105,55564,0,-1,0,0,0,0,0,0,0,0,0,0,25455,135,464,0,3,41484352,8192,268435456,0,0,0,-1,-1
51782,Captain Razorspine,,32106,55564,0,-1,0,0,0,0,0,0,0,0,0,0,25456,135,464,0,3,41484352,8192,268435456,0,0,0,-1,-1
51783,Zem'lan Rescue,,32107,67933,0,-1,0,0,0,0,0,0,0,0,0,0,25454,109,464,0,3,34144512,0,268435456,0,0,0,-1321907123,1427461461
51791,Bubbling Totem Testing,,33443,55564,0,-1,0,0,0,0,0,0,0,0,0,0,25464,109,464,0,3,34275584,8192,268435456,0,0,0,1309324210,-1440044374
51792,Erupting Totem Testing,,32116,55564,0,-1,0,0,0,0,0,0,0,0,0,0,25465,109,464,0,3,34144512,8192,268435456,0,0,0,1309324210,-1440044374
51793,Bubbling Totem Testing,,33442,55564,0,-1,0,0,0,0,0,0,0,0,0,0,25466,109,464,0,3,34144512,8192,268435456,0,0,0,-1321907123,1427461461
51794,Erupting Totem Testing,,32115,55564,0,-1,0,0,0,0,0,0,0,0,0,0,25467,109,464,0,3,34144512,8192,268435456,0,0,0,-1321907123,1427461461
51804,Running Interference,,32125,55564,0,-1,0,0,0,0,0,0,0,0,0,0,25471,109,464,0,3,34144256,8192,268435456,0,0,0,-1321907123,1427461461
51806,Pest Remover Mk. II,,32127,55564,0,-1,0,0,0,0,0,0,0,0,0,0,25481,136,464,0,3,37289984,0,268435456,0,0,0,-1,-1
51811,Trapped Tortollans,,32132,55564,0,-1,0,0,0,0,0,0,0,0,0,0,25488,109,464,0,3,38338560,8192,268435456,0,0,0,1309324210,-1440044374
51814,Ravoracious,,32134,55564,0,-1,0,0,0,0,0,0,0,0,0,0,25485,109,464,0,3,38338816,0,268435456,0,0,0,-1321907123,1427461461
51815,Eggstermination,,32135,55564,0,-1,0,0,0,0,0,0,0,0,0,0,25486,109,464,0,3,38338816,0,268435456,0,0,0,-1321907123,1427461461
51816,Pterrible Ingredients,,32136,55564,0,-1,0,0,0,0,0,0,0,0,0,0,25487,109,464,0,3,38338816,0,268435456,0,0,0,-1321907123,1427461461
51817,Trapped Tortollans,,32157,70823,0,-1,0,0,0,0,0,0,0,0,0,0,25489,109,464,0,3,38338560,8192,268435456,0,0,0,-1321907123,1427461461
51820,Oily Mess,,32140,55564,0,-1,0,0,0,0,0,0,0,0,0,0,25492,109,464,0,3,38338624,8192,268435456,0,0,0,-1321907123,1427461461
51821,Quelling the Cove,,32141,55564,0,-1,0,0,0,0,0,0,0,0,0,0,25482,109,464,0,3,38338560,8192,268435456,0,0,0,-1321907123,1427461461
51822,Scrolls and Scales,,32142,70810,0,-1,0,0,0,0,0,0,0,0,0,0,25493,109,464,0,3,38338560,8192,268435456,0,0,0,-1321907123,1427461461
51824,You're Grounded,,32143,55564,0,-1,0,0,0,0,0,0,0,0,0,0,25494,109,464,0,3,38338560,8192,268435456,0,0,0,-1321907123,1427461461
51827,They Came From Behind!,,32144,55564,0,-1,0,0,0,0,0,0,0,0,0,160739,25468,109,464,0,3,38338560,8192,268435456,0,0,0,1309324210,-1440044374
51828,Burning the Legion,,32145,55564,0,-1,0,0,0,0,0,0,0,0,0,0,25495,109,464,0,3,38338560,8192,268435456,0,0,0,1309324210,-1440044374
51831,Swift Strike,,32148,55564,0,-1,0,0,0,0,0,0,0,0,0,0,25521,109,464,0,3,38338560,8192,268435456,0,0,0,-1321907123,1427461461
51832,Beat Around The Bush,,32149,55564,0,-1,0,0,0,0,0,0,0,0,0,0,25497,109,464,0,3,34144256,0,268435456,0,0,0,1309324210,-1440044374
51834,No Negotiations,,32151,55564,0,-1,0,0,0,0,0,0,0,0,0,0,25538,109,464,0,3,34144256,8192,268435456,0,0,0,-1321907123,1427461461
51836,Sourcing Resources,,32153,55564,0,-1,0,0,0,0,0,0,0,0,0,0,25498,109,464,0,3,38338560,8192,268435456,0,0,0,-1321907123,1427461461
51839,Squirgle of the Depths,,32155,55564,0,-1,0,0,0,0,0,0,0,0,0,0,25501,135,464,0,3,34144320,0,268435456,0,0,0,-1,-1
51840,Oily Mess,,32156,55564,0,-1,0,0,0,0,0,0,0,0,0,0,25503,109,464,0,3,38338624,8192,268435456,0,0,0,1309324210,-1440044374
51841,Blackthorne,,32158,55564,0,-1,0,0,0,0,0,0,0,0,0,0,25504,135,464,0,3,34144320,0,268435456,0,0,0,-1,-1
51842,Carla Smirk,,32159,55564,0,-1,0,0,0,0,0,0,0,0,0,0,25505,135,464,0,3,34144320,0,268435456,0,0,0,-1,-1
51843,P4-N73R4,,32160,55564,0,-1,0,0,0,0,0,0,0,0,0,0,25506,135,464,0,3,34144320,0,268435456,0,0,0,-1,-1
51844,Gulliver,,32161,55564,0,-1,0,0,0,0,0,0,0,0,0,0,25507,135,464,0,3,34144320,0,268435456,0,0,0,-1,-1
51847,Tort Jaw,,32162,55564,0,-1,0,0,0,0,0,0,0,0,0,0,25508,135,464,0,3,34144320,0,268435456,0,0,0,-1,-1
51848,Captain Wintersail,,32163,55564,0,-1,0,0,0,0,0,0,0,0,0,0,25509,135,464,0,3,34144320,0,268435456,0,0,0,-1,-1
51849,Tempestria,,32164,55564,0,-1,0,0,0,0,0,0,0,0,0,0,25510,135,464,0,3,34144320,0,268435456,0,0,0,-1,-1
51850,Preserve the Oasis,,32165,55564,0,-1,0,0,0,0,0,0,0,0,0,0,25511,109,464,0,3,34144512,8192,268435456,0,0,0,1309324210,-1440044374
51853,Preserve the Oasis,,32166,55564,0,-1,0,0,0,0,0,0,0,0,0,0,25512,109,464,0,3,34144512,8192,268435456,0,0,0,-1321907123,1427461461
51854,I Am the Shark,,32167,55564,0,-1,0,0,0,0,0,0,0,0,0,0,25513,109,464,0,3,40435712,8192,268435456,0,0,0,-1321907123,1427461461
51855,A Pirate's Life For Me,,32168,55564,0,-1,0,0,0,0,0,0,0,0,0,0,25515,109,464,0,3,38338560,8192,268435456,0,0,0,-1321907123,1427461461
51856,The Underrot: Rotmaw,,32169,55564,0,-1,0,0,0,0,0,0,0,0,0,0,25762,137,464,0,3,35192896,0,268435458,0,0,0,-1,-1
51874,Gorged Boar,,32174,55564,0,-1,0,0,0,0,0,0,0,0,0,0,25519,135,464,0,3,34144320,0,268435456,0,0,0,-1,-1
51884,Haywire Golem,,32184,55564,0,-1,0,0,0,0,0,0,0,0,0,0,25523,135,464,0,3,34144320,0,268435456,0,0,0,-1,-1
51886,Pinku'shon,,32186,55564,0,-1,0,0,0,0,0,0,0,0,0,0,25528,135,464,0,3,41484352,8192,268435456,0,0,0,-1,-1
51887,Fungi Trio,,32187,55564,0,-1,0,0,0,0,0,0,0,0,0,0,25527,135,464,0,3,34144320,0,268435456,0,0,0,-1,-1
51890,Ranja the Last Chillpaw,,32190,55564,0,-1,0,0,0,0,0,0,0,0,0,0,25532,135,464,0,3,34144320,0,268435456,0,0,0,-1,-1
51891,Sythian the Swift,,32191,55564,0,-1,0,0,0,0,0,0,0,0,0,0,25533,135,464,0,3,34144320,0,268435456,0,0,0,-1,-1
51892,Shiverscale the Toxic,,32192,55564,0,-1,0,0,0,0,0,0,0,0,0,0,25534,135,464,0,3,34144320,0,268435456,0,0,0,-1,-1
51893,Sawtooth,,32193,55564,0,-1,0,0,0,0,0,0,0,0,0,0,25535,135,464,0,3,34144320,0,268435456,0,0,0,-1,-1
51894,Tentulos the Drifter,,32194,55564,0,-1,0,0,0,0,0,0,0,0,0,0,25536,135,464,0,3,34144320,0,268435456,0,0,0,-1,-1
51895,Maison the Portable,,32195,55564,0,-1,0,0,0,0,0,0,0,0,0,0,25537,135,464,0,3,34144320,0,268435456,0,0,0,-1,-1
51897,Rimestone,,32197,55564,0,-1,0,0,0,0,0,0,0,0,0,0,25539,135,464,0,3,34144320,0,268435456,0,0,0,-1,-1
51900,Faithless Follow-Through,,32200,55564,0,-1,0,0,0,0,0,0,0,0,0,0,25543,109,464,0,3,34144512,8192,268435456,0,0,0,1309324210,-1440044374
51901,Crushtacean,,32201,55564,0,-1,0,0,0,0,0,0,0,0,0,0,25553,135,464,0,3,41484352,8192,268435456,0,0,0,-1,-1
51905,Reinforced Hullbreaker,,32203,55564,0,-1,0,0,0,0,0,0,0,0,0,0,25544,136,464,0,3,37289984,0,268435456,0,0,0,-1,-1
51906,Sister Martha,,32204,55564,0,-1,0,0,0,0,0,0,0,0,0,0,25545,135,464,0,3,34144320,0,268435456,0,0,0,-1,-1
51908,Nevermore,,32206,55564,0,-1,0,0,0,0,0,0,0,0,0,0,25547,135,464,0,3,34144320,0,268435456,0,0,0,-1,-1
51909,Grozgore,,32207,55564,0,-1,0,0,0,0,0,0,0,0,0,0,25548,135,464,0,3,34144320,0,268435456,0,0,0,-1,-1
51917,Beshol,,32213,55564,0,-1,0,0,0,0,0,0,0,0,0,0,25549,135,464,0,3,34144320,0,268435456,0,0,0,-1,-1
51919,Emily Mayville,,32214,55564,0,-1,0,0,0,0,0,0,0,0,0,0,25550,135,464,0,3,34144320,0,268435456,0,0,0,-1,-1
51920,Cottontail Matron,,32215,55564,0,-1,0,0,0,0,0,0,0,0,0,0,25551,135,464,0,3,34144320,0,268435456,0,0,0,-1,-1
51921,Slickspill,,32216,55564,0,-1,0,0,0,0,0,0,0,0,0,0,25552,135,464,0,3,41484352,8192,268435456,0,0,0,-1,-1
51924,Faithless Follow-Through,,32200,55564,0,-1,0,0,0,0,0,0,0,0,0,0,25543,109,464,0,3,34144512,8192,268435456,0,0,0,-1321907123,1427461461
51925,Instructions Not Included,,32219,55564,0,-1,0,0,0,0,0,0,0,0,0,0,25554,109,464,0,3,34144256,8192,268435456,0,0,0,-1321907123,1427461461
51928,Instructions Not Included,,32222,55564,0,-1,0,0,0,0,0,0,0,0,0,0,25555,109,464,0,3,34144256,8192,268435456,0,0,0,-1321907123,1427461461
51931,Instructions Not Included,,32225,55564,0,-1,0,0,0,0,0,0,0,0,0,0,25556,109,464,0,3,34144256,8192,268435456,0,0,0,-1321907123,1427461461
51933,Instructions Not Included,,32227,55564,0,-1,0,0,0,0,0,0,0,0,0,0,25557,109,464,0,3,34144256,8192,268435456,0,0,0,-1321907123,1427461461
51947,Sabertron,,32241,55564,0,-1,0,0,0,0,0,0,0,0,0,0,25561,135,464,0,3,41484352,8192,268435456,0,0,0,-1,-1
51948,Providing Protection,,32242,55564,0,-1,0,0,0,0,0,0,0,0,0,0,25558,109,464,0,3,38338560,8192,268435456,0,0,0,1309324210,-1440044374
51957,The Wrath of Vorrik,,32251,55564,0,-1,0,0,0,0,0,0,0,0,0,0,25562,109,464,0,3,40435968,8192,268435456,0,0,0,1309324210,-1440044374
51963,The Wrath of Vorrik,,32255,55564,0,-1,0,0,0,0,0,0,0,0,0,0,25563,109,464,0,3,40435968,8192,268435456,0,0,0,-1321907123,1427461461
51970,The Caterer,,32259,55564,0,-1,0,0,0,0,0,0,0,0,0,0,25566,135,464,0,3,34144320,0,268435456,0,0,0,-1,-1
51972,Lost Goat,,32260,55564,0,-1,0,0,0,0,0,0,0,0,0,0,25567,135,464,0,3,34144256,0,268435456,0,0,0,-1,-1
51974,Sabertron,,32262,55564,0,-1,0,0,0,0,0,0,0,0,0,0,25573,135,464,0,3,41484352,8192,268435456,0,0,0,-1,-1
51976,Sabertron,,32264,55564,0,-1,0,0,0,0,0,0,0,0,0,0,25572,135,464,0,3,41484352,8192,268435456,0,0,0,-1,-1
51977,Sabertron,,32265,55564,0,-1,0,0,0,0,0,0,0,0,0,0,25570,135,464,0,3,41484352,8192,268435456,0,0,0,-1,-1
51978,Sabertron,,32266,55564,0,-1,0,0,0,0,0,0,0,0,0,0,25571,135,464,0,3,41484352,8192,268435456,0,0,0,-1,-1
51981,Earthcaller's Abode,,32269,55564,0,-1,0,0,0,0,0,0,0,0,0,0,25579,109,464,0,3,38338560,8192,268435456,0,0,0,-1321907123,1427461461
51983,Vorrik's Vengeance,,33444,55564,0,-1,0,0,0,0,0,0,0,0,0,0,25578,109,464,0,3,38338816,8192,268435456,0,0,0,1309324210,-1440044374
51988,"Whitney ""Steelclaw"" Ramsay",,32276,55564,0,-1,0,0,0,0,0,0,0,0,0,0,25583,135,464,0,3,34144320,0,268435456,0,0,0,-1,-1
51989,Braedan Whitewall,,32277,55564,0,-1,0,0,0,0,0,0,0,0,0,0,25584,135,464,0,3,34144320,0,268435456,0,0,0,-1,-1
51995,Vorrik's Vengeance,,32271,55564,0,-1,0,0,0,0,0,0,0,0,0,0,25580,109,464,0,3,38338816,8192,268435456,0,0,0,-1321907123,1427461461
51996,Earthcaller's Abode,,32280,55564,0,-1,0,0,0,0,0,0,0,0,0,0,25592,109,464,0,3,38338560,8192,268435456,0,0,0,1309324210,-1440044374
51997,Thar She Sinks,,32281,55564,0,-1,0,0,0,0,0,0,0,0,0,0,25591,109,464,0,3,38338816,8192,268435456,0,0,0,1309324210,-1440044374
52004,Counter Intelligence,,32288,55564,0,-1,0,0,0,0,0,0,0,0,0,0,25593,109,464,0,3,38338560,8192,268435456,0,0,0,1309324210,-1440044374
52006,Preemptive Assault,,32290,55564,0,-1,0,0,0,0,0,0,0,0,0,0,24646,109,464,0,3,38338560,8192,268435456,0,0,0,1309324210,-1440044374
52007,Engines of War,,32291,55564,0,-1,0,0,0,0,0,0,0,0,0,160988,25606,109,464,0,3,38338560,8192,268435456,0,0,0,1309324210,-1440044374
52009,Crab People,,32293,131226,0,-1,0,0,0,0,0,0,0,0,0,0,25613,115,464,0,3,3735808,0,268435456,0,0,0,-1,-1
52010,The Tendrils of Fate,,33445,55564,0,-1,0,0,0,0,0,0,0,0,0,0,25612,109,464,0,3,38338560,8192,268435456,0,0,0,-1321907123,1427461461
52011,Fiendish Fields,,33446,55564,0,-1,0,0,0,0,0,0,0,0,0,0,25619,109,464,0,3,40435712,8192,268435456,0,0,0,-1321907123,1427461461
52045,Boarder Patrol,,33447,55564,0,-1,0,0,0,0,0,0,0,0,0,0,25631,109,464,0,3,40435712,8192,268435456,0,0,0,-1321907123,1427461461
52047,Against the Storm,,32317,55564,0,-1,0,0,0,0,0,0,0,0,0,0,25644,109,464,0,3,38338560,8192,268435456,0,0,0,-1321907123,1427461461
52054,Too Much To Bear,,32322,55564,0,-1,0,0,0,0,0,0,0,0,0,0,28007,109,464,0,3,38338560,8192,268435456,0,0,0,-1321907123,1427461461
52056,The Tendrils of Fate,,32294,55564,0,-1,0,0,0,0,0,0,0,0,0,0,25643,109,464,0,3,38338560,8192,268435456,0,0,0,1309324210,-1440044374
52057,Against the Storm,,32317,55564,0,-1,0,0,0,0,0,0,0,0,0,0,25644,109,464,0,3,38338560,8192,268435456,0,0,0,1309324210,-1440044374
52059,Thar She Sinks,,32324,55564,0,-1,0,0,0,0,0,0,0,0,0,0,25635,109,464,0,3,38338816,8192,268435456,0,0,0,-1321907123,1427461461
52063,Boarder Patrol,,32316,55564,0,-1,0,0,0,0,0,0,0,0,0,0,25648,109,464,0,3,40435712,8192,268435456,0,0,0,1309324210,-1440044374
52064,Fiendish Fields,,32295,55564,0,-1,0,0,0,0,0,0,0,0,0,0,25653,109,464,0,3,40435712,8192,268435456,0,0,0,1309324210,-1440044374
52071,Briarback Mountain,,32333,55564,0,-1,0,0,0,0,0,0,0,0,0,0,25666,109,464,0,3,38338560,8192,268435456,0,0,0,-1321907123,1427461461
52115,In the Shadow of the Kraken,,32340,55564,0,-1,0,0,0,0,0,0,0,0,0,0,25697,109,464,0,3,38338560,8192,268435456,0,0,0,1309324210,-1440044374
52117,Briarback Mountain,,32333,55564,0,-1,0,0,0,0,0,0,0,0,0,0,25666,109,464,0,3,38338560,8192,268435456,0,0,0,1309324210,-1440044374
52119,Goblin Azerite Extraction,,32343,55564,0,-1,0,0,0,0,0,0,0,0,0,0,25702,109,464,0,3,34144256,0,268435456,0,0,0,1309324210,-1440044374
52120,Gnomish Azerite Extraction,,32344,55564,0,-1,0,0,0,0,0,0,0,0,0,0,25710,109,464,0,3,34144256,0,268435456,0,0,0,-1321907123,1427461461
52124,Losers Weepers,,32348,55564,0,-1,0,0,0,0,0,0,0,0,0,0,25718,109,464,0,3,34144256,0,268435456,0,0,0,1309324210,-1440044374
52126,This Little Piggy Has Sharp Tusks,,32350,55564,0,-1,0,0,0,0,0,0,0,0,0,0,25719,115,464,0,3,3735808,0,268435456,0,0,0,-1,-1
52133,Good Boy!,,32357,55564,0,-1,0,0,0,0,0,0,0,0,0,0,25738,109,464,0,3,39387136,8192,268435456,0,0,0,-1321907123,1427461461
52140,A Thorny Problem,,32364,55564,0,-1,0,0,0,0,0,0,0,0,0,0,25791,109,464,0,3,38338560,8192,268435456,0,0,0,-1321907123,1427461461
52142,Restocking,,32366,55564,0,-1,0,0,0,0,0,0,0,0,0,0,25750,109,464,0,3,34144256,0,268435456,0,0,0,-1321907123,1427461461
52143,Smaller Haulers,,32367,55564,0,-1,0,0,0,0,0,0,0,0,0,0,26374,109,464,0,3,38338560,8192,268435456,0,0,0,-1321907123,1427461461
52144,Foundry Meltdown,,32368,55564,0,-1,0,0,0,0,0,0,0,0,0,0,26377,109,464,0,3,34144256,0,268435456,0,0,0,-1321907123,1427461461
52145,Heave-Ho!,,32369,69433,0,-1,0,0,0,0,0,0,0,0,0,0,26399,109,464,0,3,39387136,0,268435456,0,0,0,-1321907123,1427461461
52155,Treasure in the Tides,,32380,55564,0,-1,0,0,0,0,0,0,0,0,0,0,26378,109,464,0,3,34144256,0,268435456,0,0,0,-1321907123,1427461461
52157,A Chilling Encounter,,32382,62193,0,-1,0,0,0,0,0,0,0,0,0,0,25749,112,464,0,3,37290304,0,268435456,0,0,0,-1,-1
52159,Swab This!,,33448,55564,0,-1,0,0,0,0,0,0,0,0,0,0,26396,109,464,0,3,38338560,8192,268435456,0,0,0,-1321907123,1427461461
52160,Restocking,,32366,55564,0,-1,0,0,0,0,0,0,0,0,0,0,25750,109,464,0,3,34144256,0,268435456,0,0,0,1309324210,-1440044374
52162,Tracking Quest,,32386,0,0,-1,0,0,0,0,0,0,0,0,0,0,0,0,464,0,3,33588224,0,0,0,0,0,-1,-1
52163,The Winged Typhoon,,32387,62193,0,-1,0,0,0,0,0,0,0,0,0,0,25760,112,464,0,3,37290048,0,268435456,0,0,0,-1,-1
52164,Rum- Paaaage!,,32388,55564,0,-1,0,0,0,0,0,0,0,0,0,0,25752,109,464,0,3,38338560,8192,268435456,0,0,0,-1321907123,1427461461
52165,Automated Chaos,,32389,131226,0,-1,0,0,0,0,0,0,0,0,0,0,25753,115,464,0,3,3735808,0,268435456,0,0,0,-1,-1
52166,The Faceless Herald,,32390,62193,0,-1,0,0,0,0,0,0,0,0,0,0,25739,112,464,0,3,34144320,0,268435456,0,0,0,-1,-1
52167,Hardcore Raiders,,32391,55564,0,-1,0,0,0,0,0,0,0,0,0,0,26385,109,464,0,3,4784192,8192,268435456,0,0,0,-1321907123,1427461461
52168,It's Lit,,32392,64064,0,-1,0,0,0,0,0,0,0,0,0,0,25756,109,464,0,3,34144256,0,268435456,0,0,0,-1321907123,1427461461
52169,The Matriarch,,32394,62193,0,-1,0,0,0,0,0,0,0,0,0,0,25761,112,464,0,3,34144576,0,268435456,0,0,0,-1,-1
52174,Snakes in the Shallows,,32399,55564,0,-1,0,0,0,0,0,0,0,0,0,0,25766,109,464,0,3,38338560,8192,268435456,0,0,0,-1321907123,1427461461
52179,Fortified Resistance,,32402,55564,0,-1,0,0,0,0,0,0,0,0,0,0,25767,109,464,0,3,38338560,8192,268435456,0,0,0,-1321907123,1427461461
52180,A Brennadam Shame,,32403,64064,0,-1,0,0,0,0,0,0,0,0,0,0,25768,109,464,0,3,34144256,0,268435456,0,0,0,-1321907123,1427461461
52181,Smoke and Shadow,,32404,67111,0,-1,0,0,0,0,0,0,0,0,0,0,24506,112,464,0,3,34144576,0,268435456,0,0,0,-1,-1
52182,The Azerite Stuff,,32405,62340,0,-1,0,0,0,0,0,0,0,0,0,0,26084,109,288,0,3,41484288,8192,268435456,0,0,0,1309324210,-1440044374
52196,Sandswept Bones,,32419,62193,0,-1,0,0,0,0,0,0,0,0,0,0,25772,112,464,0,3,589888,0,268435456,0,0,0,-1,-1
52198,Tank and Spank,,32421,64064,0,-1,0,0,0,0,0,0,0,0,0,0,25779,109,464,0,3,36241408,0,268435456,0,0,0,-1321907123,1427461461
52199,Rum- Paaaage!,,32422,55564,0,-1,0,0,0,0,0,0,0,0,0,0,25780,109,464,0,3,38338560,8192,268435456,0,0,0,1309324210,-1440044374
52200,Turtle Tactics,,32423,55564,0,-1,0,0,0,0,0,0,0,0,0,0,25781,109,464,0,3,39387136,8192,268435456,0,0,0,-1321907123,1427461461
52207,The Azerite Stuff,,32427,62340,0,-1,0,0,0,0,0,0,0,0,0,0,26100,109,288,0,3,41484288,8192,268435456,0,0,0,-1321907123,1427461461
52209,Turtle Tactics,,32429,55564,0,-1,0,0,0,0,0,0,0,0,0,0,25784,109,464,0,3,39387136,8192,268435456,0,0,0,1309324210,-1440044374
52211,Red Sunrise,,32448,55564,0,-1,0,0,0,0,0,0,0,0,0,0,25637,109,464,0,3,38338560,8192,268435456,0,0,0,-1321907123,1427461461
52218,Night Horrors,,32438,131226,0,-1,0,0,0,0,0,0,0,0,0,0,25786,115,464,0,3,3735808,0,268435456,0,0,0,-1,-1
52229,Too Much To Bear,,32450,55564,0,-1,0,0,0,0,0,0,0,0,0,0,25788,109,464,0,3,38338560,8192,268435456,0,0,0,1309324210,-1440044374
52230,Loose Change,,32451,55564,0,-1,0,0,0,0,0,0,0,0,0,158226,25789,109,464,0,3,38338560,8192,268435456,0,0,0,-1321907123,1427461461
52236,A Thorny Problem,,32364,55564,0,-1,0,0,0,0,0,0,0,0,0,0,25791,109,464,0,3,38338560,8192,268435456,0,0,0,1309324210,-1440044374
52237,The Underrot: Restless Horror,,32453,55564,0,-1,0,0,0,0,0,0,0,0,0,0,25763,137,464,0,3,34144320,0,268435458,0,0,0,-1,-1
52238,The Underrot: Mysterious Spores,,32454,55564,0,-1,0,0,0,0,0,0,0,0,0,0,25764,137,464,0,3,34144256,0,268435458,0,0,0,-1,-1
52239,Loose Change,,32455,55564,0,-1,0,0,0,0,0,0,0,0,0,158226,25792,109,464,0,3,38338560,8192,268435456,0,0,0,1309324210,-1440044374
52243,Fuel for the Demolishers,,32459,62340,0,-1,0,0,0,0,0,0,0,0,0,0,26087,109,288,0,3,41484288,8192,268435456,0,0,0,1309324210,-1440044374
52244,Stop the Drilling,,32460,62340,0,-1,0,0,0,0,0,0,0,0,0,0,26103,109,288,0,3,41484288,8192,268435456,0,0,0,-1321907123,1427461461
52248,The Shores of Xibala,,32464,55564,0,-1,0,0,0,0,0,0,0,0,0,0,25797,109,464,0,3,38338560,8192,268435456,0,0,0,1309324210,-1440044374
52249,The Shores of Xibala,,32465,55564,0,-1,0,0,0,0,0,0,0,0,0,0,25798,109,464,0,3,38338560,8192,268435456,0,0,0,-1321907123,1427461461
52250,Saving Xibala,,32466,66138,0,-1,0,0,0,0,0,0,0,0,0,0,25799,109,464,0,3,37289984,0,268435456,0,0,0,-1321907123,1427461461
52251,Compromised Reconnaissance,,32467,55564,0,-1,0,0,0,0,0,0,0,0,0,0,25800,109,464,0,3,38338560,8192,268435456,0,0,0,-1321907123,1427461461
52271,Sea Salt Flavored,,32485,55564,0,-1,0,0,0,0,0,0,0,0,0,0,25807,109,464,0,3,38338560,8192,268435456,0,0,0,-1321907123,1427461461
52278,Rogue Azerite,,32491,67266,0,-1,0,0,0,0,0,0,0,0,0,0,25812,115,464,0,3,3735808,0,268435456,0,0,0,-1,-1
52280,Sea Salt Flavored,,32493,55564,0,-1,0,0,0,0,0,0,0,0,0,0,25813,109,464,0,3,38338560,8192,268435456,0,0,0,1309324210,-1440044374
52295,The MOTHERLODE!!: Elementals on the Payroll,,32507,55564,0,-1,0,0,0,0,0,0,0,0,0,0,25814,137,464,0,3,35192832,0,268435458,0,0,0,-1,-1
52297,What's the Buzz?,,32509,55564,0,-1,0,0,0,0,0,0,0,0,0,0,25818,115,464,0,3,3735808,0,268435456,0,0,0,-1,-1
52298,The MOTHERLODE!!: The Smarts Are In His Horn!,,32510,55564,0,-1,0,0,0,0,0,0,0,0,0,0,25819,137,464,0,3,35192832,0,268435458,0,0,0,-1,-1
52299,Whiplash,,32511,55564,0,-1,0,0,0,0,0,0,0,0,0,0,25816,135,464,0,3,41484352,8192,268435456,0,0,0,-1,-1
52300,Wagga Snarltusk,,32512,55564,0,-1,0,0,0,0,0,0,0,0,0,0,25820,135,464,0,3,41484352,8192,268435456,0,0,0,-1,-1
52301,Vinespeaker Ratha,,32513,55564,0,-1,0,0,0,0,0,0,0,0,0,0,25822,135,464,0,3,41484352,8192,268435456,0,0,0,-1,-1
52302,The MOTHERLODE!!: He's Got Really Big Bombs,,32514,55564,0,-1,0,0,0,0,0,0,0,0,0,0,25823,137,464,0,3,35192832,0,268435458,0,0,0,-1,-1
52306,Croaker,,32518,55564,0,-1,0,0,0,0,0,0,0,0,0,0,25838,135,464,0,3,41484352,8192,268435456,0,0,0,-1,-1
52307,Spiritual Aid,,32519,62340,0,-1,0,0,0,0,0,0,0,0,0,0,26102,109,288,0,3,41484288,8192,268435456,0,0,0,-1321907123,1427461461
52309,SandFang,,32521,55564,0,-1,0,0,0,0,0,0,0,0,0,0,25839,135,464,0,3,41484352,8192,268435456,0,0,0,-1,-1
52310,Corrupted Tideskipper,,32522,55564,0,-1,0,0,0,0,0,0,0,0,0,0,25843,135,464,0,3,41484352,8192,268435456,0,0,0,-1,-1
52312,Extinguish the Lights,,32524,62340,0,-1,0,0,0,0,0,0,0,0,0,0,26086,109,288,0,3,41484288,8192,268435456,0,0,0,1309324210,-1440044374
52315,Severus the Outcast,,32527,55564,0,-1,0,0,0,0,0,0,0,0,0,0,25844,135,464,0,3,41484352,8192,268435456,0,0,0,-1,-1
52316,Sea Creatures Are Weird,,32528,55564,0,-1,0,0,0,0,0,0,0,0,0,0,25847,115,464,0,3,3735808,0,268435456,0,0,0,-1,-1
52321,Kickers,,32533,55564,0,-1,0,0,0,0,0,0,0,0,0,0,25854,135,464,0,3,41484352,8192,268435456,0,0,0,-1,-1
52322,Taja the Tidehowler,,32534,55564,0,-1,0,0,0,0,0,0,0,0,0,0,25857,135,464,0,3,41484352,8192,268435456,0,0,0,-1,-1
52325,Captured Evil,,32536,55564,0,-1,0,0,0,0,0,0,0,0,0,0,25859,115,464,0,3,3735808,0,268435456,0,0,0,-1,-1
52328,Ice Sickle,,32539,55564,0,-1,0,0,0,0,0,0,0,0,0,0,25860,135,464,0,3,41484352,8192,268435456,0,0,0,-1,-1
52330,Beehemoth,,32541,55564,0,-1,0,0,0,0,0,0,0,0,0,0,25864,136,464,0,3,37289984,0,268435456,0,0,0,-1,-1
52331,Work Order: Demitri's Draught of Deception,,32542,55564,0,-1,0,0,0,0,0,2478,1,0,0,0,28105,118,464,0,3,524608,0,268435458,0,0,0,-1321907123,1427461461
52332,Work Order: Lightfoot Potion,,32543,55564,0,-1,0,0,0,0,0,2478,1,0,0,0,28106,118,464,0,3,524608,0,268435458,0,0,0,-1321907123,1427461461
52333,Work Order: Sea Mist Potion,,32544,55564,0,-1,0,0,0,0,0,2478,1,0,0,0,28107,118,464,0,3,524608,0,268435458,0,0,0,-1321907123,1427461461
52334,Work Order: Potion of Concealment,,32545,55564,0,-1,0,0,0,0,0,2478,1,0,0,0,28108,118,464,0,3,524608,0,268435458,0,0,0,-1321907123,1427461461
52335,Work Order: Demitri's Draught of Deception,,32546,55564,0,-1,0,0,0,0,0,2478,1,0,0,0,28165,118,464,0,3,524608,0,268435458,0,0,0,1309324210,-1440044374
52336,Work Order: Lightfoot Potion,,32547,55564,0,-1,0,0,0,0,0,2478,1,0,0,0,28164,118,464,0,3,524608,0,268435458,0,0,0,1309324210,-1440044374
52337,Work Order: Sea Mist Potion,,32548,55564,0,-1,0,0,0,0,0,2478,1,0,0,0,28163,118,464,0,3,524608,0,268435458,0,0,0,1309324210,-1440044374
52338,Work Order: Potion of Concealment,,32549,55564,0,-1,0,0,0,0,0,2478,1,0,0,0,28162,118,464,0,3,524608,0,268435458,0,0,0,1309324210,-1440044374
52339,Work Order: Monel-Hardened Stirrups,,32550,55564,0,-1,0,0,0,0,0,2437,1,0,0,0,26123,116,464,0,3,524608,0,268435458,0,0,0,-1321907123,1427461461
52340,Work Order: Monel-Hardened Hoofplates,,32551,55564,0,-1,0,0,0,0,0,2437,1,0,0,0,26124,116,464,0,3,524608,0,268435458,0,0,0,-1321907123,1427461461
52341,Work Order: Monel-Hardened Stirrups,,32552,55564,0,-1,0,0,0,0,0,2437,1,0,0,0,26197,116,464,0,3,524608,0,268435458,0,0,0,1309324210,-1440044374
52342,Work Order: Monel-Hardened Hoofplates,,32553,55564,0,-1,0,0,0,0,0,2437,1,0,0,0,26198,116,464,0,3,524608,0,268435458,0,0,0,1309324210,-1440044374
52343,They Eat Like Orcs,,32554,62340,0,-1,0,0,0,0,0,0,0,0,0,0,26088,109,288,0,3,41484288,8192,268435456,0,0,0,1309324210,-1440044374
52344,Work Order: Kul Tiramisu,,32555,55564,0,-1,0,0,0,0,0,2541,1,0,0,0,28109,131,464,0,3,524608,0,268435458,0,0,0,-1,-1
52345,Work Order: Ravenberry Tarts,,32556,55564,0,-1,0,0,0,0,0,2541,1,0,0,0,28110,131,464,0,3,524608,0,268435458,0,0,0,-1,-1
52346,Work Order: Sailor's Pie,,32557,55564,0,-1,0,0,0,0,0,2541,1,0,0,0,28111,131,464,0,3,524608,0,268435458,0,0,0,-1,-1
52347,Work Order: Honey-Glazed Haunches,,32558,55564,0,-1,0,0,0,0,0,2541,1,0,0,0,28112,131,464,0,3,524608,0,268435458,0,0,0,-1,-1
52348,Work Order: Mon'Dazi,,32559,55564,0,-1,0,0,0,0,0,2541,1,0,0,0,28161,131,464,0,3,524608,0,268435458,0,0,0,-1,-1
52349,Work Order: Loa Loaf,,32560,55564,0,-1,0,0,0,0,0,2541,1,0,0,0,28160,131,464,0,3,524608,0,268435458,0,0,0,-1,-1
52350,Work Order: Swamp Fish 'n Chips,,32561,55564,0,-1,0,0,0,0,0,2541,1,0,0,0,28159,131,464,0,3,524608,0,268435458,0,0,0,-1,-1
52351,Work Order: Spiced Snapper,,32562,55564,0,-1,0,0,0,0,0,2541,1,0,0,0,28158,131,464,0,3,524608,0,268435458,0,0,0,-1,-1
52352,Zeritarj,,32563,55564,0,-1,0,0,0,0,0,0,0,0,0,0,25765,136,464,0,3,37289984,0,268435456,0,0,0,-1,-1
52353,Work Order: Enchant Ring - Seal of Haste,,32564,55564,0,-1,0,0,0,0,0,2486,1,0,0,0,28113,123,464,0,3,524608,0,268435458,0,0,0,-1321907123,1427461461
52354,Work Order: Enchant Ring - Seal of Mastery,,32565,55564,0,-1,0,0,0,0,0,2486,1,0,0,0,28114,123,464,0,3,524608,0,268435458,0,0,0,-1321907123,1427461461
52355,Work Order: Enchant Weapon - Coastal Surge,,32566,55564,0,-1,0,0,0,0,0,2486,1,0,0,0,28115,123,464,0,3,524608,0,268435458,0,0,0,-1321907123,1427461461
52356,Work Order: Enchant Weapon - Torrent of Elements,,32567,55564,0,-1,0,0,0,0,0,2486,1,0,0,0,28116,123,464,0,3,524608,0,268435458,0,0,0,-1321907123,1427461461
52357,Work Order: Enchant Weapon - Quick Navigation,,32568,55564,0,-1,0,0,0,0,0,2486,1,0,0,0,28117,123,464,0,3,524608,0,268435458,0,0,0,-1321907123,1427461461
52358,Work Order: Enchant Ring - Seal of Haste,,32569,55564,0,-1,0,0,0,0,0,2486,1,0,0,0,28157,123,464,0,3,524608,0,268435458,0,0,0,1309324210,-1440044374
52359,Work Order: Enchant Ring - Seal of Mastery,,32570,55564,0,-1,0,0,0,0,0,2486,1,0,0,0,28156,123,464,0,3,524608,0,268435458,0,0,0,1309324210,-1440044374
52360,Work Order: Enchant Weapon - Coastal Surge,,32571,55564,0,-1,0,0,0,0,0,2486,1,0,0,0,28155,123,464,0,3,524608,0,268435458,0,0,0,1309324210,-1440044374
52361,Work Order: Enchant Weapon - Torrent of Elements,,32572,55564,0,-1,0,0,0,0,0,2486,1,0,0,0,28154,123,464,0,3,524608,0,268435458,0,0,0,1309324210,-1440044374
52362,Work Order: Enchant Weapon - Quick Navigation,,32573,55564,0,-1,0,0,0,0,0,2486,1,0,0,0,28153,123,464,0,3,524608,0,268435458,0,0,0,1309324210,-1440044374
52363,Work Order: Incendiary Ammunition,,32574,55564,0,-1,0,0,0,0,0,2499,1,0,0,0,28118,122,464,0,3,524608,0,268435458,0,0,0,-1321907123,1427461461
52364,Work Order: Thermo-Accelerated Plague Spreader,,32575,55564,0,-1,0,0,0,0,0,2499,1,0,0,0,28119,122,464,0,3,524608,0,268435458,0,0,0,-1321907123,1427461461
52365,Work Order: F.R.I.E.D.,,32576,55564,0,-1,0,0,0,0,0,2499,1,0,0,0,28120,122,464,0,3,524608,0,268435458,0,0,0,-1321907123,1427461461
52366,Work Order: XA-1000 Surface Skimmer,,32577,55564,0,-1,0,0,0,0,0,2499,1,0,0,0,28121,122,464,0,3,524608,0,268435458,0,0,0,-1321907123,1427461461
52367,Work Order: Electroshock Mount Motivator,,32578,55564,0,-1,0,0,0,0,0,2499,1,0,0,0,28122,122,464,0,3,524608,0,268435458,0,0,0,-1321907123,1427461461
52368,Work Order: Crow's Nest Scope,,32579,55564,0,-1,0,0,0,0,0,2499,1,0,0,0,28123,122,464,0,3,524608,0,268435458,0,0,0,-1321907123,1427461461
52369,Work Order: Incendiary Ammunition,,32580,55564,0,-1,0,0,0,0,0,2499,1,0,0,0,28152,122,464,0,3,524608,0,268435458,0,0,0,1309324210,-1440044374
52370,Work Order: Thermo-Accelerated Plague Spreader,,32581,55564,0,-1,0,0,0,0,0,2499,1,0,0,0,28151,122,464,0,3,524608,0,268435458,0,0,0,1309324210,-1440044374
52371,Work Order: F.R.I.E.D.,,32582,55564,0,-1,0,0,0,0,0,2499,1,0,0,0,28150,122,464,0,3,524608,0,268435458,0,0,0,1309324210,-1440044374
52372,Work Order: XA-1000 Surface Skimmer,,32583,55564,0,-1,0,0,0,0,0,2499,1,0,0,0,28149,122,464,0,3,524608,0,268435458,0,0,0,1309324210,-1440044374
52373,Work Order: Electroshock Mount Motivator,,32584,55564,0,-1,0,0,0,0,0,2499,1,0,0,0,28148,122,464,0,3,524608,0,268435458,0,0,0,1309324210,-1440044374
52374,Work Order: Crow's Nest Scope,,32585,55564,0,-1,0,0,0,0,0,2499,1,0,0,0,28147,122,464,0,3,524608,0,268435458,0,0,0,1309324210,-1440044374
52375,Supplies Needed: Great Sea Catfish,,32586,55564,0,-1,0,0,0,0,0,0,0,0,0,0,26070,109,464,0,3,524608,0,268435458,0,0,0,-1321907123,1427461461
52376,Supplies Needed: Sand Shifter,,32587,55564,0,-1,0,0,0,0,0,0,0,0,0,0,26071,109,464,0,3,524608,0,268435458,0,0,0,-1321907123,1427461461
52377,Supplies Needed: Tiragarde Perch,,32588,55564,0,-1,0,0,0,0,0,0,0,0,0,0,26149,109,464,0,3,524608,0,268435458,0,0,0,-1321907123,1427461461
52378,Supplies Needed: Slimy Mackerel,,32589,55564,0,-1,0,0,0,0,0,0,0,0,0,0,26125,109,464,0,3,524608,0,268435458,0,0,0,-1321907123,1427461461
52379,Supplies Needed: Redtail Loach,,32590,55564,0,-1,0,0,0,0,0,0,0,0,0,0,26126,109,464,0,3,524608,0,268435458,0,0,0,-1321907123,1427461461
52380,Supplies Needed: Frenzied Fangtooth,,32591,55564,0,-1,0,0,0,0,0,0,0,0,0,0,26150,109,464,0,3,524608,0,268435458,0,0,0,-1321907123,1427461461
52381,Supplies Needed: Lane Snapper,,32592,55564,0,-1,0,0,0,0,0,0,0,0,0,0,26189,109,464,0,3,524608,0,268435458,0,0,0,-1321907123,1427461461
52382,Supplies Needed: Great Sea Catfish,,32593,55564,0,-1,0,0,0,0,0,0,0,0,0,0,26215,109,464,0,3,524608,0,268435458,0,0,0,1309324210,-1440044374
52383,Supplies Needed: Sand Shifter,,32594,55564,0,-1,0,0,0,0,0,0,0,0,0,0,26216,109,464,0,3,524608,0,268435458,0,0,0,1309324210,-1440044374
52384,Supplies Needed: Tiragarde Perch,,32595,55564,0,-1,0,0,0,0,0,0,0,0,0,0,26217,109,464,0,3,524608,0,268435458,0,0,0,1309324210,-1440044374
52385,Supplies Needed: Slimy Mackerel,,32596,55564,0,-1,0,0,0,0,0,0,0,0,0,0,26218,109,464,0,3,524608,0,268435458,0,0,0,1309324210,-1440044374
52386,Supplies Needed: Redtail Loach,,32597,55564,0,-1,0,0,0,0,0,0,0,0,0,0,26219,109,464,0,3,524608,0,268435458,0,0,0,1309324210,-1440044374
52387,Supplies Needed: Frenzied Fangtooth,,32598,55564,0,-1,0,0,0,0,0,0,0,0,0,0,26220,109,464,0,3,524608,0,268435458,0,0,0,1309324210,-1440044374
52388,Supplies Needed: Lane Snapper,,32599,55564,0,-1,0,0,0,0,0,0,0,0,0,0,26221,109,464,0,3,524608,0,268435458,0,0,0,1309324210,-1440044374
52389,Work Order: Contract: Proudmoore Admiralty,,32600,55564,0,-1,0,0,0,0,0,2507,1,0,0,0,28126,126,464,0,3,524608,0,268435458,0,0,0,-1321907123,1427461461
52390,Work Order: Contract: Order of Embers,,32601,55564,0,-1,0,0,0,0,0,2507,1,0,0,0,28124,126,464,0,3,524608,0,268435458,0,0,0,-1321907123,1427461461
52391,Work Order: Contract: Storm's Wake,,32602,55564,0,-1,0,0,0,0,0,2507,1,0,0,0,28125,126,464,0,3,524608,0,268435458,0,0,0,-1321907123,1427461461
52392,Work Order: Ultramarine Pigment,,32603,55564,0,-1,0,0,0,0,0,2507,1,0,0,0,26162,126,464,0,3,524608,0,268435458,0,0,0,-1321907123,1427461461
52393,Work Order: Contract: Tortollan Seekers,,32604,55564,0,-1,0,0,0,0,0,2507,1,0,0,0,28143,126,464,0,3,524608,0,268435458,0,0,0,-1,-1
52394,Work Order: Contract: Champions of Azeroth,,32605,55564,0,-1,0,0,0,0,0,2507,1,0,0,0,28127,126,464,0,3,524608,0,268435458,0,0,0,-1,-1
52395,Work Order: Contract: Zandalari Empire,,32606,55564,0,-1,0,0,0,0,0,2507,1,0,0,0,28146,126,464,0,3,524608,0,268435458,0,0,0,1309324210,-1440044374
52396,Work Order: Contract: Talanji's Expedition,,32607,55564,0,-1,0,0,0,0,0,2507,1,0,0,0,28145,126,464,0,3,524608,0,268435458,0,0,0,1309324210,-1440044374
52397,Work Order: Contract: Voldunai,,32608,55564,0,-1,0,0,0,0,0,2507,1,0,0,0,28144,126,464,0,3,524608,0,268435458,0,0,0,1309324210,-1440044374
52398,Work Order: Ultramarine Pigment,,32609,55564,0,-1,0,0,0,0,0,2507,1,0,0,0,26235,126,464,0,3,524608,0,268435458,0,0,0,1309324210,-1440044374
52400,Work Order: Kyanite,,32611,55564,0,-1,0,0,0,0,0,755,1,0,0,0,26165,125,464,0,3,524608,0,268435458,0,0,0,-1321907123,1427461461
52402,Work Order: Viridium,,32613,55564,0,-1,0,0,0,0,0,755,1,0,0,0,26166,125,464,0,3,524608,0,268435458,0,0,0,-1321907123,1427461461
52404,Work Order: Solstone,,32615,55564,0,-1,0,0,0,0,0,755,1,0,0,0,26167,125,464,0,3,524608,0,268435458,0,0,0,-1321907123,1427461461
52405,Work Order: Kubiline,,32616,55564,0,-1,0,0,0,0,0,755,1,0,0,0,26168,125,464,0,3,524608,0,268435458,0,0,0,-1321907123,1427461461
52406,Work Order: Rubellite,,32617,55564,0,-1,0,0,0,0,0,755,1,0,0,0,26169,125,464,0,3,524608,0,268435458,0,0,0,-1321907123,1427461461
52407,Work Order: Golden Beryl,,32618,55564,0,-1,0,0,0,0,0,755,1,0,0,0,26170,125,464,0,3,524608,0,268435458,0,0,0,-1321907123,1427461461
52408,Work Order: Kyanite,,32619,55564,0,-1,0,0,0,0,0,755,1,0,0,0,26239,125,464,0,3,524608,0,268435458,0,0,0,1309324210,-1440044374
52409,Work Order: Viridium,,32620,55564,0,-1,0,0,0,0,0,755,1,0,0,0,26240,125,464,0,3,524608,0,268435458,0,0,0,1309324210,-1440044374
52410,Work Order: Solstone,,32621,55564,0,-1,0,0,0,0,0,755,1,0,0,0,26241,125,464,0,3,524608,0,268435458,0,0,0,1309324210,-1440044374
52411,Work Order: Kubiline,,32622,55564,0,-1,0,0,0,0,0,755,1,0,0,0,26242,125,464,0,3,524608,0,268435458,0,0,0,1309324210,-1440044374
52412,Work Order: Rubellite,,32623,55564,0,-1,0,0,0,0,0,755,1,0,0,0,26243,125,464,0,3,524608,0,268435458,0,0,0,1309324210,-1440044374
52413,Work Order: Golden Beryl,,32624,55564,0,-1,0,0,0,0,0,755,1,0,0,0,26244,125,464,0,3,524608,0,268435458,0,0,0,1309324210,-1440044374
52414,Work Order: Drums of the Maelstrom,,32625,55564,0,-1,0,0,0,0,0,2525,1,0,0,0,26171,117,464,0,3,524608,0,268435458,0,0,0,-1321907123,1427461461
52415,Work Order: Coarse Leather Barding,,32626,55564,0,-1,0,0,0,0,0,2525,1,0,0,0,26172,117,464,0,3,524608,0,268435458,0,0,0,-1321907123,1427461461
52416,Work Order: Shimmerscale Diving Suit,,32627,55564,0,-1,0,0,0,0,0,2525,1,0,0,0,26173,117,464,0,3,524608,0,268435458,0,0,0,-1321907123,1427461461
52417,Work Order: Shimmerscale Diving Helmet,,32628,55564,0,-1,0,0,0,0,0,2525,1,0,0,0,26174,117,464,0,3,524608,0,268435458,0,0,0,-1321907123,1427461461
52418,Work Order: Drums of the Maelstrom,,32629,55564,0,-1,0,0,0,0,0,2525,1,0,0,0,26245,117,464,0,3,524608,0,268435458,0,0,0,1309324210,-1440044374
52419,Work Order: Coarse Leather Barding,,32630,55564,0,-1,0,0,0,0,0,2525,1,0,0,0,26246,117,464,0,3,524608,0,268435458,0,0,0,1309324210,-1440044374
52420,Work Order: Shimmerscale Diving Suit,,32631,55564,0,-1,0,0,0,0,0,2525,1,0,0,0,26247,117,464,0,3,524608,0,268435458,0,0,0,1309324210,-1440044374
52421,Work Order: Shimmerscale Diving Helmet,,32632,55564,0,-1,0,0,0,0,0,2525,1,0,0,0,26248,117,464,0,3,524608,0,268435458,0,0,0,1309324210,-1440044374
52422,Work Order: Battle Flag: Spirit of Freedom,,32633,55564,0,-1,0,0,0,0,0,2533,1,0,0,0,28128,121,464,0,3,524608,0,268435458,0,0,0,-1321907123,1427461461
52423,Work Order: Battle Flag: Phalanx Defense,,32634,55564,0,-1,0,0,0,0,0,2533,1,0,0,0,28129,121,464,0,3,524608,0,268435458,0,0,0,-1321907123,1427461461
52424,Work Order: Battle Flag: Rallying Swiftness,,32635,55564,0,-1,0,0,0,0,0,2533,1,0,0,0,28130,121,464,0,3,524608,0,268435458,0,0,0,-1321907123,1427461461
52425,Work Order: Battle Flag: Spirit of Freedom,,32636,55564,0,-1,0,0,0,0,0,2533,1,0,0,0,28142,121,464,0,3,524608,0,268435458,0,0,0,1309324210,-1440044374
52426,Work Order: Battle Flag: Phalanx Defense,,32637,55564,0,-1,0,0,0,0,0,2533,1,0,0,0,28141,121,464,0,3,524608,0,268435458,0,0,0,1309324210,-1440044374
52427,Work Order: Battle Flag: Rallying Swiftness,,32638,55564,0,-1,0,0,0,0,0,2533,1,0,0,0,28140,121,464,0,3,524608,0,268435458,0,0,0,1309324210,-1440044374
52430,Not So Bad Down Here,,32641,55564,0,-1,0,0,0,0,0,0,0,0,0,0,25882,115,464,0,3,3735808,0,268435456,0,0,0,-1,-1
52432,Squall,,32643,55564,0,-1,0,0,0,0,0,0,0,0,0,0,25888,135,464,0,3,41484352,8192,268435456,0,0,0,-1,-1
52446,Sister Absinthe,,32656,55564,0,-1,0,0,0,0,0,0,0,0,0,0,25892,135,464,0,3,41484352,8192,268435456,0,0,0,-1,-1
52452,Song Mistress Dadalea,,32661,55564,0,-1,0,0,0,0,0,0,0,0,0,0,25900,135,464,0,3,41484352,8192,268435456,0,0,0,-1,-1
52454,Freehold: Dread Captain Vandegrim,,32663,55564,0,-1,0,0,0,0,0,0,0,0,0,0,24907,137,464,0,3,35192832,0,268435458,0,0,0,-1,-1
52455,Unbreakable,,32664,55564,0,-1,0,0,0,0,0,0,0,0,0,0,25905,115,464,0,3,3735808,0,268435456,0,0,0,-1,-1
52456,Freehold: Veteran Man O' War,,32665,55564,0,-1,0,0,0,0,0,0,0,0,0,0,24908,137,464,0,3,35192832,0,268435458,0,0,0,-1,-1
52458,Freehold: Pieces of Eight,,32667,55564,0,-1,0,0,0,0,0,0,0,0,0,0,24929,137,464,0,3,35192832,0,268435458,0,0,0,-1,-1
52459,Whirlwing,,32668,55564,0,-1,0,0,0,0,0,0,0,0,0,0,25908,135,464,0,3,41484352,8192,268435456,0,0,0,-1,-1
52463,Haegol the Hammer,,32671,55564,0,-1,0,0,0,0,0,0,0,0,0,0,25926,135,464,0,3,41484352,8192,268435456,0,0,0,-1,-1
52464,Osca the Bloodied,,32672,55564,0,-1,0,0,0,0,0,0,0,0,0,0,25927,135,464,0,3,41484352,8192,268435456,0,0,0,-1,-1
52471,That's a Big Carcass,,32678,55564,0,-1,0,0,0,0,0,0,0,0,0,0,25940,115,464,0,3,3735808,0,268435456,0,0,0,-1,-1
52474,Poacher Zane,,32681,55564,0,-1,0,0,0,0,0,0,0,0,0,0,25941,135,464,0,3,41484352,8192,268435456,0,0,0,-1,-1
52475,Where Eagles Prey,,32682,65921,0,-1,0,0,0,0,0,0,0,0,0,0,26924,259,706,0,3,40435968,8192,268435456,0,0,0,-1321907123,1427461461
52476,The Lichen King,,32683,55564,0,-1,0,0,0,0,0,0,0,0,0,0,25944,135,464,0,3,41484352,8192,268435456,0,0,0,-1,-1
52504,So We Meat Again,,32704,62340,0,-1,0,0,0,0,0,0,0,0,0,0,26104,109,288,0,3,41484288,8192,268435456,0,0,0,-1321907123,1427461461
52505,Pruning the Thorns,,32705,62340,0,-1,0,0,0,0,0,0,0,0,0,0,26085,109,288,0,3,41484288,8192,268435456,0,0,0,1309324210,-1440044374
52506,Blunt the Spikes,,32706,62340,0,-1,0,0,0,0,0,0,0,0,0,0,26101,109,288,0,3,40435712,8192,268435456,0,0,0,-1321907123,1427461461
52507,Sticky Mess,,32707,55564,0,-1,0,0,0,0,0,0,0,0,0,0,26024,109,464,0,3,38338560,8192,268435456,0,0,0,-1321907123,1427461461
52747,Adherent of the Abyss,,32717,0,0,-1,0,0,0,0,0,0,0,0,0,0,0,0,188,0,3,33621000,0,0,0,0,0,-1,-1
52751,Strange Looking Dogs,,32721,55564,0,-1,0,0,0,0,0,0,0,0,0,0,26017,115,464,0,3,3735808,0,268435456,0,0,0,-1,-1
52752,Vigilant Lookouts,,32722,55564,0,-1,0,0,0,0,0,0,0,0,0,0,26018,109,464,0,3,38338560,8192,268435456,0,0,0,1309324210,-1440044374
52754,Marshdwellers,,32723,55564,0,-1,0,0,0,0,0,0,0,0,0,0,26019,115,464,0,3,3735808,0,268435456,0,0,0,-1,-1
52755,Bringing the Heat,,32724,55564,0,-1,0,0,0,0,0,0,0,0,0,0,26020,109,464,0,3,38338560,8192,268435456,0,0,0,1309324210,-1440044374
52756,Snow Way Out,,32726,55564,0,-1,0,0,0,0,0,0,0,0,0,0,26021,109,464,0,3,38338560,8192,268435456,0,0,0,1309324210,-1440044374
52757,Grimestone Crimes,,32727,55564,0,-1,0,0,0,0,0,0,0,0,0,0,26022,109,464,0,3,38338624,8192,268435456,0,0,0,1309324210,-1440044374
52760,Like Fish in a Barrel,,32730,55564,0,-1,0,0,0,0,0,0,0,0,0,0,26039,109,464,0,3,40435712,8192,268435456,0,0,0,1309324210,-1440044374
52761,Siege of Boralus: Blood Money,,32731,55564,0,-1,0,0,0,0,0,0,0,0,0,0,26441,137,464,0,3,35192832,0,268435458,0,0,0,-1321907123,1427461461
52763,Siege of Boralus: Breaking Their Ranks,,32733,55564,0,-1,0,0,0,0,0,0,0,0,0,0,26023,137,464,0,3,35192832,0,268435458,0,0,0,1309324210,-1440044374
52771,Siege of Boralus: Breaking Irons,,32741,55564,0,-1,0,0,0,0,0,0,0,0,0,0,26440,137,464,0,3,35192832,0,268435458,0,0,0,-1321907123,1427461461
52775,Siege of Boralus: What's Yours is Mine,,32745,55564,0,-1,0,0,0,0,0,0,0,0,0,0,26025,137,464,0,3,35192832,0,268435458,0,0,0,1309324210,-1440044374
52778,Siege of Boralus: Crushing the Horde,,32748,55564,0,-1,0,0,0,0,0,0,0,0,0,0,26442,137,464,0,3,34144256,0,268435458,0,0,0,-1321907123,1427461461
52779,Crawg in the Bog,,32749,55564,0,-1,0,0,0,0,0,0,0,0,0,0,26029,115,464,0,3,3735808,0,268435456,0,0,0,-1,-1
52780,Siege of Boralus: Breaking the Alliance,,32750,55564,0,-1,0,0,0,0,0,0,0,0,0,0,26028,137,464,0,3,34144256,0,268435458,0,0,0,1309324210,-1440044374
52785,Smashing Zalamar,,31122,67455,0,-1,0,0,0,0,0,0,0,0,0,0,26030,109,464,0,3,273219584,0,268435456,0,0,0,-1321907123,1427461461
52794,Lizards and Ledgers,,32762,55564,0,-1,0,0,0,0,0,0,0,0,0,0,26041,109,464,0,3,38338560,8192,268435456,0,0,0,-1321907123,1427461461
52798,A Few More Charges,,32766,55564,0,-1,1,0,0,0,0,0,0,52129,0,0,26048,109,464,0,3,40435712,8192,268435456,0,0,0,1309324210,-1440044374
52799,Pack Leader,,32767,55564,0,-1,0,0,0,0,0,0,0,0,0,0,26057,115,464,0,3,3735808,0,268435456,0,0,0,-1,-1
52803,Accidental Dread,,32771,55564,0,-1,0,0,0,0,0,0,0,0,0,0,26060,115,464,0,3,3735808,0,268435456,0,0,0,-1,-1
52804,Something Stirs in the Depths,,32772,55564,0,-1,0,0,0,0,0,0,0,0,0,0,26063,109,464,0,3,38338560,8192,268435456,0,0,0,1309324210,-1440044374
52805,Like Pulling Teeth,,33433,55564,0,-1,0,0,0,0,0,0,0,0,0,0,26064,109,464,0,3,38338560,8192,268435456,0,0,0,1309324210,-1440044374
52832,Azerite Empowerment,,32799,55564,0,-1,0,0,0,0,0,0,0,0,0,0,26069,151,464,0,3,3735552,0,268435456,0,0,0,-1,-1
52847,Doom's Howl,,32814,63859,0,-1,0,0,0,0,0,0,0,0,0,0,0,112,464,0,3,34144576,0,268435456,0,0,0,-1321907123,1427461461
52848,The Lion's Roar,,32815,63860,0,-1,0,0,0,0,0,0,0,0,0,0,0,112,464,0,3,34144576,0,268435456,0,0,0,1309324210,-1440044374
52849,Azerite Empowerment,,32816,55564,0,-1,0,0,0,0,0,0,0,0,0,0,26078,151,464,0,3,3735552,0,268435456,0,0,0,-1,-1
52850,Keeyo's Champions of Vol'dun,,32817,55564,0,-1,0,0,0,0,0,0,0,0,0,0,26094,115,464,0,3,3735808,0,268435456,0,0,0,-1,-1
52856,Snakes on a Terrace,,32823,55564,0,-1,0,0,0,0,0,0,0,0,0,0,26097,115,464,0,3,3735808,0,268435456,0,0,0,-1,-1
52858,Azerite Empowerment,,32825,55564,0,-1,0,0,0,0,0,0,0,0,0,0,26082,151,464,0,3,3735552,0,268435456,0,0,0,-1,-1
52862,Azerite Empowerment,,32829,55564,0,-1,0,0,0,0,0,0,0,0,0,0,26109,151,464,0,3,3735552,0,268435456,0,0,0,-1,-1
52864,"What Do You Mean, Mind Controlling Plants?",,32831,55564,0,-1,0,0,0,0,0,0,0,0,0,0,26120,115,464,0,3,3735808,0,268435456,0,0,0,-1,-1
52865,Blockade Runner,,32832,55564,0,-1,0,0,0,0,0,0,0,0,0,0,26119,109,464,0,3,34144256,0,268435456,0,0,0,-1321907123,1427461461
52869,Azerite Empowerment,,32836,55564,0,-1,0,0,0,0,0,0,0,0,0,0,26117,151,464,0,3,3735552,0,268435456,0,0,0,-1,-1
52871,Azerite Empowerment,,32838,55564,0,-1,0,0,0,0,0,0,0,0,0,0,26113,151,464,0,3,3735552,0,268435456,0,0,0,-1,-1
52872,Azerite Mining,,32839,55564,0,-1,0,0,0,0,0,0,0,0,0,0,26108,151,464,0,3,271122432,0,268435456,0,0,0,-1,-1
52873,Azerite Mining,,32840,55564,0,-1,0,0,0,0,0,0,0,0,0,0,26112,151,464,0,3,271122432,0,268435456,0,0,0,-1,-1
52874,Azerite Mining,,32841,55564,0,-1,0,0,0,0,0,0,0,0,0,0,26116,151,464,0,3,272171008,0,268435456,0,0,0,-1,-1
52875,Azerite Mining,,32842,55564,0,-1,0,0,0,0,0,0,0,0,0,0,26077,151,464,0,3,271122432,0,268435456,0,0,0,-1,-1
52877,Azerite Mining,,32844,55564,0,-1,0,0,0,0,0,0,0,0,0,0,26081,151,464,0,3,271122432,0,268435456,0,0,0,-1,-1
52878,Desert Survivors,,32845,55564,0,-1,0,0,0,0,0,0,0,0,0,0,26202,115,464,0,3,3735808,0,268435456,0,0,0,-1,-1
52879,Stiff Policy,,32846,55564,0,-1,0,0,0,0,0,0,0,0,0,0,26226,109,464,0,3,35192832,0,268435456,0,0,0,-1321907123,1427461461
52880,Milden Mud Snout,,32847,55564,0,-1,0,0,0,0,0,0,0,0,0,0,26272,135,464,0,3,41484352,8192,268435456,0,0,0,-1,-1
52882,Controlled Burn,,32846,55564,0,-1,0,0,0,0,0,0,0,0,0,0,26226,109,464,0,3,35192832,0,268435456,0,0,0,1309324210,-1440044374
52883,Breakthru,,32849,62340,0,-1,0,0,0,0,0,0,0,0,0,162602,26284,109,288,0,3,41484288,8192,268435456,0,0,0,1309324210,-1440044374
52884,Azerite Wounds,,32850,55564,0,-1,0,0,0,0,0,0,0,0,0,0,26066,151,464,0,3,7930112,8192,268435456,0,0,0,-1,-1
52885,Fey There,,32851,62340,0,-1,0,0,0,0,0,0,0,0,0,0,26285,109,288,0,3,38338560,8192,268435456,0,0,0,-1321907123,1427461461
52889,Sandscour,,32854,55564,0,-1,0,0,0,0,0,0,0,0,0,0,26277,135,464,0,3,41484352,8192,268435456,0,0,0,-1,-1
52890,It's a Kind of Magic,,32855,62340,0,-1,0,0,0,0,0,0,0,0,0,0,26286,109,288,0,3,38338560,8192,268435456,0,0,0,1309324210,-1440044374
52891,Wendigo to Sleep,,32856,55564,0,-1,0,0,0,0,0,0,0,0,0,0,26276,109,464,0,3,34144256,8192,268435456,0,0,0,-1321907123,1427461461
52892,"Critters are Friends, Not Food",,32858,55564,0,-1,0,0,0,0,0,0,0,0,0,0,26278,115,464,0,3,3735808,0,268435456,0,0,0,-1,-1
52893,One Vision,,32860,62340,0,-1,0,0,0,0,0,0,0,0,0,0,26287,109,288,0,3,38338560,8192,268435456,0,0,0,-1321907123,1427461461
52894,Don't Stop Me Now,,32861,62340,0,-1,0,0,0,0,0,0,0,0,0,0,26288,109,288,0,3,38338560,8192,268435456,0,0,0,1309324210,-1440044374
52895,Arboria,,32862,62340,0,-1,0,0,0,0,0,0,0,0,0,0,26289,109,288,0,3,38338560,8192,268435456,0,0,0,-1321907123,1427461461
52896,Under Pressure,,32863,62340,0,-1,0,0,0,0,0,0,0,0,0,0,26283,109,288,0,3,40435712,8192,268435456,0,0,0,1309324210,-1440044374
52897,"We Will ""Rock"" You",,32864,62340,0,-1,0,0,0,0,0,0,0,0,0,0,26282,109,288,0,3,4784128,8192,268435456,0,0,0,-1321907123,1427461461
52923,Add More to the Collection,,32890,55564,0,-1,0,0,0,0,0,0,0,0,0,0,26291,115,464,0,3,3735808,0,268435456,0,0,0,-1,-1
52924,Mead Some Help?,,32891,55564,0,-1,0,0,0,0,0,0,0,0,0,0,26293,109,464,0,3,34144256,0,268435456,0,0,0,-1321907123,1427461461
52935,A New Era,,32893,55564,0,-1,0,0,0,0,0,0,0,0,0,155919,26295,109,464,0,3,38469632,0,268435456,0,0,0,-1321907123,1427461461
52936,Plagued Earth Policy,,32893,55564,0,-1,0,0,0,0,0,0,0,0,0,0,26295,109,464,0,3,38338560,0,268435456,0,0,0,1309324210,-1440044374
52937,You've Never Seen Jammer Upset,,32894,55564,0,-1,0,0,0,0,0,0,0,0,0,0,26297,115,464,0,3,3735808,0,268435456,0,0,0,-1,-1
52938,Small Beginnings,,32895,55564,0,-1,0,0,0,0,0,0,0,0,0,0,26299,115,464,0,3,3735808,0,268435456,0,0,0,-1,-1
52939,Ordnance Orders,,32896,55564,0,-1,0,0,0,0,0,0,0,0,0,0,26300,109,464,0,3,34144256,0,268435456,0,0,0,-1321907123,1427461461
52940,Arms Deal,,32896,55564,0,-1,0,0,0,0,0,0,0,0,0,0,26300,109,464,0,3,34144256,0,268435456,0,0,0,1309324210,-1440044374
52941,Light in the Darkness,,32897,68611,0,-1,0,0,0,0,0,0,0,0,0,0,26307,109,464,0,3,35323904,0,268435456,0,0,0,-1321907123,1427461461
52947,Ettin Outta Here,,32903,55564,0,-1,0,0,0,0,0,0,0,0,0,0,26375,109,464,0,3,34144256,8192,268435456,0,0,0,-1321907123,1427461461
52964,Pest Problem,,32921,55564,0,-1,0,0,0,0,0,0,0,0,0,0,26327,109,464,0,3,720896,8192,268435456,0,0,0,-1321907123,1427461461
52968,Time for a Little Blood,,32897,55564,0,-1,0,0,0,0,0,0,0,0,0,0,26307,109,464,0,3,34144256,0,268435456,0,0,0,1309324210,-1440044374
52972,Favored Grandchild,,32927,55564,0,-1,0,0,0,0,0,0,0,0,0,0,26331,109,464,0,3,34144256,0,268435456,0,0,0,-1321907123,1427461461
52979,Ritual Cleansing,,32935,68611,0,-1,0,0,0,0,0,0,0,0,0,0,26333,109,464,0,3,36372480,1,268435456,0,0,0,-1321907123,1427461461
52982,Mine or Trouble,,32939,55564,0,-1,0,0,0,0,0,0,0,0,0,0,26336,109,464,0,3,34144256,8192,268435456,51712,0,0,-1321907123,1427461461
52983,I Want It All,,32940,62340,0,-1,0,0,0,0,0,0,0,0,0,0,26340,109,288,0,3,38338560,8192,268435456,0,0,0,-1321907123,1427461461
52984,I Want It All,,32941,62340,0,-1,0,0,0,0,0,0,0,0,0,0,26339,109,288,0,3,38338560,8192,268435456,0,0,0,1309324210,-1440044374
52986,A Wicked Vessel,,32935,55564,0,-1,0,0,0,0,0,0,0,0,0,0,26333,109,464,0,3,36372480,1,268435456,0,0,0,1309324210,-1440044374
52987,Let's Burn!,,32943,55564,0,-1,0,0,0,0,0,0,0,0,0,0,26337,109,464,0,3,34144256,8192,268435456,51712,0,0,-1321907123,1427461461
52988,House Cleaning,,32944,55564,0,-1,0,0,0,0,0,0,0,0,0,0,26343,109,464,0,3,34144256,0,268435456,0,0,0,-1321907123,1427461461
53008,Sage Wisdom,,32944,55564,0,-1,0,0,0,0,0,0,0,0,0,0,26343,109,464,0,3,34144256,0,268435456,0,0,0,1309324210,-1440044374
53009,Hang On In There,,32965,62340,0,-1,0,0,0,0,0,0,0,0,0,0,26426,109,288,0,3,38338560,8192,268435456,0,0,0,1309324210,-1440044374
53010,No Turning Back,,32966,62340,0,-1,0,0,0,0,0,0,0,0,0,0,26425,109,288,0,3,38338560,8192,268435456,0,0,0,-1321907123,1427461461
53012,Put Away Your Toys,,32968,69435,0,-1,0,0,0,0,0,0,0,0,0,0,26338,109,464,0,3,40435712,8192,268435456,51712,0,0,-1321907123,1427461461
53025,The Culling,,32981,55564,0,-1,0,0,0,0,0,0,0,0,0,0,26345,109,464,0,3,34144256,0,268435456,0,0,0,-1321907123,1427461461
53027,Edge of Glory,,33449,55564,0,-1,0,0,0,0,0,0,0,0,0,0,26348,109,464,0,3,34144256,0,268435456,0,0,0,1309324210,-1440044374
53040,Squall Squelching,,32994,55564,0,-1,0,0,0,0,0,0,0,0,0,0,26350,109,464,0,3,34144256,0,268435456,0,0,0,-1321907123,1427461461
53042,Stormcaller,,32994,55564,0,-1,0,0,0,0,0,0,0,0,0,0,26350,109,464,0,3,34144256,0,268435456,0,0,0,1309324210,-1440044374
53076,Foundry Meltdown,,32368,55564,0,-1,0,0,0,0,0,0,0,0,0,0,26377,109,464,0,3,34144256,512,268435456,0,0,0,1309324210,-1440044374
53078,Treasure in the Tides,,32380,55564,0,-1,0,0,0,0,0,0,0,0,0,0,26378,109,464,0,3,34144256,0,268435456,0,0,0,1309324210,-1440044374
53106,Censership,,33052,63483,0,-1,0,0,0,0,0,0,0,0,0,163212,26452,109,464,0,3,37289984,0,268435456,0,0,0,-1321907123,1427461461
53107,Plunder and Provisions,,33053,63483,0,-1,0,0,0,0,0,0,0,0,0,0,26451,109,464,0,3,37289984,0,268435456,0,0,0,-1321907123,1427461461
53108,Iconoclasm,,33054,63483,0,-1,0,0,0,0,0,0,0,0,0,157771,26453,109,464,0,3,37289984,0,268435456,0,0,0,-1321907123,1427461461
53111,Tracking Quest,,33057,0,0,-1,0,0,0,0,0,0,0,0,0,0,0,0,0,0,3,33621000,0,0,0,0,0,-1,-1
53165,Stopping Antiquities Theft,,33098,55564,0,-1,0,0,0,0,0,0,0,0,0,0,26397,109,464,0,3,38338560,8192,268435456,52261,0,0,-1321907123,1427461461
53188,Frozen Freestyle,,33120,55564,0,-1,0,0,0,0,0,0,0,0,0,0,26852,109,464,0,3,2686976,0,268435456,0,0,0,-1321907123,1427461461
53189,Slippery Slopes,,33121,55564,0,-1,0,0,0,0,0,0,0,0,0,0,26854,109,464,0,3,2686976,0,268435456,0,0,0,-1321907123,1427461461
53196,Swab This!,,32384,55564,0,-1,0,0,0,0,0,0,0,0,0,0,26398,109,464,0,3,38338560,8192,268435456,0,0,0,1309324210,-1440044374
53200,Tracking Quest,,33131,0,0,-1,0,0,0,0,0,0,0,0,0,0,0,0,0,0,3,33621000,0,0,0,0,0,-1,-1
53201,Tracking Quest,,33132,0,0,-1,0,0,0,0,0,0,0,0,0,0,0,0,0,0,3,33621000,0,0,0,0,0,-1,-1
53202,Tracking Quest,,33133,0,0,-1,0,0,0,0,0,0,0,0,0,0,0,0,0,0,3,33621000,0,0,0,0,0,-1,-1
53203,Tracking Quest,,33134,0,0,-1,0,0,0,0,0,0,0,0,0,0,0,0,0,0,3,33621000,0,0,0,0,0,-1,-1
53204,Tracking Quest,,33135,0,0,-1,0,0,0,0,0,0,0,0,0,0,0,0,0,0,3,33621000,0,0,0,0,0,-1,-1
53214,Tracking Quest,,33141,0,0,-1,0,0,0,0,0,0,0,0,0,0,0,0,0,0,3,33621000,0,0,0,0,0,-1,-1
53215,Tracking Quest,,33142,0,0,-1,0,0,0,0,0,0,0,0,0,0,0,0,188,0,3,37815304,8192,0,0,0,0,-1,-1
53266,Flourishing Sea Stalks,,33200,55564,0,-1,0,0,0,0,0,2549,1,0,0,0,26599,119,464,0,3,34144576,0,268435458,0,0,0,-1,-1
53270,Flourishing Riverbud,,33204,55564,0,-1,0,0,0,0,0,2549,1,0,0,0,26600,119,464,0,3,34144576,0,268435458,0,0,0,-1,-1
53271,Blooming Star Moss,,33205,55564,0,-1,0,0,0,0,0,2549,1,0,0,0,26601,119,464,0,3,590144,0,268435458,0,0,0,-1,-1
53272,Blooming Siren's Sting,,33206,55564,0,-1,0,0,0,0,0,2549,1,0,0,0,26602,119,464,0,3,590144,0,268435458,0,0,0,-1,-1
53273,Winter's Kiss Cluster,,33207,67266,0,-1,0,0,0,0,0,2549,1,0,0,0,26603,119,464,0,3,590144,0,268435458,0,0,0,-1,-1
53274,Overgrown Anchor Weed,,33208,55564,0,-1,0,0,0,0,0,2549,1,0,0,0,26604,119,464,0,3,34144576,0,268435458,0,0,0,-1,-1
53277,Flourishing Sea Stalks,,33212,55564,0,-1,0,0,0,0,0,2549,1,0,0,0,26605,119,464,0,3,34144576,0,268435458,0,0,0,-1,-1
53278,Flourishing Riverbud,,33213,55564,0,-1,0,0,0,0,0,2549,1,0,0,0,26606,119,464,0,3,34144576,0,268435458,0,0,0,-1,-1
53279,Blooming Star Moss,,33214,55564,0,-1,0,0,0,0,0,2549,1,0,0,0,26607,119,464,0,3,590144,0,268435458,0,0,0,-1,-1
53280,Blooming Siren's Sting,,33215,55564,0,-1,0,0,0,0,0,2549,1,0,0,0,26608,119,464,0,3,590144,0,268435458,0,0,0,-1,-1
53281,Winter's Kiss Cluster,,33216,55564,0,-1,0,0,0,0,0,2549,1,0,0,0,26609,119,464,0,3,590144,0,268435458,0,0,0,-1,-1
53282,Overgrown Anchor Weed,,33217,55564,0,-1,0,0,0,0,0,2549,1,0,0,0,26610,119,464,0,3,590144,0,268435458,0,0,0,-1,-1
53283,Flourishing Sea Stalks,,33218,55564,0,-1,0,0,0,0,0,2549,1,0,0,0,26611,119,464,0,3,34144576,0,268435458,0,0,0,-1,-1
53284,Flourishing Riverbud,,33219,55564,0,-1,0,0,0,0,0,2549,1,0,0,0,26612,119,464,0,3,34144576,0,268435458,0,0,0,-1,-1
53285,Blooming Star Moss,,33220,55564,0,-1,0,0,0,0,0,2549,1,0,0,0,26613,119,464,0,3,590144,0,268435458,0,0,0,-1,-1
53286,Blooming Siren's Sting,,33221,55564,0,-1,0,0,0,0,0,2549,1,0,0,0,26614,119,464,0,3,590144,0,268435458,0,0,0,-1,-1
53287,Winter's Kiss Cluster,,33222,55564,0,-1,0,0,0,0,0,2549,1,0,0,0,26615,119,464,0,3,590144,0,268435458,0,0,0,-1,-1
53288,Overgrown Anchor Weed,,33223,55564,0,-1,0,0,0,0,0,2549,1,0,0,0,26616,119,464,0,3,590144,0,268435458,0,0,0,-1,-1
53289,Flourishing Sea Stalks,,33224,67269,0,-1,0,0,0,0,0,2549,1,0,0,0,26582,119,464,0,3,34144576,0,268435458,0,0,0,-1,-1
53290,Flourishing Riverbud,,33225,55564,0,-1,0,0,0,0,0,2549,1,0,0,0,26584,119,464,0,3,34144576,0,268435458,0,0,0,-1,-1
53291,Blooming Star Moss,,33226,55564,0,-1,0,0,0,0,0,2549,1,0,0,0,26585,119,464,0,3,590144,0,268435458,0,0,0,-1,-1
53292,Blooming Siren's Sting,,33227,55564,0,-1,0,0,0,0,0,2549,1,0,0,0,26586,119,464,0,3,590144,0,268435458,0,0,0,-1,-1
53293,Overgrown Anchor Weed,,33228,55564,0,-1,0,0,0,0,0,2549,1,0,0,0,26587,119,464,0,3,590144,0,268435458,0,0,0,-1,-1
53294,Akunda's Bite Cluster,,33229,55564,0,-1,0,0,0,0,0,2549,1,0,0,0,26592,119,464,0,3,590144,0,268435458,0,0,0,-1,-1
53296,Flourishing Sea Stalks,,33231,55564,0,-1,0,0,0,0,0,2549,1,0,0,0,26588,119,464,0,3,34144576,0,268435458,0,0,0,-1,-1
53297,Flourishing Riverbud,,33232,55564,0,-1,0,0,0,0,0,2549,1,0,0,0,26589,119,464,0,3,34144576,0,268435458,0,0,0,-1,-1
53298,Blooming Star Moss,,33233,55564,0,-1,0,0,0,0,0,2549,1,0,0,0,26590,119,464,0,3,590144,0,268435458,0,0,0,-1,-1
53299,Blooming Siren's Sting,,33234,55564,0,-1,0,0,0,0,0,2549,1,0,0,0,26591,119,464,0,3,590144,0,268435458,0,0,0,-1,-1
53300,Overgrown Anchor Weed,,33235,55564,0,-1,0,0,0,0,0,2549,1,0,0,0,26593,119,464,0,3,590144,0,268435458,0,0,0,-1,-1
53301,Flourishing Sea Stalks,,33236,55564,0,-1,0,0,0,0,0,2549,1,0,0,0,26594,119,464,0,3,34144576,0,268435458,0,0,0,-1,-1
53302,Flourishing Riverbud,,33237,55564,0,-1,0,0,0,0,0,2549,1,0,0,0,26595,119,464,0,3,34144576,0,268435458,0,0,0,-1,-1
53303,Blooming Star Moss,,33238,55564,0,-1,0,0,0,0,0,2549,1,0,0,0,26596,119,464,0,3,590144,0,268435458,0,0,0,-1,-1
53304,Blooming Siren's Sting,,33239,55564,0,-1,0,0,0,0,0,2549,1,0,0,0,26597,119,464,0,3,590144,0,268435458,0,0,0,-1,-1
53305,Overgrown Anchor Weed,,33240,55564,0,-1,0,0,0,0,0,2549,1,0,0,0,26598,119,464,0,3,590144,0,268435458,0,0,0,-1,-1
53308,Luminous Monelite,,33244,55564,0,-1,0,0,0,0,0,2565,1,0,0,0,26617,120,464,0,3,34144576,0,268435458,0,0,0,-1,-1
53311,Gleaming Storm Silver,,33247,55564,0,-1,0,0,0,0,0,2565,1,0,0,0,26618,120,464,0,3,34144576,0,268435458,0,0,0,-1,-1
53312,Burnished Platinum,,33248,55564,0,-1,0,0,0,0,0,2565,1,0,0,0,26619,120,464,0,3,34144576,0,268435458,0,0,0,-1,-1
53313,Rough Monelite,,33249,55564,0,-1,0,0,0,0,0,2565,1,0,0,0,26620,120,464,0,3,34144576,0,268435458,0,0,0,-1,-1
53314,Coarse Storm Silver,,33250,55564,0,-1,0,0,0,0,0,2565,1,0,0,0,26621,120,464,0,3,34144576,0,268435458,0,0,0,-1,-1
53315,Smooth Platinum,,33251,55564,0,-1,0,0,0,0,0,2565,1,0,0,0,26622,120,464,0,3,34144576,0,268435458,0,0,0,-1,-1
53316,Hardened Monelite,,33252,55564,0,-1,0,0,0,0,0,2565,1,0,0,0,26623,120,464,0,3,34144576,0,268435458,0,0,0,-1,-1
53317,Dense Storm Silver,,33253,55564,0,-1,0,0,0,0,0,2565,1,0,0,0,26624,120,464,0,3,34144576,0,268435458,0,0,0,-1,-1
53318,Ductile Platinum,,33254,55564,0,-1,0,0,0,0,0,2565,1,0,0,0,26625,120,464,0,3,34144576,0,268435458,0,0,0,-1,-1
53319,Our Sacred Forest,,33255,62340,0,-1,0,0,0,0,0,0,0,0,0,0,26423,109,288,0,3,38338560,8192,268435456,0,0,0,-1321907123,1427461461
53320,Ours For the Taking,,33256,62340,0,-1,0,0,0,0,0,0,0,0,0,0,26424,109,288,0,3,38338560,8192,268435456,0,0,0,1309324210,-1440044374
53321,Luminous Monelite,,33257,55564,0,-1,0,0,0,0,0,2565,1,0,0,0,26634,120,464,0,3,34144576,0,268435458,0,0,0,-1,-1
53322,Gleaming Storm Silver,,33258,55564,0,-1,0,0,0,0,0,2565,1,0,0,0,26633,120,464,0,3,34144576,0,268435458,0,0,0,-1,-1
53323,Burnished Platinum,,33259,55564,0,-1,0,0,0,0,0,2565,1,0,0,0,26632,120,464,0,3,34144576,0,268435458,0,0,0,-1,-1
53324,Rough Monelite,,33260,55564,0,-1,0,0,0,0,0,2565,1,0,0,0,26631,120,464,0,3,34144576,0,268435458,0,0,0,-1,-1
53325,Coarse Storm Silver,,33261,55564,0,-1,0,0,0,0,0,2565,1,0,0,0,26630,120,464,0,3,34144576,0,268435458,0,0,0,-1,-1
53326,Smooth Platinum,,33262,55564,0,-1,0,0,0,0,0,2565,1,0,0,0,26629,120,464,0,3,34144576,0,268435458,0,0,0,-1,-1
53327,Hardened Monelite,,33263,55564,0,-1,0,0,0,0,0,2565,1,0,0,0,26628,120,464,0,3,34144576,0,268435458,0,0,0,-1,-1
53328,Dense Storm Silver,,33264,55564,0,-1,0,0,0,0,0,2565,1,0,0,0,26627,120,464,0,3,34144576,0,268435458,0,0,0,-1,-1
53329,Ductile Platinum,,33265,55564,0,-1,0,0,0,0,0,2565,1,0,0,0,26626,120,464,0,3,34144576,0,268435458,0,0,0,-1,-1
53331,Show-Off,,33267,55564,0,-1,0,0,0,0,0,0,0,0,0,0,26439,109,464,0,3,39387136,0,268435456,0,0,0,-1321907123,1427461461
53343,Censership,,33052,63483,0,-1,0,0,0,0,0,0,0,0,0,163212,26452,109,464,0,3,37289984,0,268435456,0,0,0,1309324210,-1440044374
53344,Iconoclasm,,33054,63483,0,-1,0,0,0,0,0,0,0,0,0,157771,26453,109,464,0,3,37289984,0,268435456,0,0,0,1309324210,-1440044374
53345,Plunder and Provisions,,33053,63483,0,-1,0,0,0,0,0,0,0,0,0,0,26451,109,464,0,3,37289984,0,268435456,0,0,0,1309324210,-1440044374
53346,Trogg Tromping,,33274,55564,0,-1,0,0,0,0,0,0,0,0,0,0,26514,109,464,0,3,36241408,0,268435456,0,0,0,-1321907123,1427461461
53435,Azerite for the Horde,,33337,64610,0,-1,0,0,0,0,0,0,0,0,0,0,0,261,289,0,2,101220608,67108864,268435490,0,0,0,1309324210,-1440044374
53436,Azerite for the Alliance,,33337,64610,0,-1,0,0,0,0,0,0,0,0,0,0,0,261,289,0,2,101220608,67108864,268435490,0,0,0,-1321907123,1427461461
53497,Break Free,,33383,63694,0,-1,0,0,0,0,0,0,0,0,0,0,26656,109,288,0,3,34144256,0,268435456,0,0,0,-1321907123,1427461461
53498,Staying Power,,33384,63694,0,-1,0,0,0,0,0,0,0,0,0,0,26655,109,288,0,3,34144256,0,268435456,0,0,0,1309324210,-1440044374
53520,Detonate!,,33404,62340,0,-1,0,0,0,0,0,0,0,0,0,0,26694,109,288,0,3,34144256,0,268435456,0,0,0,-1321907123,1427461461
53549,Bounty Bag,,33430,0,0,-1,0,0,0,0,0,0,0,0,0,0,0,41,464,0,3,101253184,0,268435456,0,0,0,-1,-1
53552,Wicked Kegger,,33453,62340,0,-1,0,0,0,0,0,0,0,0,0,0,26727,109,288,0,3,34144256,0,268435456,0,0,0,1309324210,-1440044374
53564,Tracking Quest,,33457,0,0,-1,0,0,0,0,0,0,0,0,0,0,0,0,0,0,3,33621000,0,0,0,0,0,-1,-1
53584,Tracking Quest,,33479,0,0,-1,0,0,0,0,0,0,0,0,0,0,0,0,0,0,3,33621000,0,0,0,0,0,-1,-1
53585,Tracking Quest,,33480,0,0,-1,0,0,0,0,0,0,0,0,0,0,0,0,0,0,3,33621000,0,0,0,0,0,-1,-1
53586,Tracking Quest,,33481,0,0,-1,0,0,0,0,0,0,0,0,0,0,0,0,0,0,3,33621000,0,0,0,0,0,-1,-1
53587,Tracking Quest,,33482,0,0,-1,0,0,0,0,0,0,0,0,0,0,0,0,0,0,3,33621000,0,0,0,0,0,-1,-1
53588,Tracking Quest,,33483,0,0,-1,0,0,0,0,0,0,0,0,0,0,0,0,0,0,3,33621000,0,0,0,0,0,-1,-1
53589,Tracking Quest,,33484,0,0,-1,0,0,0,0,0,0,0,0,0,0,0,0,0,0,3,33621000,0,0,0,0,0,-1,-1
53590,Tracking Quest,,33485,0,0,-1,0,0,0,0,0,0,0,0,0,0,0,0,0,0,3,33621000,0,0,0,0,0,-1,-1
53591,Tracking Quest,,33486,0,0,-1,0,0,0,0,0,0,0,0,0,0,0,0,0,0,3,33621000,0,0,0,0,0,-1,-1
53592,Tracking Quest,,33487,0,0,-1,0,0,0,0,0,0,0,0,0,0,0,0,0,0,3,33621000,0,0,0,0,0,-1,-1
53593,Tracking Quest,,33488,0,0,-1,0,0,0,0,0,0,0,0,0,0,0,0,0,0,3,33621000,0,0,0,0,0,-1,-1
53594,Tracking Quest,,33489,0,0,-1,0,0,0,0,0,0,0,0,0,0,0,0,0,0,3,33621000,0,0,0,0,0,-1,-1
53595,Tracking Quest,,33490,0,0,-1,0,0,0,0,0,0,0,0,0,0,0,0,0,0,3,33621000,0,0,0,0,0,-1,-1
53596,Tracking Quest,,33491,0,0,-1,0,0,0,0,0,0,0,0,0,0,0,0,0,0,3,33621000,0,0,0,0,0,-1,-1
53597,Tracking Quest,,33492,0,0,-1,0,0,0,0,0,0,0,0,0,0,0,0,0,0,3,33621000,0,0,0,0,0,-1,-1
53598,Tracking Quest,,33493,0,0,-1,0,0,0,0,0,0,0,0,0,0,0,0,0,0,3,33621000,0,0,0,0,0,-1,-1
53599,Tracking Quest,,33494,0,0,-1,0,0,0,0,0,0,0,0,0,0,0,0,0,0,3,33621000,0,0,0,0,0,-1,-1
53600,Tracking Quest,,33495,0,0,-1,0,0,0,0,0,0,0,0,0,0,0,0,0,0,3,33621000,0,0,0,0,0,-1,-1
53601,Tracking Quest,,33496,0,0,-1,0,0,0,0,0,0,0,0,0,0,0,0,0,0,3,33621000,0,0,0,0,0,-1,-1
53699,Gate Crashers,,33607,65921,0,-1,0,0,0,0,0,0,0,0,0,0,26925,259,706,0,3,40435968,8192,268435456,0,0,0,-1321907123,1427461461
53704,Not Too Sober Citizens Brigade,,33598,65921,0,-1,0,0,0,0,0,0,0,0,0,0,27049,259,706,0,3,40435968,8192,268435456,0,0,0,-1321907123,1427461461
53706,Salvage the Supplies,,33599,65921,0,-1,0,0,0,0,0,0,0,0,0,0,27080,259,706,0,3,36241664,0,268435456,0,0,0,-1321907123,1427461461
53707,Smoke the Supplies,,33600,65921,0,-1,0,0,0,0,0,0,0,0,0,0,27080,259,706,0,3,36241664,0,268435456,0,0,0,1309324210,-1440044374
53712,Unfriendly Skies,,33602,65921,0,-1,0,0,0,0,0,0,0,0,0,0,26964,259,706,0,3,40435968,8192,268435456,0,0,0,-1321907123,1427461461
53713,Wet Work: Bridgeport,,33604,65921,0,-1,0,0,0,0,0,0,0,0,0,0,26965,259,706,0,3,37290240,0,268435456,0,0,0,1309324210,-1440044374
53714,Apothecary Jerrod,,33605,67187,0,-1,0,0,0,0,0,0,0,0,0,0,26962,260,706,0,3,36241728,0,268435456,0,0,0,-1321907123,1427461461
53715,Firewarden Viton Darkflare,,33606,65921,0,-1,0,0,0,0,0,0,0,0,0,0,26966,260,706,0,3,36241728,0,268435456,0,0,0,-1321907123,1427461461
53716,Eastpoint Emergency,,33608,67264,0,-1,0,0,0,0,0,0,0,0,0,0,27148,259,706,0,3,36241664,0,268435456,0,0,0,1309324210,-1440044374
53717,Hold the Highland,,33609,65921,0,-1,0,0,0,0,0,0,0,0,0,0,27078,259,706,0,3,36241664,0,268435456,0,0,0,-1321907123,1427461461
53724,Shadow Hunter Mutumba,,33616,65921,0,-1,0,0,0,0,0,0,0,0,0,0,26989,260,706,0,3,36241728,0,268435456,0,0,0,-1321907123,1427461461
53726,Mechinations,,33618,65921,0,-1,0,0,0,0,0,0,0,0,0,0,27002,259,706,0,3,40435968,8192,268435456,0,0,0,-1321907123,1427461461
53752,Shell Outs,,33639,65921,0,-1,0,0,0,0,0,0,0,0,0,0,27081,259,706,0,3,36241664,0,268435456,0,0,0,1309324210,-1440044374
53753,Shell Outs,,33640,65921,0,-1,0,0,0,0,0,0,0,0,0,0,27081,259,706,0,3,36241664,0,268435456,0,0,0,-1321907123,1427461461
53755,Blight and Sound,,33642,65921,0,-1,0,0,0,0,0,0,0,0,0,0,27017,259,706,0,3,36241664,0,268435456,0,0,0,-1321907123,1427461461
53759,Look Out Below!,,33646,65921,0,-1,0,0,0,0,0,0,0,0,0,0,26924,259,706,0,3,40435968,8192,268435456,0,0,0,1309324210,-1440044374
53768,Furious Fracas,,33654,65921,0,-1,0,0,0,0,0,0,0,0,0,0,27079,259,706,0,3,36241664,0,268435456,0,0,0,-1321907123,1427461461
53769,Furious Fracas,,33655,65921,0,-1,0,0,0,0,0,0,0,0,0,0,27079,259,706,0,3,36241664,0,268435456,0,0,0,1309324210,-1440044374
53770,TBD - OLD PORTAL QUEST (NOT USED),,33656,65921,0,-1,0,0,0,0,0,0,0,0,0,0,3785,113,706,0,3,39387392,8192,268435456,0,0,0,-1321907123,1427461461
53771,Gurin Stonebinder,,33657,65921,0,-1,0,0,0,0,0,0,0,0,0,0,27015,260,706,0,3,36241728,0,268435456,0,0,0,-1321907123,1427461461
53772,Zagg Brokeneye,,33658,65921,0,-1,0,0,0,0,0,0,0,0,0,0,27075,260,706,0,3,36241728,0,268435456,0,0,0,-1321907123,1427461461
53773,Naga Attack!,,33659,66421,0,-1,0,0,0,0,0,0,0,0,0,0,27077,111,706,0,3,41484544,8192,268435456,0,0,0,-1,-1
53784,Siege Engineer Krackleboom,,33670,65921,0,-1,0,0,0,0,0,0,0,0,0,0,27076,260,706,0,3,36241728,0,268435456,0,0,0,-1321907123,1427461461
53803,Fist of Orgrimmar - TBD OLD PORTAL QUEST,,33687,65921,0,-1,0,0,0,0,0,0,0,0,0,0,3785,113,706,0,3,39387392,8192,268435456,0,0,0,-1321907123,1427461461
53804,Dinomancer Zakuru,,33688,65921,0,-1,0,0,0,0,0,0,0,0,0,0,27089,260,706,0,3,36241728,0,268435456,0,0,0,-1321907123,1427461461
53808,Crawl To Victory,,33692,65921,0,-1,0,0,0,0,0,0,0,0,0,0,27002,259,706,0,3,40435968,8192,268435456,0,0,0,1309324210,-1440044374
53812,A Carefully Laid Trap,,33696,65921,0,-1,0,0,0,0,0,0,0,0,0,0,27092,260,706,0,3,36241728,0,268435456,0,0,0,-1321907123,1427461461
53814,First Sergeant Steelfang,,33698,65921,0,-1,0,0,0,0,0,0,0,0,0,0,27098,260,706,0,3,36241728,0,268435456,0,0,0,-1321907123,1427461461
53832,Counter-Sabotage,,33715,67264,0,-1,0,0,0,0,0,0,0,0,0,0,27014,259,706,0,3,40435968,8192,268435456,0,0,0,1309324210,-1440044374
53857,Cap'n Gorok,,33739,65921,0,-1,0,0,0,0,0,0,0,0,0,0,27110,260,706,0,3,36241728,0,268435456,0,0,0,-1321907123,1427461461
53860,Azerite Transport (NOT USED),,33742,0,0,-1,0,0,0,0,0,0,0,0,0,0,3785,113,706,0,3,36241664,0,268435456,0,0,0,1309324210,-1440044374
53867,Engineer Bolthold,,33749,65921,0,-1,0,0,0,0,0,0,0,0,0,0,27131,260,706,0,3,36241728,0,268435456,0,0,0,-1321907123,1427461461
53874,End Their Vigil,,33755,66632,0,-1,0,0,0,0,0,0,0,0,0,0,27439,109,464,0,3,34144256,0,268435456,0,0,0,1309324210,-1440044374
53875,Fogsail for a Day,,33756,65921,0,-1,0,0,0,0,0,0,0,0,0,0,27145,259,706,0,3,40435968,8192,268435456,0,0,0,1309324210,-1440044374
53877,Eastpoint Encounter,,33757,65921,0,-1,0,0,0,0,0,0,0,0,0,0,27148,259,706,0,3,36241664,0,268435456,0,0,0,-1321907123,1427461461
53878,Emergency Extrication,,33758,65921,0,-1,0,0,0,0,0,0,0,0,0,0,27078,259,706,0,3,36241664,0,268435456,0,0,0,1309324210,-1440044374
53886,Self Guided Tour,,33766,67268,0,-1,0,0,0,0,0,0,0,0,0,0,27152,259,706,0,3,40435968,8192,268435456,0,0,0,1309324210,-1440044374
53945,Naga Attack!,,33836,66420,0,-1,0,0,0,0,0,0,0,0,0,0,27166,111,706,0,3,41484544,8192,268435456,0,0,0,-1,-1
53950,Explosive Relief,,33826,67264,0,-1,0,0,0,0,0,0,0,0,0,0,27178,259,706,0,3,36241664,0,268435456,0,0,0,1309324210,-1440044374
53951,Explosive Relief,,33827,65921,0,-1,0,0,0,0,0,0,0,0,0,0,27178,259,706,0,3,36241664,0,268435456,0,0,0,-1321907123,1427461461
53963,Naga Attack!,,33837,66349,0,-1,0,0,0,0,0,0,0,0,0,0,27181,111,706,0,3,41484544,8192,268435456,0,0,0,-1,-1
53979,Naga Attack!,,33853,66339,0,-1,0,0,0,0,0,0,0,0,0,0,27209,111,706,0,3,41484544,8192,268435456,0,0,0,-1,-1
53983,Wet Work: Fort Knight,,33855,65921,0,-1,0,0,0,0,0,0,0,0,0,0,27210,259,706,0,3,36241664,0,268435456,0,0,0,1309324210,-1440044374
53994,Naga Attack!,,33866,66419,0,-1,0,0,0,0,0,0,0,0,0,0,27238,111,706,0,3,41484544,8192,268435456,0,0,0,-1,-1
54011,Wet Work: Arom's Stand,,33882,67265,0,-1,0,0,0,0,0,0,0,0,0,0,27253,259,706,0,3,37290240,0,268435456,0,0,0,1309324210,-1440044374
54014,Wet Work: Blood in the Sand,,33885,65921,0,-1,0,0,0,0,0,0,0,0,0,0,27262,259,706,0,3,36241664,0,268435456,0,0,0,-1321907123,1427461461
54016,Azerite Transport,,33887,65921,0,-1,0,0,0,0,0,0,0,0,0,0,27260,260,706,0,3,36241728,0,268435456,0,0,0,1309324210,-1440044374
54017,Wet Work: Warbeast Kraal,,33888,65921,0,-1,0,0,0,0,0,0,0,0,0,0,27259,259,706,0,3,37290240,0,268435456,0,0,0,-1321907123,1427461461
54020,Wet Work: Gloomwater Span,,33891,65921,0,-1,0,0,0,0,0,0,0,0,0,0,27256,259,706,0,3,36241664,0,268435456,0,0,0,-1321907123,1427461461
54051,Naga Attack!,,33939,66341,0,-1,0,0,0,0,0,0,0,0,0,0,27306,111,706,0,3,41484544,8192,268435456,0,0,0,-1,-1
54060,Naga Attack!,,33944,66342,0,-1,0,0,0,0,0,0,0,0,0,0,27333,111,706,0,3,41484544,8192,268435456,0,0,0,-1,-1
54089,Omgar Doombow,,33973,65921,0,-1,0,0,0,0,0,0,0,0,0,0,27365,260,706,0,3,36241728,0,268435456,0,0,0,-1321907123,1427461461
54091,Strong Arm John,,33975,71588,0,-1,0,0,0,0,0,0,0,0,0,0,27366,260,706,0,3,36241728,0,268435456,0,0,0,1309324210,-1440044374
54112,Mistweaver Nian,,33994,67264,0,-1,0,0,0,0,0,0,0,0,0,0,27375,260,706,0,3,36241728,0,268435456,0,0,0,1309324210,-1440044374
54119,Hartford Sternbach,,33996,67264,0,-1,0,0,0,0,0,0,0,0,0,0,27385,260,706,0,3,36241728,0,268435456,0,0,0,1309324210,-1440044374
54127,Rocket Hop,,34005,68084,0,-1,0,0,0,0,0,0,0,0,0,0,27421,259,706,0,3,41484608,8192,268435456,0,0,0,-1321907123,1427461461
54129,First Mate Malone,,34007,65921,0,-1,0,0,0,0,0,0,0,0,0,0,27398,260,706,0,3,36241728,0,268435456,0,0,0,-1321907123,1427461461
54143,Bird's-Eye View,,34022,67187,0,-1,0,0,0,0,0,0,0,0,0,0,27409,259,706,0,3,40435968,8192,268435456,0,0,0,-1321907123,1427461461
54154,The Hills Have Spies,,34027,65921,0,-1,0,0,0,0,0,0,0,0,0,0,27151,259,706,0,3,40435968,8192,268435456,0,0,0,1309324210,-1440044374
54162,Hard Landing,,34032,65921,0,-1,0,0,0,0,0,0,0,0,0,0,27150,259,706,0,3,40435968,8192,268435456,0,0,0,1309324210,-1440044374
54166,Set Sail,,34036,21439,0,-1,0,0,0,0,0,0,0,0,0,0,0,109,289,0,3,34177280,0,268435458,0,0,0,1309324210,-1440044374
54167,Set Sail,,34036,21439,0,-1,0,0,0,0,0,0,0,0,0,0,0,109,289,0,3,34177280,0,268435458,0,0,0,-1321907123,1427461461
54170,Ormin Rocketbop,,34039,65921,0,-1,0,0,0,0,0,0,0,0,0,0,27419,260,706,0,3,36241728,0,268435456,0,0,0,1309324210,-1440044374
54182,Bilgewater Bash Brothers,,34047,65921,0,-1,0,0,0,0,0,0,0,0,0,0,27427,260,706,0,3,36241728,0,268435456,0,0,0,-1321907123,1427461461
54187,Tea for Two,,34052,55564,0,-1,0,0,0,0,0,0,0,0,0,0,27433,109,464,0,3,34144256,0,268435456,0,0,0,-1321907123,1427461461
54188,Scrambled Bots,,34053,65921,0,-1,0,0,0,0,0,0,0,0,0,0,27429,259,706,0,3,40435968,8192,268435456,0,0,0,-1321907123,1427461461
54189,Desert Crawl,,34054,65921,0,-1,0,0,0,0,0,0,0,0,0,0,27429,259,706,0,3,40435968,8192,268435456,0,0,0,1309324210,-1440044374
54190,Tea for Two,,34055,55564,0,-1,0,0,0,0,0,0,0,0,0,0,27433,109,464,0,3,34144256,0,268435456,0,0,0,1309324210,-1440044374
54236,Naga Attack!,,34101,66416,0,-1,0,0,0,0,0,0,0,0,0,0,27456,111,706,0,3,41484544,8192,268435456,0,0,0,-1,-1
54237,Togoth Cruelarm,,34102,65921,0,-1,0,0,0,0,0,0,0,0,0,0,27446,260,706,0,3,36241728,0,268435456,0,0,0,-1321907123,1427461461
54243,Gobliteration,,34107,66497,0,-1,0,0,0,0,0,0,0,0,0,0,27449,109,464,0,3,41615360,8192,268435456,0,0,0,-1321907123,1427461461
54245,Azerite Altercation,,34109,65921,0,-1,0,0,0,0,0,0,0,0,0,0,27457,259,706,0,3,36241664,0,268435456,0,0,0,-1321907123,1427461461
54246,Azerite Altercation,,34110,65921,0,-1,0,0,0,0,0,0,0,0,0,0,27457,259,706,0,3,36241664,0,268435456,0,0,0,1309324210,-1440044374
54251,The Ambassador,,34115,67264,0,-1,0,0,0,0,0,0,0,0,0,0,27464,260,706,0,3,36241728,0,268435456,0,0,0,1309324210,-1440044374
54253,Bombs Away,,34117,65921,0,-1,0,0,0,0,0,0,0,0,0,0,27466,259,706,0,3,36241664,0,268435456,0,0,0,1309324210,-1440044374
54254,Bombs Away,,34118,65921,0,-1,0,0,0,0,0,0,0,0,0,0,27466,259,706,0,3,36241664,0,268435456,0,0,0,-1321907123,1427461461
54257,Captain Greensails,,34121,67264,0,-1,0,0,0,0,0,0,0,0,0,0,27468,260,706,0,3,36241728,0,268435456,0,0,0,1309324210,-1440044374
54266,Mortar Master Zapfritz,,34130,65921,0,-1,0,0,0,0,0,0,0,0,0,0,27475,260,706,0,3,36241728,0,268435456,0,0,0,-1321907123,1427461461
54267,Naga Attack!,,34131,66418,0,-1,0,0,0,0,0,0,0,0,0,0,27480,111,706,0,3,41484544,8192,268435456,0,0,0,-1,-1
54268,Impulsive Propulsion,,34132,66160,0,-1,0,0,0,0,0,0,0,0,0,0,27481,259,706,0,3,40435968,8192,268435456,0,0,0,1309324210,-1440044374
54272,Battle Bots,,34136,65921,0,-1,0,0,0,0,0,0,0,0,0,0,27485,259,706,0,3,36241664,0,268435456,0,0,0,-1321907123,1427461461
54273,Battle Bots,,34137,65921,0,-1,0,0,0,0,0,0,0,0,0,0,27485,259,706,0,3,36241664,0,268435456,0,0,0,1309324210,-1440044374
54281,Bombing Ballistae,,34145,65921,0,-1,0,0,0,0,0,0,0,0,0,0,27495,259,706,0,3,40435968,8192,268435456,0,0,0,-1321907123,1427461461
54287,Naga Attack!,,34151,66417,0,-1,0,0,0,0,0,0,0,0,0,0,27496,111,706,0,3,41484544,8192,268435456,0,0,0,-1,-1
54295,Artillery Master Goodwin,,34159,67264,0,-1,0,0,0,0,0,0,0,0,0,0,27497,260,706,0,3,36241728,0,268435456,0,0,0,1309324210,-1440044374
54298,Gravity Matters,,34162,65921,0,-1,0,0,0,0,0,0,0,0,0,0,27150,259,706,0,3,40435968,8192,268435456,0,0,0,-1321907123,1427461461
54308,Mine Your Business,,34172,65921,0,-1,0,0,0,0,0,0,0,0,0,0,27500,259,706,0,3,36241664,0,268435456,51696,0,0,1309324210,-1440044374
54313,Tracking Quest,,34176,0,0,-1,0,0,0,0,0,0,0,0,0,0,0,0,0,0,3,33621256,0,0,0,0,0,1309324210,-1440044374
54314,Tracking Quest,,34177,0,0,-1,0,0,0,0,0,0,0,0,0,0,0,0,0,0,3,33621256,0,0,0,0,0,-1,-1
54315,Tracking Quest,,34178,0,0,-1,0,0,0,0,0,0,0,0,0,0,0,0,0,0,3,35718408,0,0,0,0,0,-1,-1
54316,Tracking Quest,,34179,0,0,-1,0,0,0,0,0,0,0,0,0,0,0,0,0,0,3,33621256,0,0,0,0,0,-1,-1
54317,Tracking Quest,,34180,0,0,-1,0,0,0,0,0,0,0,0,0,0,0,0,0,0,3,33621256,0,0,0,0,0,-1,-1
54318,Tracking Quest,,34181,0,0,-1,0,0,0,0,0,0,0,0,0,0,0,0,0,0,3,33621256,0,0,0,0,0,-1,-1
54319,Tracking Quest,,34182,0,0,-1,0,0,0,0,0,0,0,0,0,0,0,0,0,0,3,33621256,0,0,0,0,0,-1,-1
54322,Tracking Quest,,34185,0,0,-1,0,0,0,0,0,0,0,0,0,0,0,0,0,0,3,35718408,0,0,0,0,0,-1,-1
54323,Tracking Quest,,34186,0,0,-1,0,0,0,0,0,0,0,0,0,0,0,0,0,0,3,33621256,0,0,0,0,0,-1,-1
54324,Tracking Quest,,34187,0,0,-1,0,0,0,0,0,0,0,0,0,0,0,0,0,0,3,33621256,0,0,0,0,0,-1,-1
54325,Tracking Quest,,34188,0,0,-1,0,0,0,0,0,0,0,0,0,0,0,0,0,0,3,33621256,0,0,0,0,0,-1,-1
54326,Tracking Quest,,34189,0,0,-1,0,0,0,0,0,0,0,0,0,0,0,0,0,0,3,33621256,0,0,0,0,0,-1,-1
54328,Knight-Captain Joesiph,,34191,65921,0,-1,0,0,0,0,0,0,0,0,0,0,27531,260,706,0,3,36241728,0,268435456,0,0,0,1309324210,-1440044374
54399,Tracking Quest,,34262,0,0,-1,0,0,0,0,0,0,0,0,0,0,0,0,0,0,3,33621256,0,0,0,0,0,-1,-1
54400,Tracking Quest,,34263,0,0,-1,0,0,0,0,0,0,0,0,0,0,0,0,0,0,3,33621256,0,0,0,0,0,-1,-1
54401,Tracking Quest,,34264,0,0,-1,0,0,0,0,0,0,0,0,0,0,0,0,0,0,3,33621256,0,0,0,0,0,-1,-1
54403,Tidesage Clarissa,,34266,65921,0,-1,0,0,0,0,0,0,0,0,0,0,27601,260,706,0,3,36241728,0,268435456,0,0,0,1309324210,-1440044374
54414,Gale's Unrest,,34277,65921,0,-1,0,0,0,0,0,0,0,0,0,0,27603,259,706,0,3,36241664,0,268435456,0,0,0,1309324210,-1440044374
54415,Vulpera for a Day,,34278,65921,0,-1,0,0,0,0,0,0,0,0,0,0,27708,259,706,0,3,40435968,8192,268435456,0,0,0,1309324210,-1440044374
54434,Voidmaster Evenshade,,34297,65921,0,-1,0,0,0,0,0,0,0,0,0,0,27602,260,706,0,3,36241728,0,268435456,0,0,0,1309324210,-1440044374
54437,Owynn Graddock,,34299,65921,0,-1,0,0,0,0,0,0,0,0,0,0,27608,260,706,0,3,36241728,0,268435456,0,0,0,1309324210,-1440044374
54442,Beast Tamer Watkins,,34303,65921,0,-1,0,0,0,0,0,0,0,0,0,0,27613,260,706,0,3,36241728,0,268435456,0,0,0,1309324210,-1440044374
54448,Elemental Azerite,,34309,67265,0,-1,0,0,0,0,0,0,0,0,0,0,27621,259,706,0,3,36241664,0,268435456,0,0,0,1309324210,-1440044374
54449,Elemental Azerite,,34310,67282,0,-1,0,0,0,0,0,0,0,0,0,0,27621,259,706,0,3,36241664,0,268435456,0,0,0,-1321907123,1427461461
54467,Legacy in Ruins,,34316,67254,0,-1,0,0,0,0,0,0,0,0,0,0,28036,109,691,0,3,34144512,0,268435456,51722,0,0,1309324210,-1440044374
54468,Nalaess Featherseeker,,34317,65921,0,-1,0,0,0,0,0,0,0,0,0,0,27622,260,706,0,3,36241728,0,268435456,0,0,0,1309324210,-1440044374
54471,Tend the Wounded,,34319,65921,0,-1,0,0,0,0,0,0,0,0,0,0,27625,259,706,0,3,36241664,0,268435456,0,0,0,-1321907123,1427461461
54472,Plowing the Field,,34320,67265,0,-1,0,0,0,0,0,0,0,0,0,0,27625,259,706,0,3,36241664,0,268435456,0,0,0,1309324210,-1440044374
54488,Zul'aki the Headhunter,,34330,65921,0,-1,0,0,0,0,0,0,0,0,0,0,27626,260,706,0,3,36241728,0,268435456,0,0,0,-1321907123,1427461461
54496,Scurvy Dogs!,,34338,67254,0,-1,0,0,0,0,0,0,0,0,0,0,28037,109,691,0,3,34144512,0,268435456,51722,0,0,1309324210,-1440044374
54497,A Dangerous Combination,,34339,67254,0,-1,0,0,0,0,0,0,0,0,0,0,28038,109,691,0,3,34144512,0,268435456,51722,0,0,1309324210,-1440044374
54498,Stack On The Tank,,34340,65921,0,-1,0,0,0,0,0,0,0,0,0,0,27639,259,706,0,3,36241664,0,268435456,0,0,0,-1321907123,1427461461
54499,Rituals of Twilight,,34341,67254,0,-1,0,0,0,0,0,0,0,0,0,0,28039,109,691,0,3,34144512,0,268435456,51722,0,0,1309324210,-1440044374
54500,Untapped Potential,,34342,65921,0,-1,0,0,0,0,0,0,0,0,0,0,27635,259,706,0,3,36241664,0,268435456,0,0,0,-1321907123,1427461461
54502,It's Raining Mana,,34342,67268,0,-1,0,0,0,0,0,0,0,0,0,0,27635,259,706,0,3,36241664,0,268435456,0,0,0,1309324210,-1440044374
54503,This Gang of Mine,,34343,67268,0,-1,0,0,0,0,0,0,0,0,0,0,27641,259,706,0,3,40435968,8192,268435456,0,0,0,1309324210,-1440044374
54504,Scout Captain Grizzleknob,,34344,65921,0,-1,0,0,0,0,0,0,0,0,0,0,27642,260,706,0,3,36241728,0,268435456,0,0,0,-1321907123,1427461461
54505,Get On The Payload,,34345,65921,0,-1,0,0,0,0,0,0,0,0,0,0,27643,259,706,0,3,36241664,0,268435456,0,0,0,1309324210,-1440044374
54506,Fungal Infestation,,34346,67265,0,-1,0,0,0,0,0,0,0,0,0,0,27644,259,706,0,3,36241664,0,268435456,0,0,0,1309324210,-1440044374
54507,Fungal Infestation,,34347,65921,0,-1,0,0,0,0,0,0,0,0,0,0,27644,259,706,0,3,36241664,0,268435456,0,0,0,-1321907123,1427461461
54508,No Bridge Too Dire,,34348,65921,0,-1,0,0,0,0,0,0,0,0,0,0,27646,260,706,0,3,36241728,0,268435456,0,0,0,-1321907123,1427461461
54509,Tip of the Trident,,34349,67254,0,-1,0,0,0,0,0,0,0,0,0,0,28040,109,691,0,3,34144512,0,268435456,51722,0,0,1309324210,-1440044374
54511,Down with the Death Captains!,,34351,65921,0,-1,0,0,0,0,0,0,0,0,0,0,27648,260,706,0,3,36241728,0,268435456,0,0,0,-1321907123,1427461461
54512,Cleansing Tide,,34352,65921,0,-1,0,0,0,0,0,0,0,0,0,0,27649,259,706,0,3,40435968,0,268435456,0,0,0,-1321907123,1427461461
54513,Dino Time!,,34353,65921,0,-1,0,0,0,0,0,0,0,0,0,0,27654,260,706,0,3,36241728,0,268435456,0,0,0,-1321907123,1427461461
54514,Prisoners of the Darkscale,,34354,67254,0,-1,0,0,0,0,0,0,0,0,0,0,28041,109,691,0,3,34144512,0,268435456,51722,0,0,1309324210,-1440044374
54515,Tidebinder Maka,,34355,65921,0,-1,0,0,0,0,0,0,0,0,0,0,27655,260,706,0,3,36241728,0,268435456,0,0,0,-1321907123,1427461461
54516,Crate n' Barrel,,34357,65921,0,-1,0,0,0,0,0,0,0,0,0,0,27657,259,706,0,3,40435968,8192,268435456,0,0,0,1309324210,-1440044374
54520,Singed Saplings,,34360,67254,0,-1,0,0,0,0,0,0,0,0,0,0,28042,109,691,0,3,34144512,0,268435456,51722,0,0,1309324210,-1440044374
54521,Stolen Sorcery,,34361,67254,0,-1,0,0,0,0,0,0,0,0,0,0,28043,109,691,0,3,34144512,0,268435456,51722,0,0,1309324210,-1440044374
54522,Short for an Orc,,34362,65921,0,-1,0,0,0,0,0,0,0,0,0,0,27665,260,706,0,3,36241728,0,268435456,0,0,0,1309324210,-1440044374
54523,Blinky Gizmospark,,34363,65921,0,-1,0,0,0,0,0,0,0,0,0,0,27666,260,706,0,3,36241728,0,268435456,0,0,0,1309324210,-1440044374
54524,Crate n' Barrel,,34364,65921,0,-1,0,0,0,0,0,0,0,0,0,0,27657,259,706,0,3,40435968,8192,268435456,0,0,0,-1321907123,1427461461
54525,Tracking Quest,,34365,0,0,-1,0,0,0,0,0,0,0,0,0,0,0,259,0,0,3,34149632,0,0,0,0,0,-1,-1
54526,Tracking Quest,,34366,0,0,-1,0,0,0,0,0,0,0,0,0,0,0,259,0,0,3,34149632,0,0,0,0,0,-1,-1
54527,Dinohunter Wildbeard,,34367,65921,0,-1,0,0,0,0,0,0,0,0,0,0,27671,260,706,0,3,36241728,0,268435456,0,0,0,1309324210,-1440044374
54528,Back to the Depths,,34368,67254,0,-1,0,0,0,0,0,0,0,0,0,0,28044,109,691,0,3,34144512,0,268435456,51722,0,0,1309324210,-1440044374
54531,Anything We Can Salvage,,34370,67254,0,-1,0,0,0,0,0,0,0,0,0,0,28045,109,691,0,3,34144512,0,268435456,51722,0,0,1309324210,-1440044374
54532,Receding Treeline,,34371,65921,0,-1,0,0,0,0,0,0,0,0,0,0,27678,260,706,0,3,36241728,0,268435456,0,0,0,1309324210,-1440044374
54533,Barreling Through,,34372,65921,0,-1,0,0,0,0,0,0,0,0,0,0,27682,259,706,0,3,36241664,0,268435456,0,0,0,-1321907123,1427461461
54534,The Blightest Touch,,34373,67268,0,-1,0,0,0,0,0,0,0,0,0,0,27682,259,706,0,3,40435968,0,268435456,0,0,0,1309324210,-1440044374
54535,Portal Keeper Romiir,,34374,65921,0,-1,0,0,0,0,0,0,0,0,0,0,27683,260,706,0,3,36241728,0,268435456,0,0,0,1309324210,-1440044374
54536,Fueling the Flames,,34375,67254,0,-1,0,0,0,0,0,0,0,0,0,0,28046,109,691,0,3,34144512,8192,268435456,51722,0,0,1309324210,-1440044374
54537,Bilestomper,,34376,65921,0,-1,0,0,0,0,0,0,0,0,0,0,27688,260,706,0,3,36241728,0,268435456,0,0,0,-1321907123,1427461461
54538,Skirmish at the Span,,34377,67268,0,-1,0,0,0,0,0,0,0,0,0,0,27691,259,706,0,3,36241664,0,268435456,0,0,0,1309324210,-1440044374
54539,Skirmish at the Span,,34378,65921,0,-1,0,0,0,0,0,0,0,0,0,0,27691,259,706,0,3,36241664,0,268435456,0,0,0,-1321907123,1427461461
54540,Doomrider Helgrim,,34379,66544,0,-1,0,0,0,0,0,0,0,0,0,0,27699,135,691,0,3,37290048,0,268435456,0,0,0,-1321907123,1427461461
54541,Knight-Captain Aldrin,,34380,66543,0,-1,0,0,0,0,0,0,0,0,0,0,27699,135,691,0,3,37290048,0,268435456,0,0,0,1309324210,-1440044374
54542,Horrific Apparition,,34381,66543,0,-1,0,0,0,0,0,0,0,0,0,0,27698,135,691,0,3,37290048,0,268435456,0,0,0,1309324210,-1440044374
54543,Man-Hunter Rog,,34382,66543,0,-1,0,0,0,0,0,0,0,0,0,0,27702,135,691,0,3,37290048,0,268435456,0,0,0,1309324210,-1440044374
54544,Beastrider Kama,,34383,66543,0,-1,0,0,0,0,0,0,0,0,0,0,27694,135,691,0,3,37290048,0,268435456,0,0,0,1309324210,-1440044374
54545,Nimar the Slayer,,34384,66543,0,-1,0,0,0,0,0,0,0,0,0,0,27703,135,691,0,3,37290048,0,268435456,0,0,0,1309324210,-1440044374
54546,Singer,,34385,66543,0,-1,0,0,0,0,0,0,0,0,0,0,27705,135,691,0,3,37290048,0,268435456,0,0,0,1309324210,-1440044374
54547,Darbel Montrose,,34386,66543,0,-1,0,0,0,0,0,0,0,0,0,0,27695,135,691,0,3,37290048,0,268435456,0,0,0,1309324210,-1440044374
54548,Foulbelly,,34387,66543,0,-1,0,0,0,0,0,0,0,0,0,0,27696,135,691,0,3,37290048,0,268435456,0,0,0,1309324210,-1440044374
54549,Kovork,,34388,66543,0,-1,0,0,0,0,0,0,0,0,0,0,27701,135,691,0,3,37290048,0,268435456,0,0,0,1309324210,-1440044374
54550,Ruul Onestone,,34389,66543,0,-1,0,0,0,0,0,0,0,0,0,0,27704,135,691,0,3,37290048,0,268435456,0,0,0,1309324210,-1440044374
54551,Zalas Witherbark,,34390,66543,0,-1,0,0,0,0,0,0,0,0,0,0,27706,135,691,0,3,37290048,0,268435456,0,0,0,1309324210,-1440044374
54552,Geomancer Flintdagger,,34391,66543,0,-1,0,0,0,0,0,0,0,0,0,0,27697,135,691,0,3,37290048,0,268435456,0,0,0,1309324210,-1440044374
54553,Kor'gresh Coldrage,,34392,66543,0,-1,0,0,0,0,0,0,0,0,0,0,27700,135,691,0,3,37290048,0,268435456,0,0,0,1309324210,-1440044374
54554,Wolfleader Skraug,,34393,65921,0,-1,0,0,0,0,0,0,0,0,0,0,27707,260,706,0,3,36241728,0,268435456,0,0,0,-1321907123,1427461461
54555,Siege O' Matic 9000,,34394,65921,0,-1,0,0,0,0,0,0,0,0,0,0,27709,260,706,0,3,36241728,0,268435456,0,0,0,-1321907123,1427461461
54561,Zalas Witherbark,,34390,66544,0,-1,0,0,0,0,0,0,0,0,0,0,27706,135,691,0,3,37290048,0,268435456,0,0,0,-1321907123,1427461461
54562,Singer,,34385,66544,0,-1,0,0,0,0,0,0,0,0,0,0,27705,135,691,0,3,37290048,0,268435456,0,0,0,-1321907123,1427461461
54563,Ruul Onestone,,34389,66544,0,-1,0,0,0,0,0,0,0,0,0,0,27704,135,691,0,3,37290048,0,268435456,0,0,0,-1321907123,1427461461
54564,Nimar the Slayer,,34384,66544,0,-1,0,0,0,0,0,0,0,0,0,0,27703,135,691,0,3,37290048,0,268435456,0,0,0,-1321907123,1427461461
54565,Man-Hunter Rog,,34382,66544,0,-1,0,0,0,0,0,0,0,0,0,0,27702,135,691,0,3,37290048,0,268435456,0,0,0,-1321907123,1427461461
54566,Kovork,,34388,66544,0,-1,0,0,0,0,0,0,0,0,0,0,27701,135,691,0,3,37290048,0,268435456,0,0,0,-1321907123,1427461461
54567,Kor'gresh Coldrage,,34392,66544,0,-1,0,0,0,0,0,0,0,0,0,0,27700,135,691,0,3,37290048,0,268435456,0,0,0,-1321907123,1427461461
54568,Branchlord Aldrus,,34400,66543,0,-1,0,0,0,0,0,0,0,0,0,0,27693,136,691,0,3,37289984,0,268435456,0,0,0,1309324210,-1440044374
54569,Horrific Apparition,,34381,66544,0,-1,0,0,0,0,0,0,0,0,0,0,27698,135,691,0,3,37290048,0,268435456,0,0,0,-1321907123,1427461461
54570,Geomancer Flintdagger,,34391,66544,0,-1,0,0,0,0,0,0,0,0,0,0,27697,135,691,0,3,37290048,0,268435456,0,0,0,-1321907123,1427461461
54571,Foulbelly,,34387,66544,0,-1,0,0,0,0,0,0,0,0,0,0,27696,135,691,0,3,37290048,0,268435456,0,0,0,-1321907123,1427461461
54572,Darbel Montrose,,34386,66544,0,-1,0,0,0,0,0,0,0,0,0,0,27695,135,691,0,3,37290048,0,268435456,0,0,0,-1321907123,1427461461
54573,Beastrider Kama,,34383,66544,0,-1,0,0,0,0,0,0,0,0,0,0,27694,135,691,0,3,37290048,0,268435456,0,0,0,-1321907123,1427461461
54574,Jin'tago,,34397,65921,0,-1,0,0,0,0,0,0,0,0,0,0,27710,260,706,0,3,36241728,0,268435456,0,0,0,-1321907123,1427461461
54578,Branchlord Aldrus,,34400,66544,0,-1,0,0,0,0,0,0,0,0,0,0,27693,136,691,0,3,37289984,0,268435456,0,0,0,-1321907123,1427461461
54583,Burning Goliath,,34405,66543,0,-1,0,0,0,0,0,0,0,0,0,0,27711,136,691,0,3,37289984,0,268435456,0,0,0,1309324210,-1440044374
54584,Cresting Goliath,,34406,66543,0,-1,0,0,0,0,0,0,0,0,0,0,27712,136,691,0,3,37289984,0,268435456,0,0,0,1309324210,-1440044374
54585,Echo of Myzrael,,34407,66543,0,-1,0,0,0,0,0,0,0,0,0,0,27713,136,691,0,3,37289984,0,268435456,0,0,0,1309324210,-1440044374
54586,Fozruk,,34408,66543,0,-1,0,0,0,0,0,0,0,0,0,0,27714,136,691,0,3,37289984,0,268435456,0,0,0,1309324210,-1440044374
54587,Molok the Crusher,,34409,66543,0,-1,0,0,0,0,0,0,0,0,0,0,27715,136,691,0,3,37289984,0,268435456,0,0,0,1309324210,-1440044374
54588,Overseer Krix,,34410,66543,0,-1,0,0,0,0,0,0,0,0,0,0,27716,136,691,0,3,37289984,0,268435456,0,0,0,1309324210,-1440044374
54589,Plaguefeather,,34411,66543,0,-1,0,0,0,0,0,0,0,0,0,0,27717,136,691,0,3,37289984,0,268435456,0,0,0,1309324210,-1440044374
54590,Ragebeak,,34412,66543,0,-1,0,0,0,0,0,0,0,0,0,0,27718,136,691,0,3,37289984,0,268435456,0,0,0,1309324210,-1440044374
54591,Rumbling Goliath,,34413,66543,0,-1,0,0,0,0,0,0,0,0,0,0,27719,136,691,0,3,37289984,0,268435456,0,0,0,1309324210,-1440044374
54592,Skullripper,,34414,66543,0,-1,0,0,0,0,0,0,0,0,0,0,27720,136,691,0,3,37289984,0,268435456,0,0,0,1309324210,-1440044374
54593,Thundering Goliath,,34415,66543,0,-1,0,0,0,0,0,0,0,0,0,0,27721,136,691,0,3,37289984,0,268435456,0,0,0,1309324210,-1440044374
54594,Venomarus,,34416,66543,0,-1,0,0,0,0,0,0,0,0,0,0,27722,136,691,0,3,37289984,0,268435456,0,0,0,1309324210,-1440044374
54595,Yogursa,,34417,66543,0,-1,0,0,0,0,0,0,0,0,0,0,27723,136,691,0,3,37289984,0,268435456,0,0,0,1309324210,-1440044374
54596,Yogursa,,34417,66544,0,-1,0,0,0,0,0,0,0,0,0,0,27723,136,691,0,3,37289984,0,268435456,0,0,0,-1321907123,1427461461
54597,Venomarus,,34416,66544,0,-1,0,0,0,0,0,0,0,0,0,0,27722,136,691,0,3,37289984,0,268435456,0,0,0,-1321907123,1427461461
54598,Thundering Goliath,,34415,66544,0,-1,0,0,0,0,0,0,0,0,0,0,27721,136,691,0,3,37289984,0,268435456,0,0,0,-1321907123,1427461461
54599,Skullripper,,34414,66544,0,-1,0,0,0,0,0,0,0,0,0,0,27720,136,691,0,3,37289984,0,268435456,0,0,0,-1321907123,1427461461
54600,Rumbling Goliath,,34413,66544,0,-1,0,0,0,0,0,0,0,0,0,0,27719,136,691,0,3,37289984,0,268435456,0,0,0,-1321907123,1427461461
54601,Ragebeak,,34412,66544,0,-1,0,0,0,0,0,0,0,0,0,0,27718,136,691,0,3,37289984,0,268435456,0,0,0,-1321907123,1427461461
54602,Plaguefeather,,34411,66544,0,-1,0,0,0,0,0,0,0,0,0,0,27717,136,691,0,3,37289984,0,268435456,0,0,0,-1321907123,1427461461
54603,Overseer Krix,,34410,66544,0,-1,0,0,0,0,0,0,0,0,0,0,27716,136,691,0,3,37289984,0,268435456,0,0,0,-1321907123,1427461461
54604,Molok the Crusher,,34409,66544,0,-1,0,0,0,0,0,0,0,0,0,0,27715,136,691,0,3,37289984,0,268435456,0,0,0,-1321907123,1427461461
54605,Fozruk,,34408,66544,0,-1,0,0,0,0,0,0,0,0,0,0,27714,136,691,0,3,37289984,0,268435456,0,0,0,-1321907123,1427461461
54606,Echo of Myzrael,,34407,66544,0,-1,0,0,0,0,0,0,0,0,0,0,27713,136,691,0,3,37289984,0,268435456,0,0,0,-1321907123,1427461461
54607,Cresting Goliath,,34406,66544,0,-1,0,0,0,0,0,0,0,0,0,0,27712,136,691,0,3,37289984,0,268435456,0,0,0,-1321907123,1427461461
54608,Burning Goliath,,34405,66544,0,-1,0,0,0,0,0,0,0,0,0,0,27711,136,691,0,3,37289984,0,268435456,0,0,0,-1321907123,1427461461
54609,Beastlord Drakara,,34418,65921,0,-1,0,0,0,0,0,0,0,0,0,0,27724,260,706,0,3,36241728,0,268435456,0,0,0,-1321907123,1427461461
54612,Blood and Ashes,,34419,67254,0,-1,0,0,0,0,0,0,0,0,0,0,28047,109,691,0,3,34144512,0,268435456,51722,0,0,1309324210,-1440044374
54613,Twice-Exiled,,34420,66543,0,-1,0,0,0,0,0,0,0,0,0,0,27746,109,691,0,3,3735552,0,268435456,0,0,0,1309324210,-1440044374
54614,Executing Exorcisms,,34421,66543,0,-1,0,0,0,0,0,0,0,0,0,0,27747,109,691,0,3,589824,0,268435456,0,0,0,1309324210,-1440044374
54615,The League Will Lose,,34422,66543,0,-1,0,0,0,0,0,0,0,0,0,0,27745,109,691,0,3,12124160,0,268435456,0,0,0,1309324210,-1440044374
54616,Boulderfist Beatdown,,34423,66543,0,-1,0,0,0,0,0,0,0,0,0,0,27748,109,691,0,3,3735552,0,268435456,0,0,0,1309324210,-1440044374
54617,Sins of the Syndicate,,34424,66543,0,-1,0,0,0,0,0,0,0,0,0,0,27749,109,691,0,3,3735552,0,268435456,0,0,0,1309324210,-1440044374
54619,Wiping Out the Witherbark,,34425,66543,0,-1,0,0,0,0,0,0,0,0,0,0,27750,109,691,0,3,3735552,0,268435456,0,0,0,1309324210,-1440044374
54620,Death to The Defilers,,34426,66544,0,-1,0,0,0,0,0,0,0,0,0,0,27745,109,691,0,3,3735552,0,268435456,0,0,0,-1321907123,1427461461
54621,Twice-Exiled,,34427,66544,0,-1,0,0,0,0,0,0,0,0,0,0,27746,109,691,0,3,3735552,0,268435456,0,0,0,-1321907123,1427461461
54622,Executing Exorcisms,,34428,66544,0,-1,0,0,0,0,0,0,0,0,0,0,27747,109,691,0,3,589824,0,268435456,0,0,0,-1321907123,1427461461
54623,Boulderfist Beatdown,,34429,66544,0,-1,0,0,0,0,0,0,0,0,0,0,27748,109,691,0,3,3735552,0,268435456,0,0,0,-1321907123,1427461461
54624,Sins of the Syndicate,,34430,66544,0,-1,0,0,0,0,0,0,0,0,0,0,27749,109,691,0,3,3735552,0,268435456,0,0,0,-1321907123,1427461461
54625,Wiping Out the Witherbark,,34431,66544,0,-1,0,0,0,0,0,0,0,0,0,0,27750,109,691,0,3,3735552,0,268435456,0,0,0,-1321907123,1427461461
54636,Sandbinder Sodir,,34432,65921,0,-1,0,0,0,0,0,0,0,0,0,0,27726,260,706,0,3,36241728,0,268435456,0,0,0,-1321907123,1427461461
54638,Beat Up the Drums,,34433,65921,0,-1,0,0,0,0,0,0,0,0,0,0,27727,260,706,0,3,36241728,0,268435456,0,0,0,-1321907123,1427461461
54643,Evezon the Eternal,,34439,65921,0,-1,0,0,0,0,0,0,0,0,0,0,27730,260,706,0,3,36241728,0,268435456,0,0,0,1309324210,-1440044374
54644,Azerite Transport,,34440,65921,0,-1,0,0,0,0,0,0,0,0,0,0,27737,260,706,0,3,36241728,0,268435456,0,0,0,1309324210,-1440044374
54645,Fury of the Earth,,34441,65921,0,-1,0,0,0,0,0,0,0,0,0,0,27738,260,706,0,3,36241728,0,268435456,0,0,0,1309324210,-1440044374
54646,Grand Marshal Fury,,34442,65921,0,-1,0,0,0,0,0,0,0,0,0,0,27743,260,706,0,3,36241728,0,268435456,0,0,0,1309324210,-1440044374
54647,Ale Intent,,34443,67187,0,-1,0,0,0,0,0,0,0,0,0,0,27744,259,706,0,3,36241664,0,268435456,0,0,0,-1321907123,1427461461
54648,Kaldorei Resurgence,,34444,67254,0,-1,0,0,0,0,0,0,0,0,0,0,28048,109,691,0,3,36241664,0,268435456,51722,0,0,1309324210,-1440044374
54649,Flames of War,,34445,65921,0,-1,0,0,0,0,0,0,0,0,0,0,27751,260,706,0,3,36241728,0,268435456,0,0,0,1309324210,-1440044374
54650,Muk'luk,,34446,65921,0,-1,0,0,0,0,0,0,0,0,0,0,27634,260,706,0,3,36241728,0,268435456,0,0,0,-1321907123,1427461461
54662,Brought to Light,,34456,67187,0,-1,0,0,0,0,0,0,0,0,0,0,27754,259,706,0,3,40435968,8192,268435456,0,0,0,-1321907123,1427461461
54663,Shadow Hunter Vol'tris,,34457,65921,0,-1,0,0,0,0,0,0,0,0,0,0,27757,260,706,0,3,36241728,0,268435456,0,0,0,-1321907123,1427461461
54664,Azerite Transport,,34458,67268,0,-1,0,0,0,0,0,0,0,0,0,0,27759,260,706,0,3,36241728,0,268435456,0,0,0,1309324210,-1440044374
54665,Duchess Fallensong,,34459,67187,0,-1,0,0,0,0,0,0,0,0,0,0,27760,260,706,0,3,36241728,0,268435456,0,0,0,-1321907123,1427461461
54666,Packmaster Swiftarrow,,34460,65921,0,-1,0,0,0,0,0,0,0,0,0,0,27758,260,706,0,3,36241728,0,268435456,0,0,0,-1321907123,1427461461
54667,Legacy in Ruins,,34461,67252,0,-1,0,0,0,0,0,0,0,0,0,0,28036,109,691,0,3,34144512,0,268435456,51722,0,0,-1321907123,1427461461
54668,Out of Their Mine,,34462,67252,0,-1,0,0,0,0,0,0,0,0,0,0,28037,109,691,0,3,34144512,0,268435456,51722,0,0,-1321907123,1427461461
54669,A Dangerous Combination,,34463,67252,0,-1,0,0,0,0,0,0,0,0,0,0,28038,109,691,0,3,34144512,0,268435456,51722,0,0,-1321907123,1427461461
54671,Overgrown Ancient,,34464,67268,0,-1,0,0,0,0,0,0,0,0,0,0,27761,260,706,0,3,36241728,0,268435456,0,0,0,1309324210,-1440044374
54672,Rituals of Twilight,,34465,67252,0,-1,0,0,0,0,0,0,0,0,0,0,28039,109,691,0,3,34144512,0,268435456,51722,0,0,-1321907123,1427461461
54673,Tip of the Trident,,34466,67252,0,-1,0,0,0,0,0,0,0,0,0,0,28040,109,691,0,3,34144512,0,268435456,51722,0,0,-1321907123,1427461461
54674,Prisoners of the Darkscale,,34467,67252,0,-1,0,0,0,0,0,0,0,0,0,0,28041,109,691,0,3,34144512,0,268435456,51722,0,0,-1321907123,1427461461
54675,Hunting Season,,34468,67252,0,-1,0,0,0,0,0,0,0,0,0,0,28042,109,691,0,3,34144512,0,268435456,51722,0,0,-1321907123,1427461461
54676,Shards of Narassin,,34469,67252,0,-1,0,0,0,0,0,0,0,0,0,0,28043,109,691,0,3,34144512,0,268435456,51722,0,0,-1321907123,1427461461
54677,Back to the Depths,,34470,67252,0,-1,0,0,0,0,0,0,0,0,0,0,28044,109,691,0,3,34144512,0,268435456,51722,0,0,-1321907123,1427461461
54678,Anything We Can Salvage,,34471,67252,0,-1,0,0,0,0,0,0,0,0,0,0,28045,109,691,0,3,34144512,0,268435456,51722,0,0,-1321907123,1427461461
54679,Fueling the Flames,,34472,67252,0,-1,0,0,0,0,0,0,0,0,0,0,28046,109,691,0,3,34144512,8192,268435456,51722,0,0,-1321907123,1427461461
54680,Plague Master Herbert,,34473,65921,0,-1,0,0,0,0,0,0,0,0,0,0,27763,260,706,0,3,36241728,0,268435456,0,0,0,-1321907123,1427461461
54681,Azerite Caravan,,34474,67265,0,-1,0,0,0,0,0,0,0,0,0,0,27762,260,706,0,3,36241728,0,268435456,0,0,0,1309324210,-1440044374
54684,Arcanist Quintril,,34476,65921,0,-1,0,0,0,0,0,0,0,0,0,0,27765,260,706,0,3,36241728,0,268435456,0,0,0,-1321907123,1427461461
54685,They Love Iron,,34477,65921,0,-1,0,0,0,0,0,0,0,0,0,0,27767,259,706,0,3,36241664,0,268435456,0,0,0,1309324210,-1440044374
54686,Medical Emergency,,34478,67265,0,-1,0,0,0,0,0,0,0,0,0,0,27768,260,706,0,3,36241728,0,268435456,0,0,0,1309324210,-1440044374
54688,Inquisitor Erik,,34480,67265,0,-1,0,0,0,0,0,0,0,0,0,0,27772,260,706,0,3,36241728,0,268435456,0,0,0,1309324210,-1440044374
54689,Lights Out,,34481,65921,0,-1,0,0,0,0,0,0,0,0,0,0,27775,259,706,0,3,40435968,8192,268435456,0,0,0,1309324210,-1440044374
54690,Maddok the Sniper,,34482,67265,0,-1,0,0,0,0,0,0,0,0,0,0,27774,260,706,0,3,36241728,0,268435456,0,0,0,1309324210,-1440044374
54691,Brewmaster Lin,,34483,65921,0,-1,0,0,0,0,0,0,0,0,0,0,27780,260,706,0,3,36241728,0,268435456,0,0,0,-1321907123,1427461461
54692,Magister Crystalynn,,34484,67265,0,-1,0,0,0,0,0,0,0,0,0,0,27779,260,706,0,3,36241728,0,268435456,0,0,0,1309324210,-1440044374
54693,Pterror of the Horde,,34485,65921,0,-1,0,0,0,0,0,0,0,0,0,0,27781,260,706,0,3,36241728,0,268435456,0,0,0,-1321907123,1427461461
54694,Stormcaller Morka,,34486,65921,0,-1,0,0,0,0,0,0,0,0,0,0,27786,260,706,0,3,36241728,0,268435456,0,0,0,-1321907123,1427461461
54697,Lightforged Warframe,,34489,67268,0,-1,0,0,0,0,0,0,0,0,0,0,27792,260,706,0,3,36241728,0,268435456,0,0,0,1309324210,-1440044374
54698,Shattering Spears,,34490,67252,0,-1,0,0,0,0,0,0,0,0,0,0,28051,109,691,0,3,34144512,8192,268435456,51722,0,0,-1321907123,1427461461
54699,Classic Gnomish Engineering,,34491,67268,0,-1,0,0,0,0,0,0,0,0,0,0,27793,260,706,0,3,36241728,0,268435456,0,0,0,1309324210,-1440044374
54700,Thomas Vandergrief,,34492,67268,0,-1,0,0,0,0,0,0,0,0,0,0,27795,260,706,0,3,36241728,0,268435456,0,0,0,1309324210,-1440044374
54701,Wrath of the Ravasaur,,34493,65921,0,-1,0,0,0,0,0,0,0,0,0,0,27811,259,706,0,3,36241664,0,268435456,0,0,0,1309324210,-1440044374
54707,Siegeotron,,34498,67268,0,-1,0,0,0,0,0,0,0,0,0,0,27796,260,706,0,3,36241728,0,268435456,0,0,0,1309324210,-1440044374
54711,Zillie Wunderwrench and Grizzwald,,34502,67265,0,-1,0,0,0,0,0,0,0,0,0,0,27798,260,706,0,3,36241728,0,268435456,0,0,0,1309324210,-1440044374
54712,Spell Components,,34503,65921,0,-1,0,0,0,0,0,0,0,0,0,0,27811,259,706,0,3,36241664,0,268435456,0,0,0,-1321907123,1427461461
54714,Tracking Quest,,34505,0,0,-1,0,0,0,0,0,0,0,0,0,0,0,0,0,0,3,33621256,0,0,0,0,0,-1,-1
54715,Tracking Quest,,34506,0,0,-1,0,0,0,0,0,0,0,0,0,0,0,0,0,0,3,33621256,0,0,0,0,0,-1,-1
54716,Tracking Quest,,34507,0,0,-1,0,0,0,0,0,0,0,0,0,0,0,0,0,0,3,33621256,0,0,0,0,0,-1,-1
54717,Tracking Quest,,34508,0,0,-1,0,0,0,0,0,0,0,0,0,0,0,0,0,0,3,33621256,0,0,0,0,0,-1,-1
54718,Tracking Quest,,34509,0,0,-1,0,0,0,0,0,0,0,0,0,0,0,0,0,0,3,33621256,0,0,0,0,0,-1,-1
54719,Worgen in the Ore Mine,,34510,67254,0,-1,0,0,0,0,0,0,0,0,0,0,28049,109,691,0,3,34144512,0,268435456,51722,0,0,1309324210,-1440044374
54720,Tracking Quest,,34511,0,0,-1,0,0,0,0,0,0,0,0,0,0,0,0,0,0,3,33621256,0,0,0,0,0,-1,-1
54722,Turning the Tides,,34513,67254,0,-1,0,0,0,0,0,0,0,0,0,0,28050,109,691,0,3,36241664,0,268435456,51722,0,0,1309324210,-1440044374
54724,Ending the Blackwood,,34515,67254,0,-1,0,0,0,0,0,0,0,0,0,0,28051,109,691,0,3,34144512,0,268435456,51722,0,0,1309324210,-1440044374
54736,Desecrate this Fire!,,34527,9484,0,-1,0,0,0,0,0,0,0,0,0,0,0,0,394,0,0,0,0,512,0,0,0,1309324210,-1440044374
54737,Honor the Flame,,34528,9484,0,-1,0,0,0,0,0,0,0,0,0,0,0,0,394,0,0,0,0,512,0,0,0,-1321907123,1427461461
54739,Desecrate this Fire!,,34530,9484,0,-1,0,0,0,0,0,0,0,0,0,0,0,0,394,0,0,0,0,512,0,0,0,1309324210,-1440044374
54741,Honor the Flame,,34532,9484,0,-1,0,0,0,0,0,0,0,0,0,0,0,0,394,0,0,0,0,512,0,0,0,-1321907123,1427461461
54742,Desecrate this Fire!,,34533,9484,0,-1,0,0,0,0,0,0,0,0,0,0,0,0,394,0,0,0,0,512,0,0,0,1309324210,-1440044374
54743,Honor the Flame,,34534,9484,0,-1,0,0,0,0,0,0,0,0,0,0,0,0,394,0,0,0,0,512,0,0,0,-1321907123,1427461461
54744,Desecrate this Fire!,,34535,9484,0,-1,0,0,0,0,0,0,0,0,0,0,0,0,394,0,0,0,0,512,0,0,0,-1321907123,1427461461
54745,Honor the Flame,,34536,9484,0,-1,0,0,0,0,0,0,0,0,0,0,0,0,394,0,0,0,0,512,0,0,0,1309324210,-1440044374
54746,Desecrate this Fire!,,34537,9484,0,-1,0,0,0,0,0,0,0,0,0,0,0,0,394,0,0,0,0,512,0,0,0,-1321907123,1427461461
54747,Honor the Flame,,34538,9484,0,-1,0,0,0,0,0,0,0,0,0,0,0,0,394,0,0,0,0,512,0,0,0,1309324210,-1440044374
54749,Desecrate this Fire!,,34540,9484,0,-1,0,0,0,0,0,0,0,0,0,0,0,0,394,0,0,0,0,512,0,0,0,-1321907123,1427461461
54750,Honor the Flame,,34541,9484,0,-1,0,0,0,0,0,0,0,0,0,0,0,0,394,0,0,0,0,512,0,0,0,1309324210,-1440044374
54769,Tracking Quest,,34558,0,0,-1,0,0,0,0,0,0,0,0,0,0,0,0,0,0,3,33621256,0,0,0,0,0,-1,-1
54771,Tracking Quest,,34560,0,0,-1,0,0,0,0,0,0,0,0,0,0,0,0,0,0,3,33621256,0,0,0,0,0,-1,-1
54772,Tracking Quest,,34561,0,0,-1,0,0,0,0,0,0,0,0,0,0,0,0,0,0,3,33621256,0,0,0,0,0,-1,-1
54773,Tracking Quest,,34562,0,0,-1,0,0,0,0,0,0,0,0,0,0,0,0,0,0,3,33621256,0,0,0,0,0,-1,-1
54774,Tracking Quest,,34563,0,0,-1,0,0,0,0,0,0,0,0,0,0,0,0,0,0,3,33621256,0,0,0,0,0,-1,-1
54775,Tracking Quest,,34564,0,0,-1,0,0,0,0,0,0,0,0,0,0,0,0,0,0,3,33621256,0,0,0,0,0,-1,-1
54776,Tracking Quest,,34565,0,0,-1,0,0,0,0,0,0,0,0,0,0,0,0,0,0,3,33621256,0,0,0,0,0,-1,-1
54777,Tracking Quest,,34566,0,0,-1,0,0,0,0,0,0,0,0,0,0,0,0,0,0,3,35718408,0,0,0,0,0,-1,-1
54778,Tracking Quest,,34567,0,0,-1,0,0,0,0,0,0,0,0,0,0,0,0,0,0,3,35718408,0,0,0,0,0,-1,-1
54779,Tracking Quest,,34568,0,0,-1,0,0,0,0,0,0,0,0,0,0,0,0,0,0,3,33621256,0,0,0,0,0,-1,-1
54780,Tracking Quest,,34569,0,0,-1,0,0,0,0,0,0,0,0,0,0,0,0,0,0,3,33621256,0,0,0,0,0,-1,-1
54781,What's For Lunch?,,34570,147656,0,-1,65536,0,0,0,0,0,0,0,0,0,0,0,4311,0,2,39846144,8192,268435976,91931,0,0,-1,-1
54782,Tracking Quest,,34571,0,0,-1,0,0,0,0,0,0,0,0,0,0,0,0,0,0,3,33621256,0,0,0,0,0,1309324210,-1440044374
54784,Blackwood Liberation,,34574,67252,0,-1,0,0,0,0,0,0,0,0,0,0,28047,109,691,0,3,34144512,8192,268435456,51722,0,0,-1321907123,1427461461
54786,Stop the Shipments,,34576,67034,0,-1,0,0,0,0,0,0,0,0,0,0,27919,259,706,0,3,40435968,8192,268435456,0,0,0,-1321907123,1427461461
54788,Hydrath,,34578,67254,0,-1,0,0,0,0,0,0,0,0,0,0,27924,136,691,0,3,37290240,0,268435456,51722,0,0,1309324210,-1440044374
54789,Cyclarus,,34579,67254,0,-1,0,0,0,0,0,0,0,0,0,0,27925,136,691,0,3,37290240,0,268435456,51722,0,0,1309324210,-1440044374
54790,Conflagros,,34580,67254,0,-1,0,0,0,0,0,0,0,0,0,0,27926,136,691,0,3,37290240,0,268435456,51722,0,0,1309324210,-1440044374
54791,Granokk,,34581,67254,0,-1,0,0,0,0,0,0,0,0,0,0,27927,136,691,0,3,37290240,0,268435456,51722,0,0,1309324210,-1440044374
54792,Onu,,34582,67254,0,-1,0,0,0,0,0,0,0,0,0,0,27928,136,691,0,3,37290240,0,268435456,51722,0,0,1309324210,-1440044374
54793,Athrikus Narassin,,34583,67254,0,-1,0,0,0,0,0,0,0,0,0,0,27929,136,691,0,3,37290240,0,268435456,51722,0,0,1309324210,-1440044374
54794,Soggoth the Slitherer,,34584,67254,0,-1,0,0,0,0,0,0,0,0,0,0,27930,136,691,0,3,37290240,0,268435456,51722,0,0,1309324210,-1440044374
54795,Aman,,34585,67254,0,-1,0,0,0,0,0,0,0,0,0,0,27931,136,691,0,3,37290240,0,268435456,51722,0,0,1309324210,-1440044374
54796,Shattershard,,34586,67254,0,-1,0,0,0,0,0,0,0,0,0,0,27932,136,691,0,3,37290240,0,268435456,51722,0,0,1309324210,-1440044374
54797,Alash'anir,,34587,67254,0,-1,0,0,0,0,0,0,0,0,0,0,27933,136,691,0,3,37290240,0,268435456,51722,0,0,1309324210,-1440044374
54798,Madfeather,,34588,67254,0,-1,0,0,0,0,0,0,0,0,0,0,27935,135,691,0,3,37290304,0,268435456,51722,0,0,1309324210,-1440044374
54799,Gren Tornfur,,34589,67254,0,-1,0,0,0,0,0,0,0,0,0,0,27936,135,691,0,3,37290304,0,268435456,51722,0,0,1309324210,-1440044374
54800,Twilight Prophet Graeme,,34590,67254,0,-1,0,0,0,0,0,0,0,0,0,0,27937,135,691,0,3,37290304,0,268435456,51722,0,0,1309324210,-1440044374
54801,Stonebinder Ssra'vess,,34591,67254,0,-1,0,0,0,0,0,0,0,0,0,0,27938,135,691,0,3,37290304,0,268435456,51722,0,0,1309324210,-1440044374
54802,Mrggr'marr,,34592,67254,0,-1,0,0,0,0,0,0,0,0,0,0,27939,135,691,0,3,37290304,0,268435456,51722,0,0,1309324210,-1440044374
54803,Glimmerspine,,34593,67254,0,-1,0,0,0,0,0,0,0,0,0,0,27940,135,691,0,3,37290304,0,268435456,51722,0,0,1309324210,-1440044374
54804,Glrglrr,,34594,67254,0,-1,0,0,0,0,0,0,0,0,0,0,27941,135,691,0,3,37290304,0,268435456,51722,0,0,1309324210,-1440044374
54805,Scalefiend,,34595,67254,0,-1,0,0,0,0,0,0,0,0,0,0,27942,135,691,0,3,37290304,0,268435456,51722,0,0,1309324210,-1440044374
54806,Commander Ral'esh,,34596,67254,0,-1,0,0,0,0,0,0,0,0,0,0,27943,135,691,0,3,37290304,0,268435456,51722,0,0,1309324210,-1440044374
54807,Sapper Odette,,34597,67254,0,-1,0,0,0,0,0,0,0,0,0,0,27944,135,691,0,3,37290304,0,268435456,51722,0,0,1309324210,-1440044374
54808,Thelar Moonstrike,,34598,67254,0,-1,0,0,0,0,0,0,0,0,0,0,27945,135,691,0,3,37290304,0,268435456,51722,0,0,1309324210,-1440044374
54809,Athil Dewfire,,34599,67254,0,-1,0,0,0,0,0,0,0,0,0,0,27946,135,691,0,3,37290304,0,268435456,51722,0,0,1309324210,-1440044374
54810,Grimhorn,,34600,67254,0,-1,0,0,0,0,0,0,0,0,0,0,27947,135,691,0,3,37290304,0,268435456,51722,0,0,1309324210,-1440044374
54811,Blackpaw,,34601,67254,0,-1,0,0,0,0,0,0,0,0,0,0,27948,135,691,0,3,37290304,0,268435456,51722,0,0,1309324210,-1440044374
54812,Shadowclaw,,34602,67254,0,-1,0,0,0,0,0,0,0,0,0,0,27949,135,691,0,3,37290304,0,268435456,51722,0,0,1309324210,-1440044374
54816,Hydrath,,34603,67252,0,-1,0,0,0,0,0,0,0,0,0,0,27924,136,691,0,3,37290240,0,268435456,51722,0,0,-1321907123,1427461461
54817,Cyclarus,,34604,67252,0,-1,0,0,0,0,0,0,0,0,0,0,27925,136,691,0,3,37290240,0,268435456,51722,0,0,-1321907123,1427461461
54818,Conflagros,,34605,67252,0,-1,0,0,0,0,0,0,0,0,0,0,27926,136,691,0,3,37290240,0,268435456,51722,0,0,-1321907123,1427461461
54819,Granokk,,34606,67252,0,-1,0,0,0,0,0,0,0,0,0,0,27927,136,691,0,3,37290240,0,268435456,51722,0,0,-1321907123,1427461461
54820,Zim'kaga,,34607,67252,0,-1,0,0,0,0,0,0,0,0,0,0,27928,136,691,0,3,37290240,0,268435456,51722,0,0,-1321907123,1427461461
54821,Athrikus Narassin,,34608,67252,0,-1,0,0,0,0,0,0,0,0,0,0,27929,136,691,0,3,37290240,0,268435456,51722,0,0,-1321907123,1427461461
54822,Soggoth the Slitherer,,34609,67252,0,-1,0,0,0,0,0,0,0,0,0,0,27930,136,691,0,3,37290240,0,268435456,51722,0,0,-1321907123,1427461461
54823,Aman,,34610,67252,0,-1,0,0,0,0,0,0,0,0,0,0,27931,136,691,0,3,37290240,0,268435456,51722,0,0,-1321907123,1427461461
54824,Shattershard,,34611,67252,0,-1,0,0,0,0,0,0,0,0,0,0,27932,136,691,0,3,37290240,0,268435456,51722,0,0,-1321907123,1427461461
54825,Alash'anir,,34612,67252,0,-1,0,0,0,0,0,0,0,0,0,0,27933,136,691,0,3,37290240,0,268435456,51722,0,0,-1321907123,1427461461
54826,Madfeather,,34613,67252,0,-1,0,0,0,0,0,0,0,0,0,0,27935,135,691,0,3,37290304,0,268435456,51722,0,0,-1321907123,1427461461
54827,Gren Tornfur,,34614,67252,0,-1,0,0,0,0,0,0,0,0,0,0,27936,135,691,0,3,37290304,0,268435456,51722,0,0,-1321907123,1427461461
54828,Twilight Prophet Graeme,,34615,67252,0,-1,0,0,0,0,0,0,0,0,0,0,27937,135,691,0,3,37290304,0,268435456,51722,0,0,-1321907123,1427461461
54829,Stonebinder Ssra'vess,,34616,67252,0,-1,0,0,0,0,0,0,0,0,0,0,27938,135,691,0,3,37290304,0,268435456,51722,0,0,-1321907123,1427461461
54830,Mrggr'marr,,34617,67252,0,-1,0,0,0,0,0,0,0,0,0,0,27939,135,691,0,3,37290304,0,268435456,51722,0,0,-1321907123,1427461461
54831,Glimmerspine,,34618,67252,0,-1,0,0,0,0,0,0,0,0,0,0,27940,135,691,0,3,37290304,0,268435456,51722,0,0,-1321907123,1427461461
54832,Glrglrr,,34619,67252,0,-1,0,0,0,0,0,0,0,0,0,0,27941,135,691,0,3,37290304,0,268435456,51722,0,0,-1321907123,1427461461
54833,Scalefiend,,34620,67252,0,-1,0,0,0,0,0,0,0,0,0,0,27942,135,691,0,3,37290304,0,268435456,51722,0,0,-1321907123,1427461461
54834,Commander Ral'esh,,34621,67252,0,-1,0,0,0,0,0,0,0,0,0,0,27943,135,691,0,3,37290304,0,268435456,51722,0,0,-1321907123,1427461461
54835,Moxo the Beheader,,34622,67252,0,-1,0,0,0,0,0,0,0,0,0,0,27944,135,691,0,3,37290304,0,268435456,51722,0,0,-1321907123,1427461461
54836,Commander Drald,,34623,67252,0,-1,0,0,0,0,0,0,0,0,0,0,27945,135,691,0,3,37290304,0,268435456,51722,0,0,-1321907123,1427461461
54837,Burninator Mark V,,34624,67252,0,-1,0,0,0,0,0,0,0,0,0,0,27946,135,691,0,3,37290304,0,268435456,51722,0,0,-1321907123,1427461461
54838,Croz Bloodrage,,34625,67252,0,-1,0,0,0,0,0,0,0,0,0,0,27947,135,691,0,3,37290304,0,268435456,51722,0,0,-1321907123,1427461461
54839,Rightfully Ours,,34626,65921,0,-1,0,0,0,0,0,0,0,0,0,0,27950,260,706,0,3,40436032,8192,268435456,0,0,0,-1321907123,1427461461
54840,Agathe Wyrmwood,,34627,67252,0,-1,0,0,0,0,0,0,0,0,0,0,27948,135,691,0,3,37290304,0,268435456,51722,0,0,-1321907123,1427461461
54841,Orwell Stevenson,,34628,67252,0,-1,0,0,0,0,0,0,0,0,0,0,27949,135,691,0,3,37290304,0,268435456,51722,0,0,-1321907123,1427461461
54856,Bilgewater Bandits,,34638,67252,0,-1,0,0,0,0,0,0,0,0,0,0,28049,109,691,0,3,34144512,0,268435456,51722,0,0,-1321907123,1427461461
54857,Turning the Tides,,34639,67252,0,-1,0,0,0,0,0,0,0,0,0,0,28050,109,691,0,3,36241664,0,268435456,51722,0,0,-1321907123,1427461461
54858,Glaive Consequences,,34640,67252,0,-1,0,0,0,0,0,0,0,0,0,0,28048,109,691,0,3,40435968,0,268435456,51722,0,0,-1321907123,1427461461
54895,Ivus the Decayed,,34676,67252,0,-1,0,0,0,0,0,0,0,0,0,0,0,112,691,0,3,37290304,0,268435456,51722,0,0,-1321907123,1427461461
54896,Ivus the Forest Lord,,34677,67254,0,-1,0,0,0,0,0,0,0,0,0,0,0,112,691,0,3,37290304,0,268435456,51722,0,0,1309324210,-1440044374
54949,More Mouths To Feed,,34725,70829,0,-1,0,0,0,0,0,0,0,0,0,166905,29155,266,690,0,2,37880064,40960,268435968,0,0,0,-1321907123,1427461461
54965,Chopped Bots,,34741,67818,0,-1,0,0,0,0,0,0,0,0,0,0,0,0,7209,0,2,36700416,32768,268435968,55736,0,0,-1,-1
55032,Unchained Resistance,,34788,70829,0,-1,0,0,0,0,0,0,0,0,0,0,29156,266,690,0,2,37880064,40960,268435968,0,0,0,-1321907123,1427461461
55215,The Cycle of Life,,34953,55564,0,-1,0,0,0,0,0,0,0,0,0,0,28301,152,464,0,3,-2110193408,0,268435456,0,0,0,-1,-1
55264,Calligraphy,,34999,55564,0,-1,0,0,0,0,0,0,0,0,0,0,28332,152,464,0,3,-2110193408,0,268435456,0,0,0,-1321907123,1427461461
55300,The Cycle of Life,,35018,55564,0,-1,0,0,0,0,0,0,0,0,0,0,28352,152,464,0,3,-2110193408,0,268435456,0,0,0,-1,-1
55301,The Cycle of Life,,35019,55564,0,-1,0,0,0,0,0,0,0,0,0,0,28353,152,464,0,3,-2110193408,0,268435456,0,0,0,-1,-1
55302,The Cycle of Life,,35020,55564,0,-1,0,0,0,0,0,0,0,0,0,0,28354,152,464,0,3,-2110193408,0,268435456,0,0,0,-1,-1
55303,The Cycle of Life,,35021,55564,0,-1,0,0,0,0,0,0,0,0,0,0,28355,152,464,0,3,-2110193408,0,268435456,0,0,0,-1,-1
55304,The Cycle of Life,,35022,55564,0,-1,0,0,0,0,0,0,0,0,0,0,28356,152,464,0,3,-2110193408,0,268435456,0,0,0,-1,-1
55340,Calligraphy,,35057,55564,0,-1,0,0,0,0,0,0,0,0,0,0,28368,152,464,0,3,-2110193408,0,268435456,0,0,0,-1321907123,1427461461
55341,Calligraphy,,35058,55564,0,-1,0,0,0,0,0,0,0,0,0,0,28369,152,464,0,3,-2110193408,0,268435456,0,0,0,-1321907123,1427461461
55342,Calligraphy,,35059,55564,0,-1,0,0,0,0,0,0,0,0,0,0,28368,152,464,0,3,-2110193408,0,268435456,0,0,0,1309324210,-1440044374
55343,Calligraphy,,35060,55564,0,-1,0,0,0,0,0,0,0,0,0,0,28332,152,464,0,3,-2110193408,0,268435456,0,0,0,1309324210,-1440044374
55344,Calligraphy,,35061,55564,0,-1,0,0,0,0,0,0,0,0,0,0,28369,152,464,0,3,-2110193408,0,268435456,0,0,0,1309324210,-1440044374
55350,Assault: Amathet Advance,Return to High Commander Kamses in Ramkahen.,35065,75566,0,-1,0,0,0,0,0,0,0,0,0,0,30233,268,703,0,3,36176128,524288,268435458,0,0,0,-1,-1
55354,The Vir'nall Front,,35068,77117,0,-1,0,0,0,0,0,0,0,0,0,0,31039,109,703,0,3,36241408,524288,268447744,55349,0,0,-1,-1
55355,Lightblade Training Grounds,,35069,77117,0,-1,0,0,0,0,0,0,0,0,0,0,31038,109,703,0,3,36241408,524288,268447744,55349,0,0,-1,-1
55356,Beacon of the Sun King,,35070,77117,0,-1,0,0,0,0,0,0,0,0,0,0,31032,109,703,0,3,36241408,524288,268447744,0,0,0,-1,-1
55357,Beacon of the Sun King,,35071,77117,0,-1,0,0,0,0,0,0,0,0,0,0,31033,109,703,0,3,36241408,524288,268447744,55349,0,0,-1,-1
55358,Beacon of the Sun King,,35072,77117,0,-1,0,0,0,0,0,0,0,0,0,0,31034,109,703,0,3,36241408,524288,268447744,55349,0,0,-1,-1
55359,Ritual of Ascendancy,,35073,77117,0,-1,0,0,0,0,0,0,0,0,0,0,31035,109,703,0,3,36241408,524288,268447744,55349,0,0,-1,-1
55360,The Unsealed Tomb,,35074,77117,0,-1,0,0,0,0,0,0,0,0,0,0,31036,109,703,0,3,36241408,524288,268447744,55349,0,0,-1,-1
55361,The Lost Shaman,,35075,0,0,-1,0,0,0,0,0,0,0,0,0,0,0,0,690,0,2,38928384,8192,268435968,56350,0,0,-1321907123,1427461461
55362,Elemental Fury,,35076,0,0,-1,0,0,0,0,0,0,0,0,0,167748,0,0,690,0,2,306315264,8192,268435968,55361,0,0,-1321907123,1427461461
55363,Rescue The Farseer,,35077,0,0,-1,0,0,0,0,0,0,0,0,0,0,0,0,690,0,2,39976960,8192,268435968,55361,0,0,-1321907123,1427461461
55466,Vuk'laz the Earthbreaker,,35180,75790,0,-1,0,0,0,0,0,0,0,0,0,0,30713,112,703,0,3,37290304,0,268435456,55349,0,0,-1,-1
55625,Pearls of Unimaginable Power,,35322,70830,0,-1,0,0,0,0,0,0,0,0,0,0,29157,266,690,0,2,37880064,40960,268435968,0,0,0,-1321907123,1427461461
55629,Vignette - Kaneb-ti,,35326,0,0,-1,0,0,0,0,0,0,0,0,0,0,0,0,0,0,3,33559552,0,0,0,0,0,-1,-1
55633,The Sunken Chest,,35330,70828,0,-1,0,0,0,0,0,0,0,0,0,0,29158,266,690,0,2,37880064,40960,268435968,0,0,0,-1321907123,1427461461
55636,A Life's Work,,35331,70830,0,-1,0,0,0,0,0,0,0,0,0,0,29159,266,690,0,2,39846144,40960,268435968,0,0,0,-1321907123,1427461461
55637,"Poor, Unfortunate Souls",,35332,70828,0,-1,0,0,0,0,0,0,0,0,0,0,29160,266,690,0,2,37748992,40960,268435968,0,0,0,-1321907123,1427461461
55638,Making Kelpberry Wine,,35333,71080,0,-1,0,0,0,0,0,0,0,0,0,0,29247,266,690,0,2,37749000,40960,268435968,0,0,0,1309324210,-1440044374
55640,Vision of Stormwind,,35335,0,0,-1,0,0,0,0,0,0,0,0,0,0,3785,135,737,0,3,67731456,0,268435456,0,0,0,-1,-1
55659,Relics of the Sundering,,35351,70829,0,-1,0,0,0,0,0,0,0,0,0,0,29161,266,690,0,2,37748992,40960,268435968,0,0,0,-1321907123,1427461461
55661,Fighting Venomous With Venom,,35353,71080,0,-1,0,0,0,0,0,0,0,0,0,0,29248,266,690,0,2,4325640,40960,268435968,0,0,0,1309324210,-1440044374
55662,Arcane Cache,,35354,70829,0,-1,0,0,0,0,0,0,0,0,0,0,29162,266,690,0,2,37748992,40960,268435968,0,0,0,-1321907123,1427461461
55663,Broken Controller,,35355,71080,0,-1,0,0,0,0,0,0,0,0,0,0,29249,266,690,0,2,37749000,40960,268435968,0,0,0,1309324210,-1440044374
55664,A Blow to Morale,,35356,71082,0,-1,0,0,0,0,0,0,0,0,0,0,29250,266,690,0,2,33554696,32768,268435968,0,0,0,1309324210,-1440044374
55665,The Dark Garden,,35357,71081,0,-1,0,0,0,0,0,0,0,0,0,0,29251,266,690,0,2,36700424,32768,268435968,0,0,0,1309324210,-1440044374
55670,Amathet Raiding Fleet,,35362,77117,0,-1,0,0,0,0,0,0,0,0,0,0,31037,109,703,0,3,36241408,532480,268447744,55349,0,0,-1,-1
55681,Crab Marks The Spot,,35375,70828,0,-1,0,0,0,0,0,0,0,0,0,0,29163,266,690,0,2,37814528,40960,268435968,0,0,0,-1321907123,1427461461
55683,Forgotten Memories,,35377,70830,0,-1,0,0,0,0,0,0,0,0,0,0,29164,266,690,0,2,37748992,40960,268435968,0,0,0,-1321907123,1427461461
55695,That New Mount Smell,,35387,70583,0,-1,1,0,0,0,0,0,0,0,0,0,0,0,7209,0,2,39850240,40960,268435968,55736,54929,0,-1,-1
55701,Snapdragon Claws,,35393,70829,0,-1,0,0,0,0,0,0,0,0,0,0,29165,266,690,0,2,39846144,40960,268435968,0,0,0,-1321907123,1427461461
55714,Void Cache,,35401,70830,0,-1,0,0,0,0,0,0,0,0,0,0,29166,266,690,0,2,37748992,40960,268435968,0,0,0,-1321907123,1427461461
55715,Feed Them All,,35402,71081,0,-1,0,0,0,0,0,0,0,0,0,168253,29252,266,690,0,2,37749000,40960,268435968,0,0,0,1309324210,-1440044374
55716,Vignette - Uat-ka the Sun's Wrath,,35403,0,0,-1,0,0,0,0,0,0,0,0,0,0,0,0,0,0,3,33559560,0,0,0,0,0,-1,-1
55728,Reinforced Cache,,35415,70828,0,-1,0,0,0,0,0,0,0,0,0,0,29167,266,690,0,2,37748992,40960,268435968,0,0,0,-1321907123,1427461461
55750,WANTED: Lady Naz'jess,,35432,70828,0,-1,0,0,0,0,0,0,0,0,0,0,29168,266,690,0,2,37748992,40960,268435968,0,0,0,-1321907123,1427461461
55751,The Heart of the Water,,35433,71081,0,-1,0,0,0,0,0,0,0,0,0,0,29253,266,690,0,2,33554696,32768,268435968,0,0,0,1309324210,-1440044374
55766,She Sells These Shells,,35448,71081,0,-1,0,0,0,0,0,0,0,0,0,0,29254,266,690,0,2,33554696,32768,268435968,0,0,0,1309324210,-1440044374
55767,Misdirection,,35449,71081,0,-1,0,0,0,0,0,0,0,0,0,0,29255,266,690,0,2,39846152,40960,268435968,0,0,0,1309324210,-1440044374
55768,Emergent Sea Weeds,,35450,71080,0,-1,0,0,0,0,0,0,0,0,0,0,29256,266,690,0,2,33554696,32768,268435968,0,0,0,1309324210,-1440044374
55770,WANTED: Commander Sarj'eth,,35452,70830,0,-1,0,0,0,0,0,0,0,0,0,0,29169,266,690,0,2,37748992,40960,268435968,0,0,0,-1321907123,1427461461
55771,WANTED: Lord Ha'kass,,35453,70828,0,-1,0,0,0,0,0,0,0,0,0,0,29170,266,690,0,2,37748992,40960,268435968,0,0,0,-1321907123,1427461461
55772,WANTED: Lady Narjiss,,35454,70830,0,-1,0,0,0,0,0,0,0,0,0,0,29171,266,690,0,2,37748992,40960,268435968,0,0,0,-1321907123,1427461461
55773,WANTED: Gler'thogg,,35455,70828,0,-1,0,0,0,0,0,0,0,0,0,0,29172,266,690,0,2,37748992,40960,268435968,0,0,0,-1321907123,1427461461
55774,WANTED: Inquisitor Ithriza,,35456,70830,0,-1,0,0,0,0,0,0,0,0,0,0,29173,266,690,0,2,37748992,40960,268435968,0,0,0,-1321907123,1427461461
55775,WANTED: Haggronar,,35457,70829,0,-1,0,0,0,0,0,0,0,0,0,0,29174,266,690,0,2,37748992,40960,268435968,0,0,0,-1321907123,1427461461
55776,WANTED: Emorneth,,35458,70829,0,-1,0,0,0,0,0,0,0,0,0,0,29175,266,690,0,2,37748992,40960,268435968,0,0,0,-1321907123,1427461461
55777,WANTED: Braxicus,,35459,70829,0,-1,0,0,0,0,0,0,0,0,0,0,29176,266,690,0,2,37748992,40960,268435968,0,0,0,-1321907123,1427461461
55813,Aim High,,35495,70584,0,-1,0,0,0,0,0,0,0,0,0,169279,0,0,7209,0,2,37753088,40960,268435968,55736,0,0,-1,-1
55845,Plans of Attack,,35526,70828,0,-1,0,0,0,0,0,0,0,0,0,168396,29177,266,690,0,2,37748992,40960,268435968,0,0,0,-1321907123,1427461461
55846,Forbidden Rituals,,35527,70830,0,-1,0,0,0,0,0,0,0,0,0,0,29178,266,690,0,2,37748992,40960,268435968,0,0,0,-1321907123,1427461461
55871,Gather Friends,,35552,71081,0,-1,0,0,0,0,0,0,0,0,0,168407,29257,266,690,0,2,37749000,40960,268435968,0,0,0,1309324210,-1440044374
55872,Where They Hide,,35553,71082,0,-1,0,0,0,0,0,0,0,0,0,168432,29258,266,690,0,2,37749000,40960,268435968,0,0,0,1309324210,-1440044374
55873,Kill the Kritch,,35554,71080,0,-1,0,0,0,0,0,0,0,0,0,0,29259,266,690,0,2,37749000,40960,268435968,0,0,0,1309324210,-1440044374
55874,Plug the Geysers,,35555,71082,0,-1,0,0,0,0,0,0,0,0,0,168482,29261,266,690,0,2,37749000,40960,268435968,0,0,0,1309324210,-1440044374
55875,Plug the Geysers,,35556,71082,0,-1,0,0,0,0,0,0,0,0,0,168482,29262,266,690,0,2,37880072,40960,268435968,0,0,0,1309324210,-1440044374
55876,Plug the Geysers,,35557,71082,0,-1,0,0,0,0,0,0,0,0,0,168482,29263,266,690,0,2,37749000,40960,268435968,0,0,0,1309324210,-1440044374
55877,Plug the Geysers,,35558,71082,0,-1,0,0,0,0,0,0,0,0,0,168482,29264,266,690,0,2,37749000,40960,268435968,0,0,0,1309324210,-1440044374
55878,Plug the Geysers,,35559,71082,0,-1,0,0,0,0,0,0,0,0,0,168482,29265,266,690,0,2,37880072,40960,268435968,0,0,0,1309324210,-1440044374
55883,To Soar Like a Ray,,35564,71081,0,-1,0,0,0,0,0,0,0,0,0,168425,29266,266,690,0,2,37749000,40960,268435968,0,0,0,1309324210,-1440044374
55884,Infestation of Madness,,35565,70076,0,-1,0,0,0,0,0,0,0,0,0,0,28750,109,690,0,3,34144512,8192,268435456,0,0,0,-1,-1
55886,The Zanj'ir Brutalizer,,35567,70076,0,-1,0,0,0,0,0,0,0,0,0,0,28754,135,690,0,3,37290240,0,268435456,0,0,0,-1,-1
55887,"Champion Alzana, Arrow of Thunder",,35568,70076,0,-1,0,0,0,0,0,0,0,0,0,0,28760,136,690,0,3,37290240,0,268435456,0,0,0,-1,-1
55888,"Champion Qalina, Spear of Ice",,35569,70076,0,-1,0,0,0,0,0,0,0,0,0,0,28759,136,690,0,3,37290240,0,268435456,0,0,0,-1,-1
55889,Champion Kyx'zhul the Deepspeaker,,35570,70076,0,-1,0,0,0,0,0,0,0,0,0,0,28758,136,690,0,3,37290240,0,268435456,0,0,0,-1,-1
55890,Champion Vyz'olgo the Mind-Taker,,35571,70076,0,-1,0,0,0,0,0,0,0,0,0,0,28757,136,690,0,3,37290240,0,268435456,0,0,0,-1,-1
55891,"Champion Aldrantiss, Defender of Her Kingdom",,35572,70076,0,-1,0,0,0,0,0,0,0,0,0,0,28756,136,690,0,3,37290240,0,268435456,0,0,0,-1,-1
55892,"Champion Eldanar, Shield of Her Glory",,35573,70076,0,-1,0,0,0,0,0,0,0,0,0,0,28755,136,690,0,3,37290240,0,268435456,0,0,0,-1,-1
55893,"Azanz, the Slitherblade",,35574,70076,0,-1,0,0,0,0,0,0,0,0,0,0,28768,135,690,0,3,37290240,0,268435456,0,0,0,-1,-1
55894,"Zoko, Her Iron Defender",,35575,70076,0,-1,0,0,0,0,0,0,0,0,0,0,28767,135,690,0,3,37290240,0,268435456,0,0,0,-1,-1
55895,Frozen Winds of Zhiela,,35576,70076,0,-1,0,0,0,0,0,0,0,0,0,0,28766,135,690,0,3,37290240,0,268435456,0,0,0,-1,-1
55896,"Undana, Chilling Assassin",,35577,70076,0,-1,0,0,0,0,0,0,0,0,0,0,28765,135,690,0,3,37290240,0,268435456,0,0,0,-1,-1
55897,"Szun, Breaker of Slaves",,35578,70076,0,-1,0,0,0,0,0,0,0,0,0,0,28764,135,690,0,3,37290240,0,268435456,0,0,0,-1,-1
55898,Tempest-Speaker Shalan'ali,,35579,70076,0,-1,0,0,0,0,0,0,0,0,0,0,28763,135,690,0,3,37290240,0,268435456,0,0,0,-1,-1
55899,Starseeker of the Shirakess,,35580,70076,0,-1,0,0,0,0,0,0,0,0,0,0,28762,135,690,0,3,37290240,0,268435456,0,0,0,-1,-1
55900,"Kassar, Wielder of Dark Blades",,35581,70076,0,-1,0,0,0,0,0,0,0,0,0,0,28761,135,690,0,3,37290240,0,268435456,0,0,0,-1,-1
55901,Rustbolt Rebellion,,35582,70022,0,-1,131073,0,0,0,0,0,0,0,0,0,28998,109,7209,0,3,40436032,8192,268435456,56131,55623,0,-1,-1
55970,Attrition,,35649,70076,0,-1,0,0,0,0,0,0,0,0,0,0,28843,109,690,0,3,34144512,0,268435456,0,0,0,-1,-1
55973,Deepcoil Experiments,,35650,70076,0,-1,0,0,0,0,0,0,0,0,0,168634,28845,109,690,0,3,34144512,0,268435456,0,0,0,-1,-1
55980,Turn the Scale,,35656,71082,0,-1,0,0,0,0,0,0,0,0,0,0,29267,266,690,0,2,33554696,32768,268435968,0,0,0,1309324210,-1440044374
55982,The Lords of Water,,35658,70076,0,-1,0,0,0,0,0,0,0,0,0,0,28867,109,690,0,3,34144512,0,268435456,0,0,0,-1,-1
55984,A Good Offense,,35660,69973,0,-1,0,0,0,0,0,0,0,0,0,0,29268,266,690,0,2,38797576,40960,268435968,0,0,0,1309324210,-1440044374
55985,Extra Shiny,,35661,71080,0,-1,0,0,0,0,0,0,0,0,0,0,29269,266,690,0,2,33554696,32768,268435968,0,0,0,1309324210,-1440044374
55986,Break a Few Eggs,,35662,71080,0,-1,0,0,0,0,0,0,0,0,0,0,29270,266,690,0,2,33554696,32768,268435968,0,0,0,1309324210,-1440044374
55993,A Little Edge,,35669,71080,0,-1,0,0,0,0,0,0,0,0,0,0,29271,266,690,0,2,33554696,32768,268435968,0,0,0,1309324210,-1440044374
55994,Do Not Drink,,35670,70585,0,-1,131073,0,0,0,0,0,0,0,0,0,0,0,7209,0,2,40898816,40960,268435968,56328,56329,0,-1,-1
55997,Hungry Hungry Hydras,,35673,70736,0,-1,0,0,0,0,0,0,0,0,0,0,28892,109,690,0,3,38338816,0,268435456,0,0,0,-1,-1
56000,We've Got Crabs!,,35676,70829,0,-1,0,0,0,0,0,0,0,0,0,0,29179,266,690,0,2,37748992,40960,268435968,0,0,0,-1321907123,1427461461
56001,Drunk Angry Murlocs,,35677,70828,0,-1,0,0,0,0,0,0,0,0,0,0,29180,266,690,0,2,37748992,40960,268435968,0,0,0,-1321907123,1427461461
56002,Mgglurky's Mugglrgl,,35678,70830,0,-1,0,0,0,0,0,0,0,0,0,0,29181,266,690,0,2,37748992,40960,268435968,0,0,0,-1321907123,1427461461
56003,Runelocked Chest,,35679,69938,0,-1,0,0,0,0,0,0,0,0,0,0,28898,109,690,0,3,36241664,0,268435456,0,0,0,-1,-1
56006,Runelocked Chest,,35682,69938,0,-1,0,0,0,0,0,0,0,0,0,0,28901,109,690,0,3,36241664,0,268435456,0,0,0,-1,-1
56007,Runelocked Chest,,35683,69938,0,-1,0,0,0,0,0,0,0,0,0,0,28903,109,690,0,3,36241664,0,268435456,0,0,0,-1,-1
56008,Runelocked Chest,,35684,69938,0,-1,0,0,0,0,0,0,0,0,0,0,28899,109,690,0,3,36241664,0,268435456,0,0,0,-1,-1
56009,Runelocked Chest,,35685,69938,0,-1,0,0,0,0,0,0,0,0,0,0,28900,109,690,0,3,36241664,0,268435456,0,0,0,-1,-1
56010,Runelocked Chest,,35686,69938,0,-1,0,0,0,0,0,0,0,0,0,0,28902,109,690,0,3,36241664,0,268435456,0,0,0,-1,-1
56011,Runelocked Chest,,35687,69938,0,-1,0,0,0,0,0,0,0,0,0,0,28905,109,690,0,3,36241664,0,268435456,0,0,0,-1,-1
56012,Runelocked Chest,,35688,69938,0,-1,0,0,0,0,0,0,0,0,0,0,28909,109,690,0,3,36241664,0,268435456,0,0,0,-1,-1
56013,Runelocked Chest,,35689,69938,0,-1,0,0,0,0,0,0,0,0,0,0,28906,109,690,0,3,36241664,0,268435456,0,0,0,-1,-1
56014,Runelocked Chest,,35690,69938,0,-1,0,0,0,0,0,0,0,0,0,0,28907,109,690,0,3,36241664,0,268435456,0,0,0,-1,-1
56015,Runelocked Chest,,35691,69938,0,-1,0,0,0,0,0,0,0,0,0,0,28904,109,690,0,3,36241664,0,268435456,0,0,0,-1,-1
56016,Runelocked Chest,,35692,69938,0,-1,0,0,0,0,0,0,0,0,0,0,28908,109,690,0,3,36241664,0,268435456,0,0,0,-1,-1
56017,Runelocked Chest,,35693,69938,0,-1,0,0,0,0,0,0,0,0,0,0,28911,109,690,0,3,36241664,0,268435456,0,0,0,-1,-1
56018,Runelocked Chest,,35694,69938,0,-1,0,0,0,0,0,0,0,0,0,0,28915,109,690,0,3,36241664,0,268435456,0,0,0,-1,-1
56019,Runelocked Chest,,35695,69938,0,-1,0,0,0,0,0,0,0,0,0,0,28912,109,690,0,3,36241664,0,268435456,0,0,0,-1,-1
56020,Runelocked Chest,,35696,69938,0,-1,0,0,0,0,0,0,0,0,0,0,28913,109,690,0,3,36241664,0,268435456,0,0,0,-1,-1
56021,Runelocked Chest,,35697,69938,0,-1,0,0,0,0,0,0,0,0,0,0,28910,109,690,0,3,36241664,0,268435456,0,0,0,-1,-1
56022,Runelocked Chest,,35698,69938,0,-1,0,0,0,0,0,0,0,0,0,0,28914,109,690,0,3,36241664,0,268435456,0,0,0,-1,-1
56023,Leylocked Chest,,35699,69938,0,-1,0,0,0,0,0,0,0,0,0,0,28918,109,690,0,3,34144512,0,268435456,0,0,0,-1,-1
56024,Leylocked Chest,,35700,69938,0,-1,0,0,0,0,0,0,0,0,0,0,28917,109,690,0,3,34144512,0,268435456,0,0,0,-1,-1
56025,Leylocked Chest,,35701,69938,0,-1,0,0,0,0,0,0,0,0,0,0,28916,109,690,0,3,34144512,0,268435456,0,0,0,-1,-1
56032,Dirty Dozen,,35705,70076,0,-1,0,0,0,0,0,0,0,0,0,0,28939,109,690,0,3,34144512,0,268435456,0,0,0,-1,-1
56035,Most Delicious Clams,,35707,71081,0,-1,0,0,0,0,0,0,0,0,0,168672,29272,266,690,0,2,37880072,40960,268435968,0,0,0,1309324210,-1440044374
56036,A Steamy Situation,,35708,70076,0,-1,0,0,0,0,0,0,0,0,0,0,28938,109,690,0,3,34144512,0,268435456,0,0,0,-1,-1
56041,Give 'Em Shell,,35713,70076,0,-1,0,0,0,0,0,0,0,0,0,0,28945,109,690,0,3,38338816,0,268435456,0,0,0,-1,-1
56048,The Drowned Oracles,,35719,70076,0,-1,0,0,0,0,0,0,0,0,0,0,28949,109,690,0,3,34144512,8192,268435456,0,0,0,-1,-1
56050,PvP Event: Battle for Nazjatar,,35723,71797,0,-1,0,0,0,0,0,0,0,0,0,0,28948,113,464,0,3,622912,0,268435456,0,0,0,-1,-1
56056,Terror of the Depths,,35729,70076,0,-1,0,0,0,0,0,0,0,0,0,0,28606,112,690,0,3,34144320,0,268435456,0,0,0,-1,-1
56057,The Soulbinder,,35730,70076,0,-1,0,0,0,0,0,0,0,0,0,0,28610,112,690,0,3,34144320,0,268435456,0,0,0,-1,-1
56064,Assault: The Black Empire,Return to Lorewalker Cho at the Seat of Knowledge.,35737,75565,0,-1,0,0,0,0,0,0,0,0,0,0,29473,268,703,0,3,34078976,524288,268435458,0,0,0,-1,-1
56074,Void Conduit,,35747,77107,0,-1,0,0,0,0,0,0,0,0,0,0,31021,109,703,0,3,36241664,524288,268447744,0,0,0,-1,-1
56075,Stolen Power,,35748,71081,0,-1,0,0,0,0,0,0,0,0,0,0,29273,266,690,0,2,37749000,40960,268435968,0,0,0,1309324210,-1440044374
56076,Abyssal Ritual,,35749,77107,0,-1,0,0,0,0,0,0,0,0,0,0,31024,109,703,0,3,36241664,524288,268447744,0,0,0,-1,-1
56078,Time to Krill,,35751,70076,0,-1,0,0,0,0,0,0,0,0,0,0,28975,109,690,0,3,38338816,8192,268435456,0,0,0,-1,-1
56082,Bot Rampage,,35755,70582,0,-1,0,0,0,0,0,0,0,0,0,0,0,0,7209,0,2,40898816,40960,268435968,55736,0,0,-1321907123,1427461461
56083,Unsafe Work Conditions,,35756,70582,0,-1,0,0,0,0,0,0,0,0,0,0,0,0,7209,0,2,37753088,8192,268435968,55736,0,0,1309324210,-1440044374
56090,Stormstout Holdout,,35762,77107,0,-1,0,0,0,0,0,0,0,0,0,0,31025,109,703,0,3,36241664,524288,268447744,0,0,0,-1,-1
56099,Font of Corruption,,35772,77107,0,-1,0,0,0,0,0,0,0,0,0,0,31026,109,703,0,3,36241664,524288,268447744,0,0,0,-1,-1
56121,Jumping Jellies,,35793,70076,0,-1,0,0,0,0,0,0,0,0,0,0,28993,109,690,0,3,34144512,0,268435456,0,0,0,-1,-1
56131,Security First,,35801,70252,0,-1,131073,0,0,0,0,0,0,0,0,0,28997,109,7209,0,3,40436032,8192,268435456,55736,55623,0,-1,-1
56139,Junkyard Treasures,,35809,70022,0,-1,131073,0,0,0,0,0,0,0,0,0,28874,109,7209,0,3,6881600,8256,268435456,56131,55623,0,-1,-1
56141,Security First,,35811,70022,0,-1,131073,0,0,0,0,0,0,0,0,0,28999,109,7209,0,3,40436032,8192,268435456,56131,55623,0,-1,-1
56146,Making Kelpberry Wine,,35333,70828,0,-1,0,0,0,0,0,0,0,0,0,0,29182,266,690,0,2,37748992,40960,268435968,0,0,0,-1321907123,1427461461
56149,Feed Them All,,35819,70829,0,-1,0,0,0,0,0,0,0,0,0,168253,29184,266,690,0,2,37748992,40960,268435968,0,0,0,-1321907123,1427461461
56150,Kill the Kritch,,35820,70829,0,-1,0,0,0,0,0,0,0,0,0,0,29186,266,690,0,2,37748992,40960,268435968,0,0,0,-1321907123,1427461461
56151,Poen's Favorite Dish,,35963,71081,0,-1,0,0,0,0,0,0,0,0,0,0,29274,266,690,0,2,33554696,32768,268435968,0,0,0,1309324210,-1440044374
56152,Turn the Scale,,35822,70829,0,-1,0,0,0,0,0,0,0,0,0,0,29193,266,690,0,2,37748992,40960,268435968,0,0,0,-1321907123,1427461461
56153,Most Delicious Clams,,35707,70828,0,-1,0,0,0,0,0,0,0,0,0,168672,29194,266,690,0,2,37880064,40960,268435968,0,0,0,-1321907123,1427461461
56154,Where They Hide,,35824,70828,0,-1,0,0,0,0,0,0,0,0,0,168432,29185,266,690,0,2,37748992,40960,268435968,0,0,0,-1321907123,1427461461
56155,Plug the Geysers,,35555,70830,0,-1,0,0,0,0,0,0,0,0,0,168482,29187,266,690,0,2,37748992,40960,268435968,0,0,0,-1321907123,1427461461
56156,A Tempered Blade,,35826,0,0,-1,0,0,0,0,0,0,0,0,0,0,0,0,690,0,2,40894464,8192,268435968,55363,0,0,-1321907123,1427461461
56157,Plug the Geysers,,35556,70830,0,-1,0,0,0,0,0,0,0,0,0,168482,29188,266,690,0,2,37880064,40960,268435968,0,0,0,-1321907123,1427461461
56158,Plug the Geysers,,35557,70830,0,-1,0,0,0,0,0,0,0,0,0,168482,29189,266,690,0,2,37748992,40960,268435968,0,0,0,-1321907123,1427461461
56159,Plug the Geysers,,35558,70830,0,-1,0,0,0,0,0,0,0,0,0,168482,29190,266,690,0,2,37748992,40960,268435968,0,0,0,-1321907123,1427461461
56160,Plug the Geysers,,35559,70828,0,-1,0,0,0,0,0,0,0,0,0,168482,29192,266,690,0,2,37880064,40960,268435968,0,0,0,-1321907123,1427461461
56163,Bound Elemental,,35829,77107,0,-1,0,0,0,0,0,0,0,0,0,0,31027,109,703,0,3,36241664,524288,268447744,0,0,0,-1,-1
56177,Void Conduit,,35843,77107,0,-1,0,0,0,0,0,0,0,0,0,0,31022,109,703,0,3,36241664,524288,268447744,0,0,0,-1,-1
56178,Void Conduit,,35844,77107,0,-1,0,0,0,0,0,0,0,0,0,0,31023,109,703,0,3,36241664,524288,268447744,0,0,0,-1,-1
56180,Bound Elemental,,35846,77107,0,-1,0,0,0,0,0,0,0,0,0,0,31028,109,703,0,3,36241664,524288,268447744,0,0,0,-1,-1
56222,WANTED: Lady Naz'jess,,35888,71082,0,-1,0,0,0,0,0,0,0,0,0,0,29275,266,690,0,2,37748992,40960,268435968,0,0,0,-1,-1
56223,WANTED: Commander Sarj'eth,,35889,71080,0,-1,0,0,0,0,0,0,0,0,0,0,29276,266,690,0,2,37748992,40960,268435968,0,0,0,-1,-1
56224,WANTED: Lord Ha'kass,,35890,71082,0,-1,0,0,0,0,0,0,0,0,0,0,29277,266,690,0,2,37748992,40960,268435968,0,0,0,-1,-1
56225,WANTED: Lady Narjiss,,35891,71080,0,-1,0,0,0,0,0,0,0,0,0,0,29278,266,690,0,2,37748992,40960,268435968,0,0,0,-1,-1
56226,WANTED: Gler'thogg,,35892,71082,0,-1,0,0,0,0,0,0,0,0,0,0,29279,266,690,0,2,37748992,40960,268435968,0,0,0,-1,-1
56227,WANTED: Inquisitor Ithriza,,35893,71080,0,-1,0,0,0,0,0,0,0,0,0,0,29280,266,690,0,2,37748992,40960,268435968,0,0,0,-1,-1
56231,Reinforced Cache,,35897,71082,0,-1,0,0,0,0,0,0,0,0,0,0,29281,266,690,0,2,37748992,40960,268435968,0,0,0,1309324210,-1440044374
56232,Void Cache,,35898,71080,0,-1,0,0,0,0,0,0,0,0,0,0,29282,266,690,0,2,37748992,40960,268435968,0,0,0,1309324210,-1440044374
56233,Arcane Cache,,35899,71081,0,-1,0,0,0,0,0,0,0,0,0,0,29283,266,690,0,2,37748992,40960,268435968,0,0,0,1309324210,-1440044374
56264,We've Got Crabs!,,35925,71081,0,-1,0,0,0,0,0,0,0,0,0,0,29284,266,690,0,2,37748992,40960,268435968,0,0,0,1309324210,-1440044374
56265,Drunk Angry Murlocs,,35926,71081,0,-1,0,0,0,0,0,0,0,0,0,0,29285,266,690,0,2,37748992,40960,268435968,0,0,0,1309324210,-1440044374
56266,Mgglurky's Mugglrgl,,35927,71080,0,-1,0,0,0,0,0,0,0,0,0,0,29287,266,690,0,2,37748992,40960,268435968,0,0,0,1309324210,-1440044374
56308,Assault: Aqir Unearthed,Return to Arik Scorpidsting at the Obelisk of the Moon.,35970,75566,0,-1,0,0,0,0,0,0,0,0,0,0,29038,268,703,0,3,36176128,524288,268435458,0,0,0,-1,-1
56326,Ravenous Rescue,,35982,71222,0,-1,1,0,0,0,0,0,0,0,0,0,0,0,7209,0,2,37753088,41024,268435968,55736,0,0,-1,-1
56327,Chopped Bots,,35983,70581,0,-1,131073,0,0,0,0,0,0,0,0,0,0,0,7209,0,2,40898816,8192,268435968,54965,56330,0,-1,-1
56328,Do Not Drink,,35984,0,0,-1,0,0,0,0,0,0,0,0,0,0,0,0,7209,0,2,39846144,40960,268435968,55736,0,0,-1,-1
56330,Tracking Quest,,35986,0,0,-1,0,0,0,0,0,0,0,0,0,0,0,0,0,0,2,33559560,0,512,0,0,0,-1,-1
56334,Bots Gone Wild,,35990,71223,0,-1,0,0,0,0,0,0,0,0,0,0,0,0,7209,0,2,37753088,40960,268435968,55736,0,0,-1,-1
56370,Break a Few Eggs,,35662,70829,0,-1,0,0,0,0,0,0,0,0,0,0,29183,266,690,0,2,37748992,40960,268435968,0,0,0,-1321907123,1427461461
56373,A Gulper Ate The Rolly,,36019,71224,0,-1,0,0,0,0,0,2592,1,0,0,0,0,0,7209,0,2,39850240,40960,268435968,55736,0,0,-1,-1
56380,Grounded,,36026,71225,0,-1,0,0,0,0,0,0,0,0,0,0,0,0,7209,0,2,39850240,40960,268435968,55736,0,0,-1,-1
56381,Prince Wiggletail,,36027,70722,0,-1,0,0,0,0,0,0,0,0,0,0,29111,115,690,0,3,3735808,0,268435456,0,0,0,-1,-1
56382,Chomp,,36028,70722,0,-1,0,0,0,0,0,0,0,0,0,0,29112,115,690,0,3,3735808,0,268435456,0,0,0,-1,-1
56383,Silence,,36029,70722,0,-1,0,0,0,0,0,0,0,0,0,0,29113,115,690,0,3,3735808,0,268435456,0,0,0,-1,-1
56384,Shadowspike Lurker,,36030,70722,0,-1,0,0,0,0,0,0,0,0,0,0,29114,115,690,0,3,3735808,0,268435456,0,0,0,-1,-1
56385,Pearlhusk Crawler,,36031,70722,0,-1,0,0,0,0,0,0,0,0,0,0,29115,115,690,0,3,3735808,0,268435456,0,0,0,-1,-1
56386,Elderspawn of Nalaada,,36032,70722,0,-1,0,0,0,0,0,0,0,0,0,0,29116,115,690,0,3,3735808,0,268435456,0,0,0,-1,-1
56387,Ravenous Scalespawn,,36033,70722,0,-1,0,0,0,0,0,0,0,0,0,0,29117,115,690,0,3,3735808,0,268435456,0,0,0,-1,-1
56388,Mindshackle,,36034,70722,0,-1,0,0,0,0,0,0,0,0,0,0,29118,115,690,0,3,3735808,0,268435456,0,0,0,-1,-1
56389,Kelpstone,,36035,70722,0,-1,0,0,0,0,0,0,0,0,0,0,29119,115,690,0,3,3735808,0,268435456,0,0,0,-1,-1
56390,Voltgorger,,36036,70722,0,-1,0,0,0,0,0,0,0,0,0,0,29120,115,690,0,3,3735808,0,268435456,0,0,0,-1,-1
56391,Frenzied Knifefang,,36037,70722,0,-1,0,0,0,0,0,0,0,0,0,0,29121,115,690,0,3,3735808,0,268435456,0,0,0,-1,-1
56392,Giant Opaline Conch,,36038,70722,0,-1,0,0,0,0,0,0,0,0,0,0,29122,115,690,0,3,3735808,0,268435456,0,0,0,-1,-1
56393,Gnomefeaster,,36039,70723,0,-1,0,0,0,0,0,0,0,0,0,0,29123,115,7209,0,3,3735808,0,268435456,0,0,0,-1,-1
56394,Sputtertube,,36040,70723,0,-1,0,0,0,0,0,0,0,0,0,0,29124,115,7209,0,3,3735808,0,268435456,0,0,0,-1,-1
56395,Goldenbot XD,,36041,70723,0,-1,0,0,0,0,0,0,0,0,0,0,29125,115,7209,0,3,3735808,0,268435456,0,0,0,-1,-1
56396,Creakclank,,36042,70723,0,-1,0,0,0,0,0,0,0,0,0,0,29126,115,7209,0,3,3735808,0,268435456,0,0,0,-1,-1
56397,CK-9 Micro-Oppression Unit,,36043,70723,0,-1,0,0,0,0,0,0,0,0,0,0,29127,115,7209,0,3,3735808,0,268435456,0,0,0,-1,-1
56398,Unit 35,,36044,70723,0,-1,0,0,0,0,0,0,0,0,0,0,29128,115,7209,0,3,3735808,0,268435456,0,0,0,-1,-1
56399,Unit 6,,36045,70723,0,-1,0,0,0,0,0,0,0,0,0,0,29129,115,7209,0,3,3735808,0,268435456,0,0,0,-1,-1
56400,Unit 17,,36046,70723,0,-1,0,0,0,0,0,0,0,0,0,0,29130,115,7209,0,3,3735808,0,268435456,0,0,0,-1,-1
56402,Wastewander Coins,,36048,76114,0,-1,0,0,0,0,0,0,0,0,0,0,31209,0,703,0,2,35651720,32768,268435968,57915,0,0,-1,-1
56434,WANTED: Junkbrat and Roadtrogg,,36064,71226,0,-1,0,0,0,0,0,0,0,0,0,0,0,1,7209,0,2,39850240,40960,268435968,55736,0,0,-1,-1
56532,Nuke 'Em Norbit,,36148,71227,0,-1,0,0,0,0,0,0,0,0,0,0,0,0,7209,0,2,39850240,40960,268435968,55736,0,0,-1,-1
56550,Corpse Cleanup,,36166,76113,0,-1,0,0,0,0,0,0,0,0,0,174323,31208,0,703,0,2,35651720,32768,268435968,57954,0,0,-1,-1
56570,Work Order: Greater Flask of the Currents,,36179,70076,0,-1,0,0,0,0,0,2478,1,0,0,0,29350,118,464,0,3,524608,0,268435458,0,0,0,-1321907123,1427461461
56767,Work Order: Greater Flask of Endless Fathoms,,36372,70076,0,-1,0,0,0,0,0,2478,1,0,0,0,29351,118,464,0,3,524608,0,268435458,0,0,0,-1321907123,1427461461
56768,Work Order: Greater Flask of the Undertow,,36373,70076,0,-1,0,0,0,0,0,2478,1,0,0,0,29352,118,464,0,3,524608,0,268435458,0,0,0,-1321907123,1427461461
56769,Work Order: Greater Flask of the Vast Horizon,,36374,70076,0,-1,0,0,0,0,0,2478,1,0,0,0,29353,118,464,0,3,524608,0,268435458,0,0,0,-1321907123,1427461461
56770,Work Order: Greater Flask of the Currents,,36179,70076,0,-1,0,0,0,0,0,2478,1,0,0,0,29350,118,464,0,3,524608,0,268435458,0,0,0,1309324210,-1440044374
56772,Work Order: Greater Flask of Endless Fathoms,,36372,70076,0,-1,0,0,0,0,0,2478,1,0,0,0,29351,118,464,0,3,524608,0,268435458,0,0,0,1309324210,-1440044374
56773,Work Order: Greater Flask of the Vast Horizon,,36374,70076,0,-1,0,0,0,0,0,2478,1,0,0,0,29353,118,464,0,3,524608,0,268435458,0,0,0,1309324210,-1440044374
56774,Work Order: Greater Flask of the Undertow,,36373,70076,0,-1,0,0,0,0,0,2478,1,0,0,0,29352,118,464,0,3,524608,0,268435458,0,0,0,1309324210,-1440044374
56793,"Work Order: Mech-Dowel's ""Big Mech""",,36394,70076,0,-1,0,0,0,0,0,2541,1,0,0,0,29413,131,464,0,3,524608,0,268435458,0,0,0,-1321907123,1427461461
56794,Work Order: Baked Port Tato,,36395,70076,0,-1,0,0,0,0,0,2541,1,0,0,0,29414,131,464,0,3,524608,0,268435458,0,0,0,-1321907123,1427461461
56795,Work Order: Abyssal-Fried Rissole,,36396,70076,0,-1,0,0,0,0,0,2541,1,0,0,0,29415,131,464,0,3,524608,0,268435458,0,0,0,-1321907123,1427461461
56796,Work Order: Fragrant Kakavia,,36397,70076,0,-1,0,0,0,0,0,2541,1,0,0,0,29416,131,464,0,3,524608,0,268435458,0,0,0,-1321907123,1427461461
56797,Work Order: Bil'Tong,,36398,70076,0,-1,0,0,0,0,0,2541,1,0,0,0,29417,131,464,0,3,524608,0,268435458,0,0,0,-1321907123,1427461461
56798,Work Order: Bil'Tong,,36398,70076,0,-1,0,0,0,0,0,2541,1,0,0,0,29417,131,464,0,3,524608,0,268435458,0,0,0,1309324210,-1440044374
56799,Work Order: Fragrant Kakavia,,36397,70076,0,-1,0,0,0,0,0,2541,1,0,0,0,29416,131,464,0,3,524608,0,268435458,0,0,0,1309324210,-1440044374
56800,Work Order: Abyssal-Fried Rissole,,36396,70076,0,-1,0,0,0,0,0,2541,1,0,0,0,29415,131,464,0,3,524608,0,268435458,0,0,0,1309324210,-1440044374
56801,Work Order: Baked Port Tato,,36395,70076,0,-1,0,0,0,0,0,2541,1,0,0,0,29414,131,464,0,3,524608,0,268435458,0,0,0,1309324210,-1440044374
56802,"Work Order: Mech-Dowel's ""Big Mech""",,36394,70076,0,-1,0,0,0,0,0,2541,1,0,0,0,29413,131,464,0,3,524608,0,268435458,0,0,0,1309324210,-1440044374
56818,Work Order: Enchant Weapon - Naga Hide,,36530,70076,0,-1,0,0,0,0,0,2486,1,0,0,0,29412,123,464,0,3,524608,0,268435458,0,0,0,1309324210,-1440044374
56819,Work Order: Enchant Weapon - Oceanic Restoration,,36414,70076,0,-1,0,0,0,0,0,2486,1,0,0,0,29410,123,464,0,3,524608,0,268435458,0,0,0,1309324210,-1440044374
56820,Work Order: Enchant Weapon - Force Multiplier,,36415,70076,0,-1,0,0,0,0,0,2486,1,0,0,0,29411,123,464,0,3,524608,0,268435458,0,0,0,1309324210,-1440044374
56821,Work Order: Enchant Weapon - Machinist's Brilliance,,36416,70076,0,-1,0,0,0,0,0,2486,1,0,0,0,29409,123,464,0,3,524608,0,268435458,0,0,0,1309324210,-1440044374
56824,Work Order: Enchant Weapon - Machinist's Brilliance,,36416,70076,0,-1,0,0,0,0,0,2486,1,0,0,0,29409,123,464,0,3,524608,0,268435458,0,0,0,-1321907123,1427461461
56825,Work Order: Enchant Weapon - Oceanic Restoration,,36414,70076,0,-1,0,0,0,0,0,2486,1,0,0,0,29410,123,464,0,3,524608,0,268435458,0,0,0,-1321907123,1427461461
56826,Work Order: Enchant Weapon - Force Multiplier,,36415,70076,0,-1,0,0,0,0,0,2486,1,0,0,0,29411,123,464,0,3,524608,0,268435458,0,0,0,-1321907123,1427461461
56827,Work Order: Enchant Weapon - Naga Hide,,36530,70076,0,-1,0,0,0,0,0,2486,1,0,0,0,29412,123,464,0,3,524608,0,268435458,0,0,0,-1321907123,1427461461
56889,Wounded Wastewanderers,,36478,76112,0,-1,0,0,0,0,0,0,0,0,0,174326,31207,0,703,0,2,35782792,32768,268435968,57969,0,0,-1,-1
56914,Angry Residents,,36503,0,0,-1,0,0,0,0,0,0,0,0,0,0,0,115,464,0,3,3768576,0,268435456,0,0,0,-1,-1
56934,Obsidian Destroyer,,36524,5703,0,-1,0,0,0,0,0,0,0,0,0,0,29038,109,703,0,3,36241408,0,268435456,0,0,0,-1,-1
57008,Assault: The Warring Clans,Return to Stormspeaker Qian in the Silent Sanctuary.,36588,75565,0,-1,0,0,0,0,0,0,0,0,0,0,29494,268,703,0,3,34078976,524288,268435458,0,0,0,-1,-1
57023,Weighted Mogu Artifact,,36602,77112,0,-1,0,0,0,0,0,0,0,0,0,0,31010,109,703,0,3,36241664,524288,268447744,0,0,0,-1,-1
57049,Vault of Souls,,36627,77112,0,-1,0,0,0,0,0,0,0,0,0,0,31011,109,703,0,3,36241664,524288,268447744,0,0,0,-1,-1
57085,Empowered War Wagon,,36663,77120,0,-1,0,0,0,0,0,0,0,0,0,0,31060,109,703,0,3,36241408,524288,268447744,0,0,0,-1,-1
57087,Baruk Obliterator,,36665,77112,0,-1,0,0,0,0,0,0,0,0,0,0,31012,109,703,0,3,36241664,524288,268447744,0,0,0,-1,-1
57089,Vil'thik Hatchery,,36667,77120,0,-1,0,0,0,0,0,0,0,0,0,0,31061,109,703,0,3,36241408,524288,268447744,0,0,0,-1,-1
57101,Zan-Tien Serpent Cage,,36679,77112,0,-1,0,0,0,0,0,0,0,0,0,0,31013,109,703,0,3,40435968,524288,268447744,0,0,0,-1,-1
57146,Corruption Tear,,36716,77107,0,-1,0,0,0,0,0,0,0,0,0,0,31029,109,703,0,3,40435968,524288,268447744,0,0,0,-1,-1
57157,Assault: The Black Empire,Return to High Priest Amet in Ramkahen.,36725,75566,0,-1,0,0,0,0,0,0,0,0,0,0,29865,268,703,0,3,36176128,524288,268435458,0,0,0,-1,-1
57158,Electric Empowerment,,36726,77112,0,-1,0,0,0,0,0,0,0,0,0,0,31014,109,703,0,3,40435968,524288,268447744,0,0,0,-1,-1
57171,Goldbough Guardian,,36739,77112,0,-1,0,0,0,0,0,0,0,0,0,0,31015,109,703,0,3,40435968,524288,268447744,0,0,0,-1,-1
57177,A Fresh Start,,36745,80434,0,-1,0,0,0,0,0,0,0,0,0,0,0,0,746,0,3,34144256,0,268435456,59021,0,0,-1,-1
57205,A Few Bumps Along the Way,,36773,74689,0,-1,0,0,0,0,0,0,0,0,0,0,30133,109,837,0,3,41484544,8192,268435456,0,0,0,-1,-1
57215,Engine of Ascension,,36783,77117,0,-1,0,0,0,0,0,0,0,0,0,0,31040,109,703,0,3,36241408,524288,268447744,55349,0,0,-1,-1
57217,Unearthed Keeper,,36784,77117,0,-1,0,0,0,0,0,0,0,0,0,0,31041,109,703,0,3,36241408,524288,268447744,55349,0,0,-1,-1
57218,Unearthed Keeper,,36785,77117,0,-1,0,0,0,0,0,0,0,0,0,0,31042,109,703,0,3,36241408,524288,268447744,55349,0,0,-1,-1
57219,Unearthed Keeper,,36786,77117,0,-1,0,0,0,0,0,0,0,0,0,0,31043,109,703,0,3,36241408,524288,268447744,55349,0,0,-1,-1
57223,Unearthed Keeper,,36790,77117,0,-1,0,0,0,0,0,0,0,0,0,0,31044,109,703,0,3,36241408,524288,268447744,55349,0,0,-1,-1
57234,Solar Collector,,36799,77117,0,-1,0,0,0,0,0,0,0,0,0,0,31045,109,703,0,3,36241408,524288,268447744,55349,0,0,-1,-1
57235,Solar Collector,,36800,77117,0,-1,0,0,0,0,0,0,0,0,0,0,31046,109,703,0,3,36241408,524288,268447744,55349,0,0,-1,-1
57243,Amathet Slave Camp,,36808,77117,0,-1,0,0,0,0,0,0,0,0,0,0,31047,109,703,0,3,36241408,524288,268447744,55349,0,0,-1,-1
57256,Stormchosen Arena,,36818,77112,0,-1,0,0,0,0,0,0,0,0,0,0,31016,109,703,0,3,40435968,524288,268447744,0,0,0,-1,-1
57272,Bloodbound Effigy,,36833,77112,0,-1,0,0,0,0,0,0,0,0,0,0,31017,109,703,0,3,40435968,524288,268447744,0,0,0,-1,-1
57277,Vignette - Muminah the Incandescent,,36838,0,0,-1,0,0,0,0,0,0,0,0,0,0,0,0,0,0,3,34149376,0,0,0,0,0,-1,-1
57287,Void Tears,,36847,77106,0,-1,0,0,0,0,0,0,0,0,0,0,30360,109,703,0,3,40435712,532480,268447744,0,0,0,-1,-1
57299,Mysterious Sarcophagus,,36859,77112,0,-1,0,0,0,0,0,0,0,0,0,0,31018,109,703,0,3,40435968,524288,268447744,0,0,0,-1,-1
57301,Callous Concoctions,,36861,0,0,-1,0,0,0,0,0,0,0,0,0,0,0,0,1340,0,2,40927240,8192,268435968,58431,0,0,-1,-1
57323,Serpent Binding,,36875,77112,0,-1,0,0,0,0,0,0,0,0,0,0,31019,109,703,0,3,40435968,524288,268447744,0,0,0,-1,-1
57326,Prototypes for Profit,,36878,71941,0,-1,0,0,0,0,0,0,0,0,0,0,0,0,7209,0,2,39850248,8192,268435968,55736,0,0,1309324210,-1440044374
57327,Prototypes for Inspiration,,36877,71941,0,-1,0,0,0,0,0,0,0,0,0,0,0,0,7209,0,2,39850248,8192,268435968,55736,0,0,-1321907123,1427461461
57328,Trashin' the Camp,,36879,0,0,-1,1,0,0,0,0,0,0,0,0,0,31376,109,837,0,3,36241664,0,268435968,57559,62706,0,-1,-1
57330,Time for Revenge,,36881,70076,0,-1,0,0,0,0,0,0,0,0,0,0,29709,109,690,0,3,34144512,0,268435456,0,0,0,-1,-1
57331,Salvage Operations,,36882,70076,0,-1,0,0,0,0,0,0,0,0,0,0,29710,109,690,0,3,34144512,0,268435456,0,0,0,-1,-1
57333,Terrace Terrors,,36884,70076,0,-1,0,0,0,0,0,0,0,0,0,0,29715,109,690,0,3,37290240,0,268435456,0,0,0,-1,-1
57334,Cave of Murlocs,,36885,70076,0,-1,0,0,0,0,0,0,0,0,0,0,29712,109,690,0,3,34144512,0,268435456,0,0,0,-1,-1
57335,Murloc Mayhem,,36886,70076,0,-1,0,0,0,0,0,0,0,0,0,0,29713,109,690,0,3,34144512,0,268435456,0,0,0,-1,-1
57336,Putting the Past to Rest,,36887,70076,0,-1,0,0,0,0,0,0,0,0,0,0,29714,109,690,0,3,34144512,0,268435456,0,0,0,-1,-1
57338,Depopulation Effort,,36889,70076,0,-1,0,0,0,0,0,0,0,0,0,0,29716,109,690,0,3,34144512,0,268435456,0,0,0,-1,-1
57339,Construction Ritual,,36890,77112,0,-1,0,0,0,0,0,0,0,0,0,0,31020,109,703,0,3,40435968,524288,268447744,0,0,0,-1,-1
57340,Fathom Ray Feast,,36891,70076,0,-1,0,0,0,0,0,0,0,0,0,0,29718,109,690,0,3,34144512,0,268435456,0,0,0,-1,-1
57353,Deepcoil Cleansing,,36903,70076,0,-1,0,0,0,0,0,0,0,0,0,0,29729,109,690,0,3,37290240,0,268435456,0,0,0,-1,-1
57354,Overdue,,36904,70076,0,-1,0,0,0,0,0,0,0,0,0,0,29733,109,690,0,3,37290240,0,268435456,0,0,0,-1,-1
57359,Summoning Ritual,,36906,77106,0,-1,0,0,0,0,0,0,0,0,0,0,30361,109,703,0,3,36241408,524288,268447744,0,0,0,-1,-1
57375,Pulsating Mound,,36919,77107,0,-1,0,0,0,0,0,0,0,0,0,0,31030,109,703,0,3,40435968,524288,268447744,0,0,0,-1,-1
57379,Infested Jade Statue,,36923,77107,0,-1,0,0,0,0,0,0,0,0,0,0,31031,109,703,0,3,40435968,524288,268447744,0,0,0,-1,-1
57384,Mending Monstrosity,,36928,77120,0,-1,0,0,0,0,0,0,0,0,0,0,31062,109,703,0,3,36241408,524288,268447744,0,0,0,-1,-1
57404,Ravager Hive,,36948,77120,0,-1,0,0,0,0,0,0,0,0,0,0,31063,109,703,0,3,36241408,524288,268447744,0,0,0,-1,-1
57429,Pyre of the Amalgamated One,,36973,77106,0,-1,0,0,0,0,0,0,0,0,0,0,30991,109,703,0,3,36241408,524288,268447744,0,0,0,-1,-1
57443,Dirty Job: Demolition Detail,,36987,0,0,-1,1,0,0,0,0,0,0,0,0,0,31374,109,837,0,3,36241664,8192,268435456,57559,62706,0,-1,-1
57445,Chin's Noodle Cart,,36989,77120,0,-1,0,0,0,0,0,0,0,0,0,0,31064,109,703,0,3,36241408,524288,268447744,0,0,0,-1,-1
57449,Executor of N'Zoth,,36993,77106,0,-1,0,0,0,0,0,0,0,0,0,0,30992,109,703,0,3,36241408,524288,268447744,0,0,0,-1,-1
57453,Swarm Caller,,36996,77120,0,-1,0,0,0,0,0,0,0,0,0,0,31065,109,703,0,3,36241408,524288,268447744,0,0,0,-1,-1
57456,Spirit Drinker,,36999,77106,0,-1,0,0,0,0,0,0,0,0,0,0,30993,109,703,0,3,36241408,524288,268447744,0,0,0,-1,-1
57465,Dirty Job: Wood Work,,37008,0,0,-1,1,0,0,0,0,0,0,0,0,0,31375,109,837,0,3,36241664,8192,268435456,57559,62706,0,-1,-1
57476,Vil'thik Feeding Grounds,,37017,77120,0,-1,0,0,0,0,0,0,0,0,0,0,31066,109,703,0,3,36241408,524288,268447744,0,0,0,-1,-1
57484,Ritual of Wakening,,37024,77120,0,-1,0,0,0,0,0,0,0,0,0,0,31067,109,703,0,3,36241408,524288,268447744,0,0,0,-1,-1
57508,Zara'thik War Banner,,37041,77120,0,-1,0,0,0,0,0,0,0,0,0,0,31068,109,703,0,3,36241408,524288,268447744,0,0,0,-1,-1
57510,Darklord Taraxis,,37043,0,0,-1,0,0,0,0,0,0,0,0,0,0,0,0,742,0,3,34148672,0,268439552,0,0,0,-1,-1
57517,Swarm Caller,,37050,77120,0,-1,0,0,0,0,0,0,0,0,0,0,31069,109,703,0,3,36241408,524288,268447744,0,0,0,-1,-1
57519,Swarm Caller,,37053,77120,0,-1,0,0,0,0,0,0,0,0,0,0,31070,109,703,0,3,36241408,524288,268447744,0,0,0,-1,-1
57521,Empowered War Wagon,,37055,77120,0,-1,0,0,0,0,0,0,0,0,0,0,31071,109,703,0,3,36241408,524288,268447744,0,0,0,-1,-1
57522,Call of the Void,,37056,77106,0,-1,0,0,0,0,0,0,0,0,0,0,30994,109,703,0,3,40435712,532480,268447744,0,0,0,-1,-1
57540,Kunchong Incubator,,37074,77120,0,-1,0,0,0,0,0,0,0,0,0,0,31072,109,703,0,3,36241408,524288,268447744,0,0,0,-1,-1
57541,Call of the Void,,37075,77106,0,-1,0,0,0,0,0,0,0,0,0,0,30995,109,703,0,3,40435712,532480,268447744,0,0,0,-1,-1
57542,Swarm Caller,,37076,77120,0,-1,0,0,0,0,0,0,0,0,0,0,31073,109,703,0,3,36241408,524288,268447744,0,0,0,-1,-1
57543,Executor of N'Zoth,,37077,77106,0,-1,0,0,0,0,0,0,0,0,0,0,30996,109,703,0,3,36241408,524288,268447744,0,0,0,-1,-1
57556,The Maw - Weekly Treasures,,37090,5703,0,-1,0,0,0,0,0,0,0,0,0,0,0,109,742,0,3,33024,0,268435456,0,0,0,-1,-1
57558,Vil'thik Hatchery,,37091,77120,0,-1,0,0,0,0,0,0,0,0,0,0,31074,109,703,0,3,36241408,524288,268447744,0,0,0,-1,-1
57580,Executor of N'Zoth,,37113,77106,0,-1,0,0,0,0,0,0,0,0,0,0,30997,109,703,0,3,36241408,524288,268447744,0,0,0,-1,-1
57582,Executor of N'Zoth,,37114,77106,0,-1,0,0,0,0,0,0,0,0,0,0,30998,109,703,0,3,36241408,524288,268447744,0,0,0,-1,-1
57585,Call of the Void,,37117,77106,0,-1,0,0,0,0,0,0,0,0,0,0,30999,109,703,0,3,40435712,532480,268447744,0,0,0,-1,-1
57586,Spirit Drinker,,37118,77106,0,-1,0,0,0,0,0,0,0,0,0,0,31000,109,703,0,3,36241408,524288,268447744,0,0,0,-1,-1
57587,Spirit Drinker,,37119,77106,0,-1,0,0,0,0,0,0,0,0,0,0,31001,109,703,0,3,36241408,524288,268447744,0,0,0,-1,-1
57588,Spirit Drinker,,37120,77106,0,-1,0,0,0,0,0,0,0,0,0,0,31002,109,703,0,3,36241408,524288,268447744,0,0,0,-1,-1
57589,Spirit Drinker,,37121,77106,0,-1,0,0,0,0,0,0,0,0,0,0,31003,109,703,0,3,36241408,524288,268447744,0,0,0,-1,-1
57590,Spirit Drinker,,37122,77106,0,-1,0,0,0,0,0,0,0,0,0,0,31004,109,703,0,3,36241408,524288,268447744,0,0,0,-1,-1
57591,Spirit Drinker,,37123,77106,0,-1,0,0,0,0,0,0,0,0,0,0,31005,109,703,0,3,36241408,524288,268447744,0,0,0,-1,-1
57592,Executor of N'Zoth,,37124,77106,0,-1,0,0,0,0,0,0,0,0,0,0,31006,109,703,0,3,36241408,524288,268447744,0,0,0,-1,-1
57620,Summoning Ritual,,37150,77106,0,-1,0,0,0,0,0,0,0,0,0,0,30379,109,703,0,3,36241408,524288,268447744,0,0,0,-1,-1
57621,Summoning Ritual,,37151,77106,0,-1,0,0,0,0,0,0,0,0,0,0,30380,109,703,0,3,36241408,524288,268447744,0,0,0,-1,-1
57650,Better Off Dead,,37184,88288,0,-1,0,0,0,0,0,0,0,0,0,0,30516,109,837,0,3,40435968,8192,268435456,0,0,0,-1,-1
57718,Bound in Stone,,37253,75058,0,-1,0,0,0,0,0,0,0,0,0,0,31187,0,703,0,2,35651720,32768,268435968,0,0,0,-1,-1
57720,Champions of the Mogu,,37255,75059,0,-1,0,0,0,0,0,0,0,0,0,0,31188,0,703,0,2,35651720,32768,268435968,0,0,0,-1,-1
57721,Spoils of War,,37256,75060,0,-1,0,0,0,0,0,0,0,0,0,0,31190,0,703,0,2,35651720,32768,268435968,0,0,0,-1,-1
57728,Assault: The Endless Swarm,Return to Taoshi at the Silent Sanctuary.,37261,75565,0,-1,0,0,0,0,0,0,0,0,0,0,30231,268,703,0,3,34078976,524288,268435458,0,0,0,-1,-1
57737,Ramkahen Rescue,,37268,74880,0,-1,0,0,0,0,0,0,0,0,0,0,31205,0,703,0,2,35651720,32768,268435968,0,0,0,-1,-1
57773,Close to Tears,,37302,74878,0,-1,0,0,0,0,0,0,0,0,0,0,31203,0,703,0,2,35651720,32768,268435968,0,0,0,-1,-1
57774,Nine Lives,,37303,74879,0,-1,0,0,0,0,0,0,0,0,0,0,31204,0,703,0,2,35651720,32768,268435968,0,0,0,-1,-1
57917,[DNT] Test - JAM,,37441,0,0,-1,0,0,0,0,0,0,0,0,0,0,0,0,798,0,2,37748744,0,268436002,0,0,0,-1,-1
57968,The Wastewandering Dead,,37489,76116,0,-1,0,0,0,0,0,0,0,0,0,0,31211,0,703,0,2,35651720,32768,268435968,57956,0,0,-1,-1
58010,"More Bits, More Bits!",,37529,76110,0,-1,0,0,0,0,0,0,0,0,0,0,31205,0,703,0,2,39846024,32768,268435968,56576,0,0,-1,-1
58084,Soul Snares,,37593,73555,0,-1,0,0,0,0,0,0,0,0,0,0,31377,109,837,0,3,40435968,8192,268435456,0,0,0,-1,-1
58123,Fai Quest [internal only],,37630,0,0,-1,0,0,0,0,0,0,0,0,0,0,0,109,798,0,3,34144256,131072,268435456,0,0,0,-1,-1
58144,Battered and Bruised,,37648,73555,0,-1,0,0,0,0,0,0,0,0,0,0,31378,109,837,0,3,36241664,0,268435456,0,0,0,-1,-1
58146,For the Alliance,,37650,0,0,-1,0,0,0,0,0,0,0,0,0,0,0,0,863,0,2,39845896,8192,268435976,0,0,0,16384,0
58147,Stranger in a Strange Land,,37651,0,0,-1,0,0,0,0,0,0,0,0,0,0,0,0,863,0,2,37748744,8192,268435976,58146,0,0,16384,0
58151,Minions of N'Zoth,,37654,74480,0,-1,0,0,0,0,0,0,0,0,0,0,0,0,703,0,2,33558536,32768,268435968,0,0,0,-1,-1
58155,A Hand in the Dark,,37658,74481,0,-1,0,0,0,0,0,0,0,0,0,0,0,0,703,0,2,34607112,32768,268435968,0,0,0,-1,-1
58156,Vanquishing the Darkness,,37659,74482,0,-1,0,0,0,0,0,0,0,0,0,0,0,0,703,0,2,34607112,32768,268435968,0,0,0,-1,-1
58167,Preventative Measures,,37670,74483,0,-1,0,0,0,0,0,0,0,0,0,0,0,0,703,0,2,33558536,32768,268435968,0,0,0,-1,-1
58168,"A Dark, Glaring Reality",,37671,74484,0,-1,0,0,0,0,0,0,0,0,0,173810,0,0,703,0,2,33558536,32768,268435968,0,0,0,-1,-1
58207,Buggin' Out,,37710,74689,0,-1,0,0,0,0,0,0,0,0,0,0,30102,109,2060,0,3,40435968,8192,268435456,0,0,0,-1,-1
58216,Consuming Maw,,37719,77106,0,-1,0,0,0,0,0,0,0,0,0,0,30988,109,703,0,3,36241408,524288,268447744,0,0,0,-1,-1
58221,Gettin' Even,,37724,74689,0,-1,0,0,0,0,0,0,0,0,0,0,30105,109,2060,0,3,40435968,8192,268435456,0,0,0,-1,-1
58229,A Rallying Cry,,37732,74881,0,-1,0,0,0,0,0,0,0,0,0,0,31206,0,703,0,2,35651720,32768,268435968,0,0,0,-1,-1
58230,Blind the Eyes,,37733,74882,0,-1,0,0,0,0,0,0,0,0,0,0,31207,0,703,0,2,35651720,32768,268435968,0,0,0,-1,-1
58231,Wisdom From Madness,,37734,74883,0,-1,0,0,0,0,0,0,0,0,0,0,31208,0,703,0,2,35651720,32768,268435968,0,0,0,-1,-1
58232,Order Among Chaos,,37735,74884,0,-1,0,0,0,0,0,0,0,0,0,0,31209,1,703,0,2,35651720,32768,268435968,0,0,0,-1,-1
58233,Twisted Corruptors,,37736,74885,0,-1,0,0,0,0,0,0,0,0,0,0,31210,0,703,0,2,35651720,32768,268435968,0,0,0,-1,-1
58234,Questionable Sourcing,,37737,74886,0,-1,0,0,0,0,0,0,0,0,0,0,31211,0,703,0,2,35651720,32768,268435968,0,0,0,-1,-1
58235,Anchors of the Black Empire,,37738,74887,0,-1,0,0,0,0,0,0,0,0,0,0,31212,0,703,0,2,35651720,32768,268435968,0,0,0,-1,-1
58236,Symbolic Destruction,,37739,74888,0,-1,0,0,0,0,0,0,0,0,0,0,31213,0,703,0,2,35651720,32768,268435968,0,0,0,-1,-1
58237,Cleansing Uldum,,37740,74889,0,-1,0,0,0,0,0,0,0,0,0,0,31214,0,703,0,2,35651720,32768,268435968,0,0,0,-1,-1
58238,Lost and Tormented,,37741,74890,0,-1,0,0,0,0,0,0,0,0,0,0,31215,0,703,0,2,35651720,32768,268435968,0,0,0,-1,-1
58239,Lessons in Brigandry,,37742,74891,0,-1,0,0,0,0,0,0,0,0,0,0,31216,0,703,0,2,35651720,32768,268435968,0,0,0,-1,-1
58256,Consuming Maw,,37748,77106,0,-1,0,0,0,0,0,0,0,0,0,0,30987,109,703,0,3,36241408,524288,268447744,0,0,0,-1,-1
58257,Consuming Maw,,37749,77106,0,-1,0,0,0,0,0,0,0,0,0,0,30986,109,703,0,3,36241408,524288,268447744,0,0,0,-1,-1
58258,Consuming Maw,,37750,77106,0,-1,0,0,0,0,0,0,0,0,0,0,30985,109,703,0,3,36241408,524288,268447744,0,0,0,-1,-1
58268,Take the High Ground,,37760,80768,0,-1,0,0,0,0,0,0,0,0,0,0,0,0,1334,0,2,37748744,8192,268435968,57912,0,0,-1,-1
58271,Voidflame Ritual,,37763,77106,0,-1,0,0,0,0,0,0,0,0,0,0,30989,109,703,0,3,36241408,524288,268447744,0,0,0,-1,-1
58275,Monstrous Summoning,,37767,77106,0,-1,0,0,0,0,0,0,0,0,0,0,30990,109,703,0,3,36241408,524288,268447744,0,0,0,-1,-1
58276,Mar'at In Flames,,37768,77106,0,-1,0,0,0,0,0,0,0,0,0,0,30984,109,703,0,3,36241408,524288,268447744,0,0,0,-1,-1
58277,Dark Deceivers,,37769,74892,0,-1,0,0,0,0,0,0,0,0,0,0,31217,0,703,0,2,35651720,32768,268435968,0,0,0,-1,-1
58281,Ancient Armaments,,37773,74709,0,-1,0,0,0,0,0,0,0,0,0,0,31203,0,703,0,2,35651720,32768,268435968,0,0,0,-1,-1
58282,Down From the Sky,,37774,74710,0,-1,0,0,0,0,0,0,0,0,0,0,31204,0,703,0,2,35651720,32768,268435968,0,0,0,-1,-1
58283,Blind Leading the Blind,,37775,74711,0,-1,0,0,0,0,0,0,0,0,0,0,31205,0,703,0,2,35651720,32768,268435968,0,0,0,-1,-1
58284,Writs of the Sun King,,37776,74712,0,-1,0,0,0,0,0,0,0,0,0,0,31206,0,703,0,2,35651720,32768,268435968,0,0,0,-1,-1
58285,Unearthed Artifacts,,37777,74714,0,-1,0,0,0,0,0,0,0,0,0,0,31207,0,703,0,2,2097288,32768,268435968,0,0,0,-1,-1
58286,Far From Home,,37778,74715,0,-1,0,0,0,0,0,0,0,0,0,0,31208,0,703,0,2,35651720,32768,268435968,0,0,0,-1,-1
58287,A Smashing Plan,,37779,74717,0,-1,0,0,0,0,0,0,0,0,0,0,31209,0,703,0,2,35651720,32768,268435968,0,0,0,-1,-1
58288,The Sun King's Chosen,,37780,74718,0,-1,0,0,0,0,0,0,0,0,0,0,31210,0,703,0,2,35651720,32768,268435968,0,0,0,-1,-1
58289,Guarded Secrets,,37781,74719,0,-1,0,0,0,0,0,0,0,0,0,0,31211,0,703,0,2,35651720,32768,268435968,0,0,0,-1,-1
58290,Champions of the Amathet,,37782,74720,0,-1,0,0,0,0,0,0,0,0,0,0,31212,1,703,0,2,35651720,32768,268435968,0,0,0,-1,-1
58291,Encroaching Poachers,,37783,74721,0,-1,0,0,0,0,0,0,0,0,0,0,31213,0,703,0,2,35651720,32768,268435968,0,0,0,-1,-1
58321,Uncommon Core,,37813,74722,0,-1,0,0,0,0,0,0,0,0,0,0,31214,1,703,0,2,35651720,32768,268435968,0,0,0,-1,-1
58334,Mistfall In Flames,,34706,77112,0,-1,0,0,0,0,0,0,0,0,0,0,31007,109,703,0,3,36241408,524288,268447744,0,0,0,-1,-1
58367,Empowered Demolisher,,37828,77112,0,-1,0,0,0,0,0,0,0,0,0,0,31008,109,703,0,3,36241408,524288,268447744,0,0,0,-1,-1
58370,Empowered Demolisher,,37835,77112,0,-1,0,0,0,0,0,0,0,0,0,0,31009,109,703,0,3,36241408,524288,268447744,0,0,0,-1,-1
58420,A Foul Annoyance,,37905,74898,0,-1,0,0,0,0,0,0,0,0,0,0,31191,0,703,0,2,35651720,32768,268435968,56935,0,0,-1,-1
58422,Mark of the Conquerors,,37907,74902,0,-1,0,0,0,0,0,0,0,0,0,0,31195,0,703,0,2,35651720,32768,268435968,56935,0,0,-1,-1
58423,The Strongest Among Them,,37908,74894,0,-1,0,0,0,0,0,0,0,0,0,0,31187,0,703,0,2,35651720,32768,268435968,56935,0,0,-1,-1
58432,"Something Old, Something Used",,37917,83780,0,-1,131073,0,0,0,0,0,0,0,0,178554,0,0,2060,0,2,39878664,8192,268435968,60041,61516,0,-1,-1
58437,Parts to a Whole,,37922,89132,0,-1,0,0,0,0,0,0,0,0,0,174110,30181,109,837,0,3,40435968,8192,268435968,0,0,0,-1,-1
58438,Consuming Maw,,37923,77107,0,-1,0,0,0,0,0,0,0,0,0,0,30902,109,703,0,3,36241664,524288,268447744,0,0,0,-1,-1
58439,Consuming Maw,,37924,75565,0,-1,0,0,0,0,0,0,0,0,0,0,30903,109,703,0,3,36241664,524288,268447744,0,0,0,-1,-1
58442,Consuming Maw,,37927,77107,0,-1,0,0,0,0,0,0,0,0,0,0,30904,109,703,0,3,36241664,524288,268447744,0,0,0,-1,-1
58460,Marshals of Madness,,37945,74896,0,-1,0,0,0,0,0,0,0,0,0,0,31189,1,703,0,2,35651720,32768,268435968,56935,0,0,-1,-1
58461,Tomes of Ancient Madness,,37946,74906,0,-1,0,0,0,0,0,0,0,0,0,0,31199,0,703,0,2,35651720,32768,268435968,56935,0,0,-1,-1
58462,Windows to the Soul,,37947,74901,0,-1,0,0,0,0,0,0,0,0,0,0,31194,0,703,0,2,35651720,32768,268435968,56935,0,0,-1,-1
58463,Spawns of Madness,,37948,74900,0,-1,0,0,0,0,0,0,0,0,0,0,31193,0,703,0,2,35651720,32768,268435968,56935,0,0,-1,-1
58464,Deephive Decimation,,37949,74907,0,-1,0,0,0,0,0,0,0,0,0,0,31200,0,703,0,2,33554568,32768,268435968,56935,0,0,-1,-1
58465,Corruption Manifest,,37950,74899,0,-1,0,0,0,0,0,0,0,0,0,0,31192,0,703,0,2,35651720,32768,268435968,56935,0,0,-1,-1
58466,Torment From Beyond,,37951,74903,0,-1,0,0,0,0,0,0,0,0,0,0,31196,0,703,0,2,35651720,32768,268435968,56935,0,0,-1,-1
58467,Prisoners of Mind and Body,,37952,74904,0,-1,0,0,0,0,0,0,0,0,0,0,31197,0,703,0,2,35651720,32768,268435968,56935,0,0,-1,-1
58468,A Growing Darkness,,37953,74908,0,-1,0,0,0,0,0,0,0,0,0,0,31201,0,703,0,2,33554568,32768,268435968,56935,0,0,-1,-1
58469,Tears in the Vale,,37954,74909,0,-1,0,0,0,0,0,0,0,0,0,0,31202,0,703,0,2,33554568,32768,268435968,56935,0,0,-1,-1
58470,Corrupted Curiosities,,37955,74895,0,-1,0,0,0,0,0,0,0,0,0,0,31188,0,703,0,2,35651720,32768,268435968,56935,0,0,-1,-1
58471,Aggressive Notation,,37956,74897,0,-1,0,0,0,0,0,0,0,0,0,174197,31190,0,703,0,2,35782792,32768,268435968,56935,0,0,-1,-1
58476,Bringing the Thunder,,37960,75062,0,-1,0,0,0,0,0,0,0,0,0,0,31191,0,703,0,2,35651720,32768,268435968,0,0,0,-1,-1
58477,Through Blood and Dirt and Bone,,37961,75061,0,-1,0,0,0,0,0,0,0,0,0,0,31193,0,703,0,2,35651720,32768,268435968,0,0,0,-1,-1
58478,No Stone Unbroken,,37962,75063,0,-1,0,0,0,0,0,0,0,0,0,0,31192,0,703,0,2,35651720,32768,268435968,0,0,0,-1,-1
58479,Lightning Crashes,,37963,75875,0,-1,0,0,0,0,0,0,0,0,0,0,31195,0,703,0,2,35651720,32768,268435968,0,0,0,-1,-1
58481,Rituals of Blood,,37965,75876,0,-1,0,0,0,0,0,0,0,0,0,0,31196,0,703,0,2,35651720,32768,268435968,0,0,0,-1,-1
58485,Built to Fall,,37968,75877,0,-1,0,0,0,0,0,0,0,0,0,0,31197,0,703,0,2,35651720,32768,268435968,0,0,0,-1,-1
58487,Plunder the Plunderers,,37970,75874,0,-1,0,0,0,0,0,0,0,0,0,0,31189,0,703,0,2,35651720,32768,268435968,0,0,0,-1,-1
58490,Deadly Reminder,,37973,88288,0,-1,0,0,0,0,0,0,0,0,0,0,30515,109,837,0,3,40435968,8192,268435456,0,0,0,-1,-1
58505,Planned Demise,,37987,88288,0,-1,0,0,0,0,0,0,0,0,0,0,30524,109,837,0,3,40435968,8192,268435456,0,0,0,-1,-1
58595,Pillars of Oblivion,,38075,74905,0,-1,0,0,0,0,0,0,0,0,0,0,31198,0,703,0,2,35651720,32768,268435968,56935,0,0,-1,-1
58601,Web of Information,,38079,74689,0,-1,0,0,0,0,0,0,0,0,0,0,31379,109,2060,0,3,40435968,8192,268435456,0,0,0,-1,-1
58605,Amateur Night,,38083,74689,0,-1,0,0,0,0,0,0,0,0,0,0,30574,111,837,0,3,41484544,8192,268435456,0,0,0,-1,-1
58609,Taking The Seat,,38087,70104,0,-1,2,0,0,0,0,0,0,0,0,0,0,0,2060,0,2,39845888,8196,268435976,57878,62000,0,-1,-1
58660,Burrowing Terrors,,38138,77118,0,-1,0,0,0,0,0,0,0,0,0,0,31048,109,703,0,3,36241408,524288,268447744,0,0,0,-1,-1
58661,Burrowing Terrors,,38139,77118,0,-1,0,0,0,0,0,0,0,0,0,0,31049,109,703,0,3,36241408,524288,268447744,0,0,0,-1,-1
58662,Burrowing Terrors,,38140,77118,0,-1,0,0,0,0,0,0,0,0,0,0,31050,109,703,0,3,36241408,524288,268447744,0,0,0,-1,-1
58667,Obsidian Extraction,,38145,77118,0,-1,0,0,0,0,0,0,0,0,0,0,31051,109,703,0,3,36241408,524288,268447744,0,0,0,-1,-1
58676,Dormant Destroyer,,38154,77118,0,-1,0,0,0,0,0,0,0,0,0,0,31052,109,703,0,3,36241408,524288,268447744,0,0,0,-1,-1
58679,Dormant Destroyer,,38157,77118,0,-1,0,0,0,0,0,0,0,0,0,0,31053,109,703,0,3,36241408,524288,268447744,0,0,0,-1,-1
58705,Grand Empress Shek'zara,,38183,75790,0,-1,0,0,0,0,0,0,0,0,0,0,30186,112,703,0,3,37290304,0,268435456,56935,0,0,-1,-1
58740,Subjugated Serpents,,38215,75873,0,-1,0,0,0,0,0,0,0,0,0,0,31194,1,703,0,2,35651720,32768,268435968,0,0,0,-1,-1
58741,Cutting Stone,,38216,75878,0,-1,0,0,0,0,0,0,0,0,0,0,31198,0,703,0,2,35651720,32768,268435968,0,0,0,-1,-1
58742,Retinus the Seeker,,38217,76415,0,-1,0,0,0,0,0,0,0,0,0,0,30776,115,464,0,3,3735808,0,268435456,0,0,0,-1,-1
58743,Dune Buggy,,38218,76415,0,-1,0,0,0,0,0,0,0,0,0,0,30777,115,464,0,3,3735808,0,268435456,0,0,0,-1,-1
58744,I Am The One Who Whispers,,38219,76415,0,-1,0,0,0,0,0,0,0,0,0,0,30778,115,464,0,3,3735808,0,268435456,0,0,0,-1,-1
58745,Watch Where You Step,,38220,76415,0,-1,0,0,0,0,0,0,0,0,0,0,30779,115,464,0,3,3735808,0,268435456,0,0,0,-1,-1
58746,Tiny Madness,,38221,76416,0,-1,0,0,0,0,0,0,0,0,0,0,30780,115,464,0,3,3735808,0,268435456,0,0,0,-1,-1
58747,Brain Tickling,,38222,76416,0,-1,0,0,0,0,0,0,0,0,0,0,30781,115,464,0,3,3735808,0,268435456,0,0,0,-1,-1
58748,Living Statues Are Tough,,38223,76416,0,-1,0,0,0,0,0,0,0,0,0,0,30782,115,464,0,3,3735808,0,268435456,0,0,0,-1,-1
58749,Flight of the Vil'thik,,38224,76416,0,-1,0,0,0,0,0,0,0,0,0,0,30783,115,464,0,3,3735808,0,268435456,0,0,0,-1,-1
58753,Feather Fall Tracking Quest,,38228,0,0,-1,0,0,0,0,0,0,0,0,0,0,0,0,2060,0,3,33588232,0,0,0,0,0,-1,-1
58754,Champions of the Swarm,,38229,76029,0,-1,0,0,0,0,0,0,0,0,0,0,31187,0,703,0,2,35651720,32768,268435968,0,0,0,-1,-1
58755,Stashed Supplies,,38230,76030,0,-1,0,0,0,0,0,0,0,0,0,0,31188,0,703,0,2,35651720,32768,268435968,0,0,0,-1,-1
58756,Dread Menders,,38231,76033,0,-1,0,0,0,0,0,0,0,0,0,0,31191,0,703,0,2,35651720,32768,268435968,0,0,0,-1,-1
58757,Testing the Untested,,38232,76034,0,-1,0,0,0,0,0,0,0,0,0,0,31192,0,703,0,2,35651720,32768,268435968,0,0,0,-1,-1
58758,Rampaging Destroyers,,38233,76035,0,-1,0,0,0,0,0,0,0,0,0,0,31193,1,703,0,2,35651720,32768,268435968,0,0,0,-1,-1
58759,The Empress' Guard,,38234,76036,0,-1,0,0,0,0,0,0,0,0,0,0,31194,1,703,0,2,35651720,32768,268435968,0,0,0,-1,-1
58760,Blades of Amber,,38235,76031,0,-1,0,0,0,0,0,0,0,0,0,0,31189,0,703,0,2,35651720,32768,268435968,0,0,0,-1,-1
58761,Crushed Underfoot,,38236,76037,0,-1,0,0,0,0,0,0,0,0,0,0,31195,0,703,0,2,35651720,32768,268435968,0,0,0,-1,-1
58762,Taken by the Swarm,,38237,76038,0,-1,0,0,0,0,0,0,0,0,0,0,31196,0,703,0,2,35651720,32768,268435968,0,0,0,-1,-1
58763,Halting Production,,38238,76039,0,-1,0,0,0,0,0,0,0,0,0,0,31197,0,703,0,2,35651720,32768,268435968,0,0,0,-1,-1
58764,Standards of the Swarm,,38239,76040,0,-1,0,0,0,0,0,0,0,0,0,0,31198,0,703,0,2,34603144,32768,268435968,0,0,0,-1,-1
58765,Siege Breaker,,38240,76032,0,-1,0,0,0,0,0,0,0,0,0,0,31190,0,703,0,2,35651720,32768,268435968,0,0,0,-1,-1
58776,Hatching Problems,,38250,76115,0,-1,0,0,0,0,0,0,0,0,0,0,31210,0,703,0,2,35651720,32768,268435968,0,0,0,-1,-1
58777,Put Your Foot Down,,38251,76111,0,-1,0,0,0,0,0,0,0,0,0,0,31206,0,703,0,2,35651720,32768,268435968,0,0,0,-1,-1
58778,Getting Ahead,,38252,76117,0,-1,0,0,0,0,0,0,0,0,0,0,31212,1,703,0,2,35651720,32768,268435968,0,0,0,-1,-1
58779,Taking the Skies,,38253,76118,0,-1,0,0,0,0,0,0,0,0,0,0,31213,0,703,0,2,35651720,32768,268435968,0,0,0,-1,-1
58780,Heralds of the Hive,,38254,76119,0,-1,0,0,0,0,0,0,0,0,0,0,31214,1,703,0,2,35651720,32768,268435968,0,0,0,-1,-1
58781,Terrors from the Deep,,38255,76108,0,-1,0,0,0,0,0,0,0,0,0,0,31203,0,703,0,2,35651720,32768,268435968,0,0,0,-1,-1
58782,Things Left Behind,,38256,76109,0,-1,0,0,0,0,0,0,0,0,0,0,31204,0,703,0,2,35651720,32768,268435968,0,0,0,-1,-1
58881,Tracking Quest,,38353,0,0,-1,0,0,0,0,0,0,0,0,0,0,0,265,703,0,3,34144320,0,0,0,0,0,-1,-1
58900,A Sure Bet,,38369,0,0,-1,0,0,0,0,0,0,0,0,0,0,0,0,1335,0,2,39845896,8192,268435968,59837,0,0,-1,-1
58918,Huwerath,,38387,73557,0,-1,0,0,0,0,0,0,0,0,0,0,32643,0,742,0,3,40436160,0,268439552,0,0,0,-1,-1
58952,Purging Flames,,38421,77118,0,-1,0,0,0,0,0,0,0,0,0,0,31054,109,703,0,3,36241408,524288,268447744,0,0,0,-1,-1
58961,Ambushed Settlers,,38430,77118,0,-1,0,0,0,0,0,0,0,0,0,0,31055,109,703,0,3,36241408,524288,268447744,0,0,0,-1,-1
58974,Ambushed Settlers,,38443,77118,0,-1,0,0,0,0,0,0,0,0,0,0,31056,109,703,0,3,36241408,524288,268447744,0,0,0,-1,-1
58975,Pest Removal,,38444,0,0,-1,1,0,0,0,0,0,0,0,0,0,32072,109,2060,0,3,37290240,0,268435456,57559,62706,0,-1,-1
58981,Hardened Hive,,38450,77118,0,-1,0,0,0,0,0,0,0,0,0,0,31057,109,703,0,3,36241408,524288,268447744,0,0,0,-1,-1
58985,Terrified Soul,,38452,21439,0,-1,0,0,0,0,0,0,0,0,0,0,0,0,742,0,3,40440128,0,268435456,0,0,0,-1,-1
58990,Titanus Egg,,38457,77118,0,-1,0,0,0,0,0,0,0,0,0,0,31058,109,703,0,3,36241408,524288,268447744,0,0,0,-1,-1
58993,Swarm Defense,,38460,0,0,-1,1,0,0,0,0,0,0,0,0,0,32054,109,2060,0,3,37290240,0,268435456,57559,62706,0,-1,-1
58999,Shackled Soul,,38465,21439,0,-1,0,0,0,0,0,0,0,0,0,0,0,0,742,0,3,40440128,0,268439552,0,0,0,-1,-1
59003,Combustible Cocoons,,38469,77118,0,-1,0,0,0,0,0,0,0,0,0,0,31059,109,703,0,3,36241408,524288,268447744,0,0,0,-1,-1
59007,Soul Well,,38473,89148,0,-1,0,0,0,0,0,0,0,0,0,0,0,0,742,0,3,40440256,0,268435456,0,0,0,-1,-1
59015,Hostile Recollection,,38481,93206,0,-1,0,0,0,0,0,0,0,0,0,0,0,0,1319,0,3,34144256,0,268435456,58977,0,0,-1,-1
59067,Orb of Extrication,,38532,21439,0,-1,0,0,0,0,0,0,0,0,0,0,0,0,742,0,3,40440128,0,268435456,0,0,0,-1,-1
59183,Drifting Sorrow,,38617,73557,0,-1,0,0,0,0,0,0,0,0,0,0,32646,0,742,0,3,40436160,0,268439552,0,0,0,-1,-1
59184,Borr-Geth,,38618,73557,0,-1,0,0,0,0,0,0,0,0,0,0,0,0,742,0,3,38342976,0,268439552,0,0,0,-1,-1
59211,Forgotten Village,,38657,88458,0,-1,0,0,0,0,0,0,0,0,0,0,0,0,746,0,3,34144256,0,268435456,60313,0,0,-1,-1
59229,Gargantuan Seeker,,38675,73557,0,-1,0,0,0,0,0,0,0,0,0,0,0,0,742,0,3,40440128,0,268439552,0,0,0,-1,-1
59230,"Dartanos, Flayer of Souls",,38676,73557,0,-1,0,0,0,0,0,0,0,0,0,0,32645,0,742,0,3,36241856,0,268439552,0,0,0,-1,-1
59234,Mixing A Mess,,38680,88288,0,-1,0,0,0,0,0,0,0,0,0,0,31106,109,837,0,3,40435968,8192,268435968,0,0,0,-1,-1
59259,The Eternal Tormentor,,38705,73557,0,-1,0,0,0,0,0,0,0,0,0,0,0,0,742,0,3,40440256,0,268439552,0,0,0,-1,-1
59441,Soulsmith Yol-Mattar,,38874,73557,0,-1,0,0,0,0,0,0,0,0,0,0,32639,0,742,0,3,40436160,0,268439552,0,0,0,-1,-1
59578,Let's Get Ready to Humble,,39010,0,0,-1,1,0,0,0,0,0,0,0,0,0,31259,109,837,0,3,37290240,0,268435456,57559,62706,0,-1,-1
59581,The Strength of Sinfall,,39012,73555,0,-1,0,0,0,0,0,0,0,0,0,0,31227,109,837,0,3,36241664,0,268435456,0,0,0,-1,-1
59585,We'll Make an Aspirant Out of You,,39016,0,0,-1,1,0,0,0,0,0,0,0,0,0,31233,109,837,0,3,37290240,0,268435456,57559,62706,0,-1,-1
59598,Good for the Soul,,39029,127305,0,-1,0,0,0,0,0,0,0,0,0,0,0,0,837,0,2,37748736,4202496,268435976,0,0,0,-1,-1
59599,Retaining the Court,,39030,73555,0,-1,0,0,0,0,0,0,0,0,0,0,31236,109,837,0,3,36241664,8192,268435456,0,0,0,-1,-1
59600,Rotbriar Trouble,,39031,0,0,-1,1,0,0,0,0,0,0,0,0,0,31237,109,2060,0,3,36241664,0,268435456,57559,62706,0,-1,-1
59601,Assault on the Vestibule,,39032,87182,0,-1,1,0,0,0,0,0,0,0,0,0,31261,109,837,0,3,3735808,0,268435456,57559,62706,0,-1,-1
59603,In Shadowlands Service,,39034,87677,0,-1,0,0,0,0,0,0,0,0,0,0,0,0,837,0,2,38797312,4202496,268435976,63054,0,0,-1,-1
59609,No Rest For the Dead,,39037,70104,0,-1,0,0,0,0,0,0,0,0,0,0,0,0,837,0,2,39845888,4202496,268435976,62848,0,0,-1,-1
59617,Stone Fiend Saboteurs,,39044,88130,0,-1,0,0,0,0,0,0,0,0,0,0,31246,109,2060,0,3,36241664,8192,268435456,0,0,0,-1,-1
59642,Pulling Hairs,,39068,88843,0,-1,0,0,0,0,0,0,0,0,0,0,29956,109,837,0,3,40435968,8192,268435968,0,0,0,-1,-1
59643,It's Race Day in the Ramparts!,,39069,73555,0,-1,0,0,0,0,0,0,0,0,0,0,31262,109,837,0,3,40435968,8192,268435456,0,0,0,-1,-1
59658,Express Dominance,,39661,71941,0,-1,1,0,0,0,0,0,0,0,0,0,31397,113,837,0,3,3735808,0,268435456,57559,62706,0,-1,-1
59680,Vesiphone's Vicious Vesper,,39122,87248,0,-1,1,0,0,0,0,0,0,0,0,0,31274,109,837,0,3,36241664,8192,268435456,57559,62706,0,-1,-1
59703,Abombing Run,,39146,79434,0,-1,0,0,0,0,0,0,0,0,0,0,31294,109,837,0,3,36241664,0,268435456,0,0,0,-1,-1
59705,Things Remembered,,39148,0,0,-1,1,0,0,0,0,0,0,0,0,0,31301,109,837,0,3,37290240,0,268435456,57559,62706,0,-1,-1
59717,Things Remembered,,39160,0,0,-1,1,0,0,0,0,0,0,0,0,0,31325,109,837,0,3,37290240,0,268435456,57559,62706,0,-1,-1
59718,Parasol Peril,,39161,73555,0,-1,0,0,0,0,0,0,0,0,0,0,31352,109,837,0,3,40435968,8192,268435456,0,0,0,-1,-1
59743,The Spider on the Wall,,39186,74689,0,-1,0,0,0,0,0,0,0,0,0,0,31373,109,2060,0,3,36241664,0,268435456,0,0,0,-1,-1
59771,History of Corruption,,39215,95859,0,-1,1,0,0,0,0,0,0,0,0,177836,31385,109,837,0,3,36241664,0,268435456,57559,62706,0,-1,-1
59772,Research Ruination,,39216,83700,0,-1,0,0,0,0,0,0,0,0,0,0,33141,0,1401,0,2,33554440,32768,268435968,0,0,0,-1,-1
59782,The Deathspeaker's Devout,,39222,83703,0,-1,0,0,0,0,0,0,0,0,0,0,33139,0,1401,0,2,33554440,32768,268435968,0,0,0,-1,-1
59783,Cultist Captors,,39223,83703,0,-1,0,0,0,0,0,0,0,0,0,0,33140,0,1401,0,2,33554440,32768,268435968,0,0,0,-1,-1
59789,Tithe and Taxes,,39225,83243,0,-1,0,0,0,0,0,0,0,0,0,0,31391,109,837,0,3,36372736,8192,268435456,0,0,0,-1,-1
59803,For Honor,,39237,71941,0,-1,1,0,0,0,0,0,0,0,0,0,31396,113,837,0,3,3735808,0,268435456,57559,62706,0,-1,-1
59804,Gateways of Horror,,39238,0,0,-1,1,0,0,0,0,0,0,0,0,0,31392,109,837,0,3,36241664,0,268435456,57559,62706,0,-1,-1
59808,Muck It Up,,39242,73555,0,-1,0,0,0,0,0,0,0,0,0,0,31393,109,837,0,3,36372736,0,268435456,0,0,0,-1,-1
59825,Seed Hunting,,39268,71941,0,-1,1,0,0,0,0,0,0,0,0,0,31398,113,837,0,3,3735808,0,268435456,57559,62706,0,-1,-1
59826,Bet On Yourself,,39261,0,0,-1,131073,0,0,0,0,0,0,0,0,0,31399,1,837,0,2,39845896,40960,268435968,57316,59843,0,-1,-1
59827,Bet On Yourself,,39262,0,0,-1,131073,0,0,0,0,0,0,0,0,0,31401,1,837,0,2,39845896,40960,268435968,57316,59843,0,-1,-1
59828,Bet On Yourself,,39263,0,0,-1,131073,0,0,0,0,0,0,0,0,0,31400,1,837,0,2,39845896,40960,268435968,57316,59843,0,-1,-1
59836,Battles Won Long Ago,,42431,74689,0,-1,0,0,0,0,0,0,0,0,0,0,32715,109,837,0,3,40435968,8192,268435456,0,0,0,-1,-1
59838,Scourge War Machines,,39274,83700,0,-1,0,0,0,0,0,0,0,0,0,182313,33487,0,1401,0,2,33554440,32768,268435968,0,0,0,-1,-1
59839,WARNING: This is Only a Test!,,39275,87032,0,-1,0,0,0,0,0,0,0,0,0,0,33223,0,1401,0,2,33554440,32768,268435968,0,0,0,-1,-1
59843,Tracking Quest,,39278,0,0,-1,1,0,0,0,0,0,0,0,0,0,0,0,0,0,2,33588224,0,512,0,0,0,-1,-1
59847,Defending the Rampart,,39280,83700,0,-1,0,0,0,0,0,0,0,0,0,0,33494,0,1401,0,2,33554440,32768,268435968,0,0,0,-1,-1
59848,Tea Tales: Theotar,,39281,78835,0,-1,0,0,0,0,0,0,0,0,0,0,34807,109,837,0,3,36241664,0,268435456,0,0,0,-1,-1
59850,Tea Tales: Vulca,,39282,78836,0,-1,0,0,0,0,0,0,0,0,0,0,34807,109,837,0,3,36241664,0,268435456,0,0,0,-1,-1
59851,Frozen Solid,,39283,83700,0,-1,0,0,0,0,0,0,0,0,0,182199,33413,0,1401,0,2,33554440,32768,268435968,0,0,0,-1,-1
59852,Tea Tales: Gubbins and Tubbins,,39284,78837,0,-1,0,0,0,0,0,0,0,0,0,0,34807,109,837,0,3,36241664,0,268435456,0,0,0,-1,-1
59853,Tea Tales: Lost Sybille,,39285,78838,0,-1,0,0,0,0,0,0,0,0,0,0,34808,109,837,0,3,36241664,0,268435456,0,0,0,-1,-1
59855,Major Mirror Disruptions,,39287,79970,0,-1,0,0,0,0,0,0,0,0,0,0,33667,109,837,0,3,40435968,0,268435456,0,0,0,-1,-1
59863,Combat Nullifier 07-X,,39297,87032,0,-1,0,0,0,0,0,0,0,0,0,0,33447,0,1401,0,2,36700168,32768,268435968,0,0,0,-1,-1
59867,WANTED: Appraiser Vix,,39300,79462,0,-1,0,0,0,0,0,0,0,0,0,0,0,1,837,0,2,39845888,8192,268435968,0,0,0,-1,-1
59878,Too Many Whelps,,39312,83703,0,-1,1,0,0,0,0,0,0,0,0,0,33200,0,1401,0,2,33554440,32768,268435968,0,0,0,-1,-1
59902,A Curious Cache,,39335,73555,0,-1,0,0,0,0,0,0,0,0,0,0,31481,109,837,0,3,40435968,8192,268435456,0,0,0,-1,-1
59904,A Curious Cache,,39337,73555,0,-1,0,0,0,0,0,0,0,0,0,0,31482,109,837,0,3,40435968,8192,268435456,0,0,0,-1,-1
59905,A Curious Cache,,39338,73555,0,-1,0,0,0,0,0,0,0,0,0,0,31483,109,837,0,3,40435968,8192,268435456,0,0,0,-1,-1
60010,Tremaculum: Liberated Souls,,39436,21439,0,-1,0,0,0,0,0,0,0,0,0,0,5740,109,742,0,3,34144512,0,268435456,0,0,0,-1,-1
60011,Calcis: Decryption,,39437,73557,0,-1,0,0,0,0,0,0,0,0,0,0,3785,136,742,0,3,34144256,0,268435456,0,0,0,-1,-1
60012,Zovaal's Cauldron: Stygia Overflow,,39438,21439,0,-1,0,0,0,0,0,0,0,0,0,0,5740,136,742,0,3,34144256,0,268435456,0,0,0,-1,-1
60110,Never Had a Friend Like Me,,39514,70104,0,-1,1,0,0,0,0,0,0,0,0,0,0,0,837,0,2,39845888,8192,268435968,60049,57648,0,-1,-1
60111,Forging A Friendship,,39515,70104,0,-1,0,0,0,0,0,0,0,0,0,0,0,0,837,0,2,39845888,8192,268435968,62406,0,0,-1,-1
60231,State of Decay,,41840,71941,0,-1,1,0,0,0,0,0,0,0,0,0,31600,113,837,0,3,3735808,0,268435456,57559,62706,0,-1,-1
60236,RSVP: Cryptkeeper Kassir,,0,90001,0,-1,0,0,0,0,0,0,0,0,0,0,0,0,2060,0,2,2097152,32768,268435968,61704,0,0,-1,-1
60291,Corpse Run,,39670,88018,0,-1,0,0,0,0,0,0,0,0,0,178599,0,0,2060,0,2,39878664,8192,268435968,57597,0,0,-1,-1
60337,Pupa Trooper,,39709,0,0,-1,1,0,0,0,0,0,0,0,0,0,31710,109,837,0,3,37290240,0,268435456,57559,62706,0,-1,-1
60358,Gildenite Grab,,39728,84987,0,-1,1,0,0,0,0,0,0,0,0,0,31718,271,2060,0,2,101187840,0,268435456,0,0,0,-1,-1
60363,Gildenite Grab,,39728,84988,0,-1,1,0,0,0,0,0,0,0,0,0,31718,271,2060,0,2,101187840,0,268435456,0,0,0,-1,-1
60364,Gildenite Grab,,39728,84990,0,-1,1,0,0,0,0,0,0,0,0,0,31718,271,2060,0,2,101187840,0,268435456,0,0,0,-1,-1
60365,Gildenite Grab,,39728,84989,0,-1,1,0,0,0,0,0,0,0,0,0,31718,271,2060,0,2,101187840,0,268435456,0,0,0,-1,-1
60369,A Wealth of Wealdwood,,39736,84990,0,-1,1,0,0,0,0,0,0,0,0,0,31814,271,2060,0,2,101187840,0,268435456,0,0,0,-1,-1
60370,A Wealth of Wealdwood,,39736,84989,0,-1,1,0,0,0,0,0,0,0,0,0,31814,271,2060,0,2,101187840,0,268435456,0,0,0,-1,-1
60371,A Wealth of Wealdwood,,39736,84988,0,-1,1,0,0,0,0,0,0,0,0,0,31814,271,2060,0,2,101187840,0,268435456,0,0,0,-1,-1
60372,A Wealth of Wealdwood,,39736,84987,0,-1,1,0,0,0,0,0,0,0,0,0,31814,271,2060,0,2,101187840,0,268435456,0,0,0,-1,-1
60373,A Source of Sorrowvine,,39737,84990,0,-1,1,0,0,0,0,0,0,0,0,0,31813,271,2060,0,2,101187840,0,268435456,0,0,0,-1,-1
60374,Bonemetal Bonanza,,39738,84990,0,-1,1,0,0,0,0,0,0,0,0,0,31812,271,2060,0,2,101187840,0,268435456,0,0,0,-1,-1
60375,Bonemetal Bonanza,,39738,84989,0,-1,1,0,0,0,0,0,0,0,0,0,31812,271,2060,0,2,101187840,0,268435456,0,0,0,-1,-1
60376,Bonemetal Bonanza,,39738,84988,0,-1,1,0,0,0,0,0,0,0,0,0,31812,271,2060,0,2,101187840,0,268435456,0,0,0,-1,-1
60377,Bonemetal Bonanza,,39738,84987,0,-1,1,0,0,0,0,0,0,0,0,0,31812,271,2060,0,2,101187840,0,268435456,0,0,0,-1,-1
60378,A Source of Sorrowvine,,39737,84989,0,-1,1,0,0,0,0,0,0,0,0,0,31813,271,2060,0,2,101187840,0,268435456,0,0,0,-1,-1
60379,A Source of Sorrowvine,,39737,84988,0,-1,1,0,0,0,0,0,0,0,0,0,31813,271,2060,0,2,101187840,0,268435456,0,0,0,-1,-1
60380,A Source of Sorrowvine,,39737,84987,0,-1,1,0,0,0,0,0,0,0,0,0,31813,271,2060,0,2,101187840,0,268435456,0,0,0,-1,-1
60381,Aiding Ardenweald,,39739,84990,0,-1,0,0,0,0,0,0,0,0,0,0,31818,271,2060,0,2,101187840,0,268435456,62693,0,0,-1,-1
60382,Aiding Revendreth,,39740,84990,0,-1,1,0,0,0,0,0,0,0,0,0,31817,271,2060,0,2,101187840,0,268435456,0,0,0,-1,-1
60383,Aiding Maldraxxus,,39741,84990,0,-1,1,0,0,0,0,0,0,0,0,0,31816,271,2060,0,2,101187840,0,268435456,0,0,0,-1,-1
60384,Aiding Bastion,,39742,84990,0,-1,1,0,0,0,0,0,0,0,0,0,31815,271,2060,0,2,101187840,0,268435456,0,0,0,-1,-1
60385,Training in Revendreth,,39743,84990,0,-1,1,0,0,0,0,0,0,0,0,0,31821,271,2060,0,2,104333568,0,268435456,0,0,0,-1,-1
60386,Training in Maldraxxus,,39744,84990,0,-1,1,0,0,0,0,0,0,0,0,0,31820,271,2060,0,2,104333568,0,268435456,0,0,0,-1,-1
60387,Training in Bastion,,39745,84990,0,-1,1,0,0,0,0,0,0,0,0,0,31819,271,2060,0,2,104333568,0,268435456,0,0,0,-1,-1
60388,Training Our Forces,,39746,84990,0,-1,1,0,0,0,0,0,0,0,0,0,31822,271,2060,0,2,104333568,0,268435456,0,0,0,-1,-1
60389,Aiding Ardenweald,,39739,84989,0,-1,1,0,0,0,0,0,0,0,0,0,31818,271,2060,0,2,101187840,0,268435456,0,0,0,-1,-1
60390,Aiding Ardenweald,,39739,84988,0,-1,1,0,0,0,0,0,0,0,0,0,31818,271,2060,0,2,101187840,0,268435456,0,0,0,-1,-1
60391,Aiding Ardenweald,,39739,84987,0,-1,1,0,0,0,0,0,0,0,0,0,31818,271,2060,0,2,101187840,0,268435456,0,0,0,-1,-1
60392,Aiding Bastion,,39742,84987,0,-1,0,0,0,0,0,0,0,0,0,0,31815,271,2060,0,2,101187840,0,268435456,62692,0,0,-1,-1
60393,Aiding Bastion,,39742,84988,0,-1,1,0,0,0,0,0,0,0,0,0,31815,271,2060,0,2,101187840,0,268435456,0,0,0,-1,-1
60394,Aiding Bastion,,39742,84989,0,-1,1,0,0,0,0,0,0,0,0,0,31815,271,2060,0,2,101187840,0,268435456,0,0,0,-1,-1
60395,Aiding Maldraxxus,,39741,84987,0,-1,1,0,0,0,0,0,0,0,0,0,31816,271,2060,0,2,101187840,0,268435456,0,0,0,-1,-1
60396,Aiding Maldraxxus,,39741,84988,0,-1,0,0,0,0,0,0,0,0,0,0,31816,271,2060,0,2,101187840,0,268435456,62694,0,0,-1,-1
60397,Aiding Maldraxxus,,39741,84989,0,-1,1,0,0,0,0,0,0,0,0,0,31816,271,2060,0,2,101187840,0,268435456,0,0,0,-1,-1
60398,Aiding Revendreth,,39740,84988,0,-1,1,0,0,0,0,0,0,0,0,0,31817,271,2060,0,2,101187840,0,268435456,0,0,0,-1,-1
60399,Aiding Revendreth,,39740,84989,0,-1,0,0,0,0,0,0,0,0,0,0,31817,271,2060,0,2,101187840,0,268435456,62691,0,0,-1,-1
60400,Aiding Revendreth,,39740,84987,0,-1,1,0,0,0,0,0,0,0,0,0,31817,271,2060,0,2,101187840,0,268435456,0,0,0,-1,-1
60401,Training in Ardenweald,,39746,84989,0,-1,1,0,0,0,0,0,0,0,0,0,31822,271,2060,0,2,104333568,0,268435456,0,0,0,-1,-1
60402,Training in Ardenweald,,39746,84988,0,-1,1,0,0,0,0,0,0,0,0,0,31822,271,2060,0,2,104333568,0,268435456,0,0,0,-1,-1
60403,Training in Ardenweald,,39746,84987,0,-1,1,0,0,0,0,0,0,0,0,0,31822,271,2060,0,2,104333568,0,268435456,0,0,0,-1,-1
60404,Training Our Forces,,39745,84987,0,-1,1,0,0,0,0,0,0,0,0,0,31819,271,2060,0,2,104333568,0,268435456,0,0,0,-1,-1
60405,Training in Bastion,,39745,84988,0,-1,1,0,0,0,0,0,0,0,0,0,31819,271,2060,0,2,104333568,0,268435456,0,0,0,-1,-1
60406,Training in Bastion,,39745,84989,0,-1,1,0,0,0,0,0,0,0,0,0,31819,271,2060,0,2,104333568,0,268435456,0,0,0,-1,-1
60407,Training in Maldraxxus,,39744,84987,0,-1,1,0,0,0,0,0,0,0,0,0,31820,271,2060,0,2,104333568,0,268435456,0,0,0,-1,-1
60408,Training Our Forces,,39744,84988,0,-1,1,0,0,0,0,0,0,0,0,0,31820,271,2060,0,2,104333568,0,268435456,0,0,0,-1,-1
60409,Training in Maldraxxus,,39744,84989,0,-1,1,0,0,0,0,0,0,0,0,0,31820,271,2060,0,2,104333568,0,268435456,0,0,0,-1,-1
60410,Training Our Forces,,39743,84989,0,-1,0,0,0,0,0,0,0,0,0,0,31821,271,2060,0,2,104333568,0,268435456,62921,0,0,-1,-1
60411,Training in Revendreth,,39743,84988,0,-1,1,0,0,0,0,0,0,0,0,0,31821,271,2060,0,2,104333568,0,268435456,0,0,0,-1,-1
60412,Training in Revendreth,,39743,84987,0,-1,1,0,0,0,0,0,0,0,0,0,31821,271,2060,0,2,104333568,0,268435456,0,0,0,-1,-1
60414,Rare Resources,,39748,84990,0,-1,1,0,0,0,0,0,0,0,0,0,31823,271,2060,0,2,101187840,0,268435456,0,0,0,-1,-1
60415,Rare Resources,,39748,84987,0,-1,1,0,0,0,0,0,0,0,0,0,31823,271,2060,0,2,101187840,0,268435456,0,0,0,-1,-1
60416,Rare Resources,,39748,84988,0,-1,1,0,0,0,0,0,0,0,0,0,31823,271,2060,0,2,101187840,0,268435456,0,0,0,-1,-1
60417,Rare Resources,,39748,84989,0,-1,1,0,0,0,0,0,0,0,0,0,31823,271,2060,0,2,101187840,0,268435456,0,0,0,-1,-1
60418,A Call to Bastion,,39749,84990,0,-1,1,0,0,0,0,0,0,0,0,0,31824,271,2060,0,2,101187840,0,268435456,0,0,0,-1,-1
60419,Troubles at Home,,39750,84990,0,-1,1,0,0,0,0,0,0,0,0,0,31825,271,2060,0,2,101187840,0,268435456,0,0,0,-1,-1
60420,A Call to Maldraxxus,,39751,84990,0,-1,1,0,0,0,0,0,0,0,0,0,31827,271,2060,0,2,101187840,0,268435456,0,0,0,-1,-1
60421,A Call to Revendreth,,39752,84990,0,-1,1,0,0,0,0,0,0,0,0,0,31826,271,2060,0,2,101187840,0,268435456,0,0,0,-1,-1
60422,A Call to Ardenweald,,39750,84989,0,-1,1,0,0,0,0,0,0,0,0,0,31825,271,2060,0,2,101187840,0,268435456,0,0,0,-1,-1
60423,A Call to Ardenweald,,39750,84988,0,-1,1,0,0,0,0,0,0,0,0,0,31825,271,2060,0,2,101187840,0,268435456,0,0,0,-1,-1
60424,A Call to Ardenweald,,39750,84987,0,-1,1,0,0,0,0,0,0,0,0,0,31825,271,2060,0,2,101187840,0,268435456,0,0,0,-1,-1
60425,Troubles at Home,,39749,84987,0,-1,1,0,0,0,0,0,0,0,0,0,31824,271,2060,0,2,101187840,0,268435456,0,0,0,-1,-1
60426,A Call to Bastion,,39749,84988,0,-1,1,0,0,0,0,0,0,0,0,0,31824,271,2060,0,2,101187840,0,268435456,0,0,0,-1,-1
60427,A Call to Bastion,,39749,84989,0,-1,1,0,0,0,0,0,0,0,0,0,31824,271,2060,0,2,101187840,0,268435456,0,0,0,-1,-1
60429,Troubles at Home,,39751,84988,0,-1,1,0,0,0,0,0,0,0,0,0,31827,271,2060,0,2,101187840,0,268435456,0,0,0,-1,-1
60430,A Call to Maldraxxus,,39751,84987,0,-1,1,0,0,0,0,0,0,0,0,0,31827,271,2060,0,2,101187840,0,268435456,0,0,0,-1,-1
60431,A Call to Maldraxxus,,39751,84989,0,-1,1,0,0,0,0,0,0,0,0,0,31827,271,2060,0,2,101187840,0,268435456,0,0,0,-1,-1
60432,Troubles at Home,,39752,84989,0,-1,1,0,0,0,0,0,0,0,0,0,31826,271,2060,0,2,101187840,0,268435456,0,0,0,-1,-1
60433,A Call to Revendreth,,39752,84988,0,-1,1,0,0,0,0,0,0,0,0,0,31826,271,2060,0,2,101187840,0,268435456,0,0,0,-1,-1
60434,A Call to Revendreth,,39752,84987,0,-1,1,0,0,0,0,0,0,0,0,0,31826,271,2060,0,2,101187840,0,268435456,0,0,0,-1,-1
60435,Challenges in Revendreth,,39754,84990,0,-1,1,0,0,0,0,0,0,0,0,0,31830,271,2060,0,2,101187840,0,268435456,0,0,0,-1,-1
60436,Challenges in Maldraxxus,,39755,84990,0,-1,1,0,0,0,0,0,0,0,0,0,31829,271,2060,0,2,101187840,0,268435456,0,0,0,-1,-1
60437,Challenges in Bastion,,39756,84990,0,-1,1,0,0,0,0,0,0,0,0,0,31828,271,2060,0,2,101187840,0,268435456,0,0,0,-1,-1
60438,Challenges in Ardenweald,,39757,84990,0,-1,1,0,0,0,0,0,0,0,0,0,31831,271,2060,0,2,101187840,0,268435456,0,0,0,-1,-1
60439,Challenges in Ardenweald,,39757,84987,0,-1,1,0,0,0,0,0,0,0,0,0,31831,271,2060,0,2,101187840,0,268435456,0,0,0,-1,-1
60440,Challenges in Ardenweald,,39757,84988,0,-1,1,0,0,0,0,0,0,0,0,0,31831,271,2060,0,2,101187840,0,268435456,0,0,0,-1,-1
60441,Challenges in Ardenweald,,39757,84989,0,-1,1,0,0,0,0,0,0,0,0,0,31831,271,2060,0,2,101187840,0,268435456,0,0,0,-1,-1
60442,Challenges in Bastion,,39756,84987,0,-1,1,0,0,0,0,0,0,0,0,0,31828,271,2060,0,2,101187840,0,268435456,0,0,0,-1,-1
60443,Challenges in Bastion,,39756,84988,0,-1,1,0,0,0,0,0,0,0,0,0,31828,271,2060,0,2,101187840,0,268435456,0,0,0,-1,-1
60444,Challenges in Bastion,,39756,84989,0,-1,1,0,0,0,0,0,0,0,0,0,31828,271,2060,0,2,101187840,0,268435456,0,0,0,-1,-1
60445,Challenges in Maldraxxus,,39755,84988,0,-1,1,0,0,0,0,0,0,0,0,0,31829,271,2060,0,2,101187840,0,268435456,0,0,0,-1,-1
60446,Challenges in Maldraxxus,,39755,84989,0,-1,1,0,0,0,0,0,0,0,0,0,31829,271,2060,0,2,101187840,0,268435456,0,0,0,-1,-1
60447,Challenges in Maldraxxus,,39755,84987,0,-1,1,0,0,0,0,0,0,0,0,0,31829,271,2060,0,2,101187840,0,268435456,0,0,0,-1,-1
60448,Challenges in Revendreth,,39754,84989,0,-1,1,0,0,0,0,0,0,0,0,0,31830,271,2060,0,2,101187840,0,268435456,0,0,0,-1,-1
60449,Challenges in Revendreth,,39754,84988,0,-1,1,0,0,0,0,0,0,0,0,0,31830,271,2060,0,2,101187840,0,268435456,0,0,0,-1,-1
60450,Challenges in Revendreth,,39754,84987,0,-1,1,0,0,0,0,0,0,0,0,0,31830,271,2060,0,2,101187840,0,268435456,0,0,0,-1,-1
60452,Storm the Maw,,39759,84990,0,-1,1,0,0,0,0,0,0,0,0,0,31832,271,2060,0,2,101187840,0,268435456,0,0,0,-1,-1
60454,Storm the Maw,,39759,84987,0,-1,1,0,0,0,0,0,0,0,0,0,31832,271,2060,0,2,101187840,0,268435456,0,0,0,-1,-1
60455,Storm the Maw,,39759,84988,0,-1,1,0,0,0,0,0,0,0,0,0,31832,271,2060,0,2,101187840,0,268435456,0,0,0,-1,-1
60456,Storm the Maw,,39759,84989,0,-1,1,0,0,0,0,0,0,0,0,0,31832,271,2060,0,2,101187840,0,268435456,0,0,0,-1,-1
60457,Anima Salvage,,39761,84990,0,-1,1,0,0,0,0,0,0,0,0,0,31833,271,2060,0,2,101187840,0,268435456,0,0,0,-1,-1
60458,Anima Salvage,,39761,84987,0,-1,1,0,0,0,0,0,0,0,0,0,31833,271,2060,0,2,101187840,0,268435456,0,0,0,-1,-1
60459,Anima Salvage,,39761,84988,0,-1,1,0,0,0,0,0,0,0,0,0,31833,271,2060,0,2,101187840,0,268435456,0,0,0,-1,-1
60460,Anima Salvage,,39761,84989,0,-1,1,0,0,0,0,0,0,0,0,0,31833,271,2060,0,2,101187840,0,268435456,0,0,0,-1,-1
60462,Anima Appeal,,39763,84990,0,-1,1,0,0,0,0,0,0,0,0,0,31834,271,2060,0,2,101187840,0,268435456,0,0,0,-1,-1
60463,Anima Appeal,,39763,84989,0,-1,1,0,0,0,0,0,0,0,0,0,31834,271,2060,0,2,101187840,0,268435456,0,0,0,-1,-1
60464,Anima Appeal,,39763,84988,0,-1,1,0,0,0,0,0,0,0,0,0,31834,271,2060,0,2,101187840,0,268435456,0,0,0,-1,-1
60465,Anima Appeal,,39763,84987,0,-1,1,0,0,0,0,0,0,0,0,0,31834,271,2060,0,2,101187840,0,268435456,0,0,0,-1,-1
60475,We'll Workshop It,,39773,0,0,-1,1,0,0,0,0,0,0,0,0,0,31863,109,837,0,3,37290240,0,268435456,57559,62706,0,-1,-1
60476,Spriggan Size Me!,,39774,0,0,-1,1,0,0,0,0,0,0,0,0,0,31862,109,837,0,3,41484544,8192,268435456,57559,62706,0,-1,-1
60531,Chosen Champions,,39828,73555,0,-1,0,0,0,0,0,0,0,0,0,0,31829,136,2060,0,3,36241664,0,268435968,0,0,0,-1,-1
60532,Destroy the Dominant,,39829,90864,0,-1,0,0,0,0,0,0,0,0,0,0,31830,136,2060,0,3,36241664,0,268435968,0,0,0,-1,-1
60533,Terrors in Tirna Scithe,,39830,89414,0,-1,1,0,0,0,0,0,0,0,0,0,31831,136,2060,0,3,36241664,0,268435968,57559,62706,0,-1,-1
60534,Disloyal Denizens,,39831,73555,0,-1,0,0,0,0,0,0,0,0,0,0,31828,136,2060,0,3,36241664,0,268435968,0,0,0,-1,-1
60542,Nathanos Blightcaller,,39839,83729,0,-1,0,0,0,0,0,0,0,0,0,0,0,112,1401,0,3,34177344,0,268435456,0,0,0,-1,-1
60564,"Three Gorm Enter, No One Leaves",,39847,0,0,-1,1,0,0,0,0,0,0,0,0,0,31903,109,2060,0,3,37290240,0,268435456,57559,62706,0,-1,-1
60565,A Steward for Every Occasion,,39848,0,0,-1,1,0,0,0,0,0,0,0,0,0,31905,109,837,0,3,37290240,0,268435456,57559,62706,0,-1,-1
60574,Shaking 'Shrooms,,39856,0,0,-1,1,0,0,0,0,0,0,0,0,0,31910,109,2060,0,3,37290240,0,268435456,57559,62706,0,-1,-1
60585,Spriggan Riot,,39865,86918,0,-1,1,0,0,0,0,0,0,0,0,0,31922,109,2060,0,3,41484544,8192,268435456,57559,62706,0,-1,-1
60597,Trouble at the Gormling Corral,,39875,89214,0,-1,1,0,0,0,0,0,0,0,0,0,31930,109,837,0,3,37290240,0,268435456,57559,62706,0,-1,-1
60601,Darkwing Drills,,39879,79249,0,-1,1,0,0,0,0,0,0,0,0,0,31935,109,2060,0,3,107544832,8192,268435456,57559,62706,0,-1,-1
60602,Secret Service,,39880,73555,0,-1,0,0,0,0,0,0,0,0,0,0,31936,109,2060,0,3,40435968,8192,268435456,0,0,0,-1,-1
60609,Who Devours the Devourers?,,39885,0,0,-1,1,0,0,0,0,0,0,0,0,0,31949,111,2060,0,3,37290240,0,268435456,57559,62706,0,-1,-1
60622,Eye of the Scryer,,39898,88667,0,-1,0,0,0,0,0,0,0,0,0,0,32571,0,742,0,2,35651720,32768,268435968,0,0,0,-1,-1
60623,AHHH! Real Monsters!,,39899,0,0,-1,1,0,0,0,0,0,0,0,0,0,32537,109,2060,0,3,37290240,0,268435456,57559,62706,0,-1,-1
60646,Misery Business,,39922,88667,0,-1,0,0,0,0,0,0,0,0,0,0,32575,0,742,0,2,35783048,32768,268435968,0,0,0,-1,-1
60649,A Thorn In Their Side,,39925,88846,0,-1,1,0,0,0,0,0,0,0,0,0,31981,109,2060,0,3,37290240,0,268435456,57559,62706,0,-1,-1
60653,Mirror Restoration,,39929,73555,0,-1,0,0,0,0,0,0,0,0,0,0,31992,109,837,0,3,40435968,8192,268435456,0,0,0,-1,-1
60654,Swarming Souls,,39930,73555,0,-1,0,0,0,0,0,0,0,0,0,0,31991,109,2060,0,3,40435968,8192,268435456,0,0,0,-1,-1
60655,A Stolen Stone Fiend,,39931,73555,0,-1,0,0,0,0,0,0,0,0,0,180249,31990,109,2060,0,3,40435968,8192,268435456,0,0,0,-1,-1
60656,Summon Your Sins,,39932,73555,0,-1,0,0,0,0,0,0,0,0,0,0,31989,109,2060,0,3,40435968,8192,268435456,0,0,0,-1,-1
60657,Aid From Above,,39933,73555,0,-1,0,0,0,0,0,0,0,0,0,0,31988,109,837,0,3,40435968,8192,268435456,0,0,0,-1,-1
60658,An Endless Appetite,,39934,89125,0,-1,0,0,0,0,0,0,0,0,0,0,31987,109,837,0,3,40435968,8192,268435456,0,0,0,-1,-1
60659,Light Defense,,39935,73555,0,-1,0,0,0,0,0,0,0,0,0,0,31986,109,837,0,3,40435968,8192,268435456,0,0,0,-1,-1
60732,Disrupting the Flow,,40004,88666,0,-1,0,0,0,0,0,0,0,0,0,0,34303,0,742,0,2,35651720,32768,268435968,0,0,0,-1,-1
60739,Tough Crowd,,40010,82056,0,-1,1,0,0,0,0,0,0,0,0,0,32055,109,2060,0,3,37290240,0,268435456,57559,62706,0,-1,-1
60762,Death Motes,,40018,88667,0,-1,0,0,0,0,0,0,0,0,0,0,32578,0,742,0,2,2097544,32768,268435968,0,0,0,-1,-1
60770,Squish and Burn,,40026,88170,0,-1,1,0,0,0,0,0,0,0,0,180274,32090,109,837,0,3,305725696,0,268435456,57559,62706,0,-1,-1
60775,A Suitable Demise,,40031,88667,0,-1,0,0,0,0,0,0,0,0,0,0,32580,0,742,0,2,35783048,32768,268435968,0,0,0,-1,-1
60786,Swarm Defense,,40040,0,0,-1,1,0,0,0,0,0,0,0,0,0,32134,109,2060,0,3,37290240,0,268435456,57559,62706,0,-1,-1
60837,Wrath of Aliothe,,40092,82170,0,-1,1,0,0,0,0,0,0,0,0,0,32143,109,2060,0,3,41484544,8192,268435456,57559,62706,0,-1,-1
60840,Wild Hunt Offensive,,40095,81411,0,-1,0,0,0,0,0,0,0,0,0,0,0,0,1931,0,3,271122432,0,268468736,0,0,0,-1,-1
60841,Evacuation Effort,,40096,83703,0,-1,0,0,0,0,0,0,0,0,0,0,33201,0,1401,0,2,33554440,32768,268435968,0,0,0,-1,-1
60842,To Serve Spriggan,,40097,0,0,-1,1,0,0,0,0,0,0,0,0,0,32145,109,2060,0,3,37421312,0,268435456,57559,62706,0,-1,-1
60844,Flight School: Falling With Style,,40099,87575,0,-1,0,0,0,0,0,0,0,0,0,0,32154,109,2060,0,3,40435968,0,268435456,0,0,0,-1,-1
60855,Gormageddon,,40110,88170,0,-1,1,0,0,0,0,0,0,0,0,0,32155,109,837,0,3,41484544,8192,268435456,57559,62706,0,-1,-1
60858,Flight School: Up and Away!,,40113,88579,0,-1,0,0,0,0,0,0,0,0,0,0,32182,109,2060,0,3,40435968,0,268435456,0,0,0,-1,-1
60872,A Dangerous Harvest,,40121,88941,0,-1,1,0,0,0,0,0,0,0,0,0,32183,109,837,0,3,41484544,8192,268435456,57559,62706,0,-1,-1
60899,A Night in the Woods,,40146,0,0,-1,1,0,0,0,0,0,0,0,0,0,32241,109,2060,0,3,37290240,0,268435456,57559,62706,0,-1,-1
60903,Krala,,40150,76424,0,-1,0,0,0,0,0,0,0,0,0,0,33680,0,742,0,3,36241792,0,268435456,0,0,0,-1,-1
60911,Flight School: Flapping Frenzy,,40157,73555,0,-1,0,0,0,0,0,0,0,0,0,0,32259,109,2060,0,3,36241664,0,268435456,0,0,0,-1,-1
60916,RSVP: Stonehead,,0,90002,0,-1,0,0,0,0,0,0,0,0,0,0,0,0,2060,0,2,40894472,40960,268435968,0,0,0,-1,-1
60920,Akros,,40166,76424,0,-1,0,0,0,0,0,0,0,0,0,0,33679,0,742,0,3,36241792,0,268435456,0,0,0,-1,-1
60929,Air Supremacy,,40176,73555,0,-1,0,0,0,0,0,0,0,0,0,0,32266,109,837,0,3,40435968,8192,268435456,0,0,0,-1,-1
60948,RSVP: The Countess,,0,81753,0,-1,0,0,0,0,0,0,0,0,0,0,0,0,2060,0,2,37879816,40960,268435968,0,0,0,-1,-1
60950,A Matter of Stealth,,40195,87202,0,-1,0,0,0,0,0,0,0,0,0,0,32291,109,837,0,3,40435968,8192,268435456,0,0,0,-1,-1
60958,We Send Only You,,40201,87133,0,-1,0,0,0,0,0,0,0,0,0,0,32294,109,837,0,3,36241664,0,268435456,0,0,0,-1,-1
60990,Tracking Quest,,40222,73557,0,-1,0,0,0,0,0,0,0,0,0,0,32639,0,742,0,3,34144512,0,0,0,0,0,-1,-1
60991,"Orrholyn, Lord of Bloodletting",,40349,73557,0,-1,0,0,0,0,0,0,0,0,0,0,32635,0,742,0,3,36241792,0,268439552,0,0,0,-1,-1
60992,"Razkazzar, Lord of Axes",,40224,73557,0,-1,0,0,0,0,0,0,0,0,0,0,32644,0,742,0,3,36241792,0,268439552,0,0,0,-1,-1
61059,RSVP: Rendle and Cudgelface,,0,81980,0,-1,0,0,0,0,0,0,0,0,0,0,0,0,2060,0,2,8,32769,268435968,0,0,0,-1,-1
61060,Spore Losers,,42457,74689,0,-1,0,0,0,0,0,0,0,0,0,0,32398,109,837,0,3,40435968,8192,268435456,0,0,0,-1,-1
61062,Adjutant Dekaris,,40292,73557,0,-1,0,0,0,0,0,0,0,0,0,0,0,0,742,0,3,38342976,0,268439552,0,0,0,-1,-1
61075,A Spark of Light,,40307,88667,0,-1,0,0,0,0,0,0,0,0,0,180607,32573,0,742,0,2,35651976,32768,268435968,0,0,0,-1,-1
61079,The Jailer's Share,,40311,88667,0,-1,0,0,0,0,0,0,0,0,0,0,34301,0,742,0,2,35651976,32768,268435968,0,0,0,-1,-1
61088,Dust to Dust,,42455,88667,0,-1,0,0,0,0,0,0,0,0,0,0,32570,0,742,0,2,35651720,32768,268435968,0,0,0,-1,-1
61092,RSVP: Grandmaster Vole,,0,82033,0,-1,0,0,0,0,0,0,0,0,0,0,0,0,2060,0,2,33554504,32768,268435968,0,0,0,-1,-1
61103,Disrupting the Cycle,,40329,88667,0,-1,0,0,0,0,0,0,0,0,0,0,32577,0,742,0,2,33554824,32768,268435968,0,0,0,-1,-1
61104,"Grathalax, the Extractor",,40330,88667,0,-1,0,0,0,0,0,0,0,0,0,0,32576,0,742,0,2,35651976,32768,268435968,0,0,0,-1,-1
61105,RSVP: Plague Deviser Marileth,,0,82089,0,-1,0,0,0,0,0,0,0,0,0,0,0,0,2060,0,2,37748744,40960,268435968,0,0,0,-1,-1
61109,RSVP: Hunt-Captain Korayn,,0,82072,0,-1,0,0,0,0,0,0,0,0,0,0,0,0,2060,0,2,37748744,40960,268435968,0,0,0,-1,-1
61123,RSVP: Polemarch Adrestes,,0,82074,0,-1,0,0,0,0,0,0,0,0,0,0,0,0,2060,0,2,37748744,40960,268435968,0,0,0,-1,-1
61124,Warren Mongrel,,40348,73557,0,-1,0,0,0,0,0,0,0,0,0,0,32638,0,742,0,3,36241792,0,268439552,0,0,0,-1,-1
61125,Malevolent Stygia,,40350,73557,0,-1,0,0,0,0,0,0,0,0,0,0,32636,0,742,0,3,36241792,0,268439552,0,0,0,-1,-1
61129,RSVP: Droman Aliothe,,0,82182,0,-1,0,0,0,0,0,0,0,0,0,0,0,0,2060,0,2,8,32769,268435968,0,0,0,-1,-1
61130,RSVP: Sika,,0,82184,0,-1,0,0,0,0,0,0,0,0,0,0,0,0,2060,0,2,37748744,32768,268435968,0,0,0,-1,-1
61136,Agonix,,40359,73557,0,-1,0,0,0,0,0,0,0,0,0,0,32637,0,742,0,3,36241792,0,268439552,0,0,0,-1,-1
61139,RSVP: Choofa,,0,82195,0,-1,0,0,0,0,0,0,0,0,0,0,0,0,2060,0,2,37748744,40960,268435968,0,0,0,-1,-1
61140,Dath Rezara,,40361,73557,0,-1,0,0,0,0,0,0,0,0,0,0,33928,0,742,0,3,36241792,0,268439552,0,0,0,-1,-1
61141,Deathfang's Favorite Toy,,40362,74689,0,-1,0,0,0,0,0,0,0,0,0,0,32523,109,837,0,3,41615616,8192,268435456,0,0,0,-1,-1
61148,AHHH! Real Monsters!,,40368,0,0,-1,1,0,0,0,0,0,0,0,0,0,32538,109,2060,0,3,37290240,0,268435456,57559,62706,0,-1,-1
61173,RSVP: Mikanikos,,0,82193,0,-1,0,0,0,0,0,0,0,0,0,0,0,0,2060,0,2,37748744,40960,268435968,0,0,0,-1,-1
61174,RSVP: Baroness Vashj,,0,82474,0,-1,0,0,0,0,0,0,0,0,0,0,0,0,2060,0,2,35651592,40960,268435968,0,0,0,-1,-1
61189,Further Gelatinous Research,,40404,74689,0,-1,0,0,0,0,0,0,0,0,0,0,32589,109,837,0,3,36372736,8192,268435456,0,0,0,-1,-1
61220,AHHH! Real Monsters!,,40433,0,0,-1,1,0,0,0,0,0,0,0,0,0,32626,109,2060,0,3,37290240,0,268435456,57559,62706,0,-1,-1
61255,RSVP: Alexandros Mograine,,0,82699,0,-1,0,0,0,0,0,0,0,0,0,0,0,0,2060,0,2,33554440,32768,268435968,0,0,0,-1,-1
61256,RSVP: Kleia and Pelagos,,0,82701,0,-1,0,0,0,0,0,0,0,0,0,0,0,0,2060,0,2,33554440,32768,268435968,0,0,0,-1,-1
61303,It's Raining Sparkles,,40507,87009,0,-1,1,0,0,0,0,0,0,0,0,0,32651,109,837,0,3,37290240,0,268435456,57559,62706,0,-1,-1
61335,Rage Against the Cage,,40534,70104,0,-1,0,0,0,0,0,0,0,0,0,0,0,0,837,0,2,4194312,8192,268435968,61227,0,0,-1,-1
61337,March of the Eternal Protector,,40536,0,0,-1,1,0,0,0,0,0,0,0,0,0,32713,109,2060,0,3,37290240,0,268435456,57559,62706,0,-1,-1
61342,Battles Won Long Ago,,42432,74689,0,-1,0,0,0,0,0,0,0,0,0,0,32716,109,837,0,3,40435968,8192,268435456,0,0,0,-1,-1
61343,Battles Won Long Ago,,39272,92609,0,-1,0,0,0,0,0,0,0,0,0,0,32717,109,837,0,3,40435968,8192,268435456,0,0,0,-1,-1
61346,Cyrixia the Willbreaker,,40539,73557,0,-1,0,0,0,0,0,0,0,0,0,0,32718,0,742,0,3,36241856,0,268439552,0,0,0,-1,-1
61352,All Will Be Consumed,,42456,74689,0,-1,0,0,0,0,0,0,0,0,0,0,32731,109,837,0,3,40435968,8192,268435456,0,0,0,-1,-1
61353,All Will Be Consumed,,40542,74689,0,-1,0,0,0,0,0,0,0,0,0,0,32732,109,837,0,3,40435968,8192,268435456,0,0,0,-1,-1
61354,RSVP: Lady Moonberry,,0,82703,0,-1,0,0,0,0,0,0,0,0,0,0,0,0,2060,0,2,37748744,40960,268435968,0,0,0,-1,-1
61394,Gormling Toss: Tranquil Pools,,40581,79261,0,-1,1,0,0,0,0,0,0,0,0,0,32744,109,2060,0,3,104530176,0,268435456,57559,62706,0,-1,-1
61398,Ember Court: Traditional,,41047,83198,0,-1,0,0,0,0,0,0,0,0,0,0,0,0,2060,0,2,8,1,268435976,0,0,0,-1,-1
61399,Ember Court: Mortal Reminders,,41046,83200,0,-1,0,0,0,0,0,0,0,0,0,181367,0,0,2060,0,2,8,0,268435976,0,0,0,-1,-1
61400,Ember Court: Mystery Mirrors,,41045,83211,0,-1,0,0,0,0,0,0,0,0,0,0,0,0,2060,0,2,33554440,0,268435976,0,0,0,-1,-1
61401,Ember Court: Venthyr Volunteers,,41044,83212,0,-1,0,0,0,0,0,0,0,0,0,181716,0,0,2060,0,2,37748744,8192,268435976,0,0,0,-1,-1
61402,Ember Court: Stoneborn Reserves,,41043,83213,0,-1,0,0,0,0,0,0,0,0,0,0,0,1,2060,0,2,40894472,8192,268435976,0,0,0,-1,-1
61403,Ember Court: Maldraxxus Army,,41042,83214,0,-1,0,0,0,0,0,0,0,0,0,0,0,0,2060,0,2,37748736,8192,268435976,0,0,0,-1,-1
61404,Ember Court: Tubbins's Tea Party,,41027,83215,0,-1,0,0,0,0,0,0,0,0,0,183943,0,1,2060,0,2,39976968,8192,268435976,61705,0,0,-1,-1
61405,Ember Court: Divine Desserts,,41041,83216,0,-1,0,0,0,0,0,0,0,0,0,0,0,0,2060,0,2,8,1,268435976,0,0,0,-1,-1
61406,Ember Court: Mushroom Surprise!,,41040,83217,0,-1,0,0,0,0,0,0,0,0,0,181828,0,0,2060,0,2,33554440,0,268435976,0,0,0,-1,-1
61407,Ember Court: Atoning Rituals,,41037,83218,0,-1,0,0,0,0,0,0,0,0,0,0,0,0,2060,0,2,8,0,268435976,61706,0,0,-1,-1
61408,Ember Court: Glimpse of the Wilds,,41039,83219,0,-1,0,0,0,0,0,0,0,0,0,183944,0,0,2060,0,2,33554440,0,268435976,0,0,0,-1,-1
61411,Our Heart Will Go On,,40586,0,0,-1,1,0,0,0,0,0,0,0,0,0,32751,109,837,0,3,41615616,0,268435456,57559,62706,0,-1,-1
61434,Alchemy: Flask of Measured Discipline,,40601,0,0,-1,1,0,0,0,0,2750,25,0,0,0,34415,118,837,0,3,34144576,0,268435458,57559,62706,0,-1,-1
61435,Blacksmithing: Stalker Arrowheads,,40602,0,0,-1,1,0,0,0,0,2751,25,0,0,0,34400,116,837,0,3,34144576,0,268435458,57559,62706,0,-1,-1
61439,Cooking: Steward Stew,,40606,0,0,-1,1,0,0,0,0,2752,25,0,0,0,34417,131,837,0,3,34144576,0,268435458,57559,62706,0,-1,-1
61440,Enchanting: Boundless Basket,,40607,0,0,-1,1,0,0,0,0,2753,25,0,0,0,34402,123,837,0,3,34144576,0,268435458,57559,62706,0,-1,-1
61441,Engineering: Power Hammer,,40608,0,0,-1,1,0,0,0,0,2755,25,0,0,0,34419,122,837,0,3,34144576,0,268435458,57559,62706,0,-1,-1
61442,Fishing: Glorious Shimmerfin,,40609,0,0,-1,1,0,0,0,0,2754,25,0,0,0,34420,130,837,0,3,34144576,0,268435458,57559,62706,0,-1,-1
61443,Herbalism: Windswept Rising Glory,,40610,0,0,-1,1,0,0,0,0,2760,25,0,0,0,34421,119,837,0,3,34144576,0,268435458,57559,62706,0,-1,-1
61446,Inscription: Invocation of Duty,,40612,0,0,-1,1,0,0,0,0,2756,25,0,0,0,34422,126,837,0,3,34144576,0,268435458,57559,62706,0,-1,-1
61447,Jewelcrafting: Gleaming Kyranite Necklace,,40613,0,0,-1,1,0,0,0,0,2757,25,0,0,0,34423,125,837,0,3,34144576,0,268435458,57559,62706,0,-1,-1
61449,Leatherworking: Steelhide Leather Harness,,40614,0,0,-1,1,0,0,0,0,2758,25,0,0,0,34424,117,837,0,3,34144576,0,268435458,57559,62706,0,-1,-1
61467,Mining: Luminous Solenium Cluster,,40631,0,0,-1,1,0,0,0,0,2761,25,0,0,0,34412,120,837,0,3,34144576,0,268435458,57559,62706,0,-1,-1
61468,Skinning: Plush Copperfur Pelts,,40632,0,0,-1,1,0,0,0,0,2762,25,0,0,0,34413,124,837,0,3,34144576,0,268435458,57559,62706,0,-1,-1
61469,Tailoring: Woven Gossamer Tunic,,40633,0,0,-1,1,0,0,0,0,2759,25,0,0,0,34414,121,837,0,3,34144576,0,268435458,57559,62706,0,-1,-1
61477,Calling the Champions,,40638,74689,0,-1,0,0,0,0,0,0,0,0,0,0,33080,109,837,0,3,40435968,8192,268435456,0,0,0,-1,-1
61509,Shinies of Bastion,,40665,87382,0,-1,131077,0,0,0,0,0,0,0,0,178554,0,0,2060,0,2,39878664,8192,268435968,60041,61516,61512,-1,-1
61510,A Bountiful Haul,,40666,87381,0,-1,131077,0,0,0,0,0,0,0,0,178554,0,0,2060,0,2,39878664,8192,268435968,60041,61516,61512,-1,-1
61511,Things They Leave Behind,,40667,87383,0,-1,131077,0,0,0,0,0,0,0,0,178554,0,0,2060,0,2,39878664,8192,268435968,60041,61516,61512,-1,-1
61512,Tracking Quest,,40668,0,0,-1,0,0,0,0,0,0,0,0,0,0,0,0,2060,0,2,33555456,0,520,0,0,0,-1,-1
61516,Tracking Quest,,40670,0,0,-1,0,0,0,0,0,0,0,0,0,0,0,0,2060,0,2,33588224,0,520,0,0,0,-1,-1
61517,zz,,40671,73557,0,-1,0,0,0,0,0,0,0,0,0,0,0,109,742,0,3,34148608,0,268439552,0,0,0,-1,-1
61520,Enemy of My Mnemis,,40675,88576,0,-1,1,0,0,0,0,0,0,0,0,0,33159,109,2060,0,3,37290240,0,268435456,57559,62706,0,-1,-1
61521,Tracking Quest,,40676,0,0,-1,0,0,0,0,0,0,0,0,0,0,0,0,2060,0,2,33588224,0,512,0,0,0,-1,-1
61522,Corpse Run,,40677,88019,0,-1,0,0,0,0,0,0,0,0,0,178599,0,0,2060,0,2,39878664,8192,268435968,57597,0,0,-1,-1
61523,Corpse Run,,40678,88020,0,-1,0,0,0,0,0,0,0,0,0,178599,0,0,2060,0,2,39878664,8192,268435968,57597,0,0,-1,-1
61530,Mining: Ligneous Phaedrum Cluster,,40685,0,0,-1,1,0,0,0,0,2761,25,0,0,0,34409,120,837,0,3,34144576,0,268435458,57559,62706,0,-1,-1
61537,Mining: Monolithic Oxxein Cluster,,40692,0,0,-1,1,0,0,0,0,2761,25,0,0,0,34429,120,837,0,3,34144576,0,268435458,57559,62706,0,-1,-1
61538,Mining: Menacing Sinvyr Cluster,,40693,0,0,-1,1,0,0,0,0,2761,25,0,0,0,34444,120,837,0,3,34144576,0,268435458,57559,62706,0,-1,-1
61539,Liches Get Stitches,,40694,92691,0,-1,0,0,0,0,0,0,0,0,0,0,33169,109,2060,0,3,40435968,8192,268435456,0,0,0,-1,-1
61540,Just Winging It,,40695,74689,0,-1,0,0,0,0,0,0,0,0,0,0,33172,109,837,0,3,40435968,8192,268435456,0,0,0,-1,-1
61543,Herbalism: Lambent Vigil's Torch,,40698,0,0,-1,1,0,0,0,0,2760,25,0,0,0,34405,119,837,0,3,34144576,0,268435458,57559,62706,0,-1,-1
61544,Herbalism: Lush Widowbloom,,40699,0,0,-1,1,0,0,0,0,2760,25,0,0,0,34441,119,837,0,3,34144576,0,268435458,57559,62706,0,-1,-1
61545,Herbalism: Engorged Marrowroot,,40700,0,0,-1,1,0,0,0,0,2760,25,0,0,0,34425,119,837,0,3,34144576,0,268435458,57559,62706,0,-1,-1
61549,Drought Conditions,,40704,0,0,-1,1,0,0,0,0,0,0,0,0,0,33179,109,837,0,3,37290240,0,268435456,57559,62706,0,-1,-1
61555,High Inquisitor Vetar,,42813,78576,0,-1,0,0,0,0,0,0,0,0,0,0,32041,272,2060,0,3,36245504,524288,268447744,0,0,0,-1,-1
61556,Party Crashers,,42808,78576,0,-1,0,0,0,0,0,0,0,0,0,0,32041,272,2060,0,3,36245504,524288,268447744,0,0,0,-1,-1
61564,Blacksmithing: Polished Kyrian Shield,,40719,0,0,-1,1,0,0,0,0,2751,25,0,0,0,34416,116,837,0,3,34144576,0,268435458,57559,62706,0,-1,-1
61565,Tracking Quest,,40720,73557,0,-1,0,0,0,0,0,0,0,0,0,0,33199,0,0,0,3,36242688,0,0,0,0,0,-1,-1
61593,A Crisis of Memory,,40747,88580,0,-1,1,0,0,0,0,0,0,0,0,0,33224,109,2060,0,3,37290240,0,268435456,57559,62706,0,-1,-1
61595,Alchemy: Potion of Hibernal Rest,,40749,0,0,-1,1,0,0,0,0,2750,25,0,0,0,34399,118,837,0,3,34144576,0,268435458,57559,62706,0,-1,-1
61596,Cooking: Arden Apple Pie,,40750,0,0,-1,1,0,0,0,0,2752,25,0,0,0,34401,131,837,0,3,34144576,0,268435458,57559,62706,0,-1,-1
61597,Engineering: Bug Zapifier,,40751,0,0,-1,1,0,0,0,0,2755,25,0,0,0,34403,122,837,0,3,34144576,0,268435458,57559,62706,0,-1,-1
61598,Fishing: Speckled Flametail,,40752,0,0,-1,1,0,0,0,0,2754,25,0,0,0,34404,130,837,0,3,34144576,0,268435458,57559,62706,0,-1,-1
61599,Inscription: Hymnal of Reprise,,40753,0,0,-1,1,0,0,0,0,2756,25,0,0,0,34406,126,837,0,3,34144576,0,268435458,57559,62706,0,-1,-1
61601,Jewelcrafting: Gem Studded Bangle,,40755,0,0,-1,1,0,0,0,0,2757,25,0,0,0,34407,125,837,0,3,34144576,0,268435458,57559,62706,0,-1,-1
61602,Leatherworking: Stalker's Leather Quiver,,40756,0,0,-1,1,0,0,0,0,2758,25,0,0,0,34408,117,837,0,3,34144576,0,268435458,57559,62706,0,-1,-1
61603,Skinning: Thick Gormhide,,40757,0,0,-1,1,0,0,0,0,2762,25,0,0,0,34410,124,837,0,3,34144576,0,268435458,57559,62706,0,-1,-1
61604,Tailoring: Cloak of Camouflage,,40758,0,0,-1,1,0,0,0,0,2759,25,0,0,0,34411,121,837,0,3,34144576,0,268435458,57559,62706,0,-1,-1
61605,Alchemy: Draught of Grotesque Strength,,40759,0,0,-1,1,0,0,0,0,2750,25,0,0,0,34432,118,837,0,3,34144576,0,268435458,57559,62706,0,-1,-1
61606,Blacksmithing: Soul Razor,,40760,0,0,-1,1,0,0,0,0,2751,25,0,0,0,34433,116,837,0,3,34144576,0,268435458,57559,62706,0,-1,-1
61607,Cooking: Spider Jerky,,40761,0,0,-1,1,0,0,0,0,2752,25,0,0,0,34434,131,837,0,3,34144576,0,268435458,57559,62706,0,-1,-1
61608,Enchanting: Unbreakable Crystal,,40762,0,0,-1,1,0,0,0,0,2753,25,0,0,0,34435,123,837,0,3,34144576,0,268435458,57559,62706,0,-1,-1
61609,Engineering: Boneclad Stake Launcher,,40763,0,0,-1,1,0,0,0,0,2755,25,0,0,0,34436,122,837,0,3,34144576,0,268435458,57559,62706,0,-1,-1
61610,Fishing: Skeletal Mudskipper,,40764,0,0,-1,1,0,0,0,0,2754,25,0,0,0,34437,130,837,0,3,34144576,0,268435458,57559,62706,0,-1,-1
61611,Inscription: Litany of Might,,40765,0,0,-1,1,0,0,0,0,2756,25,0,0,0,34426,126,837,0,3,34144576,0,268435458,57559,62706,0,-1,-1
61612,Jewelcrafting: Carved Crystal Ring,,40766,0,0,-1,1,0,0,0,0,2757,25,0,0,0,34427,125,837,0,3,34144576,0,268435458,57559,62706,0,-1,-1
61613,Leatherworking: Bonestudded Fists,,40767,0,0,-1,1,0,0,0,0,2758,25,0,0,0,34428,117,837,0,3,34144576,0,268435458,57559,62706,0,-1,-1
61614,Skinning: Rugged Carapace,,40768,0,0,-1,1,0,0,0,0,2762,25,0,0,0,34430,124,837,0,3,34144576,0,268435458,57559,62706,0,-1,-1
61615,Tailoring: Haunting Hood,,40769,0,0,-1,1,0,0,0,0,2759,25,0,0,0,34431,121,837,0,3,34144576,0,268435458,57559,62706,0,-1,-1
61619,Alchemy: Elixir of Humility,,40772,0,0,-1,1,0,0,0,0,2750,25,0,0,0,34447,118,837,0,3,34144576,0,268435458,57559,62706,0,-1,-1
61620,Blacksmithing: Prideful Manacles,,40773,0,0,-1,1,0,0,0,0,2751,25,0,0,0,34448,116,837,0,3,34144576,0,268435458,57559,62706,0,-1,-1
61621,Cooking: Skewered Meats,,40774,0,0,-1,1,0,0,0,0,2752,25,0,0,0,34449,131,837,0,3,34144576,0,268435458,57559,62706,0,-1,-1
61622,Engineering: Duelist's Pistol,,40775,0,0,-1,1,0,0,0,0,2755,25,0,0,0,34450,122,837,0,3,34144576,0,268435458,57559,62706,0,-1,-1
61623,Fishing: Bloodthroated Grouper,,40776,0,0,-1,1,0,0,0,0,2754,25,0,0,0,34440,130,837,0,3,34144576,0,268435458,57559,62706,0,-1,-1
61624,Inscription: Catalog of Sins,,40777,0,0,-1,1,0,0,0,0,2756,25,0,0,0,34442,126,837,0,3,34144576,0,268435458,57559,62706,0,-1,-1
61625,Jewelcrafting: Sinister Choker,,40778,0,0,-1,1,0,0,0,0,2757,25,0,0,0,34443,125,837,0,3,34144576,0,268435458,57559,62706,0,-1,-1
61626,Leatherworking: Courtly Leather Boots,,40779,0,0,-1,1,0,0,0,0,2758,25,0,0,0,34439,117,837,0,3,34144576,0,268435458,57559,62706,0,-1,-1
61627,Skinning: Horrific Leather Hide,,40780,0,0,-1,1,0,0,0,0,2762,25,0,0,0,34445,124,837,0,3,34144576,0,268435458,57559,62706,0,-1,-1
61628,Tailoring: Looming Tapestry,,40781,0,0,-1,1,0,0,0,0,2759,25,0,0,0,34446,121,837,0,3,34144576,0,268435458,57559,62706,0,-1,-1
61629,Enchanting: True Aim,,40782,0,0,-1,1,0,0,0,0,2753,25,0,0,0,34418,123,837,0,3,34144576,0,268435458,57559,62706,0,-1,-1
61630,Enchanting: Everburning Brand,,40783,0,0,-1,1,0,0,0,0,2753,25,0,0,0,34438,123,837,0,3,34144576,0,268435458,57559,62706,0,-1,-1
61631,Drust Between You and Me,,40784,87323,0,-1,1,0,0,0,0,0,0,0,0,0,34022,109,2060,0,3,36241664,0,268435456,57559,62706,0,-1,-1
61667,Forged in Secret,,40820,88288,0,-1,0,0,0,0,0,0,0,0,0,0,33288,109,837,0,3,40435968,8192,268435456,0,0,0,-1,-1
61689,A Crisis of Memory,,40842,88580,0,-1,1,0,0,0,0,0,0,0,0,0,33389,109,2060,0,3,37290240,0,268435456,57559,62706,0,-1,-1
61699,Not Much to Goo On,,40852,79255,0,-1,1,0,0,0,0,0,0,0,0,0,33397,109,837,0,3,107544832,8192,268435456,57559,62706,0,-1,-1
61708,Drawing Out the Poison,,40861,88843,0,-1,0,0,0,0,0,0,0,0,0,0,34161,109,837,0,3,8061184,8192,268435456,0,0,0,-1,-1
61717,Gormling Piper: Tranquil Pools,,40870,79261,0,-1,1,0,0,0,0,0,0,0,0,0,33410,109,2060,0,3,108724480,0,268435456,57559,62706,0,-1,-1
61728,Valis the Cruel,,40880,73557,0,-1,0,0,0,0,0,0,0,0,0,0,33423,0,742,0,3,36241792,0,268439552,0,0,0,-1,-1
61738,Ember Court: Lost Chalice Band,,41023,84511,0,-1,0,0,0,0,0,0,0,0,0,0,0,0,2060,0,2,39976960,0,268435976,0,0,0,-1,-1
61765,Words of Warding,,40914,88668,0,-1,0,0,0,0,0,0,0,0,0,0,33471,1,742,0,2,35783048,32768,268435968,0,0,0,-1,-1
61783,Mega Bite,,40932,73555,0,-1,0,0,0,0,0,0,0,0,0,0,33473,115,837,0,3,3735808,0,268435456,0,0,0,-1,-1
61784,Cliffs of Bastion,,40933,132428,0,-1,0,0,0,0,0,0,0,0,0,0,33474,115,837,0,3,3735808,0,268435456,0,0,0,-1,-1
61787,Micro Defense Force,,40936,73555,0,-1,0,0,0,0,0,0,0,0,0,0,33476,115,837,0,3,3735808,0,268435456,0,0,0,-1,-1
61791,Thenia's Loyal Companions,,40940,73555,0,-1,0,0,0,0,0,0,0,0,0,0,33477,115,837,0,3,3735808,0,268435456,0,0,0,-1,-1
61813,"Valinor, the Light of Eons",,40962,98713,0,-1,1,0,0,0,0,0,0,0,0,0,33483,112,2060,0,3,37290304,0,268435456,57559,62706,0,-1,-1
61814,Nurgash Muckformed,,40963,98713,0,-1,1,0,0,0,0,0,0,0,0,0,33484,112,2060,0,3,37290304,0,268435456,57559,62706,0,-1,-1
61815,Oranomonos the Everbranching,,40964,98713,0,-1,1,0,0,0,0,0,0,0,0,0,33485,112,2060,0,3,37290304,0,268435456,57559,62706,0,-1,-1
61816,Mortanis,,40965,98713,0,-1,1,0,0,0,0,0,0,0,0,0,33486,112,2060,0,3,37290304,0,268435456,57559,62706,0,-1,-1
61841,Not Much to Goo On,,42458,79255,0,-1,1,0,0,0,0,0,0,0,0,0,33492,109,837,0,3,107544832,8192,268435456,57559,62706,0,-1,-1
61866,Mighty Minions of Maldraxxus,,41014,132428,0,-1,0,0,0,0,0,0,0,0,0,0,33502,115,837,0,3,3735808,0,268435456,0,0,0,-1,-1
61867,Extra Pieces,,41015,73555,0,-1,0,0,0,0,0,0,0,0,0,0,33503,115,837,0,3,3735808,0,268435456,0,0,0,-1,-1
61868,Uncomfortably Undercover,,41016,73555,0,-1,0,0,0,0,0,0,0,0,0,0,33504,115,837,0,3,3735808,0,268435456,0,0,0,-1,-1
61870,Failed Experiment,,41018,73555,0,-1,0,0,0,0,0,0,0,0,0,0,33505,115,837,0,3,3735808,0,268435456,0,0,0,-1,-1
61879,Ashes Will Fall,,41028,73555,0,-1,0,0,0,0,0,0,0,0,0,0,33516,115,837,0,3,3735808,0,268435456,0,0,0,-1,-1
61880,Honored Attendance,,41029,84863,0,-1,0,0,0,0,0,0,0,0,0,0,0,0,2060,0,2,306315264,8192,268435976,61704,0,0,-1,-1
61882,Formal Entertainment,,41031,84872,0,-1,0,0,0,0,0,0,0,0,0,0,0,0,2060,0,2,306315264,8192,268435976,61706,0,0,-1,-1
61883,Resilient Survivors,,41032,132428,0,-1,0,0,0,0,0,0,0,0,0,0,33519,115,837,0,3,3735808,0,268435456,0,0,0,-1,-1
61884,Formal Refreshments,,41048,84877,0,-1,0,0,0,0,0,0,0,0,0,0,0,0,2060,0,2,306315264,8192,268435976,61705,0,0,-1,-1
61885,Eyegor's Special Friends,,41049,73555,0,-1,0,0,0,0,0,0,0,0,0,0,33520,115,837,0,3,3735808,0,268435456,0,0,0,-1,-1
61886,The Mind Games of Addius,,41050,73555,0,-1,0,0,0,0,0,0,0,0,0,0,33521,115,2060,0,3,3735808,0,268435456,0,0,0,-1,-1
61946,Natural Defenders,,41108,73555,0,-1,0,0,0,0,0,0,0,0,0,0,33530,115,837,0,3,3735808,0,268435456,0,0,0,-1,-1
61947,Lurking In The Shadows,,41109,73555,0,-1,0,0,0,0,0,0,0,0,0,0,33531,115,837,0,3,3735808,0,268435456,0,0,0,-1,-1
61948,Airborne Defense Force,,41110,132428,0,-1,0,0,0,0,0,0,0,0,0,0,33532,115,837,0,3,3735808,0,268435456,0,0,0,-1,-1
61949,Ardenweald's Tricksters,,41111,73555,0,-1,0,0,0,0,0,0,0,0,0,0,33533,115,837,0,3,3735808,0,268435456,0,0,0,-1,-1
61964,Aubrie Weekly Jailers Tower Quest,,41125,0,0,-1,0,0,0,0,0,0,0,0,0,0,0,0,0,0,3,34177024,0,268435456,0,0,0,-1,-1
61967,Remedial Lessons,,41128,0,0,-1,1,0,0,0,0,0,0,0,0,0,33540,109,2060,0,3,36372736,8192,268435456,57559,62706,0,-1,-1
61996,Say The Magic Words,,41154,87380,0,-1,0,0,0,0,0,0,0,0,0,182474,0,0,2060,0,2,37781512,8192,268435968,57600,0,0,-1,-1
61997,Tracking Quest,,41155,0,0,-1,0,0,0,0,0,0,0,0,0,0,0,0,2060,0,2,33588224,0,512,0,0,0,-1,-1
62051,Gormling Toss: Spirit Glen,,41209,88074,0,-1,1,0,0,0,0,0,0,0,0,0,33593,109,2060,0,3,104530176,0,268435456,57559,62706,0,-1,-1
62058,"Centurions, Assemble!",,41216,85106,0,-1,1,0,0,0,0,0,0,0,0,0,33595,109,2060,0,3,37290240,0,268435456,57559,62706,0,-1,-1
62068,Gormling Piper: Crumbled Ridge,,41221,79261,0,-1,1,0,0,0,0,0,0,0,0,0,33604,109,837,0,3,108724480,0,268435456,57559,62706,0,-1,-1
62110,Party Crashers,,42807,78577,0,-1,0,0,0,0,0,0,0,0,0,0,32041,272,2060,0,3,36245504,524288,268447744,0,0,0,-1,-1
62111,Drezgruda,,42812,78577,0,-1,0,0,0,0,0,0,0,0,0,0,32041,272,2060,0,3,36245504,524288,268447744,0,0,0,-1,-1
62112,Sloppy,,42811,78578,0,-1,0,0,0,0,0,0,0,0,0,0,32041,272,2060,0,3,36245504,524288,268447744,0,0,0,-1,-1
62113,Party Crashers,,42806,78578,0,-1,0,0,0,0,0,0,0,0,0,0,32041,272,2060,0,3,36245504,524288,268447744,0,0,0,-1,-1
62114,Sineater,,42810,78579,0,-1,0,0,0,0,0,0,0,0,0,0,32041,272,2060,0,3,36245504,524288,268447744,0,0,0,-1,-1
62115,Party Crashers,,42805,78579,0,-1,0,0,0,0,0,0,0,0,0,0,32041,272,2060,0,3,36245504,524288,268447744,0,0,0,-1,-1
62116,Kedu,,42809,82447,0,-1,0,0,0,0,0,0,0,0,0,0,32041,272,2060,0,3,36245504,524288,268447744,0,0,0,-1,-1
62117,Party Crashers,,42804,82447,0,-1,0,0,0,0,0,0,0,0,0,0,32041,272,2060,0,3,36245504,524288,268447744,0,0,0,-1,-1
62118,Traditional Candles,,42819,78485,0,-1,0,0,0,0,0,0,0,0,0,0,32041,272,2060,0,3,36245504,524288,268447744,0,0,0,-1,-1
62119,Roaring Fires,,42818,78485,0,-1,0,0,0,0,0,0,0,0,0,0,32041,272,2060,0,3,36245504,524288,268447744,0,0,0,-1,-1
62120,Stolen Mementos,,42817,78486,0,-1,0,0,0,0,0,0,0,0,0,0,32041,272,2060,0,3,36245504,524288,268447744,0,0,0,-1,-1
62121,Cartel Ta Justice,,42816,78486,0,-1,0,0,0,0,0,0,0,0,0,0,32041,272,2060,0,3,36245504,524288,268447744,0,0,0,-1,-1
62122,Mystery Mirrors,,42815,78487,0,-1,0,0,0,0,0,0,0,0,0,0,32041,272,2060,0,3,36245504,524288,268447744,0,0,0,-1,-1
62123,Prison Break,,42814,78487,0,-1,0,0,0,0,0,0,0,0,0,0,32041,272,2060,0,3,36245504,524288,268447744,0,0,0,-1,-1
62124,Ritual of Accusation,,42825,78553,0,-1,0,0,0,0,0,0,0,0,0,0,32041,272,2060,0,3,36245504,524288,268447744,0,0,0,-1,-1
62125,Ritual of Absolution,,42824,78553,0,-1,0,0,0,0,0,0,0,0,0,0,32041,272,2060,0,3,36245504,524288,268447744,0,0,0,-1,-1
62126,Animal Rescue,,42823,78554,0,-1,0,0,0,0,0,0,0,0,0,0,32041,272,2060,0,3,36245504,524288,268447744,0,0,0,-1,-1
62127,Ride on the Wild Side,,42822,78554,0,-1,0,0,0,0,0,0,0,0,0,0,32041,272,2060,0,3,36245504,524288,268447744,0,0,0,-1,-1
62128,Concert Kick-Off,,42821,78555,0,-1,0,0,0,0,0,0,0,0,0,0,32041,272,2060,0,3,36245504,524288,268447744,0,0,0,-1,-1
62129,Dance For Love,,42820,78555,0,-1,0,0,0,0,0,0,0,0,0,0,32041,272,2060,0,3,36245504,524288,268447744,0,0,0,-1,-1
62130,A Quiet Moment,,42832,78557,0,-1,0,0,0,0,0,0,0,0,0,0,32041,272,2060,0,3,36245504,524288,268447744,0,0,0,-1,-1
62132,Food Fight,,42829,78558,0,-1,0,0,0,0,0,0,0,0,0,0,32041,272,2060,0,3,36245504,524288,268447744,0,0,0,-1,-1
62133,Made to Order,,42828,78558,0,-1,0,0,0,0,0,0,0,0,0,0,32041,272,2060,0,3,36245504,524288,268447744,0,0,0,-1,-1
62134,Lower Your Standards,,42827,78559,0,-1,0,0,0,0,0,0,0,0,0,0,32041,272,2060,0,3,36245504,524288,268447744,0,0,0,-1,-1
62135,Fungi Experiments,,42826,78559,0,-1,0,0,0,0,0,0,0,0,0,0,32041,272,2060,0,3,36245504,524288,268447744,0,0,0,-1,-1
62136,Clumpdump,,42839,85050,0,-1,0,0,0,0,0,0,0,0,0,0,32041,272,2060,0,3,36245504,524288,268447744,0,0,0,-1,-1
62137,Theotar's Toast,,42838,85051,0,-1,0,0,0,0,0,0,0,0,0,0,32041,272,2060,0,3,36245504,524288,268447744,0,0,0,-1,-1
62138,Court Crusher,,42837,85052,0,-1,0,0,0,0,0,0,0,0,0,0,32041,272,2060,0,3,36245504,524288,268447744,0,0,0,-1,-1
62139,Knockerbock,,42836,85053,0,-1,0,0,0,0,0,0,0,0,0,0,32041,272,2060,0,3,36245504,524288,268447744,0,0,0,-1,-1
62140,Venthyr Provocateur,,42835,85054,0,-1,0,0,0,0,0,0,0,0,0,0,32041,272,2060,0,3,36245504,524288,268447744,0,0,0,-1,-1
62141,Blustery Boil,,42834,85055,0,-1,0,0,0,0,0,0,0,0,0,0,32041,272,2060,0,3,36245504,524288,268447744,0,0,0,-1,-1
62142,Ember Skyterror,,42833,85056,0,-1,0,0,0,0,0,0,0,0,0,0,32041,272,2060,0,3,36245504,524288,268447744,0,0,0,-1,-1
62143,The Murder of Colonel Mort,,42847,85057,0,-1,0,0,0,0,0,0,0,0,0,0,32041,272,2060,0,3,36245504,524288,268447744,0,0,0,-1,-1
62144,Legacy of Stone,,42846,85058,0,-1,0,0,0,0,0,0,0,0,0,0,32041,272,2060,0,3,36245504,524288,268447744,0,0,0,-1,-1
62145,Crime of Fashion,,42845,85059,0,-1,0,0,0,0,0,0,0,0,0,0,32041,272,2060,0,3,36245504,524288,268447744,0,0,0,-1,-1
62146,A Little More Comfortable,,42844,85060,0,-1,0,0,0,0,0,0,0,0,0,0,32041,272,2060,0,3,36245504,524288,268447744,0,0,0,-1,-1
62147,Party Pests,,42843,85061,0,-1,0,0,0,0,0,0,0,0,0,0,32041,272,2060,0,3,36245504,524288,268447744,0,0,0,-1,-1
62148,It's Raining Anima,,42842,85062,0,-1,0,0,0,0,0,0,0,0,0,0,32041,272,2060,0,3,36245504,524288,268447744,0,0,0,-1,-1
62149,[DNT],,42841,85063,0,-1,0,0,0,0,0,0,0,0,0,0,32041,272,2060,0,3,36245504,524288,268447744,0,0,0,-1,-1
62150,[DNT],,42840,85064,0,-1,0,0,0,0,0,0,0,0,0,0,32041,272,2060,0,3,36245504,524288,268447744,0,0,0,-1,-1
62171,Tea Time,,42830,78557,0,-1,0,0,0,0,0,0,0,0,0,0,32041,272,2060,0,3,36245504,524288,268447744,0,0,0,-1,-1
62194,Fighting Words,,41282,87379,0,-1,0,0,0,0,0,0,0,0,0,182474,0,0,2060,0,2,39878664,8192,268435968,57600,0,0,-1,-1
62195,The Last Word,,41284,87378,0,-1,0,0,0,0,0,0,0,0,0,182474,0,0,2060,0,2,37781512,8192,268435968,57600,0,0,-1,-1
62203,Major Mirror Disruptions,,41291,79970,0,-1,0,0,0,0,0,0,0,0,0,0,33668,109,837,0,3,40435968,0,268435456,0,0,0,-1,-1
62204,Major Mirror Disruptions,,41292,79970,0,-1,0,0,0,0,0,0,0,0,0,0,33669,109,837,0,3,40435968,0,268435456,0,0,0,-1,-1
62209,Houndmaster Vasanok,,41297,73557,0,-1,0,0,0,0,0,0,0,0,0,0,33926,0,742,0,3,36241856,0,268439552,0,0,0,-1,-1
62210,Sanngror the Torturer,,41298,73557,0,-1,0,0,0,0,0,0,0,0,0,0,33927,0,742,0,3,36241856,0,268439552,0,0,0,-1,-1
62211,Skittering Broodmother,,41299,73557,0,-1,0,0,0,0,0,0,0,0,0,0,33925,0,742,0,3,36241856,0,268439552,0,0,0,-1,-1
62212,Tracking Quest,,41300,0,0,-1,0,0,0,0,0,0,0,0,0,0,0,0,2060,0,2,33588224,0,512,0,0,0,-1,-1
62214,Forces of Perdition,,41302,88668,0,-1,0,0,0,0,0,0,0,0,0,0,33675,1,742,0,2,35651976,32768,268435968,0,0,0,-1,-1
62215,Tracking Quest,,41303,0,0,-1,0,0,0,0,0,0,0,0,0,0,0,0,2060,0,2,33588224,0,512,0,0,0,-1,-1
62233,Tracking Quest,,41317,0,0,-1,0,0,0,0,0,0,0,0,0,0,0,0,2060,0,2,33588224,0,512,0,0,0,-1,-1
62234,Power of the Colossus,,41318,88668,0,-1,0,0,0,0,0,0,0,0,0,0,33682,1,742,0,2,35651976,32768,268435968,0,0,0,-1,-1
62235,Allay Their Fears,,41319,73555,0,-1,0,0,0,0,0,0,0,0,0,0,33681,109,837,0,3,40567040,8192,268435456,0,0,0,-1,-1
62239,Rodent Removal,,41322,88669,0,-1,0,0,0,0,0,0,0,0,0,183105,34295,0,742,0,2,35782792,32768,268435968,0,0,0,-1,-1
62241,Training Regimen,,41324,88025,0,-1,0,0,0,0,0,0,0,0,0,0,33697,109,837,0,3,40435968,0,268435456,0,0,0,-1,-1
62253,Tracking Quest,,41335,0,0,-1,0,0,0,0,0,0,0,0,0,0,0,0,2060,0,2,33588224,0,512,0,0,0,-1,-1
62257,Tracking Quest,,41339,0,0,-1,0,0,0,0,0,0,0,0,0,0,0,0,2060,0,2,33588224,0,512,0,0,0,-1,-1
62258,Soaring Over Bastion,,41340,88024,0,-1,0,0,0,0,0,0,0,0,0,0,33698,109,837,0,3,40435968,0,268435456,0,0,0,-1,-1
62262,Fungal Feeding,,41344,83703,0,-1,0,0,0,0,0,0,0,0,0,0,33706,0,1401,0,2,33554440,32768,268435968,0,0,0,-1,-1
62280,Limbo,,41361,85543,0,-1,0,0,0,0,0,0,0,0,0,0,33720,109,2060,0,3,104399104,0,268435456,0,0,0,-1,-1
62290,Tracking Quest,,41371,0,0,-1,0,0,0,0,0,0,0,0,0,0,0,0,2060,0,2,33588224,0,512,0,0,0,-1,-1
62295,Cleaning Out the Vault,,41374,83700,0,-1,0,0,0,0,0,0,0,0,0,0,33731,0,1401,0,2,33554440,32768,268435968,0,0,0,-1,-1
62362,Volatile Reactions,,41424,79684,0,-1,5,0,0,0,0,0,0,0,0,0,33771,0,837,0,2,39846152,40960,268435968,0,0,0,-1,-1
62363,Heavy Lifting,,41425,79684,0,-1,5,0,0,0,0,0,0,0,0,0,33772,0,837,0,2,39846152,40960,268435968,0,0,0,-1,-1
62364,Dire Learning,,41426,79684,0,-1,5,0,0,0,0,0,0,0,0,0,33780,0,837,0,2,39846152,40960,268435968,0,0,0,-1,-1
62365,Careful Creations,,41427,83700,0,-1,0,0,0,0,0,0,0,0,0,0,33781,0,1401,0,2,33554440,32768,268435968,0,0,0,-1,-1
62390,Body Count,,41451,79684,0,-1,5,0,0,0,0,0,0,0,0,0,33797,0,837,0,2,39846152,40960,268435968,0,0,0,-1,-1
62411,Tracking Quest,,41472,0,0,-1,0,0,0,0,0,0,0,0,0,0,0,0,2060,0,2,33555456,0,512,0,0,0,-1,-1
62451,Assault on the Vestibule,,41510,87182,0,-1,1,0,0,0,0,0,0,0,0,0,33850,109,837,0,3,3735808,0,268435456,57559,62706,0,-1,-1
62473,What's Old is New,,41532,83700,0,-1,0,0,0,0,0,0,0,0,0,0,33859,0,1401,0,2,33554440,32768,268435968,0,0,0,-1,-1
62484,Werk In Progress,,41543,83700,0,-1,0,0,0,0,0,0,0,0,0,183795,33864,0,1401,0,2,37748744,32768,268435968,0,0,0,-1,-1
62535,Tracking Quest,,41594,0,0,-1,0,0,0,0,0,0,0,0,0,0,0,0,2060,0,2,33555456,0,512,0,0,0,-1,-1
62539,Stygian Incinerator,,41598,73557,0,-1,0,0,0,0,0,0,0,0,0,0,33880,0,742,0,3,36241856,0,268439552,0,0,0,-1,-1
62553,Delaying Their Efforts,,41610,83703,0,-1,0,0,0,0,0,0,0,0,0,0,33446,0,1401,0,2,37748744,32768,268435968,0,0,0,-1,-1
62584,Frontline Resupply,,41636,83700,0,-1,0,0,0,0,0,0,0,0,0,0,33890,0,1401,0,2,39845896,32768,268435968,0,0,0,-1,-1
62618,Odalrik,,41669,73557,0,-1,0,0,0,0,0,0,0,0,0,0,0,0,742,0,3,36245888,0,268439552,0,0,0,-1,-1
62691,A Calling in Revendreth,,44340,70102,0,-1,131073,0,0,0,0,0,0,0,0,0,0,271,2060,0,2,103809280,0,268435464,62695,62699,0,-1,-1
62692,A Calling in Bastion,,44339,70101,0,-1,131073,0,0,0,0,0,0,0,0,0,0,271,2060,0,2,103809280,0,268435464,62698,62699,0,-1,-1
62693,A Calling in Ardenweald,,44337,70103,0,-1,131073,0,0,0,0,0,0,0,0,0,0,271,2060,0,2,103809280,0,268435456,62697,62699,0,-1,-1
62694,A Calling in Maldraxxus,,44338,70104,0,-1,131073,0,0,0,0,0,0,0,0,0,0,271,2060,0,2,103809280,0,268435456,62835,62699,0,-1,-1
62705,Scour the Temple,,41744,87994,0,-1,0,0,0,0,0,0,0,0,0,0,0,0,1707,0,3,36372480,16384,268435968,0,0,0,-1,-1
62712,War of Attrition,,41751,87995,0,-1,0,0,0,0,0,0,0,0,0,0,0,0,1707,0,3,40566784,8192,268435968,0,0,0,-1,-1
62720,The Fallen Tree,,41759,88877,0,-1,0,0,0,0,0,0,0,0,0,0,0,0,1707,0,3,36241408,0,268435968,62713,0,0,-1,-1
62721,Deconstructing The Problem,,41760,87995,0,-1,0,0,0,0,0,0,0,0,0,0,0,0,1707,0,3,40566784,8192,268435968,0,0,0,-1,-1
62723,Bolstering Bastion,,41762,86994,0,-1,1,0,0,0,0,0,0,0,0,0,0,0,1707,0,2,35127296,2048,268435968,0,0,0,-1,-1
62724,Ye Olde Test of Strength,,41763,0,0,-1,0,0,0,0,0,0,0,0,0,0,0,0,0,0,3,33554440,0,268435456,0,0,0,-1,-1
62726,Ye Olde Test of Fortitude,,41765,0,0,-1,0,0,0,0,0,0,0,0,0,0,0,0,0,0,3,33554440,0,268435456,0,0,0,-1,-1
62732,Locus Focus,,41770,87994,0,-1,0,0,0,0,0,0,0,0,0,0,0,0,1707,0,3,40435712,16384,268435968,0,0,0,-1,-1
62735,Hostile Recollection,,41773,87994,0,-1,0,0,0,0,0,0,0,0,0,0,0,0,1707,0,3,40435712,16384,268435968,0,0,0,-1,-1
62736,Maldraxxi Eviction Notice,,41774,87994,0,-1,0,0,0,0,0,0,0,0,0,0,0,0,1707,0,3,36372480,16384,268435968,0,0,0,-1,-1
62737,Aspirant For a Day,,41775,87994,0,-1,0,0,0,0,0,0,0,0,0,0,0,0,1707,0,3,36372480,16384,268435968,0,0,0,-1,-1
62741,Choice of Action,,41779,87995,0,-1,0,0,0,0,0,0,0,0,0,0,0,0,1707,0,3,40566784,8192,268435968,0,0,0,-1,-1
62742,Avoid 'Em Like the Plague,,41780,87995,0,-1,0,0,0,0,0,0,0,0,0,0,0,0,1707,0,3,40566784,8192,268435968,0,0,0,-1,-1
62743,Decaying Situation,,41781,87995,0,-1,0,0,0,0,0,0,0,0,0,0,0,0,1707,0,3,6881280,8192,268435968,0,0,0,-1,-1
62748,Rallying Maldraxxus,,41786,86994,0,-1,1,0,0,0,0,0,0,0,0,0,0,0,1707,0,2,35127552,0,268435968,0,0,0,-1,-1
62763,Support the Court,,41802,86994,0,-1,1,0,0,0,0,0,0,0,0,0,0,0,1707,0,2,35127552,0,268435968,0,0,0,-1,-1
62773,Dreamshrine Basin,,41812,87993,0,-1,0,0,0,0,0,0,0,0,0,0,0,0,1707,0,3,37289984,0,268435968,62713,0,0,-1,-1
62774,Tranquil Pools,,41813,87993,0,-1,0,0,0,0,0,0,0,0,0,179921,0,0,1707,0,3,37421056,8192,268435968,62713,0,0,-1,-1
62775,The Waning Grove,,41814,87993,0,-1,0,0,0,0,0,0,0,0,0,0,0,0,1707,0,3,36241408,0,268435968,62713,0,0,-1,-1
62778,Reinforcing Revendreth,,41817,86994,0,-1,1,0,0,0,0,0,0,0,0,0,0,0,1707,0,2,35127552,0,268435968,0,0,0,-1,-1
62780,Parasites of Reality,,41819,87998,0,-1,0,0,0,0,0,0,0,0,0,0,0,0,1707,0,3,36241408,0,268435968,62713,0,0,-1,-1
62781,Ash You Like It,,41820,87998,0,-1,0,0,0,0,0,0,0,0,0,0,0,0,1707,0,3,36241408,0,268435968,62713,0,0,-1,-1
62782,The Banewood,,41821,87998,0,-1,0,0,0,0,0,0,0,0,0,0,0,0,1707,0,3,36241408,0,268435968,62713,0,0,-1,-1
62783,Stalking Fear,,41822,87998,0,-1,0,0,0,0,0,0,0,0,0,0,0,0,1707,0,3,36241408,0,268435968,62713,0,0,-1,-1
62784,Charlatans of Ceremony,,41823,87998,0,-1,0,0,0,0,0,0,0,0,0,0,0,0,1707,0,3,36241408,0,268435968,62713,0,0,-1,-1
63031,Acquisition: Crystallized Stygia,,42051,88666,0,-1,0,0,0,0,0,0,0,0,0,184510,34279,0,742,0,2,35651976,32768,268435968,0,0,0,-1,-1
63038,Guaranteed Delivery,,42052,88574,0,-1,0,0,0,0,0,0,0,0,0,184513,34297,1,742,0,2,308281480,41024,268435968,0,0,0,-1,-1
63039,A Monument to Vengeance,,42053,88666,0,-1,0,0,0,0,0,0,0,0,0,0,34280,0,742,0,2,35651976,32768,268435968,0,0,0,-1,-1
63040,Guaranteed Delivery,,42054,88574,0,-1,0,0,0,0,0,0,0,0,0,184513,34298,1,742,0,2,308281480,40960,268435968,0,0,0,-1,-1
63042,Aimless Soul,,42056,21439,0,-1,0,0,0,0,0,0,0,0,0,0,0,273,742,0,3,34082816,67108864,268447744,0,0,0,-1,-1
63043,Sundered Souls,,42057,88666,0,-1,0,0,0,0,0,0,0,0,0,0,34283,0,742,0,2,39911816,32768,268435968,0,0,0,-1,-1
63044,Ratgusher,,42058,73557,0,-1,0,0,0,0,0,0,0,0,0,0,34170,0,742,0,3,36241792,0,268439552,0,0,0,-1,-1
63045,Feed Your Soul,,42059,88574,0,-1,0,0,0,0,0,0,0,0,0,0,34296,1,742,0,2,39846024,40960,268435968,0,0,0,-1,-1
63047,Acquisition: Runeforged Shackles,,42061,88666,0,-1,0,0,0,0,0,0,0,0,0,184552,34282,0,742,0,2,304087176,32768,268435968,0,0,0,-1,-1
63050,Acquisition: Blazing Ingots,,42064,88666,0,-1,0,0,0,0,0,0,0,0,0,184556,34284,0,742,0,2,304087176,32768,268435968,0,0,0,-1,-1
63062,Torment for the Taking,,42077,88666,0,-1,0,0,0,0,0,0,0,0,0,0,34281,0,742,0,2,35651720,40960,268435968,0,0,0,-1,-1
63069,What They Know,,42082,88669,0,-1,0,0,0,0,0,0,0,0,0,0,34277,0,742,0,2,35651720,32768,268435968,0,0,0,-1,-1
63072,Acquisition: Stygic Ore,,42085,88669,0,-1,0,0,0,0,0,0,0,0,0,0,34278,0,742,0,2,35651720,32768,268435968,0,0,0,-1,-1
63100,Misery's Company,,42113,88666,0,-1,0,0,0,0,0,0,0,0,0,0,34276,0,742,0,2,35717256,32768,268435968,0,0,0,-1,-1
63166,A Shadowed Fate,,42178,88666,0,-1,0,0,0,0,0,0,0,0,0,0,34299,0,742,0,2,39846024,32768,268435968,0,0,0,-1,-1
63179,Drowned and Torn Asunder,,42191,88666,0,-1,0,0,0,0,0,0,0,0,0,0,34300,0,742,0,2,39846024,32832,268435968,0,0,0,-1,-1
63206,Soulless Husks,,42217,88667,0,-1,0,0,0,0,0,0,0,0,0,0,34305,0,742,0,2,35783048,32768,268435968,0,0,0,-1,-1
63543,Necrolord Assault,,42555,91090,0,-1,0,0,0,0,0,0,0,0,0,0,34594,268,2060,0,3,40436032,532480,268435456,0,0,0,-1,-1
63544,Maldraxxus Assault Complete,,42556,0,0,-1,0,0,0,0,0,0,0,0,0,0,0,0,2043,0,3,33555456,0,8,0,0,0,-1,-1
63685,Cryptkeeper Kassir's Best Friend,,42695,89768,0,-1,0,0,0,0,0,0,0,0,0,0,0,0,2060,0,0,2097152,128,268435976,0,0,0,-1,-1
63686,Baroness Vashj's Best Friend,,42696,89770,0,-1,0,0,0,0,0,0,0,0,0,0,0,0,2060,0,0,2097152,128,268435976,0,0,0,-1,-1
63687,Lady Moonberry's Best Friend,,42697,89771,0,-1,0,0,0,0,0,0,0,0,0,0,0,0,2060,0,0,2097152,128,268435976,0,0,0,-1,-1
63688,Mikanikos's Best Friend,,42698,89772,0,-1,0,0,0,0,0,0,0,0,0,0,0,0,2060,0,0,2097152,128,268435976,0,0,0,-1,-1
63689,The Countess's Best Friend,,42699,89773,0,-1,0,0,0,0,0,0,0,0,0,0,0,0,2060,0,0,2097152,128,268435976,0,0,0,-1,-1
63690,Alexandros Mograine's Best Friend,,42700,89774,0,-1,0,0,0,0,0,0,0,0,0,0,0,0,2060,0,0,2097152,128,268435976,0,0,0,-1,-1
63691,Hunt-Captain Korayn's Best Friend,,42701,89775,0,-1,0,0,0,0,0,0,0,0,0,0,0,0,2060,0,0,2097152,128,268435976,0,0,0,-1,-1
63692,Polemarch Adrestes's Best Friend,,42702,89776,0,-1,0,0,0,0,0,0,0,0,0,0,0,0,2060,0,0,2097152,128,268435976,0,0,0,-1,-1
63693,Rendle and Cudgelface's Best Friend,,42703,89777,0,-1,0,0,0,0,0,0,0,0,0,0,0,0,2060,0,0,2097152,128,268435976,0,0,0,-1,-1
63694,Choofa's Best Friend,,42704,89778,0,-1,0,0,0,0,0,0,0,0,0,0,0,0,2060,0,0,2097152,128,268435976,0,0,0,-1,-1
63695,Droman Aliothe's Best Friend,,42705,89779,0,-1,0,0,0,0,0,0,0,0,0,0,0,0,2060,0,0,2097152,128,268435976,0,0,0,-1,-1
63696,Grandmaster Vole's Best Friend,,42706,89780,0,-1,0,0,0,0,0,0,0,0,0,0,0,0,2060,0,0,2097152,128,268435976,0,0,0,-1,-1
63697,Kleia and Pelagos's Best Friend,,42707,89781,0,-1,0,0,0,0,0,0,0,0,0,0,0,0,2060,0,0,2097152,128,268435976,0,0,0,-1,-1
63698,Plague Deviser Marileth's Best Friend,,42708,89782,0,-1,0,0,0,0,0,0,0,0,0,0,0,0,2060,0,0,2097152,128,268435976,0,0,0,-1,-1
63699,Sika's Best Friend,,42709,89783,0,-1,0,0,0,0,0,0,0,0,0,0,0,0,2060,0,0,2097152,128,268435976,0,0,0,-1,-1
63700,Stonehead's Best Friend,,42710,89784,0,-1,0,0,0,0,0,0,0,0,0,0,0,0,2060,0,0,2097152,128,268435976,0,0,0,-1,-1
63775,Cryptograms and Keys,,42767,92685,0,-1,0,0,0,0,0,0,0,0,0,0,34999,0,2043,0,2,35651720,32768,268435968,0,0,0,-1,-1
63776,Observational Records,,42768,90234,0,-1,0,0,0,0,0,0,0,0,0,0,35064,0,2043,0,2,35651720,32768,268435968,0,0,0,-1,-1
63777,Sealed Secrets,,42769,90234,0,-1,0,0,0,0,0,0,0,0,0,0,35008,0,2043,0,2,35651720,32768,268435968,0,0,0,-1,-1
63778,We Move Forward,,42770,92685,0,-1,0,0,0,0,0,0,0,0,0,0,35002,0,2043,0,2,35651720,32768,268435968,0,0,0,-1,-1
63779,A Semblance of Normalcy,,42771,92685,0,-1,0,0,0,0,0,0,0,0,0,0,35003,0,2043,0,2,35651720,32768,268435968,0,0,0,-1,-1
63780,See How THEY Like It!,,42772,90234,0,-1,0,0,0,0,0,0,0,0,0,0,35004,0,2043,0,2,35651720,32768,268435968,0,0,0,-1,-1
63781,Mawsworn Battle Plans,,42773,92685,0,-1,0,0,0,0,0,0,0,0,0,0,35005,0,2043,0,2,35651720,32768,268435968,0,0,0,-1,-1
63782,Mawsworn Rituals,,42774,90234,0,-1,0,0,0,0,0,0,0,0,0,0,35006,0,2043,0,2,35651720,32768,268435968,0,0,0,-1,-1
63783,Anima Reclamation,,42775,90234,0,-1,0,0,0,0,0,0,0,0,0,0,35007,0,2043,0,2,35651720,32768,268435968,0,0,0,-1,-1
63784,Gold's No Object,,42776,90234,0,-1,0,0,0,0,0,0,0,0,0,0,35035,0,2043,0,2,35651976,32768,268435968,0,0,0,-1,-1
63785,Continued Efforts: Seeker's Quorum,,42777,92685,0,-1,0,0,0,0,0,0,0,0,0,0,35031,0,2043,0,2,36700296,32768,268435968,0,0,0,-1,-1
63786,Sweep the Windswept Aerie,,42778,92685,0,-1,0,0,0,0,0,0,0,0,0,0,35010,0,2043,0,2,35651720,32768,268435968,0,0,0,-1,-1
63787,Continued Efforts: Mauler's Outlook,,42779,90234,0,-1,0,0,0,0,0,0,0,0,0,0,35011,0,2043,0,2,35651720,32768,268435968,0,0,0,-1,-1
63788,Continued Efforts: Sanctuary of Guidance,,42780,90234,0,-1,0,0,0,0,0,0,0,0,0,0,35012,0,2043,0,2,35651720,32768,268435968,0,0,0,-1,-1
63789,Continued Efforts: Scholar's Den,,42781,90234,0,-1,0,0,0,0,0,0,0,0,0,0,35013,0,2043,0,2,35651720,32768,268435968,0,0,0,-1,-1
63790,Broker's Bounty: Lord Azzorak,,42782,90234,0,-1,0,0,0,0,0,0,0,0,0,0,35014,1,2043,0,2,169869448,32768,268435968,0,0,0,-1,-1
63791,Broker's Bounty: Valdinar the Curseborn,,42783,90234,0,-1,0,0,0,0,0,0,0,0,0,0,35015,1,2043,0,2,169869448,32768,268435968,0,0,0,-1,-1
63792,Broker's Bounty: Nocturnus the Unraveler,,42784,90234,0,-1,0,0,0,0,0,0,0,0,0,0,35016,1,2043,0,2,169869448,32768,268435968,0,0,0,-1,-1
63793,Broker's Bounty: Ensydius the Defiler,,42785,90234,0,-1,0,0,0,0,0,0,0,0,0,0,35017,1,2043,0,2,169869448,32768,268435968,0,0,0,-1,-1
63794,Broker's Bounty: Hungering Behemoth,,42786,90234,0,-1,0,0,0,0,0,0,0,0,0,0,35018,1,2043,0,2,169869704,32768,268435968,0,0,0,-1,-1
63819,Revendreth Wrapper Complete,,42853,0,0,-1,0,0,0,0,0,0,0,0,0,0,0,0,2043,0,3,33555456,0,0,0,0,0,-1,-1
63820,Bastion Wrapper Complete,,42854,0,0,-1,0,0,0,0,0,0,0,0,0,0,0,0,2043,0,3,33555456,0,8,0,0,0,-1,-1
63821,Ardenweald Wrapper Complete,,42855,0,0,-1,0,0,0,0,0,0,0,0,0,0,0,0,2043,0,3,33555456,0,8,0,0,0,-1,-1
63822,Venthyr Assault,,42856,91495,0,-1,0,0,0,0,0,0,0,0,0,0,34778,268,2060,0,3,6881600,532480,268435456,0,0,0,-1,-1
63823,Night Fae Assault,,42857,91090,0,-1,0,0,0,0,0,0,0,0,0,0,34774,268,2060,0,3,6881600,532480,268435456,0,0,0,-1,-1
63824,Kyrian Assault,,42858,91090,0,-1,0,0,0,0,0,0,0,0,0,0,34776,268,2060,0,3,40436032,532480,268435456,0,0,0,-1,-1
63850,Tracking - Small Consoles,,42883,0,0,-1,0,0,0,0,0,0,0,0,0,0,0,265,2057,0,3,34148352,0,268447744,0,0,0,-1,-1
63934,Assail Mail,,42965,90234,0,-1,0,0,0,0,0,0,0,0,0,0,35022,0,2043,0,2,35651720,32768,268435968,0,0,0,-1,-1
63935,Precious Roots,,42966,90234,0,-1,0,0,0,0,0,0,0,0,0,0,35023,0,2043,0,2,35651720,32768,268435968,0,0,0,-1,-1
63936,Devoured Anima,,42967,90234,0,-1,0,0,0,0,0,0,0,0,0,0,35024,0,2043,0,2,35651720,32768,268435968,0,0,0,-1,-1
63937,"Nasty, Big, Pointy Teeth",,42968,92685,0,-1,0,0,0,0,0,0,0,0,0,0,35025,0,2043,0,2,35651720,32768,268435968,0,0,0,-1,-1
63938,Gorm Grown: Black [DNT],,42969,0,0,-1,0,0,0,0,0,0,0,0,0,0,0,0,2043,0,3,33555456,0,8,0,0,0,-1,-1
63939,Gorm Grown: Blue [DNT],,42970,0,0,-1,0,0,0,0,0,0,0,0,0,0,0,0,2043,0,3,33555456,0,8,0,0,0,-1,-1
63940,Gorm Grown: Green [DNT],,42971,0,0,-1,0,0,0,0,0,0,0,0,0,0,0,0,2043,0,3,33555456,0,8,0,0,0,-1,-1
63941,Gorm Grown: Purple [DNT],,42972,0,0,-1,0,0,0,0,0,0,0,0,0,0,0,0,2043,0,3,33555456,0,8,0,0,0,-1,-1
63942,Gorm Grown: White [DNT],,42973,0,0,-1,0,0,0,0,0,0,0,0,0,0,0,0,2043,0,3,33555456,0,8,0,0,0,-1,-1
63943,Gorm Grown: Yellow [DNT],,42974,0,0,-1,0,0,0,0,0,0,0,0,0,0,0,0,2043,0,3,35652608,0,8,0,0,0,-1,-1
63949,Shaping Fate,,43017,0,0,-1,0,0,0,0,0,0,0,0,0,0,0,0,2043,0,2,33587272,0,268435968,63902,0,0,-1,-1
63950,Razorwing Talons,,42981,90234,0,-1,0,0,0,0,0,0,0,0,0,0,35026,0,2043,0,2,35651720,32768,268435968,0,0,0,-1,-1
63953,Korrak's Revenge,,53365,0,0,-1,0,0,0,0,0,0,0,0,0,0,19885,283,973,0,3,34144256,0,268435456,0,0,0,-1,-1
63954,Sealed Secrets,,42985,90234,0,-1,0,0,0,0,0,0,0,0,0,0,35037,0,2043,0,2,35651720,32768,268435968,0,0,0,-1,-1
63955,Sealed Secrets,,42986,90234,0,-1,0,0,0,0,0,0,0,0,0,0,35062,0,2043,0,2,35651720,32768,268435968,0,0,0,-1,-1
63956,Sealed Secrets,,42987,90234,0,-1,0,0,0,0,0,0,0,0,0,0,35061,0,2043,0,2,35651720,32768,268435968,0,0,0,-1,-1
63957,Observational Records,,42988,90234,0,-1,0,0,0,0,0,0,0,0,0,0,35065,0,2043,0,2,35651720,32768,268435968,0,0,0,-1,-1
63958,Observational Records,,42989,90234,0,-1,0,0,0,0,0,0,0,0,0,0,35066,0,2043,0,2,35651720,32768,268435968,0,0,0,-1,-1
63959,Observational Records,,42990,90234,0,-1,0,0,0,0,0,0,0,0,0,0,35068,0,2043,0,2,35651720,32768,268435968,0,0,0,-1,-1
63960,Observational Records,,42991,90234,0,-1,0,0,0,0,0,0,0,0,0,0,35067,0,2043,0,2,35651720,32768,268435968,0,0,0,-1,-1
63961,Sealed Secrets,,42992,90234,0,-1,0,0,0,0,0,0,0,0,0,0,35063,0,2043,0,2,35651720,32768,268435968,0,0,0,-1,-1
63962,Observational Records,,42993,90234,0,-1,0,0,0,0,0,0,0,0,0,0,35069,0,2043,0,2,35651720,32768,268435968,0,0,0,-1,-1
63963,Broker's Bounty: Ripmaul,,42994,90234,0,-1,0,0,0,0,0,0,0,0,0,0,35076,1,2043,0,2,35651720,32768,268435968,0,0,0,-1,-1
63964,Broker's Bounty: Grimtalon,,42995,90234,0,-1,0,0,0,0,0,0,0,0,0,0,35077,1,2043,0,2,35651720,32768,268435968,0,0,0,-1,-1
63965,Razorwing Egg Rescue,,42996,92685,0,-1,0,0,0,0,0,0,0,0,0,0,35029,0,2043,0,2,35651720,32768,268435968,0,0,0,-1,-1
63989,Oozing with Character,,43019,92685,0,-1,0,0,0,0,0,0,0,0,0,0,35034,0,2043,0,2,39846024,40960,268435968,0,0,0,-1,-1
64015,Into the Meat Grinder,,43042,92685,0,-1,0,0,0,0,0,0,0,0,0,0,35025,0,2043,0,2,39846024,40960,268435968,0,0,0,-1,-1
64016,Oozing with Character,,43043,92685,0,-1,0,0,0,0,0,0,0,0,0,0,35120,0,2043,0,2,39846024,40960,268435968,0,0,0,-1,-1
64017,Oozing with Character,,43044,92685,0,-1,0,0,0,0,0,0,0,0,0,0,35119,0,2043,0,2,39846024,40960,268435968,0,0,0,-1,-1
64018,The Weight of Stone,,43045,92685,0,-1,0,0,0,0,0,0,0,0,0,0,35010,0,2043,0,2,39846024,40960,268435968,0,0,0,-1,-1
64040,"Once More, with Healing",,43064,92685,0,-1,0,0,0,0,0,0,0,0,0,186445,35032,0,2043,0,2,35651720,32768,268435968,63727,0,0,-1,-1
64043,We Need a Healer - You!,,43066,92685,0,-1,0,0,0,0,0,0,0,0,0,186448,35033,0,2043,0,2,35782792,32768,268435968,0,0,0,-1,-1
64065,Local Reagents,,43078,92685,0,-1,0,0,0,0,0,0,0,0,0,0,35034,0,2043,0,2,35651720,32768,268435968,0,0,0,-1,-1
64070,Staying Scrappy,,43082,92685,0,-1,0,0,0,0,0,0,0,0,0,0,35028,0,2043,0,2,35651720,32768,268435968,0,0,0,-1,-1
64080,Down to Earth,,43104,92685,0,-1,0,0,0,0,0,0,0,0,0,186474,35031,0,2043,0,2,39977096,40960,268435968,0,0,0,-1,-1
64089,Teas and Tinctures,,43110,92685,0,-1,0,0,0,0,0,0,0,0,0,0,35038,0,2043,0,2,35651720,32768,268435968,0,0,0,-1,-1
64101,The Proper Procedures,,43120,90234,0,-1,0,0,0,0,0,0,0,0,0,0,35036,0,2043,0,2,35651720,32768,268435968,0,0,0,-1,-1
64103,Old Tricks Work Best,,43123,93336,0,-1,0,0,0,0,0,0,0,0,0,0,35027,0,2043,0,2,35651720,32768,268435968,0,0,0,-1,-1
64104,Think of the Critters,,43124,92685,0,-1,0,0,0,0,0,0,0,0,0,186561,35029,0,2043,0,2,39977096,40960,268435968,0,0,0,-1,-1
64129,Charge of the Wild Hunt,,43146,92685,0,-1,0,0,0,0,0,0,0,0,0,0,35002,0,2043,0,2,39977096,40960,268435968,0,0,0,-1,-1
64131,Tracking Quest,,43148,0,0,-1,0,0,0,0,0,0,0,0,0,0,0,265,807,0,3,33619968,0,0,0,0,0,-1,-1
64138,Tracking Quest,,43155,0,0,-1,0,0,0,0,0,0,0,0,0,0,0,265,807,0,3,33619968,0,0,0,0,0,-1,-1
64166,Random Memory Access,,43176,92685,0,-1,0,0,0,0,0,0,0,0,0,186672,35003,0,2043,0,2,35782792,32768,268435968,0,0,0,-1,-1
64194,War Prototype,,43196,92685,0,-1,0,0,0,0,0,0,0,0,0,0,35033,0,2043,0,2,39977096,40960,268435968,0,0,0,-1,-1
64211,Doorway in the Dark,,43212,91338,0,-1,0,0,0,0,0,0,0,0,0,0,0,0,2043,0,2,34603008,0,268435968,63593,0,0,-1321907123,1427461461
64212,Doorway in the Dark,,43212,91338,0,-1,0,0,0,0,0,0,0,0,0,0,0,0,2043,0,2,34603008,0,268435968,63593,0,0,1309324210,-1440044374
64240,Flight of the Kyrian,,43237,92685,0,-1,0,0,0,0,0,0,0,0,0,0,35032,0,2043,0,2,39977096,40960,268435968,0,0,0,-1,-1
64253,Revendreth Quests Complete,,43250,0,0,-1,0,0,0,0,0,0,0,0,0,0,34778,0,2043,0,3,33555456,0,0,0,0,0,-1,-1
64271,A More Civilized Way,,43264,92685,0,-1,0,0,0,0,0,0,0,0,0,0,35005,0,2043,0,2,39846024,40960,268435968,0,0,0,-1,-1
64273,Containing the Helsworn,,43266,91638,0,-1,0,0,0,0,0,0,0,0,0,0,35386,136,2043,0,3,2687232,0,268435968,0,0,0,-1,-1
64274,Tracking Quest,,43267,0,0,-1,0,0,0,0,0,0,0,0,0,0,0,265,2043,0,3,34144320,0,0,0,0,0,-1,-1
64376,Hidden Quest,,43360,0,0,-1,0,0,0,0,0,0,0,0,0,0,0,265,2043,0,3,34144320,0,268435456,0,0,0,-1,-1
64430,Spill the Tea,,43414,92685,0,-1,0,0,0,0,0,0,0,0,0,0,35038,0,2043,0,2,39977096,40960,268435968,0,0,0,-1,-1
64432,Strength to Weakness,,43415,92685,0,-1,0,0,0,0,0,0,0,0,0,0,35028,0,2043,0,2,39846024,40960,268435968,0,0,0,-1,-1
64510,Peter's Test Task,,43493,0,0,-1,0,0,0,0,0,0,0,0,0,0,0,0,1,0,3,34144256,131072,268697600,0,0,0,-1,-1
64531,Mor'geth,,43514,97648,0,-1,1,0,0,0,0,0,0,0,0,0,35388,112,2060,0,3,36241728,0,268435456,57559,62706,0,-1,-1
64554,Venthyr Assault,,43536,92530,0,-1,0,0,0,0,0,0,0,0,0,0,34778,268,2060,0,3,4784448,532480,268435456,0,0,0,-1,-1
64560,Anima Reclamation,,43542,92561,0,-1,0,0,0,0,0,0,0,0,0,0,0,0,2043,0,2,33554568,32768,268435968,64555,0,0,-1,-1
64561,Observational Records,,43543,92561,0,-1,0,0,0,0,0,0,0,0,0,0,0,0,2043,0,2,33554568,32768,268435968,64555,0,0,-1,-1
64562,We Need a Healer - You!,,43544,92561,0,-1,0,0,0,0,0,0,0,0,0,187504,0,0,2043,0,2,33685640,32768,268435968,64555,0,0,-1,-1
64579,Hollow Efforts,,43559,94636,0,-1,0,0,0,0,0,0,0,0,0,187516,35794,0,2057,0,2,304087304,32768,268435968,0,0,0,-1,-1
64592,Historic Protection,,43572,94757,0,-1,0,0,0,0,0,0,0,0,0,0,35967,1,2057,0,2,39846152,40960,268435968,0,0,0,-1,-1
64641,Mysterious Greenery,,43621,94758,0,-1,0,0,0,0,0,0,0,0,0,0,0,0,2057,0,2,37748744,8192,268435968,0,0,0,-1,-1
64717,Materials of Creation,,43696,94636,0,-1,0,0,0,0,0,0,0,0,0,187516,35793,0,2057,0,2,308281608,40960,268435968,0,0,0,-1,-1
64768,Lightsprocket's Artifact Hunt,,43744,99239,0,-1,0,0,0,0,0,0,0,0,0,0,37603,109,2272,0,3,40436096,8192,0,0,0,0,-1,-1
64771,Enlightened Exodus,,43748,95904,0,-1,0,0,0,0,0,0,0,0,0,0,0,0,2057,0,2,33554696,4194304,268435968,64958,0,0,-1,-1
64785,Overgrown Story,,43762,94636,0,-1,0,0,0,0,0,0,0,0,0,187684,35792,0,2057,0,2,308281608,40960,268435968,0,0,0,-1,-1
64850,Traversing Torghast,,43827,86994,0,-1,1,0,0,0,0,0,0,0,0,0,0,0,1707,0,2,40898816,0,268435976,0,0,0,-1,-1
64854,Trappings of Success,,43831,94636,0,-1,0,0,0,0,0,0,0,0,0,187684,35667,0,2057,0,2,308281608,40960,268435968,0,0,0,-1,-1
64861,Kismetric Disc,,43836,0,0,-1,0,0,0,0,0,0,0,0,0,187792,0,0,2057,0,2,39845888,8192,268435968,0,0,0,-1,-1
64960,Feed the Annelids,,43923,95162,0,-1,0,0,0,0,0,0,0,0,0,0,35795,109,2057,0,3,37421056,8192,268435456,0,0,0,-1,-1
64964,Choose Your Fighter,,43927,94636,0,-1,0,0,0,0,0,0,0,0,0,0,35796,0,2057,0,2,39846152,40960,268435968,0,0,0,-1,-1
64974,"Clean Up, Automa Aisle",,43933,95162,0,-1,0,0,0,0,0,0,0,0,0,0,35797,109,2057,0,3,40435712,8192,268435456,0,0,0,-1,-1
64977,Step Into the Ring,,43935,94636,0,-1,0,0,0,0,0,0,0,0,0,0,35798,0,2057,0,2,35651592,32768,268435968,0,0,0,-1,-1
65027,Tracking Quest,,43977,0,0,-1,0,0,0,0,0,0,0,0,0,0,0,0,0,0,3,33621256,0,8,0,0,0,-1,-1
65028,Tracking Quest,,43978,0,0,-1,0,0,0,0,0,0,0,0,0,0,0,0,0,0,3,33621256,0,8,0,0,0,-1,-1
65053,Giant Lungcap,,44001,93633,0,-1,0,0,0,0,0,0,0,0,0,0,32041,272,2060,0,3,36245504,524288,268447744,0,0,0,-1,-1
65054,Training Dummies,,44002,93634,0,-1,0,0,0,0,0,0,0,0,0,0,32041,272,2060,0,3,36245504,524288,268447744,0,0,0,-1,-1
65055,Protective Braziers,,44003,93635,0,-1,0,0,0,0,0,0,0,0,0,0,32041,272,2060,0,3,36245504,524288,268447744,0,0,0,-1,-1
65056,Stop the Slip,,44004,93636,0,-1,0,0,0,0,0,0,0,0,0,0,32041,272,2060,0,3,36245504,524288,268447744,0,0,0,-1,-1
65072,Not Safe for Work,,44020,94636,0,-1,0,0,0,0,0,0,0,0,0,0,35695,0,2057,0,2,6291720,40960,268435968,0,0,0,-1,-1
65081,An Apple A Day,,44029,95162,0,-1,0,0,0,0,0,0,0,0,0,0,35689,109,2057,0,3,40435712,8192,268435456,0,0,0,-1,-1
65089,Frog'it,,44037,95162,0,-1,0,0,0,0,0,0,0,0,0,187987,35691,109,2057,0,3,6881280,8192,268435456,0,0,0,-1,-1
65096,Your Death Or Mine,,44042,94636,0,-1,0,0,0,0,0,0,0,0,0,0,35696,0,2057,0,2,6291720,40960,268435968,0,0,0,-1,-1
65102,Fish Eyes,,44048,95162,0,-1,0,0,0,0,0,0,0,0,0,187999,35698,109,2057,0,3,6881280,8192,268435456,0,0,0,-1,-1
65115,Researching the Solution,,44058,95162,0,-1,0,0,0,0,0,0,0,0,0,0,35699,109,2057,0,3,6881280,8192,268435456,0,0,0,-1,-1
65117,Bad Samples,,44060,95162,0,-1,0,0,0,0,0,0,0,0,0,0,35702,109,2057,0,3,40435712,8192,268435456,0,0,0,-1,-1
65119,Automa Ops,,44062,95730,0,-1,0,0,0,0,0,0,0,0,0,0,35711,109,2057,0,3,40435712,8192,268435456,0,0,0,-1,-1
65121,Friend of a Friend: Baroness Vashj,,44064,93838,0,-1,0,0,0,0,0,0,0,0,0,0,0,0,2060,0,0,0,0,268435968,0,0,0,-1,-1
65123,Friend of a Friend: Lady Moonberry,,44066,93839,0,-1,0,0,0,0,0,0,0,0,0,0,0,0,2060,0,0,0,0,268435968,0,0,0,-1,-1
65124,Friend of a Friend: Mikanikos,,44067,93840,0,-1,0,0,0,0,0,0,0,0,0,0,0,0,2060,0,0,0,0,268435968,0,0,0,-1,-1
65126,Friend of a Friend: The Countess,,44068,93841,0,-1,0,0,0,0,0,0,0,0,0,0,0,0,2060,0,0,0,0,268435968,0,0,0,-1,-1
65128,Friend of a Friend: Alexandros Mograine,,44069,93842,0,-1,0,0,0,0,0,0,0,0,0,0,0,0,2060,0,0,0,0,268435968,0,0,0,-1,-1
65129,Friend of a Friend: Hunt-Captain Korayn,,44070,93843,0,-1,0,0,0,0,0,0,0,0,0,0,0,0,2060,0,0,0,0,268435968,0,0,0,-1,-1
65130,Friend of a Friend: Polemarch Adrestes,,44071,93844,0,-1,0,0,0,0,0,0,0,0,0,0,0,0,2060,0,0,0,0,268435968,0,0,0,-1,-1
65131,Friend of a Friend: Rendle and Cudgelface,,44072,93845,0,-1,0,0,0,0,0,0,0,0,0,0,0,0,2060,0,0,0,0,268435968,0,0,0,-1,-1
65132,Friend of a Friend: Choofa,,44073,93846,0,-1,0,0,0,0,0,0,0,0,0,0,0,0,2060,0,0,0,0,268435968,0,0,0,-1,-1
65134,Friend of a Friend: Cryptkeeper Kassir,,44075,93847,0,-1,0,0,0,0,0,0,0,0,0,0,0,0,2060,0,0,0,0,268435968,0,0,0,-1,-1
65135,Friend of a Friend: Droman Aliothe,,44076,93848,0,-1,0,0,0,0,0,0,0,0,0,0,0,0,2060,0,0,0,0,268435968,0,0,0,-1,-1
65136,Friend of a Friend: Grandmaster Vole,,44077,93849,0,-1,0,0,0,0,0,0,0,0,0,0,0,0,2060,0,0,0,0,268435968,0,0,0,-1,-1
65137,Friend of a Friend: Kleia and Pelagos,,44078,93850,0,-1,0,0,0,0,0,0,0,0,0,0,0,0,2060,0,0,0,0,268435968,0,0,0,-1,-1
65138,Friend of a Friend: Plague Deviser Marileth,,44079,93851,0,-1,0,0,0,0,0,0,0,0,0,0,0,0,2060,0,0,0,0,268435968,0,0,0,-1,-1
65140,Friend of a Friend: Sika,,44081,93852,0,-1,0,0,0,0,0,0,0,0,0,0,0,0,2060,0,0,0,0,268435968,0,0,0,-1,-1
65141,Friend of a Friend: Stonehead,,44082,93853,0,-1,0,0,0,0,0,0,0,0,0,0,0,0,2060,0,0,0,0,268435968,0,0,0,-1,-1
65142,Portal Play,,44083,94636,0,-1,0,0,0,0,0,0,0,0,0,188170,35774,0,2057,0,2,308281608,40960,268435968,0,0,0,-1,-1
65143,Antros,,44084,98721,0,-1,0,0,0,0,0,0,0,0,0,0,35732,112,2060,0,3,36241728,0,268435456,57559,0,0,-1,-1
65152,A Hardened Bond,,44093,70104,0,-1,0,0,0,0,0,0,0,0,0,0,0,0,837,0,0,39845896,8192,268435968,62406,0,0,-1,-1
65165,Soul Support,,44100,94036,0,-1,131073,0,0,0,0,0,0,0,0,0,0,0,837,0,0,39845896,8192,268435968,62848,60049,0,-1,-1
65177,Fruit of the Bloom,,44110,94636,0,-1,0,0,0,0,0,0,0,0,0,0,35799,0,2057,0,2,35651592,32768,268435968,0,0,0,-1,-1
65226,Fleet-Footed and Fastidious,,44152,94636,0,-1,0,0,0,0,0,0,0,0,0,0,35783,0,2057,0,2,39846152,40960,268435968,0,0,0,-1,-1
65230,Bot-any,,44155,95162,0,-1,0,0,0,0,0,0,0,0,0,0,35779,109,2057,0,3,6881280,8192,268435456,0,0,0,-1,-1
65231,Plundered Knowledge,,44156,95162,0,-1,0,0,0,0,0,0,0,0,0,0,35781,111,2057,0,3,36241408,0,268435456,0,0,0,-1,-1
65232,Annelid-ilation,,44157,95162,0,-1,0,0,0,0,0,0,0,0,0,0,35782,109,2057,0,3,6881280,8192,268435456,0,0,0,-1,-1
65234,Sweet On Them,,44159,95162,0,-1,0,0,0,0,0,0,0,0,0,0,35784,109,2057,0,3,40435712,8192,268435456,0,0,0,-1,-1
65244,Devourable,,44169,95162,0,-1,0,0,0,0,0,0,0,0,0,0,35813,109,2057,0,3,6881280,8192,268435456,0,0,0,-1,-1
65249,The Jailer's Defeat,,44173,95663,0,-1,0,0,0,0,0,0,0,0,0,0,0,0,2057,0,2,33554688,4194304,268960256,0,0,0,-1,-1
65252,Stomp It Now,,44176,95162,0,-1,0,0,0,0,0,0,0,0,0,0,35817,109,2057,0,3,6881280,8192,268435456,0,0,0,-1,-1
65255,Forcing the Cycle,,44177,94636,0,-1,0,0,0,0,0,0,0,0,0,0,35862,0,2057,0,2,39846152,40960,268435968,0,0,0,-1,-1
65256,"Cluck, Cluck, Boom",,44178,94636,0,-1,0,0,0,0,0,0,0,0,0,188697,35818,0,2057,0,2,35651592,32768,268435968,0,0,0,-1,-1
65262,Save the Vombata,,44183,95162,0,-1,0,0,0,0,0,0,0,0,0,0,35831,109,2057,0,3,40435712,8192,268435456,0,0,0,-1,-1
65264,Operation: Relocation,,44185,94636,0,-1,0,0,0,0,0,0,0,0,0,0,35834,0,2057,0,2,35782664,32768,268435968,0,0,0,-1,-1
65265,Buried Remnants,,44186,94636,0,-1,0,0,0,0,0,0,0,0,0,0,35835,0,2057,0,2,35651848,32768,268435968,0,0,0,-1,-1
65268,Bzzzzt!,,44190,94636,0,-1,0,0,0,0,0,0,0,0,0,188788,35863,0,2057,0,2,39846152,40960,268435968,0,0,0,-1,-1
65269,Obvious Plant,,44191,94636,0,-1,0,0,0,0,0,0,0,0,0,0,35839,0,2057,0,2,35651592,32768,268435968,0,0,0,-1,-1
65325,Motes of Knowledge,,44242,94757,0,-1,0,0,0,0,0,0,0,0,0,0,35974,0,2057,0,2,6291720,40960,268435968,0,0,0,-1,-1
65326,Circle of Strife,,44243,94757,0,-1,0,0,0,0,0,0,0,0,0,0,35954,0,2057,0,2,6291720,40960,268435968,0,0,0,-1,-1
65356,Tracking Quest,,44273,0,0,-1,0,0,0,0,0,0,0,0,0,0,0,265,2057,0,3,34144576,0,0,0,0,0,-1,-1
65362,Not of the Body,,44279,94757,0,-1,0,0,0,0,0,0,0,0,0,189449,35977,0,2057,0,2,6291720,40960,268435968,0,0,0,-1,-1
65363,Dangerous State,,44280,94757,0,-1,0,0,0,0,0,0,0,0,0,0,35980,0,2057,0,2,6291720,40960,268435968,0,0,0,-1,-1
65364,Super Jiro,,44281,94757,0,-1,0,0,0,0,0,0,0,0,0,0,35982,0,2057,0,2,6291720,40960,268435968,0,0,0,-1,-1
65402,Pattern Recognition,,44319,93710,0,-1,0,0,0,0,0,0,0,0,0,0,35985,109,2057,0,3,6881344,8192,268435456,0,0,0,-1,-1
65403,Puzzling Situation,,44320,93710,0,-1,0,0,0,0,0,0,0,0,0,0,35986,109,2057,0,3,6881344,8192,268435456,0,0,0,-1,-1
65404,Puzzling It Out,,44321,93710,0,-1,0,0,0,0,0,0,0,0,0,0,35987,109,2057,0,3,6881344,8192,268435456,0,0,0,-1,-1
65405,Perplexing Problem,,44322,93710,0,-1,0,0,0,0,0,0,0,0,0,0,35996,109,2057,0,3,6881344,8192,268435456,0,0,0,-1,-1
65406,Connecting It All,,44323,93710,0,-1,0,0,0,0,0,0,0,0,0,0,35989,109,2057,0,3,6881344,8192,268435456,0,0,0,-1,-1
65407,Pattern Recognition,,44324,93710,0,-1,0,0,0,0,0,0,0,0,0,0,35990,109,2057,0,3,6881344,8192,268435456,0,0,0,-1,-1
65408,Pattern Recognition,,44325,93710,0,-1,0,0,0,0,0,0,0,0,0,0,35991,109,2057,0,3,6881344,8192,268435456,0,0,0,-1,-1
65410,Puzzling Situation,,44326,93710,0,-1,0,0,0,0,0,0,0,0,0,0,35992,109,2057,0,3,6881344,8192,268435456,0,0,0,-1,-1
65411,Puzzling Situation,,44327,93710,0,-1,0,0,0,0,0,0,0,0,0,0,35993,109,2057,0,3,6881344,8192,268435456,0,0,0,-1,-1
65412,Puzzling It Out,,44328,93710,0,-1,0,0,0,0,0,0,0,0,0,0,35994,109,2057,0,3,6881344,8192,268435456,0,0,0,-1,-1
65413,Puzzling It Out,,44329,93710,0,-1,0,0,0,0,0,0,0,0,0,0,35995,109,2057,0,3,6881344,8192,268435456,0,0,0,-1,-1
65414,Perplexing Problem,,44330,93710,0,-1,0,0,0,0,0,0,0,0,0,0,35997,109,2057,0,3,6881344,8192,268435456,0,0,0,-1,-1
65415,Perplexing Problem,,44331,93710,0,-1,0,0,0,0,0,0,0,0,0,0,35998,109,2057,0,3,6881344,8192,268435456,0,0,0,-1,-1
65416,Connecting It All,,44332,93710,0,-1,0,0,0,0,0,0,0,0,0,0,35999,109,2057,0,3,6881344,8192,268435456,0,0,0,-1,-1
65417,Connecting It All,,44333,93710,0,-1,0,0,0,0,0,0,0,0,0,0,36047,109,2057,0,3,6881344,8192,268435456,0,0,0,-1,-1
65445,Necessary Resourcing,,44362,94757,0,-1,0,0,0,0,0,0,0,0,0,0,36072,0,2057,0,2,39846152,40960,268435968,0,0,0,-1,-1
65599,Merl,,44510,95476,0,-1,0,0,0,0,0,0,0,0,0,0,36178,0,2152,0,3,34144704,0,4096,0,0,0,-1,-1
65735,WANTED: Custos,,44642,95904,0,-1,0,0,0,0,0,0,0,0,0,0,0,1,2057,0,2,39845888,8192,268435968,64958,0,0,-1,-1
65748,You Supply the Effort,,44655,95904,0,-1,0,0,0,0,0,0,0,0,0,0,0,0,2057,0,2,37748744,8192,268435968,64958,0,0,-1,-1
65749,The Necessity Of Equipment,,44656,0,0,-1,0,0,0,0,0,0,0,0,0,0,0,0,2057,0,2,37748744,8192,268435968,64230,0,0,-1,-1
65841,Stop the Spread,,44745,96259,0,-1,0,0,0,0,0,0,0,0,0,0,0,0,2313,0,3,35192832,0,512,0,0,0,-1,-1
65889,Lost Relics,,44792,99309,0,-1,0,0,0,0,0,0,0,0,0,0,36363,109,2437,0,3,34144512,0,0,0,0,0,-1,-1
65892,The Sundered Asunder,,44795,105254,0,-1,0,0,0,0,0,0,0,0,0,0,0,0,2262,0,3,34144256,0,512,0,0,0,-1,-1
65941,Rockcrush,,44845,0,0,-1,0,0,0,0,0,0,0,0,0,0,36393,0,2153,0,3,34144256,0,0,0,0,0,-1,-1
65994,Djaradin Djustice,,44894,100605,0,-1,1,0,0,0,0,0,0,0,0,0,0,0,2297,0,3,34144256,0,0,65989,65990,0,-1,-1
66004,Galgresh,,44904,0,0,-1,0,0,0,0,0,0,0,0,0,0,0,0,2152,0,3,34148352,0,0,0,0,0,-1,-1
66042,Patterns Within Patterns,,44942,0,0,-1,0,0,0,0,0,0,0,0,0,0,0,0,2057,0,2,37781576,8192,268436232,64230,0,0,-1,-1
66070,Brightblade's Bones,,44970,99239,0,-1,0,0,0,0,0,0,0,0,0,0,37602,109,2266,0,3,40436096,8192,0,0,0,0,-1,-1
66074,Primal Scythid Queen,,44974,0,0,-1,0,0,0,0,0,0,0,0,0,0,0,0,2307,0,3,34144512,0,0,0,0,0,-1,-1
66117,Clear the Battlefield,,45016,97698,0,-1,0,0,0,0,0,0,0,0,0,0,0,0,2279,0,3,38338560,8192,0,0,0,0,-1,-1
66133,Keys of Loyalty,,45032,99309,0,-1,1,0,0,0,0,0,0,0,0,0,0,111,2287,0,3,5865792,8192,0,66419,66802,0,-1,-1
66192,Securing the Area: Winterpelt Hollow,,45093,0,0,-1,0,0,0,0,0,0,0,0,0,0,36455,0,2153,0,3,622592,0,0,0,0,0,-1,-1
66194,Research 103 - Decaying Conditions,,45095,96521,0,-1,0,0,0,0,0,0,0,0,0,0,36461,109,2151,0,3,590080,0,0,0,0,0,-1,-1
66200,Walking Digsites,,45100,96521,0,-1,0,0,0,0,0,0,0,0,0,0,36461,136,2151,0,3,590080,0,0,0,0,0,-1,-1
66203,Wash Over Them,,45103,99309,0,-1,1,0,0,0,0,0,0,0,0,0,37947,109,2287,0,3,39911688,8192,0,0,0,0,-1,-1
66220,Lost Relics 2,,45120,95476,0,-1,0,0,0,0,0,0,0,0,0,0,36363,109,2152,0,3,34144256,0,0,0,0,0,-1,-1
66356,Irontree,,45255,0,0,-1,0,0,0,0,0,0,0,0,0,0,0,0,2152,0,3,34144512,0,0,0,0,0,-1,-1
66419,Allegiance to One,,45317,104361,0,-1,0,0,0,0,0,0,0,0,0,0,0,111,2287,0,3,41517312,8192,0,65793,0,0,-1,-1
66421,The Storm Scar,,45319,0,0,-1,1,0,0,0,0,0,0,0,0,0,0,0,2505,0,3,38338560,8192,0,66331,0,0,-1,-1
66551,The Terrible Three,,45440,132429,0,-1,0,0,0,0,0,0,0,0,0,0,37865,115,2437,0,3,34144512,0,0,0,0,0,-1,-1
66574,A Drop of Trouble,,45465,21439,0,-1,0,0,0,0,0,0,0,0,0,0,0,0,2266,0,3,34144256,0,0,66481,0,0,-1,-1
66576,Land Reclamation,,45466,21439,0,-1,0,0,0,0,0,0,0,0,0,0,0,0,2266,0,3,34144256,0,0,66481,0,0,-1,-1
66588,Swog the Elder,,45475,99309,0,-1,0,0,0,0,0,0,0,0,0,0,36584,115,2437,0,3,590080,0,0,0,0,0,-1,-1
66614,"Valinor, the Light of Eons",,45497,98714,0,-1,1,0,0,0,0,0,0,0,0,0,33483,111,2426,0,3,37290304,0,268435456,57559,62706,0,-1,-1
66615,Nurgash Muckformed,,45498,98714,0,-1,1,0,0,0,0,0,0,0,0,0,33484,111,2426,0,3,37290304,0,268435456,57559,62706,0,-1,-1
66616,Oranomonos the Everbranching,,45499,98714,0,-1,1,0,0,0,0,0,0,0,0,0,33485,111,2426,0,3,37290304,0,268435456,57559,62706,0,-1,-1
66617,Mortanis,,45500,98714,0,-1,1,0,0,0,0,0,0,0,0,0,33486,111,2426,0,3,37290304,0,268435456,57559,62706,0,-1,-1
66618,Mor'geth,,45501,98715,0,-1,1,0,0,0,0,0,0,0,0,0,35388,111,2426,0,3,36241728,0,268435456,57559,62706,0,-1,-1
66619,Antros,,45502,98720,0,-1,0,0,0,0,0,0,0,0,0,0,35732,111,2426,0,3,36241728,0,268435456,57559,0,0,-1,-1
66693,Tempting Fate: Castle Nathria,,45572,97623,0,-1,1,0,0,0,0,0,0,0,0,0,36644,111,837,0,3,36241728,0,268435458,57559,62706,0,-1,-1
66694,Tempting Fate: Sanctum of Domination,,45573,97623,0,-1,1,0,0,0,0,0,0,0,0,0,36643,111,837,0,3,34144576,0,268435458,57559,62706,0,-1,-1
66695,Tempting Fate: Sepulcher of the First Ones,,45574,97623,0,-1,1,0,0,0,0,0,0,0,0,0,36642,111,837,0,3,34144576,0,268435458,57559,62706,0,-1,-1
66696,Tempting Fate: Fate of the Shadowlands,,45575,97625,0,-1,1,0,0,0,0,0,0,0,0,0,36657,111,837,0,3,34144576,0,268435458,57559,62706,0,-1,-1
66718,Gnolls Must Die,,45599,97800,0,-1,0,0,0,0,0,0,0,0,0,0,0,0,2347,0,3,269025280,0,33280,66709,0,0,-1,-1
66802,Tracking Quest,,45639,0,0,-1,0,0,0,0,0,0,0,0,0,0,0,0,0,0,3,33588232,0,8,0,0,0,-1,-1
66805,Keys of Loyalty,,45640,99309,0,-1,1,0,0,0,0,0,0,0,0,0,0,111,2287,0,3,5865792,8192,0,66419,66808,0,-1,-1
66808,Tracking Quest,,45641,0,0,-1,0,0,0,0,0,0,0,0,0,0,0,0,0,0,3,33588232,0,8,0,0,0,-1,-1
66833,Marmoni in Distress,,45656,99309,0,-1,0,0,0,0,0,0,0,0,0,193212,36800,109,2307,0,3,36372736,0,0,0,0,0,-1,-1
66896,Net Income,,45714,99309,0,-1,0,0,0,0,0,0,0,0,0,192191,36864,109,2306,0,3,34275584,0,0,0,0,0,-1,-1
66898,Tracking Quest,,45716,0,0,-1,0,0,0,0,0,0,0,0,0,0,0,0,0,0,3,33559816,0,8,0,0,0,-1,-1
66901,Breaking the World,,0,99270,0,-1,0,0,0,0,0,0,0,0,0,0,36873,0,2287,0,3,5832704,8192,512,0,0,0,-1,-1
66902,Bee-Gone,,45720,99309,0,-1,0,0,0,0,0,0,0,0,0,193064,36875,109,2295,0,3,34275584,0,0,0,0,0,-1,-1
66903,Clearing the Vault,,0,99270,0,-1,0,0,0,0,0,0,0,0,0,0,36816,0,2287,0,3,5832704,8192,512,0,0,0,-1,-1
66934,Break the Breaker,,45732,99309,0,-1,0,0,0,0,0,0,0,0,0,0,36897,109,2297,0,3,34275584,0,0,0,0,0,-1,-1
66956,Dragonhunter Igordan,,45752,0,0,-1,0,0,0,0,0,0,0,0,0,0,0,0,2297,0,3,34144512,0,0,0,0,0,-1,-1
66960,Klozicc the Ascended,,45755,0,0,-1,0,0,0,0,0,0,0,0,0,0,0,0,2280,0,3,34144512,0,0,0,0,0,-1,-1
66970,Ty'foon the Ascended,,45766,0,0,-1,0,0,0,0,0,0,0,0,0,0,0,0,2152,0,3,34144512,0,0,0,0,0,-1,-1
66989,Helpful Harvest,,45784,99309,0,-1,0,0,0,0,0,0,0,0,0,204343,36928,109,2151,0,3,40567040,0,0,0,0,0,-1,-1
67005,How to Train a Proto-Drake,,46700,100571,0,-1,0,0,0,0,0,0,0,0,0,194818,37026,113,2523,0,3,36372736,0,0,0,0,0,-1,-1
67006,Quenching the Flame,,45807,99309,0,-1,0,0,0,0,0,0,0,0,0,0,36946,109,2297,0,3,34275584,0,0,0,0,0,-1,-1
67009,Hornswog Hogwash,,45809,99309,0,-1,0,0,0,0,0,0,0,0,0,193918,36948,109,2151,0,3,40567040,0,0,0,0,0,-1,-1
67010,Boiling Over,,45810,99309,0,-1,0,0,0,0,0,0,0,0,0,0,36947,109,2297,0,3,34275584,0,0,0,0,0,-1,-1
67012,When Riverbeasts Fly,,45812,99309,0,-1,0,0,0,0,0,0,0,0,0,0,36949,109,2151,0,3,40567040,0,0,0,0,0,-1,-1
67014,Gorlocs No More-locs,,45814,99309,0,-1,0,0,0,0,0,0,0,0,0,0,36950,109,2151,0,3,40567040,0,0,0,0,0,-1,-1
67015,Forging the Answer,,0,106162,0,-1,0,0,0,0,0,0,0,0,0,0,36852,0,2287,0,3,7929856,8192,131584,0,0,0,-1,-1
67024,Smoldering Reinforcement,,45821,99309,0,-1,0,0,0,0,0,0,0,0,0,0,36968,109,2151,0,3,40567040,0,0,0,0,0,-1,-1
67026,Hold the Shrine,,45823,99309,0,-1,0,0,0,0,0,0,0,0,0,0,36971,109,2151,0,3,40567040,0,0,0,0,0,-1,-1
67027,Death's Shadow,,0,99270,0,-1,0,0,0,0,0,0,0,0,0,0,36972,0,2287,0,3,5832704,8192,131584,0,0,0,-1,-1
67062,Cascading Conflict,,45855,99309,0,-1,0,0,0,0,0,0,0,0,0,0,37012,109,2302,0,3,40567040,0,0,0,0,0,-1,-1
67113,Excavation Emergency,,45901,99309,0,-1,0,0,0,0,0,0,0,0,0,0,37019,109,2284,0,3,38338816,8192,0,0,0,0,-1,-1
67172,Fishing Hole 01 Unlocked,,45926,0,0,-1,0,0,0,0,0,0,0,0,0,0,0,0,2437,0,3,590848,1,8,0,0,0,-1,-1
67173,Thieving Gnolls,,45927,0,0,-1,0,0,0,0,0,0,0,0,0,0,0,0,2311,0,3,34144512,0,0,0,0,0,-1,-1
67717,Web-Queen Ashkaz,,46035,0,0,-1,0,0,0,0,0,0,0,0,0,0,0,0,2263,0,3,34177024,0,0,0,0,0,-1,-1
67744,Shezra,,46043,0,0,-1,0,0,0,0,0,0,0,0,0,0,0,0,2151,0,3,34144256,0,0,0,0,0,-1,-1
69667,Steamgill,,46427,0,0,-1,0,0,0,0,0,0,0,0,0,0,0,0,2153,0,3,34148608,0,4096,0,0,0,-1,-1
69668,Smogswog the Firebreather,,46428,0,0,-1,0,0,0,0,0,0,0,0,0,0,0,0,2153,0,3,34148608,0,4096,0,0,0,-1,-1
69837,Sunscale Behemoth,,46484,0,0,-1,0,0,0,0,0,0,0,0,0,0,0,0,2152,0,3,34144512,0,0,0,0,0,-1,-1
69838,Amethyzar the Glittering,,46485,0,0,-1,0,0,0,0,0,0,0,0,0,0,0,0,2153,0,3,34148608,0,4096,0,0,0,-1,-1
69839,Azra's Prized Peony,,46486,0,0,-1,0,0,0,0,0,0,0,0,0,0,0,0,2295,0,3,34148608,0,4096,0,0,0,-1,-1
69848,Massive Magmashell,,46492,0,0,-1,0,0,0,0,0,0,0,0,0,0,0,0,2153,0,3,34148608,0,4096,0,0,0,-1,-1
69849,Enraged Steamburst Elemental,,46493,0,0,-1,0,0,0,0,0,0,0,0,0,0,0,0,2152,0,3,34148608,0,0,0,0,0,-1,-1
69850,Woolfang,,46494,0,0,-1,0,0,0,0,0,0,0,0,0,0,0,0,2152,0,3,34148608,0,0,0,0,0,-1,-1
69851,Ripsaw the Stalker,,46495,0,0,-1,0,0,0,0,0,0,0,0,0,0,0,0,2439,0,3,34144512,0,0,0,0,0,-1,-1
69852,Territorial Coastling,,46496,0,0,-1,0,0,0,0,0,0,0,0,0,0,0,0,2439,0,3,34144512,0,0,0,0,0,-1,-1
69854,Solethus' Gravestone,,46498,0,0,-1,0,0,0,0,0,0,0,0,0,0,0,0,2152,0,3,36245760,0,0,0,0,0,-1,-1
69856,Fulgurb,,46500,0,0,-1,0,0,0,0,0,0,0,0,0,0,0,0,2152,0,3,34148608,0,4096,0,0,0,-1,-1
69857,Mikrin of the Raging Winds,,46501,0,0,-1,0,0,0,0,0,0,0,0,0,0,0,0,2078,0,3,34148608,0,4096,0,0,0,-1,-1
69858,Blightfur,,46502,0,0,-1,0,0,0,0,0,0,0,0,0,0,0,0,2311,0,3,34148608,0,0,0,0,0,-1,-1
69859,Sandana the Tempest,,46503,0,0,-1,0,0,0,0,0,0,0,0,0,0,0,0,2153,0,3,34148608,0,4096,0,0,0,-1,-1
69861,Trilvarus Loreweaver,,46505,0,0,-1,0,0,0,0,0,0,0,0,0,0,0,0,2311,0,3,34148608,0,8,0,0,0,-1,-1
69864,Forgotten Creation,,46508,0,0,-1,0,0,0,0,0,0,0,0,0,0,0,0,2311,0,3,34144512,0,0,0,0,0,-1,-1
69865,Scaleseeker Mezeri,,46509,0,0,-1,0,0,0,0,0,0,0,0,0,0,0,0,2152,0,3,34148608,0,0,0,0,0,-1,-1
69866,Phleep,,46510,0,0,-1,0,0,0,0,0,0,0,0,0,0,0,0,2401,0,3,34148608,0,4096,0,0,0,-1,-1
69868,Broodweaver Araznae,,46512,0,0,-1,0,0,0,0,0,0,0,0,0,0,0,0,2153,0,3,34148608,0,4096,0,0,0,-1,-1
69871,Malsegan,,46515,0,0,-1,0,0,0,0,0,0,0,0,0,0,0,0,2152,0,3,34148608,0,4096,0,0,0,-1,-1
69872,"Vakril, the Strongest Tuskarr",,46516,0,0,-1,0,0,0,0,0,0,0,0,0,0,0,0,2311,0,3,34144512,0,0,0,0,0,-1,-1
69873,Henlare,,46517,0,0,-1,0,0,0,0,0,0,0,0,0,0,0,0,2385,0,3,34144512,0,0,0,0,0,-1,-1
69874,Gorjo the Crab Shackler,,46518,0,0,-1,0,0,0,0,0,0,0,0,0,0,0,0,2153,0,3,34148608,0,4096,0,0,0,-1,-1
69875,Eldoren the Reborn,,46519,0,0,-1,0,0,0,0,0,0,0,0,0,0,0,0,2153,0,3,34148608,0,4096,0,0,0,-1,-1
69877,Oshigol,,46521,0,0,-1,0,0,0,0,0,0,0,0,0,0,0,0,2152,0,3,34148608,0,4096,0,0,0,-1,-1
69878,Ronsak the Decimator,,46522,0,0,-1,0,0,0,0,0,0,0,0,0,0,0,0,2258,0,3,34148608,0,4096,0,0,0,-1,-1
69879,Spellwrought Snowman,,46523,0,0,-1,0,0,0,0,0,0,0,0,0,0,0,0,2153,0,3,34148608,0,0,0,0,0,-1,-1
69880,Riverwalker Tamopo,,46524,0,0,-1,0,0,0,0,0,0,0,0,0,0,0,0,2153,0,3,34148608,0,4096,0,0,0,-1,-1
69882,Lord Epochbrgl,,46526,0,0,-1,0,0,0,0,0,0,0,0,0,0,0,0,2152,0,3,34148608,0,0,0,0,0,-1,-1
69883,Matriarch Remalla,,46527,0,0,-1,0,0,0,0,0,0,0,0,0,0,0,0,2078,0,3,34148608,0,4096,0,0,0,-1,-1
69885,Gruffy,,46528,0,0,-1,0,0,0,0,0,0,0,0,0,0,0,0,2153,0,3,34148608,0,4096,0,0,0,-1,-1
69886,Tempestrian,,46529,0,0,-1,0,0,0,0,0,0,0,0,0,0,0,0,2078,0,3,34148608,0,4096,0,0,0,-1,-1
69891,Lepidoralia the Resplendent,,46532,0,0,-1,0,0,0,0,0,0,0,0,0,0,0,0,2078,0,3,34148608,0,0,0,0,0,-1,-1
69892,Grumbletrunk,,46533,0,0,-1,0,0,0,0,0,0,0,0,0,0,0,0,2153,0,3,34148608,0,4096,0,0,0,-1,-1
69895,Summoned Destroyer,,46535,0,0,-1,0,0,0,0,0,0,0,0,0,0,0,0,2311,0,3,34144512,0,0,0,0,0,-1,-1
69913,Towers of Earthen Power,,46553,99309,0,-1,0,0,0,0,0,0,0,0,0,0,37108,109,2437,0,3,40435968,8192,0,0,0,0,-1,-1
69916,Famous Frogs,,46556,99309,0,-1,0,0,0,0,0,0,0,0,0,197928,37109,109,2304,0,3,36372736,0,0,0,0,0,-1,-1
69924,Towers of Flaming Power,,46562,99309,0,-1,0,0,0,0,0,0,0,0,0,0,37125,109,2437,0,3,40435968,8192,0,0,0,0,-1,-1
69927,Bazual,,46565,99401,0,-1,0,0,0,0,0,0,0,0,0,0,37136,112,2471,0,3,34144320,0,0,0,0,0,-1,-1
69928,Liskanoth,,46566,99401,0,-1,0,0,0,0,0,0,0,0,0,0,37135,112,2471,0,3,34144320,0,0,0,0,0,-1,-1
69929,Strunraan,,46567,99401,0,-1,0,0,0,0,0,0,0,0,0,0,37137,112,2471,0,3,34144320,0,0,0,0,0,-1,-1
69930,Basrikron,,46568,99401,0,-1,0,0,0,0,0,0,0,0,0,0,37138,112,2471,0,3,34144320,0,0,0,0,0,-1,-1
69931,Swoop And Grab,,46569,99309,0,-1,0,0,0,0,0,0,0,0,0,0,37160,109,2437,0,3,41484544,8192,0,0,0,0,-1,-1
69938,Fishing Frenzy!,,46576,104843,0,-1,0,0,0,0,0,0,0,0,0,0,38546,109,2437,0,3,34144512,0,0,0,0,0,-1,-1
69941,Frozen Victims,,46577,99309,0,-1,0,0,0,0,0,0,0,0,0,0,37243,109,2437,0,3,34144512,0,0,0,0,0,-1,-1
69942,Brackenhide Mysteries,,46579,99309,0,-1,0,0,0,0,0,0,0,0,0,0,37223,109,2437,0,3,34144512,0,0,0,0,0,-1,-1
69949,Extermination,,46795,100571,0,-1,0,0,0,0,0,0,0,0,0,0,37242,113,2523,0,3,4784384,8192,0,0,0,0,-1,-1
69951,Bouldron,,46587,0,0,-1,0,0,0,0,0,0,0,0,0,0,37047,0,2078,0,3,34144512,0,0,0,0,0,-1,-1
69952,Crystalus,,46588,0,0,-1,0,0,0,0,0,0,0,0,0,0,37047,0,2078,0,3,34144512,0,0,0,0,0,-1,-1
69953,Karantun,,46589,0,0,-1,0,0,0,0,0,0,0,0,0,0,37047,0,2078,0,3,34144512,0,0,0,0,0,-1,-1
69954,Infernum,,46590,0,0,-1,0,0,0,0,0,0,0,0,0,0,37047,0,2078,0,3,34144512,0,0,0,0,0,-1,-1
69955,Emblazion,,46591,0,0,-1,0,0,0,0,0,0,0,0,0,0,37047,0,2078,0,3,34144512,0,0,0,0,0,-1,-1
69956,Grizzlerock,,46592,0,0,-1,0,0,0,0,0,0,0,0,0,0,37047,0,2078,0,3,34144512,0,0,0,0,0,-1,-1
69959,Gaelzion,,46595,0,0,-1,0,0,0,0,0,0,0,0,0,0,37047,0,2078,0,3,34144512,0,0,0,0,0,-1,-1
69960,Gravlion,,46596,0,0,-1,0,0,0,0,0,0,0,0,0,0,37047,0,2078,0,3,34144512,0,0,0,0,0,-1,-1
69961,Frozion,,46597,0,0,-1,0,0,0,0,0,0,0,0,0,0,37047,0,2078,0,3,34144512,0,0,0,0,0,-1,-1
69962,Corrupted Proto-Dragon,,46598,0,0,-1,0,0,0,0,0,0,0,0,0,0,0,0,2154,0,3,34148608,0,0,0,0,0,-1,-1
69963,Ancient Protector,,46599,0,0,-1,0,0,0,0,0,0,0,0,0,0,0,0,2437,0,3,34148608,0,0,0,0,0,-1,-1
69964,Craggravated Elemental,,46600,0,0,-1,0,0,0,0,0,0,0,0,0,0,0,0,2152,0,3,34148608,0,0,0,0,0,-1,-1
69966,Rokmur,,46602,0,0,-1,0,0,0,0,0,0,0,0,0,0,0,0,2153,0,3,34148608,0,4096,0,0,0,-1,-1
69967,Lookout Mordren,,46603,0,0,-1,0,0,0,0,0,0,0,0,0,0,0,0,2385,0,3,34144512,0,0,0,0,0,-1,-1
69968,Prozela Galeshot,,46604,0,0,-1,0,0,0,0,0,0,0,0,0,0,0,0,2256,0,3,34144512,0,0,0,0,0,-1,-1
69969,Voraazka,,46605,0,0,-1,0,0,0,0,0,0,0,0,0,0,37047,0,2078,0,3,34144512,0,0,0,0,0,-1,-1
69970,Kain Firebrand,,46606,0,0,-1,0,0,0,0,0,0,0,0,0,0,37047,0,2078,0,3,34144512,0,0,0,0,0,-1,-1
69971,Iceblade Trio,,46607,0,0,-1,0,0,0,0,0,0,0,0,0,0,37047,0,2078,0,3,34144512,0,0,0,0,0,-1,-1
69972,Zurgaz Corebreaker,,46608,0,0,-1,0,0,0,0,0,0,0,0,0,0,37047,0,2078,0,3,34144512,0,0,0,0,0,-1,-1
69973,Rouen Icewind,,46609,0,0,-1,0,0,0,0,0,0,0,0,0,0,37047,0,2078,0,3,34144512,0,0,0,0,0,-1,-1
69974,Pipspark Thundersnap,,46610,0,0,-1,0,0,0,0,0,0,0,0,0,0,37047,0,2078,0,3,34144512,0,0,0,0,0,-1,-1
69975,Neela Firebane,,46611,0,0,-1,0,0,0,0,0,0,0,0,0,0,37047,0,2078,0,3,34144512,0,0,0,0,0,-1,-1
69976,Phenran,,46612,0,0,-1,0,0,0,0,0,0,0,0,0,0,0,0,2078,0,3,34148608,0,4096,0,0,0,-1,-1
69987,The Field of Ferocity Redux: Terror of the Swamp!,,46623,99450,0,-1,0,0,0,0,0,0,0,0,0,0,37197,111,2249,0,3,34144512,0,0,0,0,0,-1,-1
69988,Flashy Rocks,,46624,99309,0,-1,0,0,0,0,0,0,0,0,0,0,37222,109,2251,0,3,36372736,8192,0,0,0,0,-1,-1
69990,The Field of Ferocity Redux: Lord of Decay!,,46626,99450,0,-1,0,0,0,0,0,0,0,0,0,0,37199,111,2249,0,3,34144512,0,0,0,0,0,-1,-1
69991,The Field of Ferocity Redux: Foe from the Volcano!,,46627,99450,0,-1,0,0,0,0,0,0,0,0,0,0,37200,111,2249,0,3,34144512,0,0,0,0,0,-1,-1
69993,The Field of Ferocity Redux: Lost in the Dream!,,46629,99450,0,-1,0,0,0,0,0,0,0,0,0,0,37201,111,2249,0,3,34144512,0,0,0,0,0,-1,-1
69994,The Field of Ferocity Redux: Elemental Revenge Round!,,46630,99450,0,-1,0,0,0,0,0,0,0,0,0,0,37202,111,2249,0,3,34144512,0,0,0,0,0,-1,-1
69995,The Field of Ferocity Redux: Master of the Hunt!,,46631,99450,0,-1,0,0,0,0,0,0,0,0,0,0,37203,111,2249,0,3,34144512,0,0,0,0,0,-1,-1
70011,Furry Friends,,46647,99309,0,-1,0,0,0,0,0,0,0,0,0,0,37302,109,2437,0,3,34144512,0,0,0,0,0,-1,-1
70012,Protect the Nets!,,46648,99309,0,-1,0,0,0,0,0,0,0,0,0,0,37295,109,2437,0,3,34144512,0,0,0,0,0,-1,-1
70015,Decay Cleanup,,46651,99309,0,-1,0,0,0,0,0,0,0,0,0,0,37297,109,2437,0,3,37290240,0,0,0,0,0,-1,-1
70016,Calming the Land,,46652,99309,0,-1,0,0,0,0,0,0,0,0,0,0,37298,109,2437,0,3,38338816,8192,0,0,0,0,-1,-1
70021,Tale of Tapionnuq,,46657,99309,0,-1,0,0,0,0,0,0,0,0,0,0,37378,109,2437,0,3,40435968,8192,0,0,0,0,-1,-1
70024,Tracking Quest,,46676,0,0,-1,0,0,0,0,0,0,0,0,0,0,0,0,0,0,3,33555464,0,8,0,0,0,-1,-1
70035,Ruriq's River Rapids Ride,,46671,99517,0,-1,0,0,0,0,0,0,0,0,0,0,37551,109,2437,0,3,40435968,8192,0,0,0,0,-1,-1
70037,Unpowered Tools,,46672,99309,0,-1,0,0,0,0,0,0,0,0,0,0,37209,111,2475,0,3,36241664,0,0,0,0,0,-1,-1
70039,Tracking Quest,,46675,0,0,-1,0,0,0,0,0,0,0,0,0,0,0,0,0,0,3,33555464,0,8,0,0,0,-1,-1
70047,Icy Prisons,,46683,99309,0,-1,0,0,0,0,0,0,0,0,0,0,37235,109,2437,0,3,34144512,0,0,0,0,0,-1,-1
70057,Thieving Tarasek,,46693,99309,0,-1,0,0,0,0,0,0,0,0,0,0,37224,109,2382,0,3,36372736,0,0,0,0,0,-1,-1
70064,For Imbu!,,46701,99309,0,-1,0,0,0,0,0,0,0,0,0,0,37483,136,2330,0,3,36241728,0,0,0,0,0,-1,-1
70066,Reclaiming the Hold,,46703,99309,0,-1,0,0,0,0,0,0,0,0,0,0,37485,136,2400,0,3,36241728,0,0,0,0,0,-1,-1
70067,A Message to the Nokhud,,46704,99309,0,-1,0,0,0,0,0,0,0,0,0,0,37484,136,2535,0,3,36241728,0,0,0,0,0,-1,-1
70068,Cobalt Catastrophe,,46705,99309,0,-1,0,0,0,0,0,0,0,0,0,0,37481,136,2475,0,3,36241728,0,0,0,0,0,-1,-1
70071,Gathering the Magic,,46708,99309,0,-1,0,0,0,0,0,0,0,0,0,0,37234,109,2437,0,3,40435968,8192,0,0,0,0,-1,-1
70072,Time-Lost and Found,,46709,99309,0,-1,0,0,0,0,0,0,0,0,0,0,37319,109,2437,0,3,36241664,0,0,0,0,0,-1,-1
70073,Bluefeather Banners,,46710,99309,0,-1,0,0,0,0,0,0,0,0,0,0,37358,109,2437,0,3,41484544,8192,0,0,0,0,-1,-1
70074,Plunder the Sundered,,46711,99309,0,-1,0,0,0,0,0,0,0,0,0,0,37256,109,2437,0,3,36241664,0,0,0,0,0,-1,-1
70075,Cataloging the Waking Shores,,46712,100503,0,-1,0,0,0,0,0,0,0,0,0,0,37366,109,2437,0,3,6881536,8192,0,0,0,0,-1,-1
70079,Cataloging the Ohn'ahran Plains,,46716,100503,0,-1,0,0,0,0,0,0,0,0,0,0,37393,109,2437,0,3,6881536,8192,0,0,0,0,-1,-1
70100,Cataloging the Azure Span,,46737,100503,0,-1,0,0,0,0,0,0,0,0,0,0,37447,109,2437,0,3,40435968,8192,0,0,0,0,-1,-1
70110,Cataloging Thaldraszus,,46747,100503,0,-1,0,0,0,0,0,0,0,0,0,0,37494,109,2437,0,3,40435968,8192,0,0,0,0,-1,-1
70111,Temple Treasures,,46748,99309,0,-1,0,0,0,0,0,0,0,0,0,0,37251,109,2437,0,3,40567040,0,0,0,0,0,-1,-1
70112,Furbolg Threat,,46749,99309,0,-1,0,0,0,0,0,0,0,0,0,0,37250,109,2519,0,3,36372736,0,0,0,0,0,-1,-1
70146,Highlands Rebuttal,,46779,99309,0,-1,0,0,0,0,0,0,0,0,0,0,37317,109,2249,0,3,34144512,0,0,0,0,0,-1,-1
70149,Hope for the Highlands,,46782,99309,0,-1,0,0,0,0,0,0,0,0,0,0,37777,109,2249,0,3,34144512,0,0,0,0,0,-1,-1
70150,"Many Whelps, Handle It",,46783,103223,0,-1,1,0,0,0,0,0,0,0,0,0,37252,109,2296,0,3,39911688,8192,0,0,0,0,-1,-1
70152,Fishing Frenzy!,,46785,99309,0,-1,0,0,0,0,0,0,0,0,0,0,37876,109,2437,0,3,34144512,0,0,0,0,0,-1,-1
70160,Alchemical Thesis Defense,,46793,99309,0,-1,0,0,0,0,0,0,0,0,0,0,37264,109,2437,0,3,36241664,0,0,0,0,0,-1,-1
70172,Mountain Mysteries,,46805,99309,0,-1,0,0,0,0,0,0,0,0,0,0,37276,109,2437,0,3,34144512,0,0,0,0,0,-1,-1
70176,Web Victims,,46809,99309,0,-1,0,0,0,0,0,0,0,0,0,0,37277,109,2437,0,3,34144512,0,0,0,0,0,-1,-1
70196,Pruning the Preserve,,46818,105994,0,-1,0,0,0,0,0,0,0,0,0,0,0,0,2151,0,3,34144256,0,512,0,0,0,-1,-1
70209,Quacks and Attacks,,46826,100571,0,-1,0,0,0,0,0,0,0,0,0,0,37368,113,2523,0,3,4784384,8192,0,0,0,0,-1,-1
70212,Penumbrus,,46829,0,0,-1,0,0,0,0,0,0,0,0,0,0,0,0,2151,0,3,34148608,0,4096,0,0,0,-1,-1
70213,Harkyn Grymstone,,46830,0,0,-1,0,0,0,0,0,0,0,0,0,0,0,0,2151,0,3,34148608,0,4096,0,0,0,-1,-1
70224,Fetid Threat,,46840,99309,0,-1,0,0,0,0,0,0,0,0,0,0,37367,109,2437,0,3,34144512,0,0,0,0,0,-1,-1
70246,Tracking,,46859,0,0,-1,0,0,0,0,0,0,0,0,0,0,0,0,0,0,3,38339584,8192,8,0,0,0,-1,-1
70248,Tracking,,46861,0,0,-1,0,0,0,0,0,0,0,0,0,0,0,0,0,0,3,38339584,8192,8,0,0,0,-1,-1
70270,Tracking,,46882,0,0,-1,0,0,0,0,0,0,0,0,0,0,0,0,0,0,3,38339584,8192,8,0,0,0,-1,-1
70271,Tracking,,46883,0,0,-1,0,0,0,0,0,0,0,0,0,0,0,0,0,0,3,38339584,8192,8,0,0,0,-1,-1
70272,Tracking,,46884,0,0,-1,0,0,0,0,0,0,0,0,0,0,0,0,0,0,3,38339584,8192,8,0,0,0,-1,-1
70273,Tracking,,46885,0,0,-1,0,0,0,0,0,0,0,0,0,0,0,0,0,0,3,38339584,8192,8,0,0,0,-1,-1
70275,Overcharged Tesla Coil Looted [DND],,46887,0,0,-1,0,0,0,0,0,0,0,0,0,0,0,0,0,0,3,38339584,8192,8,0,0,0,-1,-1
70276,Curious Glyph Tracking,,46888,0,0,-1,0,0,0,0,0,0,0,0,0,0,0,0,0,0,3,38339584,8192,8,0,0,0,-1,-1
70278,Tracking,,46890,0,0,-1,0,0,0,0,0,0,0,0,0,0,0,0,0,0,3,38339584,8192,8,0,0,0,-1,-1
70287,Tracking,,46900,0,0,-1,0,0,0,0,0,0,0,0,0,0,0,0,0,0,3,38339584,8192,8,0,0,0,-1,-1
70290,Tracking,,46903,0,0,-1,0,0,0,0,0,0,0,0,0,0,0,0,0,0,3,38339584,8192,8,0,0,0,-1,-1
70296,Tracking,,46909,0,0,-1,0,0,0,0,0,0,0,0,0,0,0,0,2214,0,3,34145280,0,8,0,0,0,-1,-1
70310,Tracking,,46923,0,0,-1,0,0,0,0,0,0,0,0,0,0,0,0,0,0,3,38339584,8192,8,0,0,0,-1,-1
70311,Tracking,,46924,0,0,-1,0,0,0,0,0,0,0,0,0,0,0,0,0,0,3,38339584,8192,8,0,0,0,-1,-1
70312,Tracking,,46925,0,0,-1,0,0,0,0,0,0,0,0,0,0,0,0,0,0,3,38339584,8192,8,0,0,0,-1,-1
70313,Tracking,,46926,0,0,-1,0,0,0,0,0,0,0,0,0,0,0,0,0,0,3,38339584,8192,8,0,0,0,-1,-1
70314,Tracking,,46927,0,0,-1,0,0,0,0,0,0,0,0,0,0,0,0,0,0,3,38339584,8192,8,0,0,0,-1,-1
70353,Tracking,,46948,0,0,-1,0,0,0,0,0,0,0,0,0,0,0,0,0,0,3,38339584,8192,8,0,0,0,-1,-1
70369,Blasting the Past,,46962,99309,0,-1,0,0,0,0,0,0,0,0,0,0,37434,109,2437,0,3,34144512,0,0,0,0,0,-1,-1
70372,Tracking,,46964,0,0,-1,0,0,0,0,0,0,0,0,0,0,0,0,0,0,3,38339584,8192,8,0,0,0,-1,-1
70382,Dragonrider Racing - Ruby Lifeshrine Loop,,46974,101721,0,-1,0,0,0,0,0,0,0,0,0,0,37446,281,2437,0,3,34144512,0,0,0,0,0,-1,-1
70410,Dragonrider Racing - Flashfrost Flyover,,46997,101721,0,-1,0,0,0,0,0,0,0,0,0,0,37452,281,2437,0,3,34144512,0,0,0,0,0,-1,-1
70412,Dragonrider Racing - Wild Preserve Slalom,,46998,101721,0,-1,0,0,0,0,0,0,0,0,0,0,37453,281,2437,0,3,34144512,0,0,0,0,0,-1,-1
70413,Dragonrider Racing - Emberflow Flight,,46999,101721,0,-1,0,0,0,0,0,0,0,0,0,0,37454,281,2437,0,3,34144512,0,0,0,0,0,-1,-1
70415,Dragonrider Racing - Apex Canopy River Run,,47001,101721,0,-1,0,0,0,0,0,0,0,0,0,0,37455,281,2437,0,3,34144512,0,0,0,0,0,-1,-1
70416,Dragonrider Racing - Uktulut Coaster,,47002,101721,0,-1,0,0,0,0,0,0,0,0,0,0,37456,281,2437,0,3,34144512,0,0,0,0,0,-1,-1
70417,Dragonrider Racing - Wingrest Roundabout,,47003,101721,0,-1,0,0,0,0,0,0,0,0,0,0,37457,281,2437,0,3,34144512,0,0,0,0,0,-1,-1
70418,Dragonrider Racing - Wild Preserve Circuit,,47004,101721,0,-1,0,0,0,0,0,0,0,0,0,0,37458,281,2437,0,3,34144512,0,0,0,0,0,-1,-1
70419,Dragonrider Racing - Sundapple Copse Circuit,,47005,101721,0,-1,0,0,0,0,0,0,0,0,0,0,37459,281,2437,0,3,34144512,0,0,0,0,0,-1,-1
70420,Dragonrider Racing - Fen Flythrough,,47006,101721,0,-1,0,0,0,0,0,0,0,0,0,0,37460,281,2437,0,3,34144512,0,0,0,0,0,-1,-1
70421,Dragonrider Racing - Ravine River Run,,47007,101721,0,-1,0,0,0,0,0,0,0,0,0,0,37461,281,2437,0,3,34144512,0,0,0,0,0,-1,-1
70422,Dragonrider Racing - Emerald Gardens Ascent,,47008,101721,0,-1,0,0,0,0,0,0,0,0,0,0,37462,281,2437,0,3,34144512,0,0,0,0,0,-1,-1
70423,Dragonrider Racing - Maruukai Dash,,47009,101721,0,-1,0,0,0,0,0,0,0,0,0,0,37464,281,2437,0,3,34144512,0,0,0,0,0,-1,-1
70424,Dragonrider Racing - Mirror of the Sky Dash,,47010,101721,0,-1,0,0,0,0,0,0,0,0,0,0,37467,281,2437,0,3,34144512,0,0,0,0,0,-1,-1
70425,Dragonrider Racing - Azure Span Sprint,,47011,101721,0,-1,0,0,0,0,0,0,0,0,0,0,37468,281,2437,0,3,34144512,0,0,0,0,0,-1,-1
70426,Dragonrider Racing - Azure Span Slalom,,47012,101721,0,-1,0,0,0,0,0,0,0,0,0,0,37469,281,2437,0,3,34144512,0,0,0,0,0,-1,-1
70427,Dragonrider Racing - Vakthros Ascent,,47013,101721,0,-1,0,0,0,0,0,0,0,0,0,0,37470,281,2437,0,3,34144512,0,0,0,0,0,-1,-1
70428,Dragonrider Racing - Iskaara Tour,,47014,101721,0,-1,0,0,0,0,0,0,0,0,0,0,37471,281,2437,0,3,34144512,0,0,0,0,0,-1,-1
70429,Dragonrider Racing - Frostland Flyover,,47015,101721,0,-1,0,0,0,0,0,0,0,0,0,0,37472,281,2437,0,3,34144512,0,0,0,0,0,-1,-1
70430,Dragonrider Racing - Archive Ambit,,47016,101721,0,-1,0,0,0,0,0,0,0,0,0,0,37473,281,2437,0,3,34144512,0,0,0,0,0,-1,-1
70431,Dragonrider Racing - Flowing Forest Flight,,47017,101721,0,-1,0,0,0,0,0,0,0,0,0,0,37474,281,2437,0,3,34144512,0,0,0,0,0,-1,-1
70432,Dragonrider Racing - Tyrhold Trial,,47018,101721,0,-1,0,0,0,0,0,0,0,0,0,0,37475,281,2437,0,3,34144512,0,0,0,0,0,-1,-1
70433,Dragonrider Racing - Cliffside Circuit,,47019,101721,0,-1,0,0,0,0,0,0,0,0,0,0,37476,281,2437,0,3,34144512,0,0,0,0,0,-1,-1
70434,Dragonrider Racing - Academy Ascent,,47020,101721,0,-1,0,0,0,0,0,0,0,0,0,0,37477,281,2437,0,3,34144512,0,0,0,0,0,-1,-1
70435,Dragonrider Racing - Garden Gallivant,,47022,101721,0,-1,0,0,0,0,0,0,0,0,0,0,37478,281,2437,0,3,34144512,0,0,0,0,0,-1,-1
70436,Dragonrider Racing - Caverns Criss-Cross,,47023,101721,0,-1,0,0,0,0,0,0,0,0,0,0,37479,281,2437,0,3,34144512,0,0,0,0,0,-1,-1
70439,Wild Arcana,,47025,99309,0,-1,0,0,0,0,0,0,0,0,0,0,37489,113,2523,0,3,4784384,8192,0,0,0,0,-1,-1
70440,Dead Eyes,,47026,99309,0,-1,0,0,0,0,0,0,0,0,0,0,37490,109,2437,0,3,38338816,8192,0,0,0,0,-1,-1
70442,Banquet Battle,,47028,99309,0,-1,0,0,0,0,0,0,0,0,0,0,37491,109,2437,0,3,34144512,0,0,0,0,0,-1,-1
70502,Clearing the Skies,,47085,99309,0,-1,0,0,0,0,0,0,0,0,0,0,37499,109,2437,0,3,41484544,0,0,0,0,0,-1,-1
70529,Bring Them Home,,47111,99309,0,-1,0,0,0,0,0,0,0,0,0,0,37514,109,2437,0,3,38338816,8192,0,0,0,0,-1,-1
70549,Low Hanging Fruit,,47131,104424,0,-1,0,0,0,0,0,0,0,0,0,0,37538,109,2437,0,3,34144512,8192,0,0,0,0,-1,-1
70602,History Lesson: War of the Shifting Sands,,47183,99309,0,-1,0,0,0,0,0,0,0,0,0,0,37539,109,2437,0,3,34144512,0,0,0,0,0,-1,-1
70612,Feed Three-Falls,,47193,99309,0,-1,0,0,0,0,0,0,0,0,0,0,37549,109,2437,0,3,38338816,8192,0,0,0,0,-1,-1
70622,Resupply Three-Falls,,47203,99309,0,-1,0,0,0,0,0,0,0,0,0,0,37550,109,2437,0,3,38338816,8192,0,0,0,0,-1,-1
70623,Clearing the Skies,,47204,99309,0,-1,0,0,0,0,0,0,0,0,0,0,37554,109,2437,0,3,41484544,0,0,0,0,0,-1,-1
70625,Spellforged Creations,,47205,99309,0,-1,0,0,0,0,0,0,0,0,0,0,37631,111,2475,0,3,34144576,0,0,0,0,0,-1,-1
70629,Assaulting the Shore,,47209,99309,0,-1,0,0,0,0,0,0,0,0,0,0,37557,109,2437,0,3,36241664,0,0,0,0,0,-1,-1
70631,Clearing the Skies,,47211,99309,0,-1,0,0,0,0,0,0,0,0,0,0,37556,109,2437,0,3,41484544,0,0,0,0,0,-1,-1
70632,Cataloging the Waking Shores,,47212,100503,0,-1,0,0,0,0,0,0,0,0,0,0,37555,109,2437,0,3,6881536,8192,0,0,0,0,-1,-1
70634,Lashed Out,,47214,99309,0,-1,0,0,0,0,0,0,0,0,0,0,37560,109,2437,0,3,38338816,8192,0,0,0,0,-1,-1
70636,Ancient Proto-Dragons,,47216,99309,0,-1,0,0,0,0,0,0,0,0,0,0,37263,109,2304,0,3,34144512,0,0,0,0,0,-1,-1
70637,Fishing Hole 01 Nets Unlocked,,47217,0,0,-1,0,0,0,0,0,0,0,0,0,0,0,0,2437,0,3,590848,1,8,0,0,0,-1,-1
70638,Wind Breaker,,47219,99309,0,-1,0,0,0,0,0,0,0,0,0,0,37566,109,2437,0,3,36241664,0,0,0,0,0,-1,-1
70639,Azure Banners,,47220,99309,0,-1,0,0,0,0,0,0,0,0,0,0,37571,109,2437,0,3,41484544,8192,0,0,0,0,-1,-1
70646,Pressure Valve,,47228,99309,0,-1,0,0,0,0,0,0,0,0,0,0,37580,109,2437,0,3,41484544,8192,0,0,0,0,-1,-1
70648,Firava the Rekindler,,47230,0,0,-1,0,0,0,0,0,0,0,0,0,0,0,0,2285,0,3,34144512,0,0,0,0,0,-1,-1
70649,Swab Swog,,47231,99309,0,-1,0,0,0,0,0,0,0,0,0,0,37572,109,2437,0,3,41484544,8192,0,0,0,0,-1,-1
70651,Stolen Luggage,,47233,99239,0,-1,0,0,0,0,0,0,0,0,0,0,37582,109,2151,0,3,38338816,8192,0,0,0,0,-1,-1
70652,"Take One Down, Pass It Around",,47234,99239,0,-1,0,0,0,0,0,0,0,0,0,0,37583,109,2152,0,3,40435968,0,0,0,0,0,-1,-1
70653,Cold Hard Science,,47235,99239,0,-1,0,0,0,0,0,0,0,0,0,0,37586,109,2153,0,3,40435968,0,0,0,0,0,-1,-1
70654,Are You Kitten Me?,,47236,99239,0,-1,0,0,0,0,0,0,0,0,0,0,37589,109,2154,0,3,40435968,8192,0,0,0,0,-1,-1
70655,Leaves from the Vine,,47237,99239,0,-1,0,0,0,0,0,0,0,0,0,0,37585,109,2152,0,3,40435968,0,0,0,0,0,-1,-1
70656,Not Mushroom For Error,,47238,99239,0,-1,0,0,0,0,0,0,0,0,0,0,37591,109,2154,0,3,40435968,0,0,0,0,0,-1,-1
70658,Artifact or Fiction,,47240,99239,0,-1,0,0,0,0,0,0,0,0,0,0,37587,109,2153,0,3,40435968,0,0,0,0,0,-1,-1
70659,Cataloging the Ohn'ahran Plains,,47241,100503,0,-1,0,0,0,0,0,0,0,0,0,0,37579,109,2437,0,3,6881536,8192,0,0,0,0,-1,-1
70660,High-Grade Minerals,,47242,99239,0,-1,0,0,0,0,0,0,0,0,0,0,37584,109,2152,0,3,40435968,0,0,0,0,0,-1,-1
70661,Supplies on High,,47243,99239,0,-1,0,0,0,0,0,0,0,0,0,0,37590,109,2154,0,3,40435968,0,0,0,0,0,-1,-1
70662,A Bone to Pickaxe,,47244,99239,0,-1,0,0,0,0,0,0,0,0,0,0,37588,109,2153,0,3,40435968,0,0,0,0,0,-1,-1
70698,Researcher Sneakwing,,47266,0,0,-1,0,0,0,0,0,0,0,0,0,0,0,0,2078,0,3,34148608,0,4096,0,0,0,-1,-1
70699,Cataloging Thaldraszus,,47267,100503,0,-1,0,0,0,0,0,0,0,0,0,0,37610,109,2437,0,3,40435968,8192,0,0,0,0,-1,-1
70712,Dragonrider Racing - River Rapids Route,,47279,101721,0,-1,0,0,0,0,0,0,0,0,0,0,37620,281,2437,0,3,34144512,0,0,0,0,0,-1,-1
70719,Shadeslash Trakken,,47284,0,0,-1,0,0,0,0,0,0,0,0,0,0,0,0,2308,0,3,34148608,0,0,0,0,0,-1,-1
70720,Can't Have These,,47285,99309,0,-1,0,0,0,0,0,0,0,0,0,0,37627,109,2437,0,3,6881536,8192,0,0,0,0,-1,-1
70750,Aiding the Accord,,47316,107827,0,-1,0,0,0,0,0,0,0,0,0,0,0,0,2437,0,2,36733248,0,776,0,0,0,-1,-1
70751,Terillod the Devout,,47317,0,0,-1,0,0,0,0,0,0,0,0,0,0,0,0,2279,0,3,34144512,0,0,0,0,0,-1,-1
70763,Worldcarver A'tir,,47327,0,0,-1,0,0,0,0,0,0,0,0,0,0,0,0,2474,0,3,34148608,0,0,0,0,0,-1,-1
70780,Ohn'ahran Banners,,47342,99309,0,-1,0,0,0,0,0,0,0,0,0,0,37652,109,2437,0,3,41484544,8192,0,0,0,0,-1,-1
70782,Canopy Banners,,47344,99309,0,-1,0,0,0,0,0,0,0,0,0,0,37653,109,2437,0,3,41484544,8192,0,0,0,0,-1,-1
70783,Skaara,,47345,0,0,-1,0,0,0,0,0,0,0,0,0,0,0,0,2469,0,3,34144512,0,0,0,0,0,-1,-1
70823,Tracking Quest,,47385,0,0,-1,0,0,0,0,0,0,0,0,0,0,0,0,0,0,3,33555464,0,8,0,0,0,-1,-1
70824,Tracking Quest,,47386,0,0,-1,0,0,0,0,0,0,0,0,0,0,0,0,0,0,3,33555464,0,8,0,0,0,-1,-1
70825,Tracking Quest,,47387,0,0,-1,0,0,0,0,0,0,0,0,0,0,0,0,0,0,3,33555464,0,8,0,0,0,-1,-1
70826,Tracking Quest,,47388,0,0,-1,0,0,0,0,0,0,0,0,0,0,0,0,0,0,3,33555464,0,8,0,0,0,-1,-1
70827,Tracking Quest,,47389,0,0,-1,0,0,0,0,0,0,0,0,0,0,0,0,0,0,3,33555464,0,8,0,0,0,-1,-1
70934,Salamanther's Embrace,,47475,99309,0,-1,0,0,0,0,0,0,0,0,0,0,37756,109,2437,0,3,37290240,0,0,0,0,0,-1,-1
70947,Treasure-Mad Trambladd,,47487,0,0,-1,0,0,0,0,0,0,0,0,0,0,0,0,2154,0,3,34148608,0,4096,0,0,0,-1,-1
70979,Magmaton,,47518,0,0,-1,0,0,0,0,0,0,0,0,0,0,0,0,2151,0,3,34148608,0,4096,0,0,0,-1,-1
70983,O'nank Shorescour,,47520,0,0,-1,0,0,0,0,0,0,0,0,0,0,0,0,2151,0,3,34148608,0,4096,0,0,0,-1,-1
70984,Surge Breaker,,47521,99309,0,-1,0,0,0,0,0,0,0,0,0,0,37813,136,2287,0,3,36241728,0,0,65793,0,0,-1,-1
70986,Private Shikzar,,47523,0,0,-1,0,0,0,0,0,0,0,0,0,0,0,0,2154,0,3,38338816,0,0,0,0,0,-1,-1
71140,Two and Two Together,,47659,132429,0,-1,0,0,0,0,0,0,0,0,0,0,37871,115,2437,0,3,34144512,0,0,0,0,0,-1,-1
71145,The Grand Master,,47664,132429,0,-1,0,0,0,0,0,0,0,0,0,0,37878,115,2437,0,3,34144512,0,0,0,0,0,-1,-1
71154,Talon Toss: Shooting 101,,47673,99309,0,-1,0,0,0,0,0,0,0,0,0,0,37892,109,2401,0,3,38338816,0,0,0,0,0,-1,-1
71156,Rebel Concerns,,47675,99309,0,-1,0,0,0,0,0,0,0,0,0,0,37893,109,2437,0,3,34144512,0,0,0,0,0,-1,-1
71160,Depth Charge,,47678,99309,0,-1,0,0,0,0,0,0,0,0,0,200561,40808,109,2400,0,3,34144512,0,0,0,0,0,-1,-1
71164,Stolen Bandages,,47681,99309,0,-1,0,0,0,0,0,0,0,0,0,0,37895,109,2437,0,3,34144512,0,0,0,0,0,-1,-1
71166,The Oldest Dragonfly,,47683,99309,0,-1,0,0,0,0,0,0,0,0,0,0,37896,115,2437,0,3,590080,0,0,0,0,0,-1,-1
71180,You Have to Start Somewhere,,47696,132429,0,-1,0,0,0,0,0,0,0,0,0,0,37897,115,2437,0,3,34144512,0,0,0,0,0,-1,-1
71181,Forgotten Grotto Relics,,47697,99309,0,-1,0,0,0,0,0,0,0,0,0,0,37926,109,2437,0,3,40435968,8192,0,0,0,0,-1,-1
71200,Tracking Quest,,47713,0,0,-1,0,0,0,0,0,0,0,0,0,0,0,0,0,0,3,33555464,0,8,0,0,0,-1,-1
71201,Hide and Sneak,,47714,99309,0,-1,0,0,0,0,0,0,0,0,0,0,37924,109,2404,0,3,34144512,0,0,0,0,0,-1,-1
71202,Mini Manafiend Melee,,47715,99309,0,-1,0,0,0,0,0,0,0,0,0,0,37925,115,2437,0,3,590080,0,0,0,0,0,-1,-1
71204,Tracking Quest,,47717,0,0,-1,0,0,0,0,0,0,0,0,0,0,0,0,0,0,3,33555464,0,8,0,0,0,-1,-1
71205,Hydro Tuskarr,,47718,99309,0,-1,0,0,0,0,0,0,0,0,0,0,37927,109,2437,0,3,40435968,8192,0,0,0,0,-1,-1
71206,Eye of the Stormling,,47719,99309,0,-1,0,0,0,0,0,0,0,0,0,0,37928,115,2437,0,3,590080,0,0,0,0,0,-1,-1
71207,Tracking Quest,,47720,0,0,-1,0,0,0,0,0,0,0,0,0,0,0,0,0,0,3,33555464,0,8,0,0,0,-1,-1
71208,Tracking Quest,,47721,0,0,-1,0,0,0,0,0,0,0,0,0,0,0,0,0,0,3,33555464,0,8,0,0,0,-1,-1
71212,Attackin' the Brackenhide,,47724,99309,0,-1,0,0,0,0,0,0,0,0,0,0,37482,136,2516,0,3,36241728,0,0,0,0,0,-1,-1
71214,Reclaiming The Cascades,,47726,99309,0,-1,0,0,0,0,0,0,0,0,0,0,37939,109,2437,0,3,38338816,8192,0,0,0,0,-1,-1
71215,Tracking Quest,,47727,0,0,-1,0,0,0,0,0,0,0,0,0,0,0,0,0,0,3,33555464,0,8,0,0,0,-1,-1
71216,Tracking Quest,,47728,0,0,-1,0,0,0,0,0,0,0,0,0,0,0,0,0,0,3,33555464,0,8,0,0,0,-1,-1
71217,Tracking Quest,,47729,0,0,-1,0,0,0,0,0,0,0,0,0,0,0,0,0,0,3,33555464,0,8,0,0,0,-1,-1
71218,Tracking Quest,,47730,0,0,-1,0,0,0,0,0,0,0,0,0,0,0,0,0,0,3,33555464,0,8,0,0,0,-1,-1
71220,Tracking Quest,,47731,0,0,-1,0,0,0,0,0,0,0,0,0,0,0,0,0,0,3,33555464,0,8,0,0,0,-1,-1
71221,Tracking Quest,,47732,0,0,-1,0,0,0,0,0,0,0,0,0,0,0,0,0,0,3,33555464,0,8,0,0,0,-1,-1
71222,Tracking Quest,,47733,0,0,-1,0,0,0,0,0,0,0,0,0,0,0,0,0,0,3,33555464,0,8,0,0,0,-1,-1
71223,Tracking Quest,,47734,0,0,-1,0,0,0,0,0,0,0,0,0,0,0,0,0,0,3,33555464,0,8,0,0,0,-1,-1
71224,Tracking Quest,,47735,0,0,-1,0,0,0,0,0,0,0,0,0,0,0,0,0,0,3,33555464,0,8,0,0,0,-1,-1
71225,Blown Through Wind: Rhuzast,,47736,100571,0,-1,0,0,0,0,0,0,0,0,0,0,37975,278,2078,0,3,4784384,8192,0,0,0,0,-1,-1
72008,Overcoming A Mountain: Krolkoth,,48522,100571,0,-1,0,0,0,0,0,0,0,0,0,0,37978,278,2078,0,3,4784384,8192,0,0,0,0,-1,-1
72019,Seeing through the Enemy: Nezascar,,48533,100571,0,-1,0,0,0,0,0,0,0,0,0,0,37979,278,2078,0,3,4784384,8192,0,0,0,0,-1,-1
72022,Fishing Frenzy!,,48536,104838,0,-1,0,0,0,0,0,0,0,0,0,0,38542,109,2437,0,3,34144512,0,0,0,0,0,-1,-1
72028,Fishing Frenzy!,,48542,104839,0,-1,0,0,0,0,0,0,0,0,0,0,38543,109,2437,0,3,34144512,0,0,0,0,0,-1,-1
72029,Fishing Frenzy!,,48543,104841,0,-1,0,0,0,0,0,0,0,0,0,0,38544,109,2437,0,3,34144512,0,0,0,0,0,-1,-1
72030,Fishing Frenzy!,,48544,104842,0,-1,0,0,0,0,0,0,0,0,0,0,38545,109,2437,0,3,34144512,0,0,0,0,0,-1,-1
72050,Balgar,,46599,0,0,-1,0,0,0,0,0,0,0,0,0,0,0,0,2437,0,3,34148608,0,0,0,0,0,-1,-1
72058,What Hoof We Here: Tarolekk,,48569,109451,0,-1,0,0,0,0,0,0,0,0,0,0,37999,278,2535,0,3,4784384,8192,0,0,0,0,-1,-1
72061,Stormcaller Veldra,,48572,0,0,-1,0,0,0,0,0,0,0,0,0,0,0,0,2437,0,3,34148608,0,0,0,0,0,-1,-1
72068,Aiding the Accord: A Feast For All,,47316,107827,0,-1,0,0,0,0,0,0,0,0,0,0,0,0,2437,0,2,36733248,0,776,0,0,0,-1,-1
72089,To Skytop Observatory,,48594,0,0,-1,0,0,0,0,0,0,0,0,0,0,0,265,2151,0,3,41418752,0,256,0,0,0,-1,-1
72090,Disrupting the Primalist Plan,,48595,99309,0,-1,0,0,0,0,0,0,0,0,0,0,38011,136,2385,0,3,37290304,0,0,0,0,0,-1,-1
72114,Acrosoth,,48619,0,0,-1,0,0,0,0,0,0,0,0,0,0,0,0,2541,0,3,34144512,0,8,0,0,0,-1,-1
72116,Liskron the Dazzling,,48621,0,0,-1,0,0,0,0,0,0,0,0,0,0,0,0,2371,0,3,34144512,0,0,0,0,0,-1,-1
72121,The Great Shellkhan,,48624,0,0,-1,0,0,0,0,0,0,0,0,0,0,0,0,2154,0,3,34144512,0,0,0,0,0,-1,-1
72126,"Slurpo, the Incredible Snail",,48629,0,0,-1,0,0,0,0,0,0,0,0,0,0,0,0,2523,0,3,34148608,0,0,0,0,0,-1,-1
72127,Captain Lancer,,48630,0,0,-1,0,0,0,0,0,0,0,0,0,0,0,0,2523,0,3,34148608,0,0,0,0,0,-1,-1
72128,Enkine the Voracious,,48631,0,0,-1,0,0,0,0,0,0,0,0,0,0,0,0,2523,0,3,34148608,0,0,0,0,0,-1,-1
72130,Forgotten Gryphon,,48633,0,0,-1,0,0,0,0,0,0,0,0,0,0,0,0,2523,0,3,34148608,0,0,0,0,0,-1,-1
72154,Skag the Thrower,,48657,0,0,-1,0,0,0,0,0,0,0,0,0,0,0,0,2153,0,3,34148608,0,4096,0,0,0,-1,-1
72254,Fisherman Tinnak's Ghost,,48705,103663,0,-1,0,0,0,0,0,0,0,0,0,0,0,0,2437,0,3,34144512,0,0,0,0,0,-1,-1
72358,Cascade,,48807,0,0,-1,0,0,0,0,0,0,0,0,0,0,0,0,2153,0,3,34144512,0,0,0,0,0,-1,-1
72364,Zarizz,,48813,0,0,-1,0,0,0,0,0,0,0,0,0,0,0,0,2152,0,3,34148608,0,0,0,0,0,-1,-1
72373,Aiding the Accord: The Hunt is On,,47316,107827,0,-1,0,0,0,0,0,0,0,0,0,0,0,0,2437,0,2,36733248,0,776,0,0,0,-1,-1
72374,Aiding the Accord: Dragonbane Keep,,47316,107827,0,-1,0,0,0,0,0,0,0,0,0,0,0,0,2437,0,2,36733248,0,776,0,0,0,-1,-1
72375,Aiding the Accord: The Isles Call,,47316,107827,0,-1,0,0,0,0,0,0,0,0,0,0,0,0,2437,0,2,36733184,0,776,0,0,0,-1,-1
72439,[DNT] Tracking Quest,,48881,0,0,-1,0,0,0,0,0,0,0,0,0,0,0,0,0,0,3,33588224,0,8,0,0,0,-1,-1
72510,Forbidden Reach 1/1,,48953,0,0,-1,0,0,0,0,0,0,0,0,0,0,38628,265,7211,0,3,38273024,1073750016,8,0,0,0,-1,-1
72516,Tracking Quest [DNT],,48958,0,0,-1,0,0,0,0,0,0,0,0,0,0,0,0,2424,0,3,33555456,128,8,0,0,0,-1,-1
72560,Climbing,,48988,99239,0,-1,0,0,0,0,0,0,0,0,0,0,0,265,2523,0,3,36245504,0,12288,0,0,0,-1,-1
72675,Forbidden Reach 1/2,,49079,0,0,-1,0,0,0,0,0,0,0,0,0,0,38628,265,7211,0,3,39321600,1073750016,8,0,0,0,-1,-1
72677,Forbidden Reach 1/3,,49081,0,0,-1,0,0,0,0,0,0,0,0,0,0,38628,265,7211,0,3,38273024,1073750016,8,0,0,0,-1,-1
72678,Forbidden Reach 1/4,,49082,0,0,-1,0,0,0,0,0,0,0,0,0,0,38628,265,7211,0,3,39321600,1073750016,8,0,0,0,-1,-1
72699,Forbidden Reach 1/5,,49102,0,0,-1,0,0,0,0,0,0,0,0,0,0,38628,265,7211,0,3,38273024,1073750016,8,0,0,0,-1,-1
72783,Crafting Orders,,49183,0,0,-1,0,0,0,0,0,0,0,0,0,0,0,0,2401,0,2,39911424,8192,512,70633,0,0,-1,-1
72891,Forbidden Reach 2/6,,49276,0,0,-1,0,0,0,0,0,0,0,0,0,0,38628,265,7211,0,3,39321600,1073750016,8,0,0,0,-1,-1
72893,Forbidden Reach 2/5,,49278,0,0,-1,0,0,0,0,0,0,0,0,0,0,38628,265,7211,0,3,39321600,1073750016,8,0,0,0,-1,-1
72894,Forbidden Reach 2/4,,49279,0,0,-1,0,0,0,0,0,0,0,0,0,0,38628,265,7211,0,3,38273024,1073750016,8,0,0,0,-1,-1
72895,Forbidden Reach 2/3,,49280,0,0,-1,0,0,0,0,0,0,0,0,0,0,38628,265,7211,0,3,38273024,1073750016,8,0,0,0,-1,-1
72896,Forbidden Reach 2/2,,49281,0,0,-1,0,0,0,0,0,0,0,0,0,0,38628,265,7211,0,3,38273024,1073750016,8,0,0,0,-1,-1
72897,Forbidden Reach 2/1,,49282,0,0,-1,0,0,0,0,0,0,0,0,0,0,38628,265,7211,0,3,38273024,1073750016,8,0,0,0,-1,-1
72898,Forbidden Reach 2/7,,49283,0,0,-1,0,0,0,0,0,0,0,0,0,0,38628,265,7211,0,3,38273024,1073750016,8,0,0,0,-1,-1
72899,Forbidden Reach 2/8,,49284,0,0,-1,0,0,0,0,0,0,0,0,0,0,38628,265,7211,0,3,38273024,1073750016,8,0,0,0,-1,-1
72906,[DNT] Storm Pet Battle,,49291,0,0,-1,0,0,0,0,0,0,0,0,0,0,0,115,2437,0,3,4784128,8192,0,0,0,0,-1,-1
72907,[DNT] Storm Pet Battle Fodder Tracking Quest,,49308,0,0,-1,0,0,0,0,0,0,0,0,0,0,0,115,2437,0,3,2688256,0,0,0,0,0,-1,-1
72952,The Scary Vault of Ur,,49341,0,0,-1,131073,0,0,0,0,0,0,0,0,0,0,0,7211,0,2,40894464,1073750016,520,72953,74431,0,-1,-1
72953,Zskera Vault: Az,,49342,0,0,-1,0,0,0,0,0,0,0,0,0,0,0,0,7211,0,2,40894464,1073750016,520,73159,0,0,-1,-1
72954,Zskera Vault: Ix,,49343,0,0,-1,131073,0,0,0,0,0,0,0,0,0,0,0,7211,0,2,40894464,1073750016,520,72952,74431,0,-1,-1
72955,Zskera Vault: Kx,,49344,0,0,-1,131073,0,0,0,0,0,0,0,0,0,0,0,7211,0,2,40894464,1073750016,520,72954,74431,0,-1,-1
73064,Spellwrought Snowman,,49454,0,0,-1,0,0,0,0,0,0,0,0,0,0,0,0,2605,0,3,34148352,0,0,0,0,0,-1,-1
73078,Dragonrider Racing - Stormsunder Crater Circuit,,49468,101721,0,-1,0,0,0,0,0,0,0,0,0,0,38662,281,7211,0,3,34144512,0,0,0,0,0,-1,-1
73079,Dragonrider Racing - Morqut Ascent,,49469,101721,0,-1,0,0,0,0,0,0,0,0,0,0,38663,281,7211,0,3,34144512,0,0,0,0,0,-1,-1
73080,Dragonrider Racing - Aerie Chasm Cruise,,49470,101721,0,-1,0,0,0,0,0,0,0,0,0,0,38664,281,7211,0,3,34144512,0,0,0,0,0,-1,-1
73082,Dragonrider Racing - Southern Reach Route,,49472,101721,0,-1,0,0,0,0,0,0,0,0,0,0,38665,281,7211,0,3,34144512,0,0,0,0,0,-1,-1
73083,Dragonrider Racing - Caldera Coaster,,49473,101721,0,-1,0,0,0,0,0,0,0,0,0,0,38666,281,7211,0,3,34144512,0,0,0,0,0,-1,-1
73084,Dragonrider Racing - Forbidden Reach Rush,,49474,101721,0,-1,0,0,0,0,0,0,0,0,0,0,38667,281,7211,0,3,34144512,0,0,0,0,0,-1,-1
73146,Cutting Wind,,49535,0,0,-1,0,0,0,0,0,0,0,0,0,0,38670,115,7211,0,3,4784128,8192,0,0,0,0,-1,-1
73147,Shifting Ground,,49536,0,0,-1,0,0,0,0,0,0,0,0,0,0,38671,115,7211,0,3,4784128,8192,0,0,0,0,-1,-1
73148,Combustible Vegetation,,49537,0,0,-1,0,0,0,0,0,0,0,0,0,0,38672,115,7211,0,3,4784128,8192,0,0,0,0,-1,-1
73149,Flood Warning,,49538,0,0,-1,0,0,0,0,0,0,0,0,0,0,38673,115,7211,0,3,4784128,8192,0,0,0,0,-1,-1
73221,A Clear State of Mind,,49605,108904,0,-1,0,0,0,0,0,0,0,0,0,202714,39333,109,2650,0,3,38469888,8192,0,0,0,0,-1,-1
73408,Sniffen 'em Out!,,49715,108883,0,-1,0,0,0,0,0,0,0,0,0,203013,38725,109,7214,0,3,41484544,8192,0,0,0,0,-1,-1
73696,Tracking Quest,,49865,0,0,-1,0,0,0,0,0,0,0,0,0,0,0,0,0,0,3,33555464,0,8,0,0,0,-1,-1
73698,Rolie Polie Molie,,49867,108886,0,-1,0,0,0,0,0,0,0,0,0,0,38773,109,7214,0,3,40435968,8192,0,0,0,0,-1,-1
73699,Tracking Quest,,49868,0,0,-1,0,0,0,0,0,0,0,0,0,0,0,0,0,0,3,33555464,0,8,0,0,0,-1,-1
73700,Tracking Quest,,49869,0,0,-1,0,0,0,0,0,0,0,0,0,0,0,0,0,0,3,33555464,0,8,0,0,0,-1,-1
73702,Tracking Quest,,49871,0,0,-1,0,0,0,0,0,0,0,0,0,0,0,0,0,0,3,33555464,0,8,0,0,0,-1,-1
73864,Tracking Quest,,49960,0,0,-1,0,0,0,0,0,0,0,0,0,0,0,265,2424,0,3,33619968,128,0,0,0,0,-1,-1
74292,Deephollow Mysteries,,50375,108884,0,-1,0,0,0,0,0,0,0,0,0,0,38774,109,7214,0,3,40435968,8192,0,0,0,0,-1,-1
74296,Forbidden Reach 3/3,,50379,0,0,-1,0,0,0,0,0,0,0,0,0,0,38628,265,7211,0,3,38273024,1073750016,8,0,0,0,-1,-1
74297,Forbidden Reach 3/1,,50380,0,0,-1,0,0,0,0,0,0,0,0,0,0,38628,265,7211,0,3,38273024,1073750016,8,0,0,0,-1,-1
74298,Forbidden Reach 3/2,,50381,0,0,-1,0,0,0,0,0,0,0,0,0,0,38628,265,7211,0,3,39321600,1073750016,8,0,0,0,-1,-1
74299,Forbidden Reach 3/4,,50382,0,0,-1,0,0,0,0,0,0,0,0,0,0,38628,265,7211,0,3,39321600,1073750016,8,0,0,0,-1,-1
74300,Tectonus,,50383,0,0,-1,0,0,0,0,0,0,0,0,0,0,0,0,7211,0,3,34148672,0,8,0,0,0,-1,-1
74301,Forbidden Reach 3/5,,50384,0,0,-1,0,0,0,0,0,0,0,0,0,0,38628,265,7211,0,3,39321600,1073750016,8,0,0,0,-1,-1
74302,Forbidden Reach 3/6,,50385,0,0,-1,0,0,0,0,0,0,0,0,0,0,38628,265,7211,0,3,39321600,1073750016,8,0,0,0,-1,-1
74303,Forbidden Reach 3/7,,50386,0,0,-1,0,0,0,0,0,0,0,0,0,0,38628,265,7211,0,3,39321600,1073750016,8,0,0,0,-1,-1
74304,Forbidden Reach 3/8,,50387,0,0,-1,0,0,0,0,0,0,0,0,0,0,38628,265,7211,0,3,39321600,1073750016,8,0,0,0,-1,-1
74305,Sir Pinchalot,,50388,0,0,-1,0,0,0,0,0,0,0,0,0,0,0,0,7211,0,3,34148672,0,8,0,0,0,-1,-1
74306,Manathema,,50389,0,0,-1,0,0,0,0,0,0,0,0,0,0,0,0,7211,0,3,34148672,0,8,0,0,0,-1,-1
74307,Snarfang,,50390,0,0,-1,0,0,0,0,0,0,0,0,0,0,0,0,7211,0,3,34148672,0,8,0,0,0,-1,-1
74311,Forbidden Reach 4/1,,50394,0,0,-1,0,0,0,0,0,0,0,0,0,0,38628,265,7211,0,3,38273024,1073750016,8,0,0,0,-1,-1
74313,Forbidden Reach 4/2,,50396,0,0,-1,0,0,0,0,0,0,0,0,0,0,38628,265,7211,0,3,38273024,1073750016,8,0,0,0,-1,-1
74315,Forbidden Reach 4/3,,50398,0,0,-1,0,0,0,0,0,0,0,0,0,0,38628,265,7211,0,3,38273024,1073750016,8,0,0,0,-1,-1
74319,Forbidden Reach 4/4,,50402,0,0,-1,0,0,0,0,0,0,0,0,0,0,38628,265,7211,0,3,38273024,1073750016,8,0,0,0,-1,-1
74320,Forbidden Reach 4/5,,50403,0,0,-1,0,0,0,0,0,0,0,0,0,0,38628,265,7211,0,3,38273024,1073750016,8,0,0,0,-1,-1
74321,Gareed,,50404,0,0,-1,0,0,0,0,0,0,0,0,0,0,0,0,7211,0,3,34148672,0,8,0,0,0,-1,-1
74322,Faunos,,50405,0,0,-1,0,0,0,0,0,0,0,0,0,0,0,0,7211,0,3,34148672,0,8,0,0,0,-1,-1
74323,Forbidden Reach 4/6,,50406,0,0,-1,0,0,0,0,0,0,0,0,0,0,38628,265,7211,0,3,38273024,1073750016,8,0,0,0,-1,-1
74324,Forbidden Reach 4/7,,50407,0,0,-1,0,0,0,0,0,0,0,0,0,0,38628,265,7211,0,3,38273024,1073750016,8,0,0,0,-1,-1
74325,Tidesmith Zarviss,,50408,0,0,-1,0,0,0,0,0,0,0,0,0,0,0,0,7211,0,3,34148672,0,8,0,0,0,-1,-1
74327,Forbidden Reach 4/8,,50409,0,0,-1,0,0,0,0,0,0,0,0,0,0,38628,265,7211,0,3,38273024,1073750016,8,0,0,0,-1,-1
74328,Arcantrix,,50410,0,0,-1,0,0,0,0,0,0,0,0,0,0,0,0,7211,0,3,34148672,0,8,0,0,0,-1,-1
74329,Kangalo,,50411,0,0,-1,0,0,0,0,0,0,0,0,0,0,0,0,7211,0,3,34148672,0,8,0,0,0,-1,-1
74330,Fimbul,,50412,0,0,-1,0,0,0,0,0,0,0,0,0,0,0,0,7211,0,3,34148672,0,8,0,0,0,-1,-1
74331,Agni Blazehoof,,50413,0,0,-1,0,0,0,0,0,0,0,0,0,0,0,0,7211,0,3,34148672,0,8,0,0,0,-1,-1
74332,Luttrok,,50414,0,0,-1,0,0,0,0,0,0,0,0,0,0,0,0,7211,0,3,34148672,0,8,0,0,0,-1,-1
74333,Amephyst,,50415,0,0,-1,0,0,0,0,0,0,0,0,0,0,0,0,7211,0,3,34148672,0,8,0,0,0,-1,-1
74336,Vraken the Hunter,,50418,0,0,-1,0,0,0,0,0,0,0,0,0,0,0,0,7211,0,3,34148672,0,8,0,0,0,-1,-1
74337,Gahz'raxes,,50419,0,0,-1,0,0,0,0,0,0,0,0,0,0,0,0,7211,0,3,34148672,0,8,0,0,0,-1,-1
74338,Ishyra,,50420,0,0,-1,0,0,0,0,0,0,0,0,0,0,0,0,7211,0,3,34148672,0,8,0,0,0,-1,-1
74339,Reisa the Drowned,,50421,0,0,-1,0,0,0,0,0,0,0,0,0,0,0,0,7211,0,3,34148672,0,8,0,0,0,-1,-1
74340,Duzalgor,,50422,0,0,-1,0,0,0,0,0,0,0,0,0,0,0,0,7211,0,3,34148672,0,8,0,0,0,-1,-1
74341,Bonesifter Marwak,,50423,0,0,-1,0,0,0,0,0,0,0,0,0,0,0,0,7211,0,3,34148672,0,8,0,0,0,-1,-1
74342,Galakhad,,50424,0,0,-1,0,0,0,0,0,0,0,0,0,0,0,0,7211,0,3,34148672,0,8,0,0,0,-1,-1
74343,Grugoth the Hullcrusher,,50425,0,0,-1,0,0,0,0,0,0,0,0,0,0,0,0,7211,0,3,34148672,0,8,0,0,0,-1,-1
74344,Lady Shaz'ra,,50426,0,0,-1,0,0,0,0,0,0,0,0,0,0,0,0,7211,0,3,34148672,0,8,0,0,0,-1,-1
74345,Veltrax,,50427,0,0,-1,0,0,0,0,0,0,0,0,0,0,0,0,7211,0,3,34148672,0,8,0,0,0,-1,-1
74346,Mad-Eye Carrey,,50428,0,0,-1,0,0,0,0,0,0,0,0,0,0,0,0,7211,0,3,34148672,0,8,0,0,0,-1,-1
74347,Wyrmslayer Angvardi,,50429,0,0,-1,0,0,0,0,0,0,0,0,0,0,0,0,7211,0,3,34148672,0,8,0,0,0,-1,-1
74348,Warden Entrix,,50430,0,0,-1,0,0,0,0,0,0,0,0,0,0,0,0,7211,0,3,34148672,0,8,0,0,0,-1,-1
74349,Ookbeard,,50431,0,0,-1,0,0,0,0,0,0,0,0,0,0,0,0,7211,0,3,34148672,0,8,0,0,0,-1,-1
74350,Pyrachniss,,50432,0,0,-1,0,0,0,0,0,0,0,0,0,0,0,0,7211,0,3,34148672,0,8,0,0,0,-1,-1
74351,Volcanakk,,50433,0,0,-1,0,0,0,0,0,0,0,0,0,0,0,0,7211,0,3,34148672,0,8,0,0,0,-1,-1
74352,Whirling Zephyr,,52033,109176,0,-1,0,0,0,0,0,0,0,0,0,0,39373,283,7214,0,3,36372480,524288,4096,0,0,0,-1,-1
74377,Capsize a Crab,,50459,106302,0,-1,0,0,0,0,0,0,0,0,0,0,0,0,7211,0,3,34144256,0,8,0,0,0,-1,-1
74378,The Storm's Fury,,50460,127219,0,-1,0,0,0,0,0,0,0,0,0,0,38594,112,2594,0,3,36241664,0,0,0,0,0,-1,-1
74440,Windseeker Avash,,50528,0,0,-1,0,0,0,0,0,0,0,0,0,0,0,0,2152,0,3,34148608,0,0,0,0,0,-1,-1
74441,Eaglemaster Niraak,,50529,0,0,-1,0,0,0,0,0,0,0,0,0,0,0,0,2152,0,3,34148608,0,0,0,0,0,-1,-1
74444,Forbidden Reach 1/3 C and D,,50532,0,0,-1,0,0,0,0,0,0,0,0,0,0,38628,265,7211,0,3,38273024,1073750016,8,0,0,0,-1,-1
74445,Forbidden Reach 1/1 C and D,,50533,0,0,-1,0,0,0,0,0,0,0,0,0,0,38628,265,7211,0,3,38273024,1073750016,8,0,0,0,-1,-1
74448,Overseer Stonetongue,,50536,0,0,-1,0,0,0,0,0,0,0,0,0,0,0,0,2078,0,3,34148608,0,4096,0,0,0,-1,-1
74449,Overloading Defense Matrix,,50537,0,0,-1,0,0,0,0,0,0,0,0,0,0,0,0,2078,0,3,34148608,0,4096,0,0,0,-1,-1
74450,Morlash,,50538,0,0,-1,0,0,0,0,0,0,0,0,0,0,0,0,2078,0,3,34148608,0,4096,0,0,0,-1,-1
74451,Tikarr Frostclaw,,50539,0,0,-1,0,0,0,0,0,0,0,0,0,0,0,0,2078,0,3,34148608,0,4096,0,0,0,-1,-1
74452,Avalantus,,50540,0,0,-1,0,0,0,0,0,0,0,0,0,0,0,0,2078,0,3,34148608,0,4096,0,0,0,-1,-1
74453,Shardwing,,50541,0,0,-1,0,0,0,0,0,0,0,0,0,0,0,0,2078,0,3,34148608,0,4096,0,0,0,-1,-1
74454,Shapemaster Za'lani,,50542,0,0,-1,0,0,0,0,0,0,0,0,0,0,0,0,2078,0,3,34148608,0,4096,0,0,0,-1,-1
74455,Unstable Arcanogolem,,50543,0,0,-1,0,0,0,0,0,0,0,0,0,0,0,0,2078,0,3,34148608,0,4096,0,0,0,-1,-1
74456,Motivator Krathos,,50544,0,0,-1,0,0,0,0,0,0,0,0,0,0,0,0,2078,0,3,34148608,0,4096,0,0,0,-1,-1
74457,Grand Artificer Zeerak,,50545,0,0,-1,0,0,0,0,0,0,0,0,0,0,0,0,2078,0,3,34148608,0,4096,0,0,0,-1,-1
74458,Srivantor,,50546,0,0,-1,0,0,0,0,0,0,0,0,0,0,0,0,2078,0,3,34148608,0,4096,0,0,0,-1,-1
74459,Graniteclaw,,50547,0,0,-1,0,0,0,0,0,0,0,0,0,0,0,0,2078,0,3,34148608,0,4096,0,0,0,-1,-1
74460,Waterpots,,50548,0,0,-1,0,0,0,0,0,0,0,0,0,0,0,0,2078,0,3,34148608,0,4096,0,0,0,-1,-1
74461,Malgain Rockknell,,50549,0,0,-1,0,0,0,0,0,0,0,0,0,0,0,0,2078,0,3,34148608,0,4096,0,0,0,-1,-1
74462,Shiobhan Waterborn,,50550,0,0,-1,0,0,0,0,0,0,0,0,0,0,0,0,2078,0,3,34148608,0,4096,0,0,0,-1,-1
74463,Groffnar,,50551,0,0,-1,0,0,0,0,0,0,0,0,0,0,0,0,2078,0,3,34148608,0,4096,0,0,0,-1,-1
74464,Lurgan,,50552,0,0,-1,0,0,0,0,0,0,0,0,0,0,0,0,2078,0,3,34148608,0,4096,0,0,0,-1,-1
74465,Stormcaller Narkena,,50553,0,0,-1,0,0,0,0,0,0,0,0,0,0,0,0,2078,0,3,34148608,0,4096,0,0,0,-1,-1
74466,Huntmaster Yrgena,,50554,0,0,-1,0,0,0,0,0,0,0,0,0,0,0,0,2078,0,3,34148608,0,4096,0,0,0,-1,-1
74467,Bloodbeak the Ravenous,,50555,0,0,-1,0,0,0,0,0,0,0,0,0,0,0,0,2078,0,3,34148608,0,4096,0,0,0,-1,-1
74468,Forbidden Reach 1/2 D and E,,50556,0,0,-1,0,0,0,0,0,0,0,0,0,0,38628,265,7211,0,3,39321600,1073750016,8,0,0,0,-1,-1
74501,Suffusion Camp: Cinderwind,,50589,111201,0,-1,131073,0,0,0,0,0,0,0,0,0,38748,111,2641,0,3,4784128,8193,0,75888,75157,0,-1,-1
74510,Forbidden Reach 2/6,,50597,0,0,-1,0,0,0,0,0,0,0,0,0,0,38628,265,7211,0,3,38273024,1073750016,8,0,0,0,-1,-1
74784,Forbidden Reach 1/3 (FR),,50855,0,0,-1,0,0,0,0,0,0,0,0,0,0,38628,265,7211,0,3,38273024,1073750016,8,0,0,0,-1,-1
74792,They're Full of Stars!,,50863,99309,0,-1,0,0,0,0,0,0,0,0,0,0,39062,115,2437,0,3,34144512,0,0,0,0,0,-1,-1
74794,Right Twice a Day,,50865,99309,0,-1,0,0,0,0,0,0,0,0,0,0,39063,115,2437,0,3,590080,0,0,0,0,0,-1,-1
74835,Enok the Stinky,,50908,99309,0,-1,0,0,0,0,0,0,0,0,0,0,39064,115,2437,0,3,590080,0,0,0,0,0,-1,-1
74836,A New Vocation,,50909,99309,0,-1,0,0,0,0,0,0,0,0,0,0,39065,115,2437,0,3,34144512,0,0,0,0,0,-1,-1
74837,Paws of Thunder,,50910,99309,0,-1,0,0,0,0,0,0,0,0,0,0,39066,115,2437,0,3,34144512,0,0,0,0,0,-1,-1
74838,Lyver,,50911,99309,0,-1,0,0,0,0,0,0,0,0,0,0,39067,115,2437,0,3,590080,0,0,0,0,0,-1,-1
74840,Sharp as Flint,,50913,99309,0,-1,0,0,0,0,0,0,0,0,0,0,39068,115,2437,0,3,34144512,0,0,0,0,0,-1,-1
74841,Adinakon,,50914,99309,0,-1,0,0,0,0,0,0,0,0,0,0,39069,115,2437,0,3,590080,0,0,0,0,0,-1,-1
74879,Corrosive Counterbalance,,50951,108893,0,-1,0,0,0,0,0,0,0,0,0,0,39323,109,7214,0,3,38338560,8192,0,0,0,0,-1,-1
74892,Zaqali Elders,,50962,107182,0,-1,0,0,0,0,0,0,0,0,0,0,39104,112,2471,0,3,34144320,0,0,0,0,0,-1,-1
74945,Guanite Gambit,,51006,108897,0,-1,0,0,0,0,0,0,0,0,0,0,39335,109,7214,0,3,38338560,8192,0,0,0,0,-1,-1
74985,Like Moths to a Flame,,51046,108909,0,-1,0,0,0,0,0,0,0,0,0,0,39334,109,7214,0,3,38338560,8192,0,0,0,0,-1,-1
74988,If You Can't Take the Heat,,51091,108887,0,-1,0,0,0,0,0,0,0,0,0,204344,39133,111,7214,0,3,37421312,0,0,0,0,0,-1,-1
74989,Zealous Defenses,,51050,108888,0,-1,0,0,0,0,0,0,0,0,0,0,39134,111,7214,0,3,34144512,0,0,0,0,0,-1,-1
74990,Roiling Shadow,,51051,108889,0,-1,0,0,0,0,0,0,0,0,0,0,39135,111,7214,0,3,41484544,0,0,0,0,0,-1,-1
74991,We Have Returned,,51052,108890,0,-1,0,0,0,0,0,0,0,0,0,204365,39136,111,7214,0,3,34275584,0,0,0,0,0,-1,-1
74992,Fire Resistance Gear,,51053,108891,0,-1,0,0,0,0,0,0,0,0,0,0,39137,111,7214,0,3,34144512,0,0,0,0,0,-1,-1
75022,Vinyeti,,51083,0,0,-1,0,0,0,0,0,0,0,0,0,0,0,0,2650,0,3,34148672,0,8,0,0,0,-1,-1
75030,Crystal Catastrophe!,,51092,108885,0,-1,0,0,0,0,0,0,0,0,0,0,39147,109,7214,0,3,40435968,8192,0,0,0,0,-1,-1
75058,Spearheading Acquisition,,51116,108447,0,-1,0,0,0,0,0,0,0,0,0,0,38683,109,7214,0,3,40435968,0,0,0,0,0,-1,-1
75060,A Veritable Dumping Ground,,51118,108447,0,-1,0,0,0,0,0,0,0,0,0,0,38681,109,7214,0,3,40435968,0,0,0,0,0,-1,-1
75061,No Mushroom For Ever,,51119,108447,0,-1,0,0,0,0,0,0,0,0,0,0,38682,109,7214,0,3,40435968,0,0,0,0,0,-1,-1
75062,Crystalline Conundrum,,51120,108447,0,-1,0,0,0,0,0,0,0,0,0,0,38680,109,7214,0,3,40435968,0,0,0,0,0,-1,-1
75063,Ambergrease,,51121,108905,0,-1,0,0,0,0,0,0,0,0,0,0,39159,109,7214,0,3,38469632,8192,0,0,0,0,-1,-1
75064,Shrooming for a Living,,51122,108906,0,-1,0,0,0,0,0,0,0,0,0,0,39160,109,7214,0,3,38469632,8192,0,0,0,0,-1,-1
75067,Rock Viper Roundup,,51125,108907,0,-1,0,0,0,0,0,0,0,0,0,0,39162,109,7214,0,3,38469632,0,0,0,0,0,-1,-1
75071,Sniffing Mice are Nice,,51129,108908,0,-1,0,0,0,0,0,0,0,0,0,0,39163,109,7214,0,3,38469632,0,0,0,0,0,-1,-1
75119,Dragonrider Racing - Crystal Circuit,,51178,108754,0,-1,0,0,0,0,0,0,0,0,0,0,39164,281,2437,0,3,34144512,0,0,0,0,0,-1,-1
75120,Dragonrider Racing - Caldera Cruise,,51179,108754,0,-1,0,0,0,0,0,0,0,0,0,0,39167,281,2437,0,3,34144512,0,0,0,0,0,-1,-1
75121,Dragonrider Racing - Brimstone Scramble,,51180,108754,0,-1,0,0,0,0,0,0,0,0,0,0,39168,281,2437,0,3,34144512,0,0,0,0,0,-1,-1
75122,Dragonrider Racing - Shimmering Slalom,,51181,108754,0,-1,0,0,0,0,0,0,0,0,0,0,39169,281,2437,0,3,34144512,0,0,0,0,0,-1,-1
75123,Dragonrider Racing - Loamm Roamm,,51182,108754,0,-1,0,0,0,0,0,0,0,0,0,0,39170,281,2437,0,3,34144512,0,0,0,0,0,-1,-1
75124,Dragonrider Racing - Sulfur Sprint,,51183,108754,0,-1,0,0,0,0,0,0,0,0,0,0,39171,281,2437,0,3,34144512,0,0,0,0,0,-1,-1
75125,"Every Door, Everywhere, All At Once",,51184,0,0,-1,0,0,0,0,0,0,0,0,0,0,38628,265,7211,0,3,2686976,1073741824,8,0,0,0,-1,-1
75126,Cataloging Zaralek Cavern,,51185,107540,0,-1,0,0,0,0,0,0,0,0,0,0,38676,109,7214,0,3,40566784,8192,0,0,0,0,-1,-1
75128,Slime Ranching,,51187,108895,0,-1,0,0,0,0,0,0,0,0,0,0,39325,109,7214,0,3,41484288,8192,0,0,0,0,-1,-1
75151,Redistributing the Remnants,,51211,108894,0,-1,0,0,0,0,0,0,0,0,0,0,39324,109,7214,0,3,38338560,8192,0,0,0,0,-1,-1
75155,Shadowflame Snuffer,,51215,108896,0,-1,0,0,0,0,0,0,0,0,0,0,39326,109,7214,0,3,41484288,8192,0,0,0,0,-1,-1
75156,Stress Express,,51685,108370,0,-1,0,0,0,0,0,0,0,0,0,0,39370,283,7214,0,3,35192832,524288,4096,0,0,0,-1,-1
75162,Conjuring Elements,,51222,110050,0,-1,0,0,0,0,0,0,0,0,0,204473,39202,113,2523,0,3,38469888,8192,0,0,0,0,-1,-1
75200,Deepflayer Slayer,,51254,108882,0,-1,0,0,0,0,0,0,0,0,0,0,39211,109,7214,0,3,41484544,8192,0,0,0,0,-1,-1
75222,Shellfire,,51694,108373,0,-1,0,0,0,0,0,0,0,0,0,0,39370,283,7214,0,3,35192832,524288,4096,0,0,0,-1,-1
75234,Scratch and Sniff,,52101,109354,0,-1,0,0,0,0,0,0,0,0,0,0,0,283,7214,0,3,36241408,524288,4104,0,0,0,-1,-1
75257,The War Creche,,51307,106302,0,-1,0,0,0,0,0,0,0,0,0,0,39251,136,7211,0,3,40436032,0,0,0,0,0,-1,-1
75259,Aiding the Accord: Zskera Vaults,,47316,107827,0,-1,0,0,0,0,0,0,0,0,0,0,0,0,7211,0,2,36733248,0,776,0,0,0,-1,-1
75267,Kob'rok,,51315,0,0,-1,0,0,0,0,0,0,0,0,0,0,0,111,2650,0,3,34148672,0,8,0,0,0,-1,-1
75269,Kapraku,,51317,0,0,-1,0,0,0,0,0,0,0,0,0,0,0,111,2650,0,3,34148672,0,8,0,0,0,-1,-1
75271,Aquifon,,51319,0,0,-1,0,0,0,0,0,0,0,0,0,0,0,111,2650,0,3,34148672,0,8,0,0,0,-1,-1
75274,Goopal,,51322,0,0,-1,0,0,0,0,0,0,0,0,0,0,0,111,2650,0,3,34148672,0,8,0,0,0,-1,-1
75276,Spinmarrow,,51324,0,0,-1,0,0,0,0,0,0,0,0,0,0,0,111,2650,0,3,34148672,0,8,0,0,0,-1,-1
75280,Suffusion Camp: Frostburn,,51328,111201,0,-1,131073,0,0,0,0,0,0,0,0,0,39213,111,2641,0,3,4784128,8193,0,75888,75157,0,-1,-1
75285,Alcanon,,51332,0,0,-1,0,0,0,0,0,0,0,0,0,0,0,111,2650,0,3,34148672,0,8,0,0,0,-1,-1
75292,Professor Gastrinax,,51335,0,0,-1,0,0,0,0,0,0,0,0,0,0,0,111,2650,0,3,34148672,0,8,0,0,0,-1,-1
75296,General Zskorro,,51339,0,0,-1,0,0,0,0,0,0,0,0,0,0,0,111,2650,0,3,34148672,0,8,0,0,0,-1,-1
75298,Underlight Queen,,51341,0,0,-1,0,0,0,0,0,0,0,0,0,0,0,111,2650,0,3,34148672,0,8,0,0,0,-1,-1
75314,Hadexia,,51351,0,0,-1,0,0,0,0,0,0,0,0,0,0,0,0,2650,0,3,34148672,0,8,0,0,0,-1,-1
75322,Klakatak,,51359,0,0,-1,0,0,0,0,0,0,0,0,0,0,0,111,2650,0,3,34148672,0,8,0,0,0,-1,-1
75326,Brullo the Strong,,51363,0,0,-1,0,0,0,0,0,0,0,0,0,0,0,111,2650,0,3,34148672,0,8,0,0,0,-1,-1
75334,Karokta,,51371,0,0,-1,0,0,0,0,0,0,0,0,0,0,0,111,2650,0,3,34148672,0,8,0,0,0,-1,-1
75336,Invoq,,51373,0,0,-1,0,0,0,0,0,0,0,0,0,0,0,111,2650,0,3,34148672,0,8,0,0,0,-1,-1
75338,Lavermix,,51375,0,0,-1,0,0,0,0,0,0,0,0,0,0,0,0,2650,0,3,34148672,0,8,0,0,0,-1,-1
75340,Magtembo,,51377,0,0,-1,0,0,0,0,0,0,0,0,0,0,0,111,2650,0,3,34148672,0,8,0,0,0,-1,-1
75342,Kronkapace,,51379,0,0,-1,0,0,0,0,0,0,0,0,0,0,0,0,2650,0,3,34148672,0,8,0,0,0,-1,-1
75343,All That Glitter,,51381,108899,0,-1,0,0,0,0,0,0,0,0,0,0,39327,109,7214,0,3,38338560,8192,0,0,0,0,-1,-1
75344,Crystal Cracker,,51382,108901,0,-1,0,0,0,0,0,0,0,0,0,0,39329,109,7214,0,3,41484288,8192,0,0,0,0,-1,-1
75345,Shell Corporation,,51383,108902,0,-1,0,0,0,0,0,0,0,0,0,0,39331,109,7214,0,3,38338560,8192,0,0,0,0,-1,-1
75346,Data Gathering,,51384,108903,0,-1,0,0,0,0,0,0,0,0,0,0,39332,109,7214,0,3,41484288,8192,0,0,0,0,-1,-1
75349,Skornak,,51387,0,0,-1,0,0,0,0,0,0,0,0,0,0,0,111,2650,0,3,34148672,0,8,0,0,0,-1,-1
75350,Niffen Nabber,,51388,108900,0,-1,0,0,0,0,0,0,0,0,0,0,39328,109,7214,0,3,38338560,8192,0,0,0,0,-1,-1
75353,Dinn,,51390,0,0,-1,0,0,0,0,0,0,0,0,0,0,0,111,2650,0,3,34148672,0,8,0,0,0,-1,-1
75358,Flowfy,,51395,0,0,-1,0,0,0,0,0,0,0,0,0,0,0,111,2650,0,3,34148672,0,8,0,0,0,-1,-1
75360,Subterrax,,51397,0,0,-1,0,0,0,0,0,0,0,0,0,0,0,111,2650,0,3,34148672,0,8,0,0,0,-1,-1
75364,Emberdusk,,51401,0,0,-1,0,0,0,0,0,0,0,0,0,0,0,111,2650,0,3,34148672,0,8,0,0,0,-1,-1
75366,Viridian King,,51403,0,0,-1,0,0,0,0,0,0,0,0,0,0,0,111,2650,0,3,34148672,0,8,0,0,0,-1,-1
75370,Smellincense,,51695,108372,0,-1,0,0,0,0,0,0,0,0,0,0,39370,283,7214,0,3,35192832,524288,4096,0,0,0,-1,-1
75390,Vertical Anomaly,,52103,109357,0,-1,0,0,0,0,0,0,0,0,0,0,0,283,7214,0,3,36241408,524288,4104,0,0,0,-1,-1
75393,Making Scents,,52090,109229,0,-1,0,0,0,0,0,0,0,0,0,0,0,283,7214,0,3,36241408,524288,4104,0,0,0,-1,-1
75397,Those Rascally Worms,,52098,109345,0,-1,0,0,0,0,0,0,0,0,0,0,0,283,7214,0,3,36241408,524288,4104,0,0,0,-1,-1
75398,Honor the Flame,Honor the Bonfire in the Waking Shores.,51434,9484,0,-1,0,0,0,0,0,0,0,0,0,0,0,0,394,0,2,2097152,0,512,0,0,0,-1,-1
75441,Smelly Scramble,,51696,108371,0,-1,0,0,0,0,0,0,0,0,0,0,39370,283,7214,0,3,35192832,524288,4096,0,0,0,-1,-1
75450,Seismic Ceremony,,51492,108378,0,-1,0,0,0,0,0,0,0,0,0,0,39587,283,7214,0,3,36241408,524288,4096,0,0,0,-1,-1
75451,Imperfect Balance,,51494,108376,0,-1,0,0,0,0,0,0,0,0,0,0,39587,283,7214,0,3,36241408,524288,4096,0,0,0,-1,-1
75454,Mortar Warfare,,51497,108380,0,-1,0,0,0,0,0,0,0,0,0,0,39587,283,7214,0,3,40435712,524288,4096,0,0,0,-1,-1
75455,Conspiracy of Flames,,51671,108379,0,-1,0,0,0,0,0,0,0,0,0,0,39587,283,7214,0,3,36241408,524288,4096,0,0,0,-1,-1
75459,Brand New Digs,,51489,0,0,-1,0,0,0,0,0,0,0,0,0,0,0,109,7214,0,3,34144256,524352,4360,0,0,0,-1,-1
75461,Magmaclaw Matriarch,,52036,108381,0,-1,0,0,0,0,0,0,0,0,0,0,39371,283,7214,0,3,34144256,524288,4096,0,0,0,-1,-1
75471,Crystalline Survey,,51692,108374,0,-1,0,0,0,0,0,0,0,0,0,0,39370,283,7214,0,3,35192832,524288,4096,0,0,0,-1,-1
75476,Colossian,,51511,0,0,-1,0,0,0,0,0,0,0,0,0,0,0,111,2650,0,3,34148672,0,8,0,0,0,-1,-1
75478,Hungry Hungry Hydra,,52035,109174,0,-1,0,0,0,0,0,0,0,0,0,0,39371,283,7214,0,3,34144256,524288,4096,0,0,0,-1,-1
75494,Strike the Colors,,52034,109175,0,-1,0,0,0,0,0,0,0,0,0,0,39371,283,7214,0,3,36241408,524288,4096,0,0,0,-1,-1
75511,Tracking Quest,,51543,0,0,-1,0,0,0,0,0,0,0,0,0,0,0,265,2474,0,3,622656,69206080,0,0,0,0,-1,-1
75516,Successful Interventions,,52099,109348,0,-1,0,0,0,0,0,0,0,0,0,0,0,283,7214,0,3,36241408,524288,4104,0,0,0,-1,-1
75517,Sneak and Sniff,,52096,109342,0,-1,0,0,0,0,0,0,0,0,0,0,0,283,7214,0,3,36241408,524288,4104,0,0,0,-1,-1
75576,Grim Guzzler Invasion!,,51605,0,0,-1,0,0,0,0,0,0,0,0,0,0,0,0,2650,0,3,34148672,0,8,0,0,0,-1,-1
75611,Glimmerfish Before It's Gone,,52089,108575,0,-1,0,0,0,0,0,0,0,0,0,0,39372,283,7214,0,3,37289984,524288,4096,0,0,0,-1,-1
75612,Cascades Calling,,52087,108605,0,-1,0,0,0,0,0,0,0,0,0,0,39372,283,7214,0,3,36241408,524288,4096,0,0,0,-1,-1
75617,Honor the Flame,Honor the Bonfire in the Ohn'ahran Plains.,51644,9484,0,-1,0,0,0,0,0,0,0,0,0,0,0,0,394,0,2,2097152,0,512,0,0,0,-1,-1
75619,Thieving Critters,,52094,109339,0,-1,0,0,0,0,0,0,0,0,0,0,0,283,7214,0,3,36241408,524288,4104,0,0,0,-1,-1
75620,Liars in Light,,52091,109336,0,-1,0,0,0,0,0,0,0,0,0,0,0,283,7214,0,3,36241408,524288,4104,0,0,0,-1,-1
75621,Element Whispers,,52100,109351,0,-1,0,0,0,0,0,0,0,0,0,0,0,283,7214,0,3,36241408,524288,4104,0,0,0,-1,-1
75624,The Champion's Challenge,,52088,108614,0,-1,0,0,0,0,0,0,0,0,0,0,39372,283,7214,0,3,36241408,34078720,4096,0,0,0,-1,-1
75640,Honor the Flame,Honor the Bonfire in the Azure Span.,51666,9484,0,-1,0,0,0,0,0,0,0,0,0,0,0,0,394,0,2,2097152,0,512,0,0,0,-1,-1
75645,Honor the Flame,Honor the Bonfire in Thaldraszus.,51672,9484,0,-1,0,0,0,0,0,0,0,0,0,0,0,0,394,0,2,2097152,0,512,0,0,0,-1,-1
75647,Honor the Flame,Honor the Bonfire in the Forbidden Reach.,51674,9484,0,-1,0,0,0,0,0,0,0,0,0,0,0,0,394,0,2,2097152,0,512,0,0,0,-1,-1
75650,Honor the Flame,Honor the Bonfire in Zaralek Cavern.,51677,9484,0,-1,0,0,0,0,0,0,0,0,0,0,0,0,394,0,2,2097152,0,512,0,0,0,-1,-1
75660,Ending Their Watch,,51688,108910,0,-1,0,0,0,0,0,0,0,0,0,0,39529,109,7214,0,3,40435968,0,0,0,0,0,-1,-1
75661,Curative Crystalline Collection,,51689,108911,0,-1,0,0,0,0,0,0,0,0,0,0,39533,109,7214,0,3,38338816,0,0,0,0,0,-1,-1
75663,Restless Torment,,51691,108898,0,-1,0,0,0,0,0,0,0,0,0,0,39538,109,7214,0,3,38338560,8192,0,0,0,0,-1,-1
75664,Discordant Crystals,,52031,109177,0,-1,0,0,0,0,0,0,0,0,0,0,39373,283,7214,0,3,34144256,524288,4096,0,0,0,-1,-1
75665,A Worthy Ally: Loamm Niffen,,51693,108781,0,-1,0,0,0,0,0,0,0,0,0,0,0,0,2649,0,2,33587272,0,776,0,0,0,-1,-1
75680,To a Land Down Under,,51711,105724,0,-1,0,0,0,0,0,0,0,0,0,0,39554,115,2650,0,3,34144512,0,0,0,0,0,-1,-1
75705,Monument Maintenance,,52032,109178,0,-1,0,0,0,0,0,0,0,0,0,0,39373,283,7214,0,3,34144256,524288,4096,0,0,0,-1,-1
75750,Are They Not Beautiful?,,51777,105724,0,-1,0,0,0,0,0,0,0,0,0,0,39630,115,2650,0,3,34144512,0,0,0,0,0,-1,-1
75834,Delver Mardei,,51861,105724,0,-1,0,0,0,0,0,0,0,0,0,0,39654,115,2650,0,3,34144512,0,0,0,0,0,-1,-1
75835,Do You Even Train?,,51862,105724,0,-1,0,0,0,0,0,0,0,0,0,0,39655,115,2650,0,3,34144512,0,0,0,0,0,-1,-1
75859,Aiding the Accord: Sniffenseeking,,47316,107827,0,-1,0,0,0,0,0,0,0,0,0,0,0,0,2649,0,2,36733248,0,776,0,0,0,-1,-1
75860,Aiding the Accord: Researchers Under Fire,,47316,107827,0,-1,0,0,0,0,0,0,0,0,0,0,0,0,2649,0,2,36733248,0,776,0,0,0,-1,-1
75861,Aiding the Accord: Suffusion Camp,,47316,107827,0,-1,0,0,0,0,0,0,0,0,0,0,0,0,2641,0,2,36733248,0,776,0,0,0,-1,-1
75996,Your Weight in Gold,,52097,109347,0,-1,0,0,0,0,0,0,0,0,0,0,0,283,7214,0,3,40435712,524288,4104,0,0,0,-1,-1
76014,Living Statue,,52093,109334,0,-1,0,0,0,0,0,0,0,0,0,0,0,283,7214,0,3,36241408,524288,4104,0,0,0,-1,-1
76015,Heart of Iron,,52092,109335,0,-1,0,0,0,0,0,0,0,0,0,0,0,283,7214,0,3,36241408,524288,4104,0,0,0,-1,-1
76016,The Living Drill,,52095,109343,0,-1,0,0,0,0,0,0,0,0,0,0,0,283,7214,0,3,36241408,524288,4104,0,0,0,-1,-1
76027,Flapping and Screaming,,52102,109358,0,-1,0,0,0,0,0,0,0,0,0,0,0,283,7214,0,3,36241408,524288,4104,0,0,0,-1,-1
76081,Liars of Spirit,,52117,109338,0,-1,0,0,0,0,0,0,0,0,0,0,0,283,7214,0,3,36241408,524288,4104,0,0,0,-1,-1
76084,Frostfire Finesse,,52120,109337,0,-1,0,0,0,0,0,0,0,0,0,0,0,283,7214,0,3,36241408,524288,4104,0,0,0,-1,-1
76247,Keep the Home Fires Burning,,52277,127044,0,-1,0,0,0,0,0,0,0,0,0,0,0,0,2809,0,2,37748744,8192,520,79573,0,0,-1,-1
76308,The Trial of Style,,52333,0,0,-1,0,0,0,0,0,0,0,0,0,0,22303,0,877,0,2,72,0,520,0,0,0,-1,-1
76338,A Better Cabbage Smacker,,54968,110782,0,-1,0,0,0,0,0,0,0,0,0,0,0,0,2809,0,3,38371328,8192,512,79573,0,0,-1,-1
76361,Fashion Week,,52388,0,0,-1,0,0,0,0,0,0,0,0,52333,0,22303,0,877,0,2,16777224,0,520,0,0,0,-1,-1
76367,Hibernation Heroes,,52394,110842,0,-1,0,0,0,0,0,0,0,0,0,0,41504,112,2471,0,3,34144320,0,0,0,0,0,-1,-1
76506,Dryad Fire Drill,,52537,112517,0,-1,1,0,0,0,0,0,0,0,0,0,40689,109,2699,0,3,40435968,8192,0,0,0,0,-1,-1
76518,Root Security,,52547,113028,0,-1,0,0,0,0,0,0,0,0,0,208447,40861,109,2699,0,3,38338816,8192,0,0,0,0,-1,-1
76519,All The Children,,52548,113029,0,-1,0,0,0,0,0,0,0,0,0,0,40869,109,2699,0,3,38338816,8192,0,0,0,0,-1,-1
76520,A Shared Dream,,52549,113030,0,-1,0,0,0,0,0,0,0,0,0,208983,41130,109,2699,0,3,38338816,8192,0,0,0,0,-1,-1
76522,Reverie Of Battle,,53270,113032,0,-1,0,0,0,0,0,0,0,0,0,0,40719,109,2699,0,3,38338816,8192,0,0,0,0,-1,-1
76526,In the Trees,,52555,113031,0,-1,0,0,0,0,0,0,0,0,0,0,40879,109,2699,0,3,40435968,8192,0,0,0,0,-1,-1
76549,Dreaming in the Dream,,52577,113011,0,-1,0,0,0,0,0,0,0,0,0,0,40887,109,2699,0,3,40435968,8192,0,0,0,0,-1,-1
76550,True Sight,,52578,113012,0,-1,0,0,0,0,0,0,0,0,0,208841,40893,109,2699,0,3,40435712,8192,0,0,0,0,-1,-1
76551,Treasure Diving,,52579,113013,0,-1,0,0,0,0,0,0,0,0,0,0,40894,109,2699,0,3,38338560,8192,0,0,0,0,-1,-1
76558,Base Control,,52585,113014,0,-1,0,0,0,0,0,0,0,0,0,0,40895,111,2699,0,3,38338560,8192,0,0,0,0,-1,-1
76559,Our Owllies,,52586,113016,0,-1,0,0,0,0,0,0,0,0,0,0,40896,109,2699,0,3,38338560,8192,0,0,0,0,-1,-1
76562,Moat Maintenance,,52589,113017,0,-1,0,0,0,0,0,0,0,0,0,0,40897,109,2699,0,3,38338560,8192,0,0,0,0,-1,-1
76586,Spreading the Light,,52611,128113,0,-1,0,0,0,0,0,0,0,0,0,0,41783,111,2809,0,3,5308424,8257,8,79573,0,0,-1,-1
76587,Research: Centaur of Ohn'ahran Plains,,52612,118785,0,-1,0,0,0,0,0,0,0,0,0,0,40442,109,2714,0,3,40435976,8192,0,0,0,0,-1,-1
76588,Defender of the Flame,,52613,127044,0,-1,0,0,0,0,0,0,0,0,0,0,41783,0,2809,0,2,37748744,2138112,520,79573,0,0,-1,-1
76599,Right Between Gyro-Optics - Activate,,52622,0,0,-1,0,0,0,0,0,0,0,0,0,0,41783,265,2809,0,3,41484288,8256,8,0,0,0,-1,-1
76734,Research: Djaradin of Zaralek Cavern,,52757,116943,0,-1,0,0,0,0,0,0,0,0,0,0,40444,109,2714,0,3,40435968,8192,0,0,0,0,-1,-1
76739,Research: Niffen of Zaralek Cavern,,52762,116944,0,-1,0,0,0,0,0,0,0,0,0,0,40446,109,2714,0,3,40435968,8192,0,0,0,0,-1,-1
76911,Research: Drakonid of Waking Shores,,52773,118783,0,-1,0,0,0,0,0,0,0,0,0,0,40448,109,2714,0,3,40435968,8192,0,0,0,0,-1,-1
76988,Sylvan Slalom,,52802,113018,0,-1,0,0,0,0,0,0,0,0,0,0,40898,109,2699,0,3,38338560,8192,0,0,0,0,-1,-1
76989,Trashing the Camp,,52803,113023,0,-1,0,0,0,0,0,0,0,0,0,0,40900,109,2699,0,3,34144256,0,0,0,0,0,-1,-1
76990,Portal Panic,,52804,113022,0,-1,0,0,0,0,0,0,0,0,0,0,40899,109,2699,0,3,34144256,0,0,0,0,0,-1,-1
76991,Carpe Diem,,52805,113024,0,-1,0,0,0,0,0,0,0,0,0,0,40901,109,2699,0,3,40435712,8192,0,0,0,0,-1,-1
76992,Fickle Judgment,,52806,113025,0,-1,0,0,0,0,0,0,0,0,0,210227,40902,109,2699,0,3,38338560,8192,0,0,0,0,-1,-1
76993,Turtle Power,,52807,113026,0,-1,0,0,0,0,0,0,0,0,0,211302,40903,109,2699,0,3,34144256,0,0,0,0,0,-1,-1
77156,Botanical Redistribution,,52852,111661,0,-1,0,0,0,0,0,0,0,0,0,0,40244,109,2699,0,3,40435968,0,0,0,0,0,-1,-1
77159,No Mushroom for Error,,52855,111661,0,-1,0,0,0,0,0,0,0,0,0,0,40245,109,2699,0,3,40435968,0,0,0,0,0,-1,-1
77209,Seed Legacy,,52902,0,0,-1,0,0,0,0,0,0,0,0,0,210014,0,0,2699,0,2,37748736,1073750016,520,78172,0,0,-1,-1
77251,Shaping the Dreamsurge,,52942,0,0,-1,0,0,0,0,0,0,0,0,0,0,0,0,2708,0,2,33587208,0,520,0,0,0,-1,-1
77254,Aiding the Accord: Time Rift,,47316,107827,0,-1,0,0,0,0,0,0,0,0,0,0,0,0,2684,0,2,36733248,0,776,0,0,0,-1,-1
77362,Research: Drakonid of Forbidden Reach,,53049,116945,0,-1,0,0,0,0,0,0,0,0,0,0,40450,109,2714,0,3,40435968,8192,0,0,0,0,-1,-1
77416,Tracking Quest,,60126,0,0,-1,0,0,0,0,0,0,0,0,0,0,0,265,2474,0,3,33619968,131072,8,0,0,0,-1,-1
77424,Research: Dracthyr of Forbidden Reach,,53112,116940,0,-1,0,0,0,0,0,0,0,0,0,0,40440,109,2714,0,3,40435968,8192,0,0,0,0,-1,-1
77570,"Nuoberon, the Wild Dream of a Child",,53253,112505,0,-1,0,0,0,0,0,0,0,0,0,0,40678,283,2699,0,3,35192896,524288,4120,0,0,0,-1,-1
77615,Tracking Quest,,53299,0,0,-1,0,0,0,0,0,0,0,0,0,0,0,0,0,0,3,33588232,0,8,0,0,0,-1,-1
77714,Nature Sealed,,53399,113027,0,-1,0,0,0,0,0,0,0,0,0,0,40878,109,2699,0,3,38338816,8192,0,0,0,0,-1,-1
77715,Bubble Rescue,,53429,113005,0,-1,0,0,0,0,0,0,0,0,0,0,40888,109,2699,0,3,40435712,8192,0,0,0,0,-1,-1
77754,Pyromania Problems,,53439,113008,0,-1,0,0,0,0,0,0,0,0,0,0,40891,109,2699,0,3,40435968,8192,0,0,0,0,-1,-1
77755,Breaking Down the Camp,,53440,113010,0,-1,0,0,0,0,0,0,0,0,0,0,40892,109,2699,0,3,40435968,8192,0,0,0,0,-1,-1
77756,Flight of the Dragons,,53441,113006,0,-1,0,0,0,0,0,0,0,0,0,0,40889,109,2699,0,3,41484544,8192,0,0,0,0,-1,-1
77757,Terror in Haven,,53442,113007,0,-1,0,0,0,0,0,0,0,0,0,0,40890,109,2699,0,3,40435968,8192,0,0,0,0,-1,-1
77761,Documenting a Dream,,53446,113019,0,-1,0,0,0,0,0,0,0,0,0,0,40246,109,2699,0,3,40435968,8192,0,0,0,0,-1,-1
77765,Documenting a Dream,,53450,113019,0,-1,0,0,0,0,0,0,0,0,0,0,40247,109,2699,0,3,40435968,8192,0,0,0,0,-1,-1
77867,Moruud,,53551,113215,0,-1,0,0,0,0,0,0,0,0,0,0,40678,283,2699,0,3,35192896,524288,4120,0,0,0,-1,-1
77878,Envoy of Winter,,53563,113262,0,-1,0,0,0,0,0,0,0,0,0,0,40681,283,2699,0,3,37290048,524288,4120,0,0,0,-1,-1
77976,Aiding the Accord: Dreamsurge,,47316,107827,0,-1,0,0,0,0,0,0,0,0,0,0,0,0,2641,0,2,36733248,0,776,0,0,0,-1,-1
77982,Greedy Gessie,,53662,113354,0,-1,0,0,0,0,0,0,0,0,0,0,40680,283,2699,0,3,37290048,524288,4120,0,0,0,-1,-1
78015,Firebrand Fystia,,53694,113502,0,-1,0,0,0,0,0,0,0,0,0,0,40679,283,2699,0,3,35192896,524288,4120,0,0,0,-1,-1
78033,Magical Bloom,,53712,0,0,-1,65536,0,0,0,0,0,0,0,0,0,0,265,2484,0,3,38371328,1073750016,8,78005,0,0,-1,-1
78170,Nurturing Ageless Seeds,,53836,0,0,-1,0,0,0,0,0,0,0,0,0,0,0,0,2699,0,2,37748736,1073750016,520,77209,0,0,-1,-1
78172,Mysterious Seeds,,53838,0,0,-1,0,0,0,0,0,0,0,0,0,210050,0,0,2699,0,2,37748736,1073750016,520,0,0,0,-1,-1
78177,To Gilneas,,53843,0,0,-1,0,0,0,0,0,0,0,0,0,0,0,0,2736,0,2,39846152,0,512,0,0,0,-1,-1
78178,To Gilneas,,53843,923,0,-1,0,0,0,0,0,0,0,0,0,0,0,0,2736,0,2,37749000,0,512,0,0,0,-1,-1
78180,A Crusade of Red,,53846,0,0,-1,2,0,0,0,0,0,0,0,0,0,0,0,2736,0,2,38797576,0,512,78177,78178,0,-1,-1
78181,Aderic's Retort,,53847,0,0,-1,2,0,0,0,0,0,0,0,0,0,0,0,2736,0,2,38797576,0,512,78177,78178,0,-1,-1
78182,Knee-High,,53848,0,0,-1,1,0,0,0,0,0,0,0,0,0,0,0,2736,0,2,37749000,8192,512,78181,78180,0,-1,-1
78183,Scarlet Blood,,53849,0,0,-1,0,0,0,0,0,0,0,0,0,0,0,0,2736,0,2,37749000,8192,512,78182,0,0,-1,-1
78215,Rooted in Danger,,53880,116346,0,-1,0,0,0,0,0,0,0,0,0,0,41314,113,2523,0,3,4784384,8192,0,0,0,0,-1,-1
78370,Claws for Concern,,54024,114850,0,-1,0,0,0,0,0,0,0,0,0,0,41477,109,2699,0,3,38338816,8192,0,0,0,0,-1,-1
78434,Dragonrider Racing - Ysera Invitational,,54082,114959,0,-1,0,0,0,0,0,0,0,0,0,0,41521,281,2437,0,3,34144512,0,0,0,0,0,-1,-1
78435,Dragonrider Racing - Smoldering Sprint,,54083,114959,0,-1,0,0,0,0,0,0,0,0,0,0,41522,281,2437,0,3,34144512,0,0,0,0,0,-1,-1
78436,Dragonrider Racing - Viridescent Venture,,54084,114959,0,-1,0,0,0,0,0,0,0,0,0,0,41523,281,2437,0,3,34144512,0,0,0,0,0,-1,-1
78437,Dragonrider Racing - Shoreline Switchback,,54085,114959,0,-1,0,0,0,0,0,0,0,0,0,0,41524,281,2437,0,3,34144512,0,0,0,0,0,-1,-1
78438,Dragonrider Racing - Canopy Concours,,54086,114959,0,-1,0,0,0,0,0,0,0,0,0,0,41525,281,2437,0,3,34144512,0,0,0,0,0,-1,-1
78439,Dragonrider Racing - Emerald Amble,,54087,114959,0,-1,0,0,0,0,0,0,0,0,0,0,41526,281,2437,0,3,34144512,0,0,0,0,0,-1,-1
78444,A Worthy Ally: Dream Wardens,,54091,114971,0,-1,0,0,0,0,0,0,0,0,0,0,0,0,2669,0,2,33587272,0,776,0,0,0,-1,-1
78446,Aiding the Accord: Superbloom,,47316,107827,0,-1,0,0,0,0,0,0,0,0,0,0,0,0,2699,0,2,36733248,0,776,0,0,0,-1,-1
78447,Aiding the Accord: Emerald Bounty,,47316,107827,0,-1,0,0,0,0,0,0,0,0,0,0,0,0,2699,0,2,36733248,0,776,0,0,0,-1,-1
78452,Reinforcements - Activate,,54097,0,0,-1,0,0,0,0,0,0,0,0,0,0,41783,265,2809,0,3,41484288,8256,8,0,0,0,-1,-1
78457,Stones of Dornogal,,54102,0,0,-1,0,0,0,0,0,0,0,0,0,216697,0,0,2797,0,2,39845896,8192,512,78460,0,0,-1,-1
78458,Havrest Havoc - Activator,,59660,0,0,-1,0,0,0,0,0,0,0,0,0,0,41783,265,2809,0,3,7929856,8256,8,0,0,0,-1,-1
78466,Shadows of Flavor - Activate,,54111,0,0,-1,0,0,0,0,0,0,0,0,0,0,41783,265,2809,0,3,41484288,8256,8,0,0,0,-1,-1
78472,Glow In The Dark - Activate,,54117,0,0,-1,0,0,0,0,0,0,0,0,0,0,41783,265,2809,0,3,41484288,8256,8,0,0,0,-1,-1
78590,Cutting Edge,,54234,110871,0,-1,0,0,0,0,0,0,0,0,0,0,0,0,2809,0,3,38371328,8192,524288,79573,0,0,-1,-1
78607,To Mereldar,,54248,0,0,-1,0,0,0,0,0,0,0,0,0,0,0,0,2799,0,2,37748744,0,512,78954,0,0,-1,-1
78613,The Bastion of Hallowfall,,54252,0,0,-1,0,0,0,0,0,0,0,0,0,0,0,0,2799,0,2,38928392,0,1049088,78607,0,0,-1,-1
78616,Technoscrying: The Mysteries of the Concord Observatory,,54255,118783,0,-1,0,0,0,0,0,0,0,0,0,0,40447,109,2714,0,3,40435968,8192,0,0,0,0,-1,-1
78618,Fungal Frenzy,,54257,120958,0,-1,0,0,0,0,0,0,0,0,0,0,0,0,3019,0,3,34144512,0,33280,0,0,0,-1,-1
78620,Crossroads of Twilight,,54259,0,0,-1,1,0,0,0,0,0,0,0,0,0,0,0,2799,0,2,38797320,0,512,78615,0,0,-1,-1
78624,A Candle in the Dark,,54263,0,0,-1,1,0,0,0,0,0,0,0,0,0,0,0,2799,0,2,34603016,8192,512,78621,78620,0,-1,-1
78627,The Final Front,,54266,0,0,-1,1,0,0,0,0,0,0,0,0,0,0,0,2799,0,2,37748744,0,512,79089,80049,0,-1,-1
78628,Trapdoor Sprung,,54267,0,0,-1,0,0,0,0,0,0,0,0,0,0,0,0,2799,0,2,38797320,0,512,78627,0,0,-1,-1
78629,Running on Reserves,,54268,0,0,-1,0,0,0,0,0,0,0,0,0,0,0,0,2799,0,2,38797320,0,512,78627,0,0,-1,-1
78630,The Rise of the Reckoning,,54269,0,0,-1,1,0,0,0,0,0,0,0,0,0,0,0,2799,0,2,38797320,0,512,78628,78629,0,-1,-1
78643,Fair Skies and Strong Winds,,54285,0,0,-1,0,0,0,0,0,0,0,0,0,0,0,0,2699,0,2,40894472,8192,512,76283,0,0,-1,-1
78645,Excavation: Buried in the Riverbed,,54287,118785,0,-1,0,0,0,0,0,0,0,0,0,210435,40441,109,2714,0,3,40435968,0,16,0,0,0,-1,-1
78649,Excavation: Something Big Beneath the Riverbed,,54290,118785,0,-1,0,0,0,0,0,0,0,0,0,210435,42136,109,2714,0,3,40435968,0,0,0,0,0,-1,-1
78657,The Midnight Sentry,,54298,117662,0,-1,0,0,0,0,0,0,0,0,0,211073,0,0,2809,0,3,38371328,8192,520,79573,0,0,-1,-1
78661,Excavation: Treasures in the Cliffside,,54302,116945,0,-1,0,0,0,0,0,0,0,0,0,210778,40449,109,2714,0,3,40435968,0,0,0,0,0,-1,-1
78662,Excavation: A Cliffside Full of Caches,,54303,116945,0,-1,0,0,0,0,0,0,0,0,0,210778,42138,109,2714,0,3,40435968,0,0,0,0,0,-1,-1
78663,Excavation: Scattered Around the Tower,,54304,116944,0,-1,0,0,0,0,0,0,0,0,0,210834,40445,109,2714,0,3,40435968,0,0,0,0,0,-1,-1
78685,The Tunnel's End,,54326,0,0,-1,0,0,0,0,0,0,0,0,0,0,0,0,2798,0,2,40894472,4202496,512,80079,0,0,-1,-1
78696,We Don't Go to Taelloch,,54337,0,0,-1,0,0,0,0,0,0,0,0,0,0,0,0,2798,0,2,36700168,8192,512,78685,0,0,-1,-1
78697,Ghost of a Company Town,,54338,0,0,-1,0,0,0,0,0,0,0,0,0,0,0,0,2798,0,2,37748744,8192,512,78696,0,0,-1,-1
78700,Controlled Demolition,,54341,0,0,-1,0,0,0,0,0,0,0,0,0,0,0,0,2798,0,2,37748744,8192,512,78697,0,0,-1,-1
78701,The Truth in Chalk,,54342,0,0,-1,0,0,0,0,0,0,0,0,0,0,0,0,2798,0,2,4194312,8192,512,78697,0,0,-1,-1
78703,Buried in Stone,,54344,0,0,-1,1,0,0,0,0,0,0,0,0,0,0,0,2798,0,2,37748744,8192,512,78700,78701,0,-1,-1
78704,Find the Foreman,,54345,0,0,-1,0,0,0,0,0,0,0,0,0,0,0,0,2798,0,2,37748744,8192,512,78703,0,0,-1,-1
78705,What She Saw,,54346,0,0,-1,0,0,0,0,0,0,0,0,0,0,0,0,2798,0,2,37748744,8192,512,78704,0,0,-1,-1
78706,The High Speaker's Secret,,54347,0,0,-1,0,0,0,0,0,0,0,0,0,0,0,0,2798,0,2,38797320,8192,512,78705,0,0,-1,-1
78739,Excavation: The Trove in the Tower,,54376,116944,0,-1,0,0,0,0,0,0,0,0,0,210834,42137,109,2714,0,3,40435968,8192,0,0,0,0,-1,-1
78820,Technoscrying: The Mysteries of Igira's Watch,,54454,116943,0,-1,0,0,0,0,0,0,0,0,0,0,40443,109,2714,0,3,36241664,0,0,0,0,0,-1,-1
78821,Blooming Dreamseeds,,54455,114971,0,-1,0,0,0,0,0,0,0,0,0,0,0,0,2669,0,2,35684424,0,776,0,0,0,-1,-1
78861,Aiding the Accord,,47316,107827,0,-1,0,0,0,0,0,0,0,0,0,0,0,0,2437,0,3,104366088,0,4203008,0,0,0,-1,-1
78890,Emerald Frenzy,,54516,112502,0,-1,0,0,0,0,0,0,0,0,0,0,41860,0,2699,0,3,5832704,8192,131072,0,0,0,-1,-1
78894,Infinite Growth,,54519,119437,0,-1,0,0,0,0,0,0,0,0,0,0,0,282,2793,0,0,0,1,268435976,0,0,0,-1,-1
78931,Technoscrying: The Mysteries of Dragonskull Island,,54556,116941,0,-1,0,0,0,0,0,0,0,0,0,0,40439,109,2714,0,3,40435968,8192,0,0,0,0,-1,-1
78941,A Tide Needing Turned,,54566,127948,0,-1,0,0,0,0,0,0,0,0,0,0,0,0,2462,0,2,37748744,8192,512,0,0,0,-1,-1
78974,Beetle-Minded,,57693,124432,0,-1,0,0,0,0,0,0,0,0,0,0,43168,109,2861,0,3,41484544,8192,0,0,0,0,-1,-1
78995,Truffle Shuffle,,57692,124432,0,-1,0,0,0,0,0,0,0,0,0,0,43167,109,2861,0,3,41484544,8192,0,0,0,0,-1,-1
79082,The Superbloom,,54687,0,0,-1,0,0,0,0,0,0,0,0,0,0,42003,265,2701,0,3,34144256,0,8,0,0,0,-1,-1
79089,Consecrated Cleanup,,54694,0,0,-1,0,0,0,0,0,0,0,0,0,0,0,0,2799,0,2,39845888,0,512,78624,0,0,-1,-1
79116,Spider Optics,,54717,124686,0,-1,0,0,0,0,0,0,0,0,0,0,43165,109,2861,0,3,41484544,8192,0,0,0,0,-1,-1
79151,An Orphan's Request,,54745,121339,0,-1,0,0,0,0,0,0,0,0,0,0,0,0,2799,0,2,34603016,8192,1049088,0,0,0,-1,-1
79152,Gutting the Pool,,54746,0,0,-1,0,0,0,0,0,0,0,0,0,0,0,0,2799,0,2,40894472,8192,512,79151,0,0,-1,-1
79153,Vae Victis,,54747,0,0,-1,1,0,0,0,0,0,0,0,0,0,0,0,2799,0,2,36700168,0,512,83182,79152,0,-1,-1
79154,A Final Goodbye,,54748,0,0,-1,0,0,0,0,0,0,0,0,0,0,0,0,2799,0,2,36700168,0,512,79153,0,0,-1,-1
79165,A Moment to Rest,,54757,0,0,-1,0,0,0,0,0,0,0,0,0,0,0,0,2462,0,2,38797320,0,512,79573,0,0,-1,-1
79166,Lost Pieces,,54758,0,0,-1,0,0,0,0,0,0,0,0,0,0,0,0,2462,0,2,37748744,0,512,79165,0,0,-1,-1
79167,Crowdsourcing,,54759,0,0,-1,0,0,0,0,0,0,0,0,0,0,0,0,2462,0,2,37748744,0,512,79166,0,0,-1,-1
79168,Light's Gambit,,54760,0,0,-1,0,0,0,0,0,0,0,0,0,0,0,0,2462,0,2,39845896,0,512,79167,0,0,-1,-1
79200,Who am I?,,54791,123985,0,-1,0,0,0,0,0,0,0,0,0,0,0,0,863,0,2,38797312,8192,520,0,0,0,-1,-1
79201,The Analysis Interface,,54792,124463,0,-1,0,0,0,0,0,0,0,0,0,0,0,0,863,0,2,37748744,0,520,79200,0,0,-1,-1
79202,Rock Beats Rock,,54793,123985,0,-1,2,0,0,0,0,0,0,0,0,0,0,0,863,0,2,39845896,0,520,79201,83328,0,-1,-1
79203,Authorization: Negated,,54794,123985,0,-1,0,0,0,0,0,0,0,0,0,0,0,0,863,0,2,38797320,0,520,79202,0,0,-1,-1
79204,Whoever You Want to Be,,54795,123985,0,-1,0,0,0,0,0,0,0,0,0,0,0,0,863,0,2,37748744,0,520,79203,0,0,-1,-1
79232,Those Who Fell,,54820,118274,0,-1,0,0,0,0,0,0,0,0,0,0,0,0,2462,0,2,37748744,8192,268435976,79573,0,0,-1,-1
79246,Captain's Orders: Coffer Collector,,54859,116979,0,-1,0,0,0,0,0,0,0,0,0,0,0,109,2814,0,3,37294368,68,0,0,0,0,-1,-1
79249,Captain's Orders: Kill Haul,,54860,116979,0,-1,0,0,0,0,0,0,0,0,0,0,0,109,2814,0,3,37294368,68,0,0,0,0,-1,-1
79254,Everspout,,54842,0,0,-1,0,0,0,0,0,0,0,0,0,0,0,0,2814,0,3,34144256,0,0,0,0,0,-1,-1
79257,Grotto Grievances,,54845,128201,0,-1,0,0,0,0,0,0,0,0,0,0,0,0,3017,0,3,35193088,0,32768,0,0,0,-1,-1
79295,Hose 'Em Down - Activate,,54885,0,0,-1,0,0,0,0,0,0,0,0,0,0,41783,265,2809,0,3,41484288,8256,8,0,0,0,-1,-1
79315,Lord Harlbrand,,54905,0,0,-1,0,0,0,0,0,0,0,0,0,0,0,0,2814,0,3,34144256,0,0,0,0,0,-1,-1
79316,Malfunctioning Harvester,,54906,0,0,-1,0,0,0,0,0,0,0,0,0,0,0,0,2814,0,3,34144256,0,0,0,0,0,-1,-1
79317,Morkus Grimlock,,54907,0,0,-1,0,0,0,0,0,0,0,0,0,0,0,0,2814,0,3,34144256,0,0,0,0,0,-1,-1
79318,Narla Thunderhoof,,54908,0,0,-1,0,0,0,0,0,0,0,0,0,0,0,0,2814,0,3,34144256,0,0,0,0,0,-1,-1
79319,Frenzied Owlbeast,,54909,0,0,-1,0,0,0,0,0,0,0,0,0,0,0,0,2814,0,3,34144256,0,0,0,0,0,-1,-1
79320,Gorthak Grimtusk,,54910,0,0,-1,0,0,0,0,0,0,0,0,0,0,0,0,2814,0,3,34144256,0,0,0,0,0,-1,-1
79321,The Catalyst's Gift,,54911,117108,0,-1,0,0,0,0,0,0,0,0,0,0,0,0,2474,0,2,33554440,0,512,0,0,0,-1,-1
79328,Embassies and Envoys,,54917,0,0,-1,0,0,0,0,0,0,0,0,0,0,0,0,2829,0,2,39845896,8192,512,79333,0,0,1309324210,-1440044374
79329,Glowing Harvest,,54918,0,0,-1,0,0,0,0,0,0,0,0,0,0,42291,0,2809,0,3,38371328,8256,512,79573,0,0,-1,-1
79333,The Fleet Arrives,,54922,127984,0,-1,0,0,0,0,0,0,0,84367,0,0,0,0,2829,0,2,37748744,8192,512,79197,0,0,-1,-1
79343,Everyday I'm Snufflin',,54932,117222,0,-1,0,0,0,0,0,0,0,0,0,0,0,0,2798,0,2,36700168,0,512,0,0,0,-1,-1
79344,Urban Odyssey,,54933,0,0,-1,0,0,0,0,0,0,0,0,0,0,0,0,2829,0,2,37748744,8192,512,83315,0,0,-1,-1
79379,"Captain's Orders: No Prey, No Pay",,54969,116979,0,-1,0,0,0,0,0,0,0,0,0,0,0,109,2814,0,3,37294368,68,0,0,0,0,-1,-1
79380,Bog Beast Banishment,,54970,117459,0,-1,0,0,0,0,0,0,0,0,0,0,0,0,2809,0,3,4816896,8192,512,79573,0,0,-1,-1
79381,Captain's Orders: X Marks the Spot,,54971,116979,0,-1,0,0,0,0,0,0,0,0,0,0,0,109,2814,0,3,37294368,68,0,0,0,0,-1,-1
79382,Captain's Orders: Plunderstudy,,54972,116979,0,-1,0,0,0,0,0,0,0,0,0,0,0,109,2814,0,3,37294368,68,0,0,0,0,-1,-1
79383,Web of Manipulation - Activate,,54973,0,0,-1,0,0,0,0,0,0,0,0,0,0,41783,265,2809,0,3,41484288,8256,8,0,0,0,-1,-1
79462,[DNT] Renown Reward 001,,55045,0,0,-1,0,0,0,0,0,0,0,0,0,0,0,0,2814,0,3,41488640,8326,0,0,0,0,-1,-1
79464,[DNT] Renown Reward 002,,55046,0,0,-1,0,0,0,0,0,0,0,0,0,0,0,0,2814,0,3,41488640,8326,0,0,0,0,-1,-1
79465,[DNT] Renown Reward 003,,55047,0,0,-1,0,0,0,0,0,0,0,0,0,0,0,0,2814,0,3,41488640,8326,0,0,0,0,-1,-1
79466,[DNT] Renown Reward 004,,55048,0,0,-1,0,0,0,0,0,0,0,0,0,0,0,0,2814,0,3,41488640,8326,0,0,0,0,-1,-1
79469,Lurking Below,,55051,117663,0,-1,0,0,0,0,0,0,0,0,0,215467,0,0,2809,0,3,38371328,8192,512,79573,0,0,-1,-1
79470,Waters of War,,55052,117665,0,-1,0,0,0,0,0,0,0,0,0,211073,0,0,2809,0,3,38371328,8192,512,79573,0,0,-1,-1
79471,Bleak Sand,,55053,117666,0,-1,0,0,0,0,0,0,0,0,0,211073,0,0,2809,0,3,38371328,8192,524288,79573,0,0,-1,-1
79667,It's Elementary,,55226,120958,0,-1,0,0,0,0,0,0,0,0,0,0,0,0,3019,0,3,269025536,0,33280,0,0,0,-1,-1
79669,I Take Candle!,,55228,120958,0,-1,0,0,0,0,0,0,0,0,0,0,0,0,3019,0,3,269025536,0,33280,0,0,0,-1,-1
79673,Spider Danger!,,55232,5703,0,-1,0,0,0,0,0,0,0,0,0,0,0,0,2797,0,3,269025536,0,33280,0,0,0,-1,-1
79722,Gutter Work,,55276,124686,0,-1,0,0,0,0,0,0,0,0,0,0,43151,109,2861,0,3,41484544,8192,0,0,0,0,-1,-1
79958,"Worm Sign, Sealed, Delivered",,57690,124686,0,-1,0,0,0,0,0,0,0,0,0,0,43170,109,2861,0,3,41484544,8192,0,0,0,0,-1,-1
79959,Wormcraft Rumble,,55514,124686,0,-1,0,0,0,0,0,0,0,0,0,0,43169,109,2861,0,3,41484544,8192,0,0,0,0,-1,-1
79960,Taking it To Go,,55515,124686,0,-1,0,0,0,0,0,0,0,0,0,216664,43166,109,2861,0,3,41484544,8192,0,0,0,0,-1,-1
79965,Learn the Ropes or Walk the Plank,,55520,0,0,-1,0,0,0,0,0,0,0,0,0,0,0,109,2814,0,3,37290016,132,8,0,0,0,-1,-1
80005,Crab Grab - Activate,,55555,0,0,-1,0,0,0,0,0,0,0,0,0,0,41783,265,2809,0,3,7929856,8256,8,0,0,0,-1,-1
80006,Ixlorb the Spinner,,55556,0,0,-1,0,0,0,0,0,0,0,0,0,0,0,0,2806,0,3,37291008,0,8,0,0,0,-1,-1
80009,The Taskmaker,,55557,0,0,-1,0,0,0,0,0,0,0,0,0,0,0,0,2860,0,3,37295104,0,8,0,0,0,-1,-1
80010,Murkshade,,55558,0,0,-1,0,0,0,0,0,0,0,0,0,0,0,0,2806,0,3,37291008,0,8,0,0,0,-1,-1
80049,The Flame Still Burns,,55598,0,0,-1,0,0,0,0,0,0,0,0,0,0,0,0,2799,0,2,39845896,0,512,78624,0,0,-1,-1
80079,A Wrench in the Works,,55624,0,0,-1,0,0,0,0,0,0,0,0,0,0,0,0,2798,0,2,40894472,0,512,80082,0,0,-1,-1
80081,Captain's Orders: Flood and Plunder,,55626,116979,0,-1,0,0,0,0,0,0,0,0,0,0,0,109,2814,0,3,37294112,68,0,0,0,0,-1,-1
80099,Tracking Quest,,55644,0,0,-1,0,0,0,0,0,0,0,0,0,0,0,0,0,0,3,33621000,0,0,0,0,0,-1,-1
80100,Tracking Quest,,55645,0,0,-1,0,0,0,0,0,0,0,0,0,0,0,0,0,0,3,33621000,0,0,0,0,0,-1,-1
80101,Tracking Quest,,55646,0,0,-1,0,0,0,0,0,0,0,0,0,0,0,0,0,0,3,33621000,0,0,0,0,0,-1,-1
80102,Tracking Quest,,55647,0,0,-1,0,0,0,0,0,0,0,0,0,0,0,0,0,0,3,33621000,0,0,0,0,0,-1,-1
80103,Tracking Quest,,55648,0,0,-1,0,0,0,0,0,0,0,0,0,0,0,0,0,0,3,33621000,0,0,0,0,0,-1,-1
80104,Tracking Quest,,55649,0,0,-1,0,0,0,0,0,0,0,0,0,0,0,0,0,0,3,33621000,0,0,0,0,0,-1,-1
80105,Tracking Quest,,55650,0,0,-1,0,0,0,0,0,0,0,0,0,0,0,0,0,0,3,33621000,0,0,0,0,0,-1,-1
80106,Tracking Quest,,55651,0,0,-1,0,0,0,0,0,0,0,0,0,0,0,0,0,0,3,33621000,0,0,0,0,0,-1,-1
80107,Tracking Quest,,55652,0,0,-1,0,0,0,0,0,0,0,0,0,0,0,0,0,0,3,33621000,0,0,0,0,0,-1,-1
80108,Tracking Quest,,55653,0,0,-1,0,0,0,0,0,0,0,0,0,0,0,0,0,0,3,33621000,0,0,0,0,0,-1,-1
80109,Tracking Quest,,55654,0,0,-1,0,0,0,0,0,0,0,0,0,0,0,0,0,0,3,33621000,0,0,0,0,0,-1,-1
80110,Daily Doubloons,,55655,0,0,-1,0,0,0,0,0,0,0,0,0,0,0,109,2814,0,3,37294336,196,8,0,0,0,-1,-1
80208,Digging into Trouble,,55737,119449,0,-1,0,0,0,0,0,0,0,0,0,0,42576,113,2869,0,3,4784384,8192,512,0,0,0,-1,-1
80295,"Rocks, Water and Elemental Fodder",,55823,117968,0,-1,1,0,0,0,0,0,0,0,0,0,43074,109,2837,0,3,4784384,8192,0,0,0,0,-1,-1
80320,Aid the Klaxxi,,0,119578,0,-1,0,0,0,0,0,0,0,0,0,0,0,0,657,0,0,3145728,32768,512,0,0,0,-1,-1
80323,Foggy Faceoff,,55845,119449,0,-1,0,0,0,0,0,0,0,0,0,0,42571,278,2869,0,3,4784384,8192,512,0,0,0,-1,-1
80385,Last Hurrah: Dragon Isles,,55909,120509,0,-1,0,0,0,0,0,0,0,0,0,0,0,0,2078,0,2,36732992,0,268436232,0,0,0,-1,-1
80386,Last Hurrah: Zaralek Caverns and Time Rifts,,55909,120508,0,-1,0,0,0,0,0,0,0,0,0,0,0,0,2078,0,2,36732992,0,268436232,0,0,0,-1,-1
80388,Last Hurrah: Emerald Dream,,55909,120511,0,-1,0,0,0,0,0,0,0,0,0,0,0,0,2078,0,2,36732992,0,268436232,0,0,0,-1,-1
80389,Last Hurrah,,55909,120508,0,-1,0,0,0,0,0,0,0,0,0,0,0,0,2078,0,3,104366088,0,272638464,0,0,0,-1,-1
80394,Along for the Ride,,55915,119449,0,-1,0,0,0,0,0,0,0,0,0,0,42595,113,2837,0,3,4784384,8192,0,0,0,0,-1,-1
80395,Elemental Excavation,,55917,119449,0,-1,0,0,0,0,0,0,0,0,0,218124,42596,113,2837,0,3,38469888,8192,0,0,0,0,-1,-1
80409,Polarized,,55931,127873,0,-1,0,0,0,0,0,0,0,0,0,0,42607,113,2837,0,3,6881536,8192,0,0,0,0,-1,-1
80412,Fending off Darkness,,55934,119449,0,-1,0,0,0,0,0,0,0,0,0,0,42688,113,2837,0,3,4784384,8192,0,0,0,0,-1,-1
80426,Aid the Shado-Pan,,0,119870,0,-1,0,0,0,0,0,0,0,0,0,0,0,0,657,0,0,3145728,32768,512,0,0,0,-1,-1
80427,Aid the Golden Lotus,,0,119871,0,-1,0,0,0,0,0,0,0,0,0,0,0,0,657,0,0,3145728,32768,512,0,0,0,-1,-1
80429,Aid the August Celestials,,0,119872,0,-1,0,0,0,0,0,0,0,0,0,0,11728,0,657,0,0,3145728,32768,512,0,0,0,-1,-1
80430,Aid the August Celestials,,0,119874,0,-1,0,0,0,0,0,0,0,0,0,0,11731,0,657,0,0,3145728,32768,512,0,0,0,-1,-1
80431,Aid the August Celestials,,0,119873,0,-1,0,0,0,0,0,0,0,0,0,0,11730,0,657,0,0,3145728,32768,512,0,0,0,-1,-1
80433,Aid the August Celestials,,0,119875,0,-1,0,0,0,0,0,0,0,0,0,0,11729,0,657,0,0,3145728,32768,512,0,0,0,-1,-1
80438,Aid the Horde,,0,119877,0,-1,0,0,0,0,0,0,0,0,0,0,0,0,657,0,0,3145728,32768,512,0,0,0,1309324210,-1440044374
80439,Aid the Alliance,,0,119876,0,-1,0,0,0,0,0,0,0,0,0,0,0,0,657,0,0,3145728,32768,512,0,0,0,-1321907123,1427461461
80441,Aid the Order of the Cloud Serpent,,0,119878,0,-1,0,0,0,0,0,0,0,0,0,0,0,0,657,0,0,3145728,32768,512,0,0,0,-1,-1
80442,Aid the Sunreavers Onslaught,,57191,119881,0,-1,0,0,0,0,0,0,0,0,0,0,0,0,657,0,0,3149824,32768,512,0,0,0,1309324210,-1440044374
80443,Aid the Kirin Tor Offensive,,57192,119880,0,-1,0,0,0,0,0,0,0,0,0,0,0,0,657,0,0,3149824,32768,512,0,0,0,-1321907123,1427461461
80444,Aid the Anglers,,0,119882,0,-1,0,0,0,0,0,0,0,0,0,0,0,0,657,0,0,3145728,32768,512,0,0,0,-1,-1
80457,Serving the Queen,,55964,127873,0,-1,0,0,0,0,0,0,0,0,0,0,42680,113,2837,0,3,6881536,8192,0,0,0,0,-1,-1
80573,Dropping Eaves: Spoils of War,,57023,127320,0,-1,0,0,0,0,0,0,0,0,0,0,44425,0,2861,0,3,40960008,32768,8,0,0,0,-1,-1
80592,Forge a Pact,,56087,124684,0,-1,0,0,0,0,0,0,0,0,0,0,0,284,2861,0,2,661750080,8320,4203008,0,0,0,-1,-1
80670,Eyes of the Weaver,,56164,0,0,-1,0,0,0,0,0,0,0,0,0,0,0,284,2861,0,2,40927552,8192,776,80544,0,0,-1,-1
80671,Blade of the General,,56165,0,0,-1,0,0,0,0,0,0,0,0,0,0,0,284,2861,0,2,40927552,8192,776,80545,0,0,-1,-1
80672,Hand of the Vizier,,56166,0,0,-1,0,0,0,0,0,0,0,0,0,0,0,284,2861,0,2,40927552,8192,776,80546,0,0,-1,-1
80674,[TEMPLATE] Creature Name,,56169,0,0,-1,0,0,0,0,0,0,0,0,0,0,0,0,2860,0,3,34149376,0,8,0,0,0,-1,-1
80675,Creature Name,,56170,0,0,-1,0,0,0,0,0,0,0,0,0,0,0,0,2860,0,3,34149376,0,8,0,0,0,-1,-1
81465,Artifacts Galore,,56960,117968,0,-1,0,0,0,0,0,0,0,0,0,0,42769,109,2838,0,3,41484544,8192,0,0,0,0,-1,-1
81470,Dropping Eaves: Thieving Weave,,57066,127320,0,-1,0,0,0,0,0,0,0,0,0,0,44419,0,2861,0,3,40960008,32768,8,0,0,0,-1,-1
81471,Dropping Eaves: Saving the Past,,57067,127320,0,-1,0,0,0,0,0,0,0,0,0,0,44435,0,2861,0,3,40960008,32768,8,0,0,0,-1,-1
81472,Information Control: Ansurek's Truth,,57042,127320,0,-1,0,0,0,0,0,0,0,0,0,0,44429,0,2861,0,3,40960008,32768,8,0,0,0,-1,-1
81473,Information Control: The Right Side of History,,57027,127320,0,-1,0,0,0,0,0,0,0,0,0,0,44424,0,2861,0,3,40960008,32768,8,0,0,0,-1,-1
81475,Breaking the Phalanx: Royal Appointees,,57024,127320,0,-1,0,0,0,0,0,0,0,0,0,0,44441,0,2861,0,3,40960008,32768,8,0,0,0,-1,-1
81476,Bounty: Chitinous Goliath,,57037,127320,0,-1,0,0,0,0,0,0,0,0,0,0,44430,0,2861,0,3,40960008,32768,8,0,0,0,-1,-1
81477,Armaments: Weaponry,,57044,127320,0,-1,0,0,0,0,0,0,0,0,0,0,44433,0,2861,0,3,40960008,32768,8,0,0,0,-1,-1
81478,Relics of War: The Ruptured Lake,,57039,127320,0,-1,0,0,0,0,0,0,0,0,0,0,44449,0,2861,0,3,40960008,32768,8,0,0,0,-1,-1
81479,Requisitions: Umbrashrooms,,57068,127320,0,-1,0,0,0,0,0,0,0,0,0,0,44415,0,2861,0,3,40960008,32768,8,0,0,0,-1,-1
81480,Wild Reagents: Maddening Deep,,57090,127320,0,-1,0,0,0,0,0,0,0,0,0,0,44445,0,2861,0,3,40960008,32768,8,0,0,0,-1,-1
81481,Sabotage: Transformatory Vessels,,57093,127320,0,-1,0,0,0,0,0,0,0,0,0,0,44423,0,2861,0,3,40960008,32768,8,0,0,0,-1,-1
81482,Testing Formulae: Gelatinous Unguent,,57087,127320,0,-1,0,0,0,0,0,0,0,0,0,219323,44428,0,2861,0,3,41091080,32768,8,0,0,0,-1,-1
81483,Infiltration: Production Blocker,,57028,127320,0,-1,0,0,0,0,0,0,0,0,0,0,44422,0,2861,0,3,40960008,32768,8,0,0,0,-1,-1
81484,Wet Work: Death of a Salesman,,57065,127320,0,-1,0,0,0,0,0,0,0,0,0,0,44427,0,2861,0,3,40960008,32768,8,0,0,0,-1,-1
81487,Breaking the Phalanx: Threadblades,,57025,127320,0,-1,0,0,0,0,0,0,0,0,0,0,44440,0,2861,0,3,40960008,32768,8,0,0,0,-1,-1
81488,Breaking the Phalanx: Schismatic Sages,,57064,127320,0,-1,0,0,0,0,0,0,0,0,0,0,44439,0,2861,0,3,40960008,32768,8,0,0,0,-1,-1
81489,Bounty: Zorikal the Patron,,57062,127320,0,-1,0,0,0,0,0,0,0,0,0,0,44438,0,2861,0,3,40960008,32768,8,0,0,0,-1,-1
81490,Bounty: Balaxir the Bully,,57063,127320,0,-1,0,0,0,0,0,0,0,0,0,0,44434,0,2861,0,3,40960008,32768,520,0,0,0,-1,-1
81491,Armaments: Arbalests,,57045,127320,0,-1,0,0,0,0,0,0,0,0,0,0,44432,0,2861,0,3,40960008,32768,8,0,0,0,-1,-1
81492,Armaments: Smithing Tools,,57046,127320,0,-1,0,0,0,0,0,0,0,0,0,0,44450,0,2861,0,3,40960008,32768,8,0,0,0,-1,-1
81493,Relics of War: The Salien Gutter Conflict,,57040,127320,0,-1,0,0,0,0,0,0,0,0,0,0,44446,0,2861,0,3,40960008,32768,8,0,0,0,-1,-1
81494,Relics of War: Rak-Zakaz,,57041,127320,0,-1,0,0,0,0,0,0,0,0,0,0,44448,0,2861,0,3,40960008,32768,8,0,0,0,-1,-1
81495,Requisitions: Brightblooms,,57070,127320,0,-1,0,0,0,0,0,0,0,0,0,0,44420,0,2861,0,3,40960008,32768,8,0,0,0,-1,-1
81496,Requisitions: Fangpetals,,57069,127320,0,-1,0,0,0,0,0,0,0,0,0,0,44431,0,2861,0,3,40960008,32768,8,0,0,0,-1,-1
81497,Wild Reagents: Salien Gutters,,57091,127320,0,-1,0,0,0,0,0,0,0,0,0,0,44444,0,2861,0,3,40960008,32768,8,0,0,0,-1,-1
81498,Wild Reagents: Twitching Gorge,,57092,127320,0,-1,0,0,0,0,0,0,0,0,0,0,44443,0,2861,0,3,40960008,32768,8,0,0,0,-1,-1
81499,Information Control: Ascended Intrigue,,57043,127320,0,-1,0,0,0,0,0,0,0,0,0,0,44421,0,2861,0,3,40960008,32768,8,0,0,0,-1,-1
81500,Wet Work: Step Into Their Parlor,,57107,127320,0,-1,0,0,0,0,0,0,0,0,0,0,44426,0,2861,0,3,40960008,32768,8,0,0,0,-1,-1
81501,Testing Formulae: Roiling Elixir,,57088,127320,0,-1,0,0,0,0,0,0,0,0,0,219324,44417,0,2861,0,3,41091080,32768,8,0,0,0,-1,-1
81502,Testing Formulae: Malodorous Philter,,57089,127320,0,-1,0,0,0,0,0,0,0,0,0,219322,44436,0,2861,0,3,41091080,32768,8,0,0,0,-1,-1
81503,Infiltration: Terror Made Manifest,,57029,127320,0,-1,0,0,0,0,0,0,0,0,0,0,44442,0,2861,0,3,40960008,32768,8,0,0,0,-1,-1
81504,Infiltration: Hidden Figures,,57030,127320,0,-1,0,0,0,0,0,0,0,0,0,0,44447,0,2861,0,3,40960008,32768,8,0,0,0,-1,-1
81505,Sabotage: Venomancers,,57094,127320,0,-1,0,0,0,0,0,0,0,0,0,0,44437,0,2861,0,3,40960008,32768,8,0,0,0,-1,-1
81506,Sabotage: Alchemical Instruments,,57095,127320,0,-1,0,0,0,0,0,0,0,0,0,0,44416,0,2861,0,3,40960008,32768,8,0,0,0,-1,-1
81510,Ship It!,,56971,0,0,-1,2,0,0,0,0,0,0,0,0,0,0,0,2829,0,2,575668232,8192,512,84224,83315,0,-1,-1
81512,Props and Incense,,56973,117968,0,-1,0,0,0,0,0,0,0,0,0,0,42772,109,2838,0,3,41484544,8192,0,0,0,0,-1,-1
81555,Wet Work: Tithe to Kill,,57105,127320,0,-1,0,0,0,0,0,0,0,0,0,0,44418,0,2861,0,3,40960008,32768,8,0,0,0,-1,-1
81556,Foreign Fog,,57017,127799,0,-1,0,0,0,0,0,0,0,0,0,0,0,0,2838,0,2,36700168,0,512,0,0,0,-1,-1
81557,Fog Tags,,57018,0,0,-1,0,0,0,0,0,0,0,0,0,219469,0,0,2838,0,2,36700168,0,512,81556,0,0,-1,-1
81558,Unnatural Predators,,57019,0,0,-1,0,0,0,0,0,0,0,0,0,0,0,0,2838,0,2,36700168,0,512,81556,0,0,-1,-1
81559,Fog Follower,,57020,0,0,-1,1,0,0,0,0,0,0,0,0,0,0,0,2838,0,2,40894472,0,512,81557,81558,0,-1,-1
81568,Release the Beasts,,57034,120617,0,-1,0,0,0,0,0,0,0,0,0,0,0,0,3018,0,3,35193088,0,33280,0,0,0,-1,-1
81595,Seasonal Start,,57071,125989,0,-1,0,0,0,0,0,0,0,0,0,0,0,0,2824,0,2,36700168,0,512,79573,0,0,-1,-1
81614,"One Fin, Two Fin, Pearlfin, Dead Fin",,57097,120958,0,-1,0,0,0,0,0,0,0,0,0,0,0,0,3019,0,3,590080,0,33280,0,0,0,-1,-1
81615,Wick Points,,57098,117968,0,-1,0,0,0,0,0,0,0,0,0,0,42794,109,2838,0,3,37290240,8192,0,0,0,0,-1,-1
81620,Recovery Job,,57103,117968,0,-1,0,0,0,0,0,0,0,0,0,0,42811,109,2838,0,3,41484544,8192,512,0,0,0,-1,-1
81621,Tunnels Be Gone!,,57104,117968,0,-1,0,0,0,0,0,0,0,0,0,219284,42797,109,2838,0,3,37290240,8192,0,0,0,0,-1,-1
81622,Bells of the Light,,57106,119449,0,-1,0,0,0,0,0,0,0,0,0,0,42681,113,2837,0,3,4784384,8192,0,0,0,0,-1,-1
81624,"Orta, the Broken Mountain",,57109,117968,0,-1,0,0,0,0,0,0,0,0,0,0,42799,289,2860,0,3,37290048,0,8,0,0,0,-1,-1
81630,Activation Protocol,,57115,117968,0,-1,0,0,0,0,0,0,0,0,0,0,44154,289,2860,0,3,37290048,0,0,0,0,0,-1,-1
81639,Honey Thieving Nerubians,,57124,122294,0,-1,1,0,0,0,0,0,0,0,0,0,43075,109,2838,0,3,4784384,8192,0,0,0,0,-1,-1
81647,Special Assignment: Titanic Resurgence,,57126,117968,0,-1,0,0,0,0,0,0,0,0,0,0,42832,286,2837,0,3,41484544,8192,0,82154,0,0,-1,-1
81649,Special Assignment: Titanic Resurgence,,57128,130094,0,-1,0,0,0,0,0,0,0,0,0,0,42833,286,2837,0,3,41484544,8192,0,83069,0,0,-1,-1
81650,Special Assignment: Titanic Resurgence,,57129,117968,0,-1,0,0,0,0,0,0,0,0,0,0,42835,286,2837,0,3,41484544,8192,0,83070,0,0,-1,-1
81653,"Shurrai, Atrocity of the Undersea",,57132,117968,0,-1,0,0,0,0,0,0,0,0,0,0,42960,289,2860,0,3,41484608,8192,512,0,0,0,-1,-1
81656,Nothing to Waste,,57135,117968,0,-1,0,0,0,0,0,0,0,0,0,0,42858,109,2869,0,3,41484544,0,512,0,0,0,-1,-1
81670,Shattered Silk,,57149,128161,0,-1,0,0,0,0,0,0,0,0,0,0,0,283,3016,0,3,37289984,0,32768,0,0,0,-1,-1
81675,Water the Sheep,,57154,123372,0,-1,0,0,0,0,0,0,0,0,0,219525,43076,109,2838,0,3,41484544,8192,0,0,0,0,-1,-1
81690,The Light at the End of the Tunnel,,57169,0,0,-1,0,0,0,0,0,0,0,0,0,0,0,0,2799,0,2,38797320,8192,512,78952,0,0,-1,-1
81691,Special Assignment: Shadows Below,,57170,117968,0,-1,0,0,0,0,0,0,0,0,0,0,42882,286,2869,0,3,41484544,8192,512,82155,0,0,-1,-1
81692,The Flame Within,,57171,118280,0,-1,0,0,0,0,0,0,0,0,0,0,0,0,2462,0,2,4194312,8192,268435976,81673,0,0,-1,-1
81710,Mead for the Catalog,,57187,117968,0,-1,0,0,0,0,0,0,0,0,0,0,42881,109,2838,0,3,41484544,8192,0,0,0,0,-1,-1
81711,Creature Name,,57188,120888,0,-1,0,0,0,0,0,0,0,0,0,0,0,283,2860,0,3,35196992,524288,4120,0,0,0,-1,-1
81748,Aid the Sunreavers Onslaught,,0,119881,0,-1,0,0,0,0,0,0,0,0,0,0,0,0,657,0,0,3145728,32768,512,80442,0,0,1309324210,-1440044374
81749,Aid the Kirin Tor Offensive,,0,119880,0,-1,0,0,0,0,0,0,0,0,0,0,0,0,657,0,0,3145728,32768,512,80443,0,0,-1321907123,1427461461
81750,Cloud Farming,,57193,128162,0,-1,0,0,0,0,0,0,0,0,0,0,42889,109,2869,0,3,41484544,0,512,0,0,0,-1,-1
81767,Scrounge that Scrap!,,57203,117968,0,-1,0,0,0,0,0,0,0,0,0,0,42891,109,2869,0,3,41484544,0,512,0,0,0,-1,-1
81799,Skyrider Racing - Dornogal Drift,,57213,117968,0,-1,0,0,0,0,0,0,0,0,0,0,42896,281,2838,0,3,34144512,0,0,0,0,0,-1,-1
81802,Skyrider Racing - Storm's Watch Survey,,57216,117968,0,-1,0,0,0,0,0,0,0,0,0,0,42897,281,2838,0,3,34144512,0,0,0,0,0,-1,-1
81803,Skyrider Racing - Basin Bypass,,57217,117968,0,-1,0,0,0,0,0,0,0,0,0,0,42898,281,2838,0,3,34144512,0,0,0,0,0,-1,-1
81804,Skyrider Racing - The Wold Ways,,57218,117968,0,-1,0,0,0,0,0,0,0,0,0,0,42899,281,2838,0,3,34144512,0,0,0,0,0,-1,-1
81805,Skyrider Racing - Thunderhead Trail,,57219,117968,0,-1,0,0,0,0,0,0,0,0,0,0,42900,281,2838,0,3,34144512,0,0,0,0,0,-1,-1
81806,Skyrider Racing - Orecreg's Doglegs,,57220,117968,0,-1,0,0,0,0,0,0,0,0,0,0,42901,281,2838,0,3,34144512,0,0,0,0,0,-1,-1
81807,Skyrider Racing - Earthenworks Weave,,57221,117968,0,-1,0,0,0,0,0,0,0,0,0,0,42902,281,2838,0,3,34144512,0,0,0,0,0,-1,-1
81808,Skyrider Racing - Ringing Deeps Ramble,,57222,117968,0,-1,0,0,0,0,0,0,0,0,0,0,42903,281,2838,0,3,34144512,0,0,0,0,0,-1,-1
81810,Skyrider Racing - Chittering Concourse,,57224,117968,0,-1,0,0,0,0,0,0,0,0,0,0,42904,281,2838,0,3,34144512,0,0,0,0,0,-1,-1
81811,Skyrider Racing - Cataract River Cruise,,57225,117968,0,-1,0,0,0,0,0,0,0,0,0,0,42905,281,2838,0,3,34144512,0,0,0,0,0,-1,-1
81812,Skyrider Racing - Taelloch Twist,,57226,117968,0,-1,0,0,0,0,0,0,0,0,0,0,42906,281,2838,0,3,34144512,0,0,0,0,0,-1,-1
81813,Skyrider Racing - Opportunity Point Amble,,57227,117968,0,-1,0,0,0,0,0,0,0,0,0,0,42907,281,2838,0,3,34144512,0,0,0,0,0,-1,-1
81815,Skyrider Racing - Dunelle's Detour,,57229,117968,0,-1,0,0,0,0,0,0,0,0,0,0,42908,281,2838,0,3,34144512,0,0,0,0,0,-1,-1
81816,Skyrider Racing - Tenir's Traversal,,57230,117968,0,-1,0,0,0,0,0,0,0,0,0,0,42909,281,2838,0,3,34144512,0,0,0,0,0,-1,-1
81818,Skyrider Racing - Light's Redoubt Descent,,57231,117968,0,-1,0,0,0,0,0,0,0,0,0,0,42910,281,2838,0,3,34144512,0,0,0,0,0,-1,-1
81819,Skyrider Racing - Stillstone Slalom,,57232,117968,0,-1,0,0,0,0,0,0,0,0,0,0,42911,281,2838,0,3,34144512,0,0,0,0,0,-1,-1
81822,Skyrider Racing - Mereldar Meander,,57234,117968,0,-1,0,0,0,0,0,0,0,0,0,0,42912,281,2838,0,3,34144512,0,0,0,0,0,-1,-1
81823,Skyrider Racing - Velhan's Venture,,57235,117968,0,-1,0,0,0,0,0,0,0,0,0,0,42913,281,2838,0,3,34144512,0,0,0,0,0,-1,-1
81824,Skyrider Racing - City of Threads Twist,,57236,124686,0,-1,0,0,0,0,0,0,0,0,0,0,42914,281,2838,0,3,34144512,0,0,0,0,0,-1,-1
81825,Skyrider Racing - Maddening Deep Dip,,57237,124686,0,-1,0,0,0,0,0,0,0,0,0,0,42915,281,2838,0,3,34144512,0,0,0,0,0,-1,-1
81827,Skyrider Racing - The Weaver's Wing,,57238,124686,0,-1,0,0,0,0,0,0,0,0,0,0,42916,281,2838,0,3,34144512,0,0,0,0,0,-1,-1
81828,Skyrider Racing - Rak-Ahat Rush,,57239,124686,0,-1,0,0,0,0,0,0,0,0,0,0,42917,281,2838,0,3,34144512,0,0,0,0,0,-1,-1
81829,Skyrider Racing - Pit Plunge,,57240,124686,0,-1,0,0,0,0,0,0,0,0,0,0,42918,281,2838,0,3,34144512,0,0,0,0,0,-1,-1
81831,Skyrider Racing - Siegehold Scuttle,,57241,124686,0,-1,0,0,0,0,0,0,0,0,0,0,42919,281,2838,0,3,34144512,0,0,0,0,0,-1,-1
81854,Coreway Maintenance Request,,57254,117968,0,-1,0,0,0,0,0,0,0,0,0,0,43080,109,2837,0,3,4784384,8192,512,79344,0,0,-1,-1
81862,Feline Frenzy,,57255,117968,0,-1,0,0,0,0,0,0,0,0,0,0,43464,109,2838,0,3,41484544,8192,0,0,0,0,-1,-1
81886,For the Alliance,,57268,0,0,-1,0,0,0,0,0,0,0,0,0,0,0,0,863,0,2,37748744,4202496,520,79204,0,0,262144,0
81887,Stranger in a Strange Land,,57269,0,0,-1,0,0,0,0,0,0,0,0,0,0,0,0,863,0,2,39845896,8192,520,81886,0,0,262144,0
81888,For the Horde,,57270,0,0,-1,0,0,0,0,0,0,0,0,0,0,0,0,863,0,2,37748744,4202496,520,79204,0,0,131072,0
81889,Stranger in a Strange Land,,57271,0,0,-1,0,0,0,0,0,0,0,0,0,0,0,0,863,0,2,39845896,8192,520,81888,0,0,131072,0
81906,Whispers from the Web,,57288,122529,0,-1,0,0,0,0,0,0,0,0,0,0,0,0,2462,0,2,5242888,8192,268435968,81896,0,0,-1,-1
81976,"Bazaar, Isn't It?",,57340,121368,0,-1,0,0,0,0,0,0,0,0,0,0,0,282,57,0,0,36700160,0,268435968,0,0,0,-1,-1
81981,What Army?,,57345,121336,0,-1,0,0,0,0,0,0,0,0,0,0,0,0,3017,0,3,37290240,0,33280,0,0,0,-1,-1
81985,Worldsoul Memory: The Worldcarvers,,0,122933,0,-1,0,0,0,0,0,0,0,0,0,0,0,0,2462,0,3,36765768,0,8704,0,0,0,-1,-1
81990,The Light's Call,,57353,127044,0,-1,0,0,0,0,0,0,0,0,0,0,0,0,2809,0,2,40894472,0,512,79573,0,0,-1,-1
81993,The Stormrider's Bond,,57356,121328,0,-1,65536,0,0,0,0,0,0,0,0,0,0,0,2424,0,2,36700160,128,520,84825,0,0,-1,-1
81994,A Sacred Connection,,57357,121328,0,-1,131073,0,0,0,0,0,0,0,0,0,0,0,2424,0,2,36700160,128,520,81993,84825,0,-1,-1
82038,Tracking Quest,,57401,0,0,-1,0,0,0,0,0,0,0,0,0,0,0,0,0,0,3,36701184,128,8,0,0,0,-1,-1
82041,Beledar's Blessing,,57403,117968,0,-1,0,0,0,0,0,0,0,0,0,0,43027,109,2838,0,3,40435968,0,0,0,0,0,-1,-1
82045,Tracking Quest,,57407,0,0,-1,0,0,0,0,0,0,0,0,0,0,0,0,0,0,3,36701184,128,8,0,0,0,-1,-1
82046,Tracking Quest,,57408,0,0,-1,0,0,0,0,0,0,0,0,0,0,0,0,0,0,3,36701184,128,8,0,0,0,-1,-1
82047,Tracking Quest,,57409,0,0,-1,0,0,0,0,0,0,0,0,0,0,0,0,0,0,3,36701184,128,8,0,0,0,-1,-1
82048,Tracking Quest,,57410,0,0,-1,0,0,0,0,0,0,0,0,0,0,0,0,0,0,3,36701184,128,8,0,0,0,-1,-1
82049,Tracking Quest,,57411,0,0,-1,0,0,0,0,0,0,0,0,0,0,0,0,0,0,3,36701184,128,8,0,0,0,-1,-1
82051,Tracking Quest,,57413,0,0,-1,0,0,0,0,0,0,0,0,0,0,0,0,0,0,3,36701184,128,8,0,0,0,-1,-1
82052,Tracking Quest,,57414,0,0,-1,0,0,0,0,0,0,0,0,0,0,0,0,0,0,3,36701184,128,8,0,0,0,-1,-1
82053,Tracking Quest,,57415,0,0,-1,0,0,0,0,0,0,0,0,0,0,0,0,0,0,3,36701184,128,8,0,0,0,-1,-1
82054,Tracking Quest,,57416,0,0,-1,0,0,0,0,0,0,0,0,0,0,0,0,0,0,3,36701184,128,8,0,0,0,-1,-1
82061,Tracking Quest,,57419,0,0,-1,0,0,0,0,0,0,0,0,0,0,0,0,0,0,3,36701184,128,8,0,0,0,-1,-1
82063,Tracking Quest,,57421,0,0,-1,0,0,0,0,0,0,0,0,0,0,0,0,0,0,3,36701184,128,8,0,0,0,-1,-1
82064,Tracking Quest,,57422,0,0,-1,0,0,0,0,0,0,0,0,0,0,0,0,0,0,3,36701184,128,8,0,0,0,-1,-1
82065,Tracking Quest,,57423,0,0,-1,0,0,0,0,0,0,0,0,0,0,0,0,0,0,3,36701184,128,8,0,0,0,-1,-1
82066,Tracking Quest,,57424,0,0,-1,0,0,0,0,0,0,0,0,0,0,0,0,0,0,3,36701184,128,8,0,0,0,-1,-1
82067,Tracking Quest,,57425,0,0,-1,0,0,0,0,0,0,0,0,0,0,0,0,0,0,3,36701184,128,8,0,0,0,-1,-1
82069,Tracking Quest,,57427,0,0,-1,0,0,0,0,0,0,0,0,0,0,0,0,0,0,3,36701184,128,8,0,0,0,-1,-1
82079,Tracking Quest,,57437,0,0,-1,0,0,0,0,0,0,0,0,0,0,0,0,0,0,3,36701184,128,8,0,0,0,-1,-1
82080,More Torch Tossing,,5852,9484,0,-1,0,0,0,0,0,0,0,0,0,0,0,0,394,0,2,4096,0,1536,82087,0,0,-1321907123,1427461461
82082,Tracking Quest,,57439,0,0,-1,0,0,0,0,0,0,0,0,0,0,0,0,0,0,3,36701184,128,8,0,0,0,-1,-1
82085,Tracking Quest,,57442,0,0,-1,0,0,0,0,0,0,0,0,0,0,0,0,0,0,3,36701184,128,8,0,0,0,-1,-1
82087,Torch Tossing,,5658,9484,0,-1,0,0,0,0,0,0,0,0,0,0,0,0,394,0,2,0,0,1536,0,0,0,-1321907123,1427461461
82088,Kobyss Kibosh,,57443,117968,0,-1,0,0,0,0,0,0,0,0,0,0,43032,109,2838,0,3,40435968,0,0,0,0,0,-1,-1
82105,Torch Tossing,,5658,9484,0,-1,0,0,0,0,0,0,0,0,0,0,0,0,394,0,2,0,0,1536,0,0,0,1309324210,-1440044374
82109,More Torch Tossing,Hit 20 braziers.,5852,9484,0,-1,0,0,0,0,0,0,0,0,0,0,0,0,394,0,2,4096,0,1536,82105,0,0,1309324210,-1440044374
82120,Pool Cleaner,,57469,117968,0,-1,0,0,0,0,0,0,0,0,0,0,43036,109,2838,0,3,41484544,0,0,0,0,0,-1,-1
82133,Documenting: Field Manual Edition,,57481,117968,0,-1,0,0,0,0,0,0,0,0,0,0,43041,109,2838,0,3,40435968,8192,0,0,0,0,-1,-1
82134,Tracking Quest,,57482,0,0,-1,0,0,0,0,0,0,0,0,0,0,0,0,0,0,3,40895488,0,8,0,0,0,-1,-1
82142,Tracking Quest,,57490,0,0,-1,0,0,0,0,0,0,0,0,0,0,0,0,0,0,3,40895488,0,8,0,0,0,-1,-1
82145,The Lost Mosswool,,57493,0,0,-1,0,0,0,0,0,0,0,0,0,0,0,265,2832,0,3,38338560,8192,8,0,0,0,-1,-1
82153,Embassies and Envoys,,54917,0,0,-1,0,0,0,0,0,0,0,0,0,0,0,0,2829,0,2,39845896,8192,512,79333,0,0,-1321907123,1427461461
82164,Worldsoul Memory: Reign of the Old Gods,,0,122933,0,-1,0,0,0,0,0,0,0,0,0,0,0,0,2462,0,3,36765768,0,8704,0,0,0,-1,-1
82197,Reserve Rumpus,,57542,117968,0,-1,0,0,0,0,0,0,0,0,0,0,43046,109,2838,0,3,38338816,0,0,0,0,0,-1,-1
82206,Into Shadows,,57551,117968,0,-1,0,0,0,0,0,0,0,0,0,0,43048,109,2838,0,3,40435968,8192,0,0,0,0,-1,-1
82207,Worldsoul Memory: Descendant of Distant Waters,,0,122933,0,-1,0,0,0,0,0,0,0,0,0,0,0,0,2462,0,3,36765768,0,8704,0,0,0,-1,-1
82212,Weak Lionfish,,57553,0,0,-1,0,0,0,0,0,0,0,0,0,0,0,265,2832,0,3,41484288,8192,8,0,0,0,-1,-1
82213,A Batty Request,,57554,0,0,-1,0,0,0,0,0,0,0,0,0,0,0,0,2799,0,2,34603016,0,512,82216,0,0,-1,-1
82214,Does Anyone Like Wasps?,,57555,0,0,-1,0,0,0,0,0,0,0,0,0,0,0,0,2799,0,2,34603016,0,512,82216,0,0,-1,-1
82215,Regular Fiber,,57556,0,0,-1,0,0,0,0,0,0,0,0,0,0,0,0,2799,0,2,34603016,0,512,82216,0,0,-1,-1
82216,Economical Request,,57557,122088,0,-1,5,0,0,0,0,0,0,0,0,0,0,0,2799,0,2,33554440,0,512,0,0,0,-1,-1
82217,Underground Economics,,57558,0,0,-1,5,0,0,0,0,0,0,0,0,0,0,0,2799,0,2,35651592,0,9437696,82215,82213,82214,-1,-1
82218,Break [DNT],,57559,0,0,-1,0,0,0,0,0,0,0,0,0,0,0,0,2799,0,2,33559560,0,520,0,0,0,-1,-1
82219,Spice Up Your Life,,57560,122089,0,-1,0,0,0,0,0,0,0,0,0,0,0,0,2799,0,2,33554440,0,512,0,0,0,-1,-1
82220,"Eagle Eye, Eagle Die",,57561,122089,0,-1,0,0,0,0,0,0,0,0,0,222976,0,0,2799,0,2,33554440,0,512,0,0,0,-1,-1
82221,Full Dress,,57562,0,0,-1,1,0,0,0,0,0,0,0,0,0,0,0,2799,0,2,37748744,0,512,82220,82219,0,-1,-1
82222,Cooking With Style,,57563,0,0,-1,0,0,0,0,0,0,0,0,0,0,0,0,2799,0,2,37748744,0,512,82221,0,0,-1,-1
82223,A Home Cooked Meal,,57564,0,0,-1,0,0,0,0,0,0,0,0,0,0,0,0,2799,0,2,34603016,0,512,82222,0,0,-1,-1
82225,Excavation Extravaganza,,57566,117968,0,-1,0,0,0,0,0,0,0,0,0,0,43078,109,2837,0,3,590080,8192,32768,0,0,0,-1,-1
82227,Tracking Quest,,57568,0,0,-1,0,0,0,0,0,0,0,0,0,0,0,0,0,0,3,36701184,0,8,82212,0,0,-1,-1
82228,Tracking Quest,,57569,0,0,-1,0,0,0,0,0,0,0,0,0,0,0,0,0,0,3,36701184,0,8,0,0,0,-1,-1
82234,A Floral Flair for Every Ram,,57575,117968,0,-1,1,0,0,0,0,0,0,0,0,0,43079,109,2837,0,3,4784384,8192,0,0,0,0,-1,-1
82237,Rising the Falls,,57578,117968,0,-1,0,0,0,0,0,0,0,0,0,0,43073,109,2838,0,3,40435968,0,0,0,0,0,-1,-1
82238,Lava Glob Lobbin',,59296,117968,0,-1,0,0,0,0,0,0,0,0,0,222963,43360,109,2869,0,3,41484544,8192,512,0,0,0,-1,-1
82244,Lava Pearls,,59298,117968,0,-1,0,0,0,0,0,0,0,0,0,0,43181,109,2869,0,3,41484544,8192,512,0,0,0,-1,-1
82245,Friendly Thak,,57580,0,0,-1,0,0,0,0,0,0,0,0,0,0,0,265,2832,0,3,41484288,0,8,0,0,0,-1,-1
82246,Quest Tracking,,57581,0,0,-1,0,0,0,0,0,0,0,0,0,0,0,0,0,0,3,36701184,0,8,82245,0,0,-1,-1
82251,Tracking Quest,,57586,0,0,-1,0,0,0,0,0,0,0,0,0,0,0,0,0,0,3,36701184,0,8,0,0,0,-1,-1
82252,Quest Tracking,,57587,0,0,-1,0,0,0,0,0,0,0,0,0,0,0,0,0,0,3,36701184,0,8,0,0,0,-1,-1
82253,Tracking Quest,,57588,0,0,-1,0,0,0,0,0,0,0,0,0,0,0,0,0,0,3,36701184,0,8,0,0,0,-1,-1
82254,Aquacalypse,,57589,128162,0,-1,0,0,0,0,0,0,0,0,0,0,43132,109,2838,0,3,38338816,0,512,0,0,0,-1,-1
82256,Capturing the Cataract's Creatures,,57591,117968,0,-1,0,0,0,0,0,0,0,0,0,0,43133,109,2869,0,3,40435968,8192,512,0,0,0,-1,-1
82257,Burrow Burial,,57592,117968,0,-1,0,0,0,0,0,0,0,0,0,0,43131,109,2838,0,3,39387392,8192,512,0,0,0,-1,-1
82258,Sieging Siege Weapons,,57593,117968,0,-1,0,0,0,0,0,0,0,0,0,0,43130,109,2838,0,3,39387392,8192,512,0,0,0,-1,-1
82259,Honoring Our Fallen,,57594,123491,0,-1,0,0,0,0,0,0,0,0,0,0,43129,109,2838,0,3,38338816,8192,512,0,0,0,-1,-1
82260,Worldsoul Memory: Primal Predators,,0,122933,0,-1,0,0,0,0,0,0,0,0,0,0,0,0,2462,0,3,35717192,0,8704,0,0,0,-1,-1
82263,Worldsoul Memory: Elemental Fury,,0,122933,0,-1,0,0,0,0,0,0,0,0,0,0,0,0,2462,0,3,36765768,0,8704,0,0,0,-1,-1
82266,Tower Washing Simulator,,57599,124686,0,-1,0,0,0,0,0,0,0,0,0,223220,43180,109,2861,0,3,36241664,0,0,0,0,0,-1,-1
82285,Worldsoul Memory: A Wounded Soul,,0,122933,0,-1,0,0,0,0,0,0,0,0,0,0,0,0,2462,0,3,36765768,0,8704,0,0,0,-1,-1
82286,Worldsoul Memory: Old Gods Forsaken,,0,122933,0,-1,0,0,0,0,0,0,0,0,0,0,0,0,2462,0,3,36765768,0,8704,0,0,0,-1,-1
82288,"Work Hard, Play Hard",,57606,117968,0,-1,0,0,0,0,0,0,0,0,0,0,43091,109,2838,0,3,38338816,0,512,0,0,0,-1,-1
82291,Robot Rumble,,57609,117968,0,-1,0,0,0,0,0,0,0,0,0,0,43124,115,2838,0,3,590080,0,0,0,0,0,-1,-1
82292,Rock Collector,,57610,117968,0,-1,0,0,0,0,0,0,0,0,0,0,43123,115,2838,0,3,590080,0,0,0,0,0,-1,-1
82293,The Power of Friendship,,57611,117968,0,-1,0,0,0,0,0,0,0,0,0,0,43103,115,2838,0,3,4784384,0,512,0,0,0,-1,-1
82294,Miniature Army,,57612,117968,0,-1,0,0,0,0,0,0,0,0,0,0,43125,115,2838,0,3,590080,0,0,0,0,0,-1,-1
82295,Ziriak,,57613,124686,0,-1,0,0,0,0,0,0,0,0,0,0,43128,115,2838,0,3,2687232,0,0,0,0,0,-1,-1
82296,The Power of Creation,,59727,124394,0,-1,0,0,0,0,0,0,0,0,0,0,0,0,2462,0,0,40894464,8320,512,0,0,0,-1,-1
82297,One Hungry Worm,,57615,124686,0,-1,0,0,0,0,0,0,0,0,0,0,43127,115,2838,0,3,2687232,0,0,0,0,0,-1,-1
82298,The Thing from the Swamp,,57616,128162,0,-1,0,0,0,0,0,0,0,0,0,0,43126,115,2838,0,3,590080,0,0,0,0,0,-1,-1
82300,Major Malfunction,,57617,117968,0,-1,0,0,0,0,0,0,0,0,0,0,43104,115,2838,0,3,4784384,0,512,0,0,0,-1,-1
82321,Worldsoul Memory: Ancient Explorers,,0,122933,0,-1,0,0,0,0,0,0,0,0,0,0,0,0,2462,0,3,36765768,0,8704,0,0,0,-1,-1
82324,Grub Run,,57633,124686,0,-1,0,0,0,0,0,0,0,0,0,0,43150,109,2861,0,3,41484544,8192,0,0,0,0,-1,-1
82332,Unassuming Delivery Spider,,57637,124686,0,-1,0,0,0,0,0,0,0,0,0,0,43152,109,2861,0,3,41484544,8192,0,0,0,0,-1,-1
82355,Special Assignment: Cinderbee Surge,,57659,117968,0,-1,0,0,0,0,0,0,0,0,0,0,43055,286,2837,0,3,4784384,8192,0,82146,0,0,-1,-1
82363,Opposing Forces,,57667,124686,0,-1,0,0,0,0,0,0,0,0,0,0,43171,109,2861,0,3,41484544,8192,0,0,0,0,-1,-1
82364,Documenting Discordance,,57668,124686,0,-1,0,0,0,0,0,0,0,0,0,0,43172,109,2861,0,3,41484544,8192,0,0,0,0,-1,-1
82387,"Slay the Goo, Save the World",,57694,124686,0,-1,0,0,0,0,0,0,0,0,0,0,43173,111,2861,0,3,41484544,8192,0,0,0,0,-1,-1
82414,Special Assignment: A Pound of Cure,,57723,124686,0,-1,0,0,0,0,0,0,0,0,0,0,43064,286,2861,0,3,37290240,8192,0,82159,0,0,-1,-1
82448,Book It to the Library,,57757,117968,0,-1,1,0,0,0,0,0,0,0,0,0,43663,109,2837,0,3,4784384,8192,512,78536,0,0,-1,-1
82449,The Call of the Worldsoul,,57758,122755,0,-1,0,0,0,0,0,0,0,0,0,0,45035,284,2838,0,3,104333312,0,4202496,0,0,0,-1,-1
82451,Preserving Plush Pals,,57759,117968,0,-1,0,0,0,0,0,0,0,0,0,0,43214,109,2838,0,3,38338816,0,0,78536,0,0,-1,-1
82454,Firebath Tuning,,57760,117968,0,-1,0,0,0,0,0,0,0,0,0,0,43357,109,2838,0,3,38338816,0,0,0,0,0,-1,-1
82455,No More Bread,,57761,117968,0,-1,0,0,0,0,0,0,0,0,0,0,43229,109,2838,0,3,38338816,0,0,0,0,0,-1,-1
82456,Chew On This,,57762,117968,0,-1,0,0,0,0,0,0,0,0,0,0,43525,109,2838,0,3,38338816,0,0,0,0,0,-1,-1
82468,Let Them Win,,57773,124686,0,-1,0,0,0,0,0,0,0,0,0,0,43195,109,2861,0,3,41484544,8192,0,0,0,0,-1,-1
82470,Arcane Riddles,,57775,117968,0,-1,1,0,0,0,0,0,0,0,0,0,43203,109,2837,0,3,4784384,8192,512,78536,0,0,-1,-1
82481,Enforcer Extermination,,57782,124686,0,-1,0,0,0,0,0,0,0,0,0,0,43731,109,2861,0,3,41484544,8192,0,0,0,0,-1,-1
82518,Pipe Patcher,,57783,117968,0,-1,1,0,0,0,0,0,0,0,0,0,43200,109,2869,0,3,41484544,0,512,0,0,0,-1,-1
82519,You Go Take Candle,,57784,117968,0,-1,1,0,0,0,0,0,0,0,0,0,43201,109,2869,0,3,41484544,0,512,0,0,0,-1,-1
82521,Pawns of Dark Masters,,57786,124686,0,-1,0,0,0,0,0,0,0,0,0,0,43196,109,2861,0,3,41484544,8192,0,0,0,0,-1,-1
82523,Candle Kingbreaker,,57787,117968,0,-1,1,0,0,0,0,0,0,0,0,0,43202,109,2869,0,3,41484544,0,512,0,0,0,-1,-1
82524,Exterminate,,57788,124686,0,-1,0,0,0,0,0,0,0,0,0,0,43390,109,2861,0,3,41484544,8192,0,0,0,0,-1,-1
82526,Bug Them,,57791,124686,0,-1,0,0,0,0,0,0,0,0,0,0,43410,109,2861,0,3,41484544,8192,0,0,0,0,-1,-1
82531,Special Assignment: Bombs from Behind,,57796,124686,0,-1,0,0,0,0,0,0,0,0,0,0,43065,286,2861,0,3,41484544,8192,0,82161,0,0,-1,-1
82533,Dye! Dye Dye!,,59333,124686,0,-1,0,0,0,0,0,0,0,0,0,0,43363,109,2861,0,3,41484544,8192,0,0,0,0,-1,-1
82535,[REUSE THIS RECORD],,57800,0,0,-1,0,0,0,0,0,0,0,0,0,0,0,109,2861,0,3,39387136,8192,0,79715,0,0,-1,-1
82536,Exfiltration Operation,,58639,124686,0,-1,0,0,0,0,0,0,0,0,0,0,43569,109,2861,0,3,41484544,8192,0,0,0,0,-1,-1
82537,[REUSE THIS RECORD],,57800,0,0,-1,0,0,0,0,0,0,0,0,0,0,0,109,2462,0,3,39387136,8192,0,0,0,0,-1,-1
82552,All Worked Up,,59297,117968,0,-1,0,0,0,0,0,0,0,0,0,0,43342,109,2869,0,3,41484544,0,512,0,0,0,-1,-1
82580,Courier Mission: Ore Recovery,,58831,117968,0,-1,0,0,0,0,0,0,0,0,0,0,43388,109,2869,0,3,41484544,8192,512,0,0,0,-1,-1
82582,Mired in Shadow,,57827,117968,0,-1,0,0,0,0,0,0,0,0,0,0,43468,109,2838,0,3,37290240,0,0,0,0,0,-1,-1
82583,Igniting the Fire Within,,57828,117968,0,-1,0,0,0,0,0,0,0,0,0,0,43465,109,2838,0,3,41484544,0,0,0,0,0,-1,-1
82584,Light's Gambit,,57829,125575,0,-1,0,0,0,0,0,0,0,0,0,0,43463,109,2838,0,3,41484544,8192,0,0,0,0,-1,-1
82585,With Great Pyre,,57830,117968,0,-1,0,0,0,0,0,0,0,0,0,225555,43467,109,2838,0,3,37290240,0,0,0,0,0,-1,-1
82586,Spore Ender,,57831,117968,0,-1,0,0,0,0,0,0,0,0,0,0,43466,109,2462,0,3,37290240,0,0,0,0,0,-1,-1
82615,Reclaiming the Waterworks,,57839,124562,0,-1,0,0,0,0,0,0,0,0,0,0,0,0,3017,0,3,41484544,8192,33280,0,0,0,-1,-1
82650,A Pinch of Salt,,57869,117968,0,-1,0,0,0,0,0,0,0,0,0,0,43077,109,2838,0,3,37290240,0,0,0,0,0,-1,-1
82653,Aggregation of Horrors,,57872,117968,0,-1,0,0,0,0,0,0,0,0,0,0,43620,289,2860,0,3,37290048,0,0,0,0,0,-1,-1
82658,Drop and Go,,57873,117968,0,-1,0,0,0,0,0,0,0,0,0,0,43315,109,2838,0,3,37290240,0,0,0,0,0,-1,-1
82672,Another Timely Invitation,,57875,114864,0,-1,0,0,0,0,0,0,0,0,59367,0,0,0,1369,0,2,33554440,0,536871424,0,0,0,-1,-1
82675,Cooking With Style Tracker,,57877,0,0,-1,0,0,0,0,0,0,0,0,0,0,0,0,2799,0,3,33555456,0,8,0,0,0,-1,-1
82747,Crossroads Plaza,,57935,0,0,-1,0,0,0,0,0,0,0,0,0,0,0,0,2797,0,2,40894472,0,512,0,0,0,-1,-1
82778,Hallowfall Fishing Derby,,57963,0,0,-1,0,0,0,0,0,0,0,0,0,0,43735,0,2862,0,2,36700160,0,512,0,0,0,-1,-1
82787,Special Assignment: Rise of the Colossals,,57970,0,0,-1,0,0,0,0,0,0,0,0,0,0,43383,286,2809,0,3,41484544,8192,0,82157,0,0,-1,-1
82852,Special Assignment: Lynx Rescue,,58021,123372,0,-1,0,0,0,0,0,0,0,0,0,0,43063,286,2809,0,3,41484544,8192,0,82158,0,0,-1,-1
83024,The Stormrider's Bond,,57356,121328,0,-1,65536,0,0,0,0,0,0,0,0,0,0,0,2832,0,2,36700160,128,520,84824,0,0,-1,-1
83025,A Sacred Connection,,57357,121328,0,-1,131073,0,0,0,0,0,0,0,0,0,0,0,2832,0,2,36700160,128,520,81993,84824,0,-1,-1
83028,Thieving Snufflers,,58180,117968,0,-1,0,0,0,0,0,0,0,0,0,0,43472,109,2869,0,3,41484544,0,512,0,0,0,-1,-1
83048,Wayward Walkers,,58200,117968,0,-1,0,0,0,0,0,0,0,0,0,0,43490,109,2869,0,3,41484544,0,512,0,0,0,-1,-1
83055,"Signed, Sealed",,60732,0,0,-1,0,0,0,0,0,0,0,0,0,0,0,0,2888,0,3,41484288,0,268447752,0,0,0,-1,-1
83056,Cooking With Style Tracker,,58208,0,0,-1,0,0,0,0,0,0,0,0,0,0,0,0,2799,0,3,33555456,0,8,0,0,0,-1,-1
83079,Mineral Buildup,,59194,117968,0,-1,0,0,0,0,0,0,0,0,0,0,43504,109,2869,0,3,41484544,8192,512,0,0,0,-1,-1
83080,Taelloch Cleanup,,59193,117968,0,-1,0,0,0,0,0,0,0,0,0,0,43505,109,2869,0,3,41484544,8192,512,0,0,0,-1,-1
83101,Reaching for Resources,,58250,117968,0,-1,0,0,0,0,0,0,0,0,0,0,43534,109,2869,0,3,41484544,0,512,0,0,0,-1,-1
83182,A Bloody Inheritance,,58331,0,0,-1,0,0,0,0,0,0,0,0,0,0,0,0,2799,0,2,38797320,8192,1049088,79151,0,0,-1,-1
83229,Special Assignment: When the Deeps Stir,,58373,117968,0,-1,0,0,0,0,0,0,0,0,0,0,43058,286,2869,0,3,41484544,8192,512,82156,0,0,-1,-1
83271,There's Always Another Secret,,58416,0,0,-1,2,0,0,0,0,0,0,0,0,0,0,0,2829,0,2,37748744,8192,512,82153,82153,0,-1,-1
83286,What's Hidden Beneath Dornogal,,58431,0,0,-1,0,0,0,0,0,0,0,0,0,0,0,0,2829,0,2,37748744,8192,512,83271,0,0,-1,-1
83315,Preparing for the Unknown,,58460,0,0,-1,0,0,0,0,0,0,0,0,0,0,0,0,2829,0,2,37748744,8192,512,83286,0,0,-1,-1
83328,The Analysis Interface,,58472,124461,0,-1,0,0,0,0,0,0,0,0,0,0,0,0,863,0,2,37748744,0,520,79200,0,0,-1,-1
83503,Return to Dornogal,,58642,0,0,-1,1,0,0,0,0,0,0,0,0,0,0,0,2462,0,2,37748744,0,544,78948,0,0,-1,-1
83521,"Little Help, Please?",,58660,5793,0,-1,0,0,0,0,0,0,0,0,0,0,0,0,2888,0,2,40894472,8192,512,0,0,0,-1,-1
83529,Hallowfall Fishing Derby,,58668,0,0,-1,0,0,0,0,0,0,0,0,0,0,43752,0,2862,0,2,36700160,0,512,0,0,0,-1,-1
83530,Hallowfall Fishing Derby,,58669,0,0,-1,0,0,0,0,0,0,0,0,0,0,43753,0,2862,0,2,36700160,0,512,0,0,0,-1,-1
83531,Hallowfall Fishing Derby,,58670,0,0,-1,0,0,0,0,0,0,0,0,0,0,43754,0,2862,0,2,36700160,0,512,0,0,0,-1,-1
83532,Hallowfall Fishing Derby,,58671,0,0,-1,0,0,0,0,0,0,0,0,0,0,43755,0,2862,0,2,36700160,0,512,0,0,0,-1,-1
83536,Undertide Undertaker,,58675,124686,0,-1,0,0,0,0,0,0,0,0,0,0,43759,109,2861,0,3,41484288,8192,0,0,0,0,-1,-1
83537,Geothermal Gem Treatment,,58829,117968,0,-1,0,0,0,0,0,0,0,0,0,0,43760,109,2869,0,3,41484544,8192,512,0,0,0,-1,-1
83538,Excavation Liberation,,58830,117968,0,-1,0,0,0,0,0,0,0,0,0,0,43827,109,2869,0,3,41484544,8192,512,0,0,0,-1,-1
83555,Mysterious Necklace,,58692,0,0,-1,0,0,0,0,0,0,0,0,0,0,0,0,2829,0,2,37748744,0,512,83553,0,0,-1,-1
83556,Maybe You Shouldn't Touch That,,58693,0,0,-1,1,0,0,0,0,0,0,0,0,0,0,0,2829,0,2,37748744,0,512,83554,83555,0,-1,-1
83562,Calling Quest (DNT),,58699,0,0,-1,0,0,0,0,0,0,0,0,0,0,0,271,2797,0,2,36700168,131072,0,0,0,0,-1,-1
83640,<DNT> Template,,58767,0,0,-1,0,0,0,0,0,0,0,0,0,0,0,0,2888,0,3,41484288,131072,268447752,0,0,0,-1,-1
83643,Somehow We Survived,,58770,0,0,-1,0,0,0,0,0,0,0,0,0,0,0,0,2829,0,2,37748744,0,512,83641,0,0,-1,-1
83715,Claimed Salvage,,58834,126042,0,-1,0,0,0,0,0,0,0,0,0,0,43828,109,2869,0,3,41484544,0,512,0,0,0,-1,-1
83718,Eggstraction,,58836,124686,0,-1,0,0,0,0,0,0,0,0,0,0,43830,109,2861,0,3,40435968,0,0,0,0,0,-1,-1
83723,A Helping Hand,,58841,0,0,-1,0,0,0,0,0,0,0,0,0,0,0,0,2829,0,2,37748744,0,512,83643,0,0,-1,-1
83762,Critical Mass,,58872,0,0,-1,0,0,0,0,0,0,0,0,0,0,0,0,2829,0,2,38797320,8192,512,83743,0,0,-1,-1
83764,"Too Powerful, Too Dangerous",,58874,0,0,-1,1,0,0,0,0,0,0,0,0,0,0,0,2829,0,2,38797320,8192,544,83762,0,0,-1,-1
83775,Infinite Growth II,,58885,118675,0,-1,0,0,0,0,0,0,0,0,0,0,0,282,2793,0,0,0,1,268435976,78894,0,0,-1,-1
83776,Infinite Growth III,,58886,118685,0,-1,0,0,0,0,0,0,0,0,0,0,0,282,2793,0,0,0,1,268435976,83775,0,0,-1,-1
83777,Infinite Growth IV,,58887,118695,0,-1,0,0,0,0,0,0,0,0,0,0,0,282,2793,0,0,0,1,268435976,83776,0,0,-1,-1
83791,"UI Test: 3 Objectives, Parallel",,58901,0,0,-1,0,0,0,0,0,0,0,0,0,0,0,0,2824,0,3,36765704,131072,8192,0,0,0,-1,-1
83827,Silence the Song,,58935,129009,0,-1,0,0,0,0,0,0,0,0,0,226261,43870,0,2462,0,2,308281352,8256,268435968,0,0,0,-1,-1
83930,Deworming Solution,,59036,117968,0,-1,0,0,0,0,0,0,0,0,0,0,43939,109,2869,0,3,41484544,0,512,0,0,0,-1,-1
84001,Cart Blanche,,59108,129009,0,-1,0,0,0,0,0,0,0,0,0,0,43870,0,3004,0,2,39845896,8256,268435968,0,0,0,-1,-1
84022,Uniting Severed Threads,,59197,0,0,-1,0,0,0,0,0,0,0,0,0,0,0,0,2762,0,2,40894464,8192,512,78248,0,0,-1,-1
84143,Lost and Busy,,59321,127442,0,-1,0,0,0,0,0,0,0,0,59322,0,0,0,1369,0,2,36700168,0,512,0,0,0,-1,-1
84225,Eggstinction,,59340,129247,0,-1,0,0,0,0,0,0,0,0,0,0,45160,0,3004,0,2,39845888,8256,268435968,85070,0,0,-1,-1
84236,The Great Detective,,59351,127453,0,-1,0,0,0,0,0,0,0,0,0,0,0,0,1369,0,2,40894472,0,512,83831,0,0,-1,-1
84241,Shoreline Stand,,59355,129247,0,-1,0,0,0,0,0,0,0,0,0,0,45160,0,3004,0,2,39845888,8256,268435968,0,0,0,-1,-1
84248,A Ritual of Runes,,59361,129009,0,-1,0,0,0,0,0,0,0,0,0,0,43871,0,2832,0,2,39845896,8256,268435968,0,0,0,-1,-1
84252,Peak Precision,,59365,129009,0,-1,0,0,0,0,0,0,0,0,0,230795,0,0,3004,0,2,308281352,8192,268435968,0,0,0,-1,-1
84278,Tracking Quest,,59390,127454,0,-1,0,0,0,0,0,0,0,0,0,0,0,0,1369,0,2,309461000,0,4640,84237,0,0,-1,-1
84286,The Finer Things,,0,131868,0,-1,0,0,0,0,0,0,0,0,0,0,0,0,2723,0,0,7405568,40960,520,0,0,0,-1,-1
84296,The Trail's Gone Cold,,59408,127454,0,-1,0,0,0,0,0,0,0,0,0,0,0,0,1369,0,2,41025544,0,4640,84278,0,0,-1,-1
84334,Warn the Detective,,59452,127455,0,-1,0,0,0,0,0,0,0,0,0,0,0,0,1369,0,2,40894472,0,4640,84296,0,0,-1,-1
84336,Spot the Difference,,59454,127455,0,-1,0,0,0,0,0,0,0,0,0,0,0,0,1369,0,2,40894472,0,4640,84334,0,0,-1,-1
84392,Hungry in Hollow,,59510,0,0,-1,0,0,0,0,0,0,0,0,58014,0,0,0,2799,0,2,36700168,0,512,0,0,0,-1,-1
84423,Shaking the Dust Off,,59534,0,0,-1,0,0,0,0,0,0,0,0,0,0,0,0,2991,0,0,34603016,0,1049088,0,0,0,-1,-1
84424,"Forward, to Adventure!",,59535,0,0,-1,0,0,0,0,0,0,0,0,0,0,0,0,2991,0,2,55574536,4,1049088,84423,0,0,-1,-1
84429,Construct Containment,,59540,117968,0,-1,0,0,0,0,0,0,0,0,0,0,44128,109,2869,0,3,41484544,8192,512,0,0,0,-1,-1
84490,The Great Vault,,59610,127205,0,-1,0,0,0,0,0,0,0,0,0,0,0,0,2892,0,2,33554440,128,512,0,0,0,-1,-1
84506,Pet Pursuit,,59625,127464,0,-1,0,0,0,0,0,0,0,0,0,0,0,0,1369,0,2,36700168,0,512,83831,0,0,-1,-1
84563,Toy Trouble,,59669,129998,0,-1,0,0,0,0,0,0,0,0,0,0,0,0,1369,0,2,40894472,0,512,84336,0,0,-1321907123,1427461461
84589,Creature Name,,59695,0,0,-1,0,0,0,0,0,0,0,0,0,0,0,0,2860,0,3,34149376,0,8,0,0,0,-1,-1
84680,Rock 'n Stone Revival,,59791,129009,0,-1,0,0,0,0,0,0,0,0,0,228988,43871,0,3004,0,2,40894728,41024,268435968,0,0,0,-1,-1
84682,Of Pacts and Patrons,,59794,127693,0,-1,0,0,0,0,0,0,0,0,0,0,0,0,2861,0,2,124780800,8192,4203008,0,0,0,-1,-1
84755,The Final Toy,,59871,129999,0,-1,0,0,0,0,0,0,0,0,0,0,0,0,1369,0,2,40894472,0,512,84588,0,0,-1321907123,1427461461
84787,The Drain,,61710,130610,0,-1,0,0,0,0,0,0,0,0,0,0,44409,0,3004,0,3,6881280,8192,268435976,85753,0,0,-1,-1
84788,Hotrocket Hot Dogs,,59901,0,0,-1,0,0,0,0,0,0,0,0,0,0,0,0,2888,0,3,41484288,0,268447752,0,0,0,-1,-1
84791,Hotrocket Burgers,,59904,0,0,-1,0,0,0,0,0,0,0,0,0,0,0,0,2888,0,3,41484288,0,268447752,0,0,0,-1,-1
84835,The Drowned Lair,,61704,130662,0,-1,0,0,0,0,0,0,0,0,0,0,44479,0,3004,0,3,6881280,8192,268435976,85760,0,0,-1,-1
84836,Shuddering Hollow,,61707,128822,0,-1,0,0,0,0,0,0,0,0,0,0,44478,0,3004,0,3,6881280,8192,268435976,0,0,0,-1,-1
84850,Serpent's Wrath,,59965,129009,0,-1,65536,0,0,0,0,0,0,0,0,0,43872,111,3004,0,3,6881280,8256,268435968,85070,0,0,-1,-1
84851,Tides of Greed,,59966,129009,0,-1,65536,0,0,0,0,0,0,0,0,0,43870,111,3004,0,3,6881280,8256,268435968,85070,0,0,-1,-1
84852,Legacy of the Vrykul,,59967,129009,0,-1,65536,0,0,0,0,0,0,0,0,0,43871,111,3004,0,3,6881280,8192,268435968,85070,0,0,-1,-1
84877,Ephemeral Agent Lathyd,,59992,0,0,-1,0,0,0,0,0,0,0,0,0,0,0,0,2992,0,3,34178048,0,8,0,0,0,-1,-1
84884,Junk Wall,,59999,0,0,-1,0,0,0,0,0,0,0,0,0,0,0,0,2992,0,3,34178048,0,8,0,0,0,-1,-1
84895,Slugger the Smart,,60005,0,0,-1,0,0,0,0,0,0,0,0,0,0,0,0,2992,0,3,34178048,0,8,0,0,0,-1,-1
84907,Chief Foreman Gutso,,60016,0,0,-1,0,0,0,0,0,0,0,0,0,0,0,0,2992,0,3,34178048,0,8,0,0,0,-1,-1
84911,Flyboy Snooty,,60020,0,0,-1,0,0,0,0,0,0,0,0,0,0,0,0,2992,0,3,34178048,0,8,0,0,0,-1,-1
84912,The Show Must Go On,,60021,52278,0,-1,0,0,0,0,0,0,0,0,0,0,0,0,1369,0,2,41025544,8192,512,84985,0,0,-1,-1
84917,Scrapbeak,,60027,0,0,-1,0,0,0,0,0,0,0,0,0,0,0,0,2860,0,3,34149376,0,8,0,0,0,-1,-1
84918,Court of Rats,,60028,0,0,-1,0,0,0,0,0,0,0,0,0,0,0,0,2860,0,3,34149376,0,8,0,0,0,-1,-1
84919,Tally Doublespeak,,60029,0,0,-1,0,0,0,0,0,0,0,0,0,0,0,0,2860,0,3,34149376,0,8,0,0,0,-1,-1
84920,Rogue Alchemist Vaz,,60030,0,0,-1,0,0,0,0,0,0,0,0,0,0,0,0,2860,0,3,34149376,0,8,0,0,0,-1,-1
84921,Thwack,,60031,0,0,-1,0,0,0,0,0,0,0,0,0,0,0,0,2860,0,3,34149376,0,8,0,0,0,-1,-1
84922,S.A.L.,,60032,0,0,-1,0,0,0,0,0,0,0,0,0,0,0,0,2860,0,3,34149376,0,8,0,0,0,-1,-1
84923,A Bird's Tale,,60033,127467,0,-1,0,0,0,0,0,0,0,0,0,0,0,0,1369,0,2,36700168,0,512,83831,0,0,-1,-1
84926,Nitro,,60036,0,0,-1,0,0,0,0,0,0,0,0,0,0,0,0,2860,0,3,34149376,0,8,0,0,0,-1,-1
84927,Candy Stickemup,,60037,0,0,-1,0,0,0,0,0,0,0,0,0,0,0,0,2860,0,3,34149376,0,8,0,0,0,-1,-1
84928,Longwick,,60038,0,0,-1,0,0,0,0,0,0,0,0,0,0,0,0,2860,0,3,34149376,0,8,0,0,0,-1,-1
84929,Lifeguard On Duty,,60039,129746,0,-1,0,0,0,0,0,0,0,0,0,0,44558,109,2888,0,3,41484544,8192,0,0,0,0,-1,-1
84932,A Legacy of Destruction,,60040,130006,0,-1,0,0,0,0,0,0,0,0,0,0,0,0,1369,0,2,36700168,0,512,83831,0,0,-1,-1
84948,Contract Work,,60057,133024,0,-1,0,0,0,0,0,0,0,0,0,0,0,109,2888,0,3,41517312,8320,8,0,0,0,-1,-1
84955,Contraband Banned,,60064,129746,0,-1,0,0,0,0,0,0,0,0,0,0,44561,109,2888,0,3,41484544,8192,0,0,0,0,-1,-1
84962,Exigent Extermination,,60071,137876,0,-1,0,0,0,0,0,0,0,0,0,0,45043,109,3008,0,3,41484544,8192,0,0,0,0,-1,-1
84966,Break the Assault,,60075,138829,0,-1,0,0,0,0,0,0,0,0,0,0,0,0,3008,0,3,41484288,8192,0,0,0,0,-1,-1
84971,For Love of Grog,,60077,129746,0,-1,0,0,0,0,0,0,0,0,0,0,44576,109,2888,0,3,41484544,8192,0,0,0,0,-1,-1
84979,[DNT] World Quest 001,,60082,128647,0,-1,0,0,0,0,0,0,0,0,0,0,44587,109,3031,0,3,41418752,8192,0,0,0,0,-1,-1
84981,[DNT] World Quest 002,,60083,128648,0,-1,0,0,0,0,0,0,0,0,0,0,44587,109,3031,0,3,41418752,8192,0,0,0,0,-1,-1
84982,[DNT] World Quest 003,,60084,128649,0,-1,0,0,0,0,0,0,0,0,0,0,44587,109,3031,0,3,41418752,8192,0,0,0,0,-1,-1
84983,[DNT] World Quest 004,,60085,128650,0,-1,0,0,0,0,0,0,0,0,0,0,44587,109,3031,0,3,41418752,8192,0,0,0,0,-1,-1
84984,[DNT] World Quest 005,,60086,128651,0,-1,0,0,0,0,0,0,0,0,0,0,44587,109,3031,0,3,41418752,8192,0,0,0,0,-1,-1
84985,Not Ready on Set,,60087,127466,0,-1,0,0,0,0,0,0,0,0,0,0,0,0,1369,0,2,36700168,0,512,83831,0,0,-1,-1
84993,Devourer Attack: The Oasis,,60094,0,0,-1,0,0,0,0,0,0,0,0,0,0,44596,283,3007,0,3,39419968,532480,4120,0,0,0,-1,-1
84994,Evidence of Effect,,60095,129745,0,-1,0,0,0,0,0,0,0,0,0,0,44598,109,2888,0,3,41484544,8192,0,0,0,0,-1,-1
84995,Pictures! Pictures of Undermine!,,60096,129746,0,-1,0,0,0,0,0,0,0,0,0,0,44599,109,2888,0,3,41484544,8192,0,0,0,0,-1,-1
85004,Swigs Farsight,,60105,0,0,-1,0,0,0,0,0,0,0,0,0,0,0,0,2860,0,3,34149376,0,8,0,0,0,-1,-1
85005,A Radiant Call,,60106,128742,0,-1,0,0,0,0,0,0,0,0,0,0,0,0,3031,0,2,40894472,0,512,0,0,0,-1,-1
85013,Darkfuse Precipitant,,62291,129050,0,-1,0,0,0,0,0,0,0,0,0,0,44611,283,2888,0,3,37289984,0,512,0,0,0,-1,-1
85024,Toy Trouble,,59669,129998,0,-1,0,0,0,0,0,0,0,0,0,0,0,0,1369,0,2,40894472,0,512,84336,0,0,1309324210,-1440044374
85026,Where Legends are Made,,60127,128802,0,-1,0,0,0,0,0,0,0,0,0,0,0,0,2991,0,2,592445448,0,1049088,84423,0,0,-1,-1
85042,The Final Toy,,59871,129999,0,-1,0,0,0,0,0,0,0,0,0,0,0,0,1369,0,2,40894472,0,512,85025,0,0,1309324210,-1440044374
85051,Beach Comber,,60150,129009,0,-1,0,0,0,0,0,0,0,0,0,0,43872,0,3004,0,2,6291720,8192,268435968,0,0,0,-1,-1
85070,Tracking Quest,,60169,0,0,-1,0,0,0,0,0,0,0,0,0,0,45160,0,0,0,3,33621248,0,268435464,0,0,0,-1,-1
85088,The Main Event,,64711,129050,0,-1,0,0,0,0,0,0,0,0,0,0,0,289,2993,0,3,37323072,0,8,0,0,0,-1,-1
85104,Skyrider Racing - Skyrocketing Sprint,,60202,129748,0,-1,0,0,0,0,0,0,0,0,0,0,44725,281,2838,0,3,34144512,0,0,0,0,0,-1,-1
85105,Skyrider Racing - The Heaps Leap,,60203,134740,0,-1,0,0,0,0,0,0,0,0,0,0,44726,281,2838,0,3,34144512,0,0,0,0,0,-1,-1
85106,Skyrider Racing - Scrapshop Shot,,60204,134740,0,-1,0,0,0,0,0,0,0,0,0,0,44727,281,2838,0,3,34144512,0,0,0,0,0,-1,-1
85107,Skyrider Racing - Rags to Riches Rush,,60205,134740,0,-1,0,0,0,0,0,0,0,0,0,0,44728,281,2838,0,3,34144512,0,0,0,0,0,-1,-1
85113,Special Assignment: Storm's a Brewin,,60209,129247,0,-1,0,0,0,0,0,0,0,0,0,232466,45160,286,3004,0,3,578355200,8256,268435976,0,0,0,-1,-1
85263,Boomball,,60387,129313,0,-1,0,0,0,0,0,0,0,0,0,0,44751,109,2888,0,3,41484544,8192,0,0,0,0,-1,-1
85268,Pow-Arr Wash Simulator,,60390,129746,0,-1,0,0,0,0,0,0,0,0,0,0,44755,109,2888,0,3,41484544,0,0,0,0,0,-1,-1
85269,Boom Balloon,,60391,129744,0,-1,0,0,0,0,0,0,0,0,0,0,44756,109,2888,0,3,39387392,0,0,0,0,0,-1,-1
85270,Cold as Ice,,60392,129745,0,-1,0,0,0,0,0,0,0,0,0,0,44757,109,2888,0,3,41484544,8192,0,0,0,0,-1,-1
85390,Sunrise Sudser,,60508,129745,0,-1,0,0,0,0,0,0,0,0,0,0,44773,109,2888,0,3,37290240,0,0,0,0,0,-1,-1
85396,Heaps o' Scrap,,60514,129747,0,-1,0,0,0,0,0,0,0,0,0,231164,44779,109,2888,0,3,41484544,8192,0,0,0,0,-1,-1
85397,What Plants Crave,,60515,129747,0,-1,0,0,0,0,0,0,0,0,0,0,44834,109,2888,0,3,41484544,8192,0,0,0,0,-1,-1
85398,Bomb Voyage!,,60516,129747,0,-1,0,0,0,0,0,0,0,0,0,0,44819,109,2888,0,3,41484544,8192,0,0,0,0,-1,-1
85399,Caddyshock,,60517,129747,0,-1,0,0,0,0,0,0,0,0,0,0,44835,109,2888,0,3,41484544,8192,0,0,0,0,-1,-1
85400,"Reduce, Re-ooze, Recycle",,60518,129747,0,-1,0,0,0,0,0,0,0,0,0,0,44836,109,2888,0,3,41484544,8192,0,0,0,0,-1,-1
85402,In The Heights,,60520,129746,0,-1,0,0,0,0,0,0,0,0,0,0,44794,109,2888,0,3,41484544,8192,0,0,0,0,-1,-1
85427,Explosive Expiration,,60543,129744,0,-1,0,0,0,0,0,0,0,0,0,0,44782,109,2888,0,3,41484544,8192,0,0,0,0,-1,-1
85428,Code Violations,,60544,129744,0,-1,0,0,0,0,0,0,0,0,0,232989,44783,109,2888,0,3,41615616,8192,0,0,0,0,-1,-1
85460,Ecological Succession,,60574,137553,0,-1,0,0,0,0,0,0,0,0,0,0,0,109,2838,0,3,40599808,0,8,0,0,0,-1,-1
85466,Hob or Cold,,60580,129747,0,-1,0,0,0,0,0,0,0,0,0,0,44837,109,2888,0,3,41484544,8192,0,0,0,0,-1,-1
85467,Dumpster Fire,,60581,129747,0,-1,0,0,0,0,0,0,0,0,0,0,44838,109,2888,0,3,41484544,8192,0,0,0,0,-1,-1
85472,It's Free Reagents!,,60594,129745,0,-1,0,0,0,0,0,0,0,0,0,0,44818,109,2888,0,3,41484544,8192,0,0,0,0,-1,-1
85473,Extra! Extra!,,60595,129748,0,-1,0,0,0,0,0,0,0,0,0,0,44832,109,2888,0,3,41484544,8192,0,0,0,0,-1,-1
85474,Rat Pack Attack,,60596,129748,0,-1,0,0,0,0,0,0,0,0,0,0,44833,109,2888,0,3,41484544,8192,0,0,0,0,-1,-1
85475,Secret in the Sands,,60597,130003,0,-1,2,0,0,0,0,0,0,0,0,0,0,0,1369,0,2,40894472,0,512,85208,85195,0,-1,-1
85479,"Rock 'Em, Explode 'Em",,60601,138185,0,-1,0,0,0,0,0,0,0,0,0,0,44830,113,2888,0,3,6881536,8192,0,0,0,0,-1,-1
85487,Special Assignment: Boom! Headshot!,,60609,129748,0,-1,0,0,0,0,0,0,0,0,0,0,44839,286,2888,0,3,41484544,8192,0,85489,0,0,-1,-1
85488,Special Assignment: Security Detail,,60610,129748,0,-1,0,0,0,0,0,0,0,0,0,0,44840,286,2888,0,3,41484544,8192,0,85490,0,0,-1,-1
85497,Blown a Gasket,,60619,129744,0,-1,0,0,0,0,0,0,0,0,0,0,44848,109,2888,0,3,41484544,8192,0,0,0,0,-1,-1
85498,Firework It,,60620,129744,0,-1,0,0,0,0,0,0,0,0,0,0,44849,109,2888,0,3,41484544,8192,0,0,0,0,-1,-1
85499,One Goblin's Trash,,60621,129744,0,-1,0,0,0,0,0,0,0,0,0,0,44850,109,2888,0,3,41484544,8192,0,0,0,0,-1,-1
85500,Hazardous Waste,,60622,129744,0,-1,0,0,0,0,0,0,0,0,0,0,44851,109,2888,0,3,41484544,8192,0,0,0,0,-1,-1
85502,Festive Reflections,,60624,130004,0,-1,1,0,0,0,0,0,0,0,0,0,0,0,1369,0,2,40894472,0,512,85476,0,0,-1,-1
85512,Rooting Out Counterfeits,,60634,136062,0,-1,0,0,0,0,0,0,0,0,0,0,44854,109,2888,0,3,37290240,0,0,0,0,0,-1,-1
85513,Underrider Grease,,60635,129745,0,-1,0,0,0,0,0,0,0,0,0,0,44855,109,2888,0,3,37290240,0,0,0,0,0,-1,-1
85514,If They're Not Using It...,,60636,129745,0,-1,0,0,0,0,0,0,0,0,0,0,44856,109,2888,0,3,37290240,0,0,0,0,0,-1,-1
85515,Free Samples!,,60637,129745,0,-1,0,0,0,0,0,0,0,0,0,231900,44857,109,2888,0,3,37421312,0,0,0,0,0,-1,-1
85518,Scalper Scum,,60640,129748,0,-1,0,0,0,0,0,0,0,0,0,0,44858,109,2888,0,3,41484544,8192,0,0,0,0,-1,-1
85519,Boom and Burst,,60641,129744,0,-1,0,0,0,0,0,0,0,0,0,0,44860,109,2888,0,3,41484544,8192,268435456,0,0,0,-1,-1
85524,Disarming the Darkfuse,,60646,129748,0,-1,0,0,0,0,0,0,0,0,0,0,44865,109,2888,0,3,37290240,0,0,0,0,0,-1,-1
85526,Scum Bag,,60648,129747,0,-1,0,0,0,0,0,0,0,0,0,0,44866,109,2888,0,3,41484544,8192,0,0,0,0,-1,-1
85527,Buccaneer Bonzai,,60649,129746,0,-1,0,0,0,0,0,0,0,0,0,0,44867,109,2888,0,3,37290240,0,0,0,0,0,-1,-1
85528,Recrewtment,,60650,129746,0,-1,0,0,0,0,0,0,0,0,0,0,44868,109,2888,0,3,41484544,8192,0,0,0,0,-1,-1
85553,Side Gig: Feeling Crabby,,60676,131393,0,-1,0,0,0,0,0,0,0,0,0,0,45183,0,2888,0,2,40894472,32768,512,0,0,0,-1,-1
85554,Side Gig: It's Always Sunny Side Up,,60677,131393,0,-1,0,0,0,0,0,0,0,0,0,0,45184,0,2888,0,2,40894472,40960,512,0,0,0,-1,-1
85561,[DNT] Debugging Abandon,,60685,0,0,-1,0,0,0,0,0,0,0,0,0,0,0,0,2869,0,3,37289984,0,0,0,0,0,-1,-1
85653,Dipping a Toe,,60721,0,0,-1,0,0,0,0,0,0,0,0,0,0,44954,0,3004,0,2,40894472,8192,268435968,84726,0,0,-1,-1
85654,Juicing Up and Storming Out,,60722,0,0,-1,1,0,0,0,0,0,0,0,0,0,44955,0,3004,0,2,40894472,8192,268435968,85653,85070,0,-1,-1
85655,Unleashing Her Power,,60723,0,0,-1,0,0,0,0,0,0,0,0,0,0,44956,0,3004,0,2,40894472,8192,268435968,85654,0,0,-1,-1
85656,The Singing Bandit Catcher,,60724,0,0,-1,0,0,0,0,0,0,0,0,0,0,44957,0,3004,0,2,40894472,8192,268435968,85655,0,0,-1,-1
85657,Cyrce Would Be So Proud,,60725,0,0,-1,0,0,0,0,0,0,0,0,0,0,44958,0,3004,0,2,40894472,8192,268435968,85656,0,0,-1,-1
85715,Muse Wanted,,60778,0,0,-1,0,0,0,0,0,0,0,0,0,0,0,0,2888,0,3,41484288,0,268447752,0,0,0,-1,-1
85717,Precarious Pet,,60780,0,0,-1,0,0,0,0,0,0,0,0,0,0,0,0,2888,0,3,41484288,0,268447752,0,0,0,-1,-1
85731,Tracking Quest,,60791,0,0,-1,0,0,0,0,0,0,0,0,0,0,0,0,2734,0,3,3768320,0,12296,0,0,0,-1,-1
85732,Express Extermination,,60792,0,0,-1,0,0,0,0,0,0,0,0,0,0,0,0,2888,0,3,41484288,0,268447752,0,0,0,-1,-1
85733,Daiquiri Disaster,,60793,0,0,-1,0,0,0,0,0,0,0,0,0,0,0,0,2888,0,3,41484288,0,268447752,0,0,0,-1,-1
85753,The Drain,,61711,130607,0,-1,0,0,0,0,0,0,0,0,0,0,44409,0,3004,0,3,6881280,8192,268435976,0,0,0,-1,-1
85754,The Drain,,61709,130612,0,-1,1,0,0,0,0,0,0,0,0,0,44409,0,3004,0,3,6881280,8192,268435976,85753,84787,0,-1,-1
85755,The Drain,,61714,128821,0,-1,0,0,0,0,0,0,0,0,0,0,44409,0,3004,0,3,6881280,8192,268435976,0,0,0,-1,-1
85758,Sweeping Up,,60818,0,0,-1,0,0,0,0,0,0,0,0,0,0,0,0,2888,0,3,41484288,0,268447752,0,0,0,-1,-1
85759,Crystal Alignment,,60819,0,0,-1,0,0,0,0,0,0,0,0,0,0,0,0,2888,0,3,41484288,0,268447752,0,0,0,-1,-1
85760,The Drowned Lair,,61703,128827,0,-1,0,0,0,0,0,0,0,0,0,0,44479,0,3004,0,3,6881280,8192,268435976,0,0,0,-1,-1
85761,The Drowned Lair,,61705,130664,0,-1,1,0,0,0,0,0,0,0,0,0,44479,0,3004,0,3,6881280,8192,268435976,85760,84835,0,-1,-1
85762,The Drowned Lair,,61713,130666,0,-1,0,0,0,0,0,0,0,0,0,0,44479,0,3004,0,3,6881280,8192,268435976,0,0,0,-1,-1
85763,Shuddering Hollow,,61708,130672,0,-1,0,0,0,0,0,0,0,0,0,0,44478,283,3004,0,3,6881280,8192,268435976,0,0,0,-1,-1
85764,Shuddering Hollow,,61715,130675,0,-1,0,0,0,0,0,0,0,0,0,0,44478,0,3004,0,3,6881280,8192,268435976,0,0,0,-1,-1
85765,Shuddering Hollow,,61706,130682,0,-1,0,0,0,0,0,0,0,0,0,0,44478,0,3004,0,3,6881280,8192,268435976,0,0,0,-1,-1
85769,The Party Must Go On,,60826,0,0,-1,0,0,0,0,0,0,0,0,0,0,0,0,2888,0,3,41484288,0,268447752,0,0,0,-1,-1
85771,Paper Delivery,,60828,0,0,-1,0,0,0,0,0,0,0,0,0,0,0,0,2888,0,3,41484288,0,268447752,0,0,0,-1,-1
85773,Spirits for Hire,,60830,0,0,-1,0,0,0,0,0,0,0,0,0,0,0,0,2888,0,3,41484288,0,268447752,0,0,0,-1,-1
85797,Knife Fight,,60854,0,0,-1,0,0,0,0,0,0,0,0,0,0,0,0,2888,0,3,41484288,0,268447752,0,0,0,-1,-1
85812,Raid the Raiders,,60862,137876,0,-1,0,0,0,0,0,0,0,0,0,0,45040,109,3008,0,3,41484544,8192,0,0,0,0,-1,-1
85822,Making a Market,,60872,137876,0,-1,0,0,0,0,0,0,0,0,0,0,45039,109,3008,0,3,41484544,8192,0,0,0,0,-1,-1
85826,Granny Crossing,,60876,0,0,-1,0,0,0,0,0,0,0,0,0,0,0,0,2888,0,3,41484288,0,268447752,0,0,0,-1,-1
85834,Endangered Specimens,,60880,137876,0,-1,0,0,0,0,0,0,0,0,0,0,45041,109,3008,0,3,41484544,0,0,0,0,0,-1,-1
85854,For Want of a Name,,60900,0,0,-1,0,0,0,0,0,0,0,0,0,0,0,0,2888,0,3,41484288,0,268447752,0,0,0,-1,-1
85855,Anything to Declare?,,60901,137876,0,-1,0,0,0,0,0,0,0,0,0,0,45046,109,3008,0,3,41484544,8192,0,0,0,0,-1,-1
85861,Rug Monster!!!,,60907,0,0,-1,0,0,0,0,0,0,0,0,0,0,0,0,2888,0,3,41484288,0,268447752,0,0,0,-1,-1
85863,Phase Diving: Strange Storms,,60909,137876,0,-1,0,0,0,0,0,0,0,0,0,0,45048,109,3008,0,3,41484544,8192,0,0,0,0,-1,-1
85864,Phase Diving: Fractured Laacunite,,60910,137876,0,-1,0,0,0,0,0,0,0,0,0,0,45469,109,3008,0,3,41484544,8192,0,0,0,0,-1,-1
85874,Goldfish Rescue,,60920,0,0,-1,0,0,0,0,0,0,0,0,0,0,0,0,2888,0,3,41484288,0,268447752,0,0,0,-1,-1
85888,Artistic License,,60930,0,0,-1,0,0,0,0,0,0,0,0,0,0,0,0,2888,0,3,41484288,0,268447752,0,0,0,-1,-1
85913,Side Gig: Cleanup Detail,,60945,131392,0,-1,0,0,0,0,0,0,0,0,0,0,45177,0,2888,0,2,36700168,32768,512,0,0,0,-1,-1
85914,Side Gig: Coolant Matters,,60946,131392,0,-1,0,0,0,0,0,0,0,0,0,0,45178,0,2888,0,2,40894472,32768,512,0,0,0,-1,-1
85925,Breakneck Racing - Breakneck Bolt,,60954,131194,0,-1,0,0,0,0,0,0,0,0,0,0,45075,281,2838,0,3,34144512,0,0,0,0,0,-1,-1
85926,Breakneck Racing - Junkyard Jaunt,,60955,131194,0,-1,0,0,0,0,0,0,0,0,0,0,45076,281,2838,0,3,34144512,0,0,0,0,0,-1,-1
85927,Breakneck Racing - Casino Cruise,,60956,131194,0,-1,0,0,0,0,0,0,0,0,0,0,45077,281,2838,0,3,34144512,0,0,0,0,0,-1,-1
85928,Breakneck Racing - Sandy Scuttle,,60957,131194,0,-1,0,0,0,0,0,0,0,0,0,0,45078,281,2838,0,3,34144512,0,0,0,0,0,-1,-1
85929,Archivist Rubbleglint,,60958,0,0,-1,0,0,0,0,0,0,0,0,0,0,0,0,401,0,0,33554440,0,512,0,0,0,-1,-1
85930,Archivist Coppermoss,,60959,0,0,-1,0,0,0,0,0,0,0,0,0,0,0,0,401,0,0,33554440,0,512,0,0,0,-1,-1
85931,Archivist Farolt,,60960,0,0,-1,0,0,0,0,0,0,0,0,0,0,0,0,401,0,0,33554440,0,512,0,0,0,-1,-1
85932,Archivist Silsigra,,60961,0,0,-1,0,0,0,0,0,0,0,0,0,0,0,0,401,0,0,33554440,0,512,0,0,0,-1,-1
85933,Elder Knythall,,60962,0,0,-1,0,0,0,0,0,0,0,0,0,0,0,0,401,0,0,33554440,0,512,0,0,0,-1,-1
85934,Elder Swornvow,,60963,0,0,-1,0,0,0,0,0,0,0,0,0,0,0,0,401,0,0,33554440,0,512,0,0,0,-1,-1
85935,Elder Ikk'zivan,,60964,0,0,-1,0,0,0,0,0,0,0,0,0,0,0,0,401,0,0,33554440,0,512,0,0,0,-1,-1
85936,Elder Ikk'xataz,,60965,0,0,-1,0,0,0,0,0,0,0,0,0,0,0,0,401,0,0,33554440,0,512,0,0,0,-1,-1
85944,Side Gig: Blood Type,,60973,131392,0,-1,0,0,0,0,0,0,0,0,0,0,45180,0,2888,0,2,36700168,32768,512,0,0,0,-1,-1
85945,Side Gig: Blood-B-Gone,,60974,131392,0,-1,0,0,0,0,0,0,0,0,0,232897,45181,0,2888,0,2,36700168,32768,512,0,0,0,-1,-1
85946,The Great Crab Breakout,,60975,0,0,-1,0,0,0,0,0,0,0,0,0,0,0,0,2888,0,3,41484288,0,268447752,0,0,0,-1,-1
85960,Side Gig: Lost in the Sauce,,60983,131392,0,-1,0,0,0,0,0,0,0,0,0,0,45179,0,2888,0,2,36700168,32768,512,0,0,0,-1,-1
85962,Side Gig: Unseemly Reagents,,60985,131392,0,-1,0,0,0,0,0,0,0,0,0,0,45182,0,2888,0,2,36700168,32768,512,0,0,0,-1,-1
86177,Side Gig: The Tides Provide,,61102,131393,0,-1,0,0,0,0,0,0,0,0,0,0,45185,0,2888,0,2,40894472,32768,512,0,0,0,-1,-1
86178,Side Gig: Cleanin' the Coast,,61103,131393,0,-1,0,0,0,0,0,0,0,0,0,0,45186,0,2888,0,2,40894472,32768,512,0,0,0,-1,-1
86179,Side Gig: Lucky Break's Big Break,,61104,131393,0,-1,0,0,0,0,0,0,0,0,0,0,45187,0,2888,0,2,40894472,32768,512,0,0,0,-1,-1
86180,Side Gig: Infested Waters,,61105,131393,0,-1,0,0,0,0,0,0,0,0,0,0,45188,0,2888,0,2,40894472,32768,512,0,0,0,-1,-1
86197,Learn the Ropes or Walk the Plank,,61130,0,0,-1,0,0,0,0,0,0,0,0,0,0,3785,109,2814,0,3,37290016,132,8,0,0,0,-1,-1
86305,Watch me Make these Bugs Expire,,61236,137876,0,-1,0,0,0,0,0,0,0,0,0,249417,45205,109,3008,0,3,7930112,8192,0,0,0,0,-1,-1
86309,Underpin's Challenge: Treasured Goblin,,0,0,0,-1,0,0,0,0,0,0,0,0,0,0,45206,0,2462,0,3,36765768,0,512,0,0,0,-1,-1
86311,Heaps of Trouble,,61240,0,0,-1,0,0,0,0,0,0,0,0,0,0,0,0,2888,0,3,41484288,0,268447752,0,0,0,-1,-1
86313,Darkfuse Cleanup,,61242,0,0,-1,0,0,0,0,0,0,0,0,0,0,0,0,2888,0,3,41484288,0,268447752,0,0,0,-1,-1
86314,Ooze on Aisle 3,,61243,0,0,-1,0,0,0,0,0,0,0,0,0,0,0,0,2888,0,3,41484288,0,268447752,0,0,0,-1,-1
86315,Chaos in the Streets,,61244,0,0,-1,0,0,0,0,0,0,0,0,0,0,0,0,2888,0,3,41484288,0,268447752,0,0,0,-1,-1
86317,Black Blood by Sea,,61246,0,0,-1,0,0,0,0,0,0,0,0,0,0,0,0,2888,0,3,41484288,0,268447752,0,0,0,-1,-1
86318,Tailgater Troubles,,61247,0,0,-1,0,0,0,0,0,0,0,0,0,0,0,0,2888,0,3,41484288,0,268447752,0,0,0,-1,-1
86319,Eyes of the Sky,,61248,0,0,-1,0,0,0,0,0,0,0,0,0,0,0,0,2888,0,3,41484288,0,268447752,0,0,0,-1,-1
86320,Bully For You!,,61249,0,0,-1,0,0,0,0,0,0,0,0,0,0,0,0,2888,0,3,41484288,0,268447752,0,0,0,-1,-1
86321,Door to Door,,61250,0,0,-1,0,0,0,0,0,0,0,0,0,0,0,0,2888,0,3,41484288,0,268447752,0,0,0,-1,-1
86337,Gallagio Garbage,,61269,0,0,-1,0,0,0,0,0,0,0,0,0,0,0,0,2992,0,3,34149376,0,8,0,0,0,-1,-1
86363,The Better Part of Valorstones,,61295,143009,0,-1,0,0,0,0,0,0,0,0,0,0,0,0,3008,0,2,37749064,0,520,0,0,0,-1,-1
86364,Crests from the Ether,,61296,0,0,-1,0,0,0,0,0,0,0,0,0,0,0,0,3008,0,2,37749064,0,520,86363,0,0,-1,-1
86365,Crest Transmutation,,61297,0,0,-1,0,0,0,0,0,0,0,0,0,0,0,0,3008,0,2,34603336,0,520,86364,0,0,-1,-1
86367,Grub Stompin',,61298,137876,0,-1,0,0,0,0,0,0,0,0,0,0,45260,109,3008,0,3,41484544,8192,0,0,0,0,-1,-1
86372,Wasting the Wastelanders,,61302,137876,0,-1,0,0,0,0,0,0,0,0,0,0,45262,109,3008,0,3,41484544,8192,0,84906,0,0,-1,-1
86388,Spark - Template,,61318,0,0,-1,0,0,0,0,0,0,0,0,0,0,0,282,2888,0,2,40894464,8192,268435976,0,0,0,-1,-1
86390,Noggenfogger Nuisance,,62290,129050,0,-1,0,0,0,0,0,0,0,0,0,0,45266,283,2888,0,3,37289984,0,0,0,0,0,-1,-1
86391,Taking Back our Power,,61319,137876,0,-1,0,0,0,0,0,0,0,0,0,0,48658,109,3008,0,3,41484544,8192,0,0,0,0,-1,-1
86395,Stealing the Stolen,,61324,137876,0,-1,0,0,0,0,0,0,0,0,0,0,45297,109,3008,0,3,41484544,8192,0,0,0,0,-1,-1
86409,Stalking the Crags,,61342,137876,0,-1,0,0,0,0,0,0,0,0,0,0,45306,109,3008,0,3,41484544,8192,0,0,0,0,-1,-1
86410,Slime Wranglin',,61343,0,0,-1,0,0,0,0,0,0,0,0,0,0,0,0,2888,0,3,41484288,0,268447752,0,0,0,-1,-1
86412,Fancy Pants,,61345,0,0,-1,0,0,0,0,0,0,0,0,0,0,0,0,2888,0,3,41484288,0,268447752,0,0,0,-1,-1
86414,Magno-Scrapper 9000,,62268,129050,0,-1,0,0,0,0,0,0,0,0,0,0,45270,283,2888,0,3,37289984,0,0,0,0,0,-1,-1
86418,Fresh Towel?,,61349,0,0,-1,0,0,0,0,0,0,0,0,0,0,0,0,2888,0,3,41484288,0,268447752,0,0,0,-1,-1
86428,Voltstrike the Charged,,62267,129050,0,-1,0,0,0,0,0,0,0,0,0,0,45339,283,2888,0,3,37289984,0,0,0,0,0,-1,-1
86429,Phase Diving: The Bound Unbound,,61357,137876,0,-1,0,0,0,0,0,0,0,0,0,0,46703,109,3008,0,3,41484544,8192,0,0,0,0,-1,-1
86431,Scrapchewer,,62266,129050,0,-1,0,0,0,0,0,0,0,0,0,0,45342,283,2888,0,3,37289984,0,0,0,0,0,-1,-1
86447,Devourer Attack: Eco-dome: Primus,,61369,0,0,-1,0,0,0,0,0,0,0,0,0,0,45356,283,3007,0,3,39419968,524288,4120,0,0,0,-1,-1
86450,Tracking Quest,,61371,0,0,-1,0,0,0,0,0,0,0,0,0,0,0,0,0,0,3,36766728,0,0,0,0,0,-1,-1
86464,Devourer Attack: The Atrium,,61385,0,0,-1,0,0,0,0,0,0,0,0,0,0,45388,283,3007,0,3,39419968,524288,4120,0,0,0,-1,-1
86465,Devourer Attack: Tazavesh,,61386,0,0,-1,0,0,0,0,0,0,0,0,0,0,45393,283,3007,0,3,39419968,524288,4120,0,0,0,-1,-1
86476,Worldsoul Memory: Early Cartel Wars,,0,122933,0,-1,0,0,0,0,0,0,0,0,0,0,0,0,2462,0,3,36765768,0,8704,0,0,0,-1,-1
86477,Worldsoul Memory: Kaja'mite Contact,,0,122933,0,-1,0,0,0,0,0,0,0,0,0,0,0,0,2462,0,3,36765768,0,8704,0,0,0,-1,-1
86535,Test Run,,61450,132606,0,-1,0,0,0,0,0,0,0,0,0,0,0,0,2888,0,2,39845896,0,552,0,0,0,-1,-1
86567,Tracking Quest,,61483,0,0,-1,0,0,0,0,0,0,0,0,0,0,0,0,0,0,3,36701184,128,8,0,0,0,-1,-1
86568,Tracking Quest,,61484,0,0,-1,0,0,0,0,0,0,0,0,0,0,0,0,0,0,3,36701184,128,8,0,0,0,-1,-1
86569,Tracking Quest,,61485,0,0,-1,0,0,0,0,0,0,0,0,0,0,0,0,0,0,3,36701184,128,8,0,0,0,-1,-1
86570,Tracking Quest,,61486,0,0,-1,0,0,0,0,0,0,0,0,0,0,0,0,0,0,3,36701184,128,8,0,0,0,-1,-1
86571,Tracking Quest,,61487,0,0,-1,0,0,0,0,0,0,0,0,0,0,0,0,0,0,3,36701184,128,8,0,0,0,-1,-1
86572,Tracking Quest,,61488,0,0,-1,0,0,0,0,0,0,0,0,0,0,0,0,0,0,3,36701184,128,8,0,0,0,-1,-1
86573,Tracking Quest,,61489,0,0,-1,0,0,0,0,0,0,0,0,0,0,0,0,0,0,3,36701184,128,8,0,0,0,-1,-1
86584,Overwhelm Them with Mandatory Time Off,,61498,137876,0,-1,0,0,0,0,0,0,0,0,0,0,45446,109,3008,0,3,37290240,8192,0,84967,0,0,-1,-1
86610,Nor Void of Night,,61522,137876,0,-1,0,0,0,0,0,0,0,0,0,0,45461,109,3008,0,3,37290240,0,512,84967,0,0,-1,-1
86645,Hidden Quest [DNT],,61553,0,0,-1,65536,0,0,0,0,0,0,0,0,0,0,265,3321,0,3,41484288,0,8200,93061,0,0,-1,-1
86696,Shadow Re-Disruption,,61591,137876,0,-1,0,0,0,0,0,0,0,0,0,0,45526,109,3008,0,3,37290240,8192,0,85037,0,0,-1,-1
86707,The Shadowguard Resurgence,,61602,137876,0,-1,0,0,0,0,0,0,0,0,0,0,47755,109,3008,0,3,37290240,8192,512,84967,0,0,-1,-1
86709,Mana Falling from the Skies,,61604,137876,0,-1,0,0,0,0,0,0,0,0,0,0,45536,109,3008,0,3,41484544,8192,0,85037,0,0,-1,-1
86728,Operation: Floodgate: Disposing of the Garbage,,61623,135171,0,-1,0,0,0,0,0,0,0,0,0,0,0,81,2718,0,2,36700424,0,512,0,0,0,-1,-1
86800,Swipe 'Em,,61686,137876,0,-1,0,0,0,0,0,0,0,0,0,0,45648,109,3008,0,3,37290240,8192,512,0,0,0,-1,-1
86810,Harvesting the Void,,61696,139380,0,-1,0,0,0,0,0,0,0,0,0,0,50662,0,4311,0,2,40894472,8192,268435968,0,0,0,-1,-1
86817,The Drowned Lair,,61712,0,0,-1,0,0,0,0,0,0,0,0,0,0,0,0,3004,0,3,2098176,0,268435464,0,0,0,-1,-1
86821,Phase Diving: Unmoored and Unwell,,61719,137876,0,-1,0,0,0,0,0,0,0,0,0,0,45675,109,3008,0,3,41484544,8192,0,0,0,0,-1,-1
86822,One Final Relic,,61720,0,0,-1,0,0,0,0,0,0,0,0,0,0,0,0,3088,0,2,37748744,8192,512,89338,0,0,-1,-1
86823,The Dark Horde,,61721,0,0,-1,0,0,0,0,0,0,0,0,0,0,0,0,3088,0,2,38797320,4202496,512,86822,0,0,-1,-1
86824,None Left Standing,,61722,0,0,-1,0,0,0,0,0,0,0,0,0,239130,0,0,3088,0,2,38797320,4202496,512,86822,0,0,-1,-1
86825,"Faithful Servant, Faithless Cause",,61723,0,0,-1,0,0,0,0,0,0,0,0,0,0,0,0,3088,0,2,38797320,4202496,512,86822,0,0,-1,-1
86826,Nagosh the Scarred,,61724,0,0,-1,0,0,0,0,0,0,0,0,0,0,0,0,3088,0,2,38797320,0,512,91391,0,0,-1,-1
86827,Due Recognition,,61725,0,0,-1,0,0,0,0,0,0,0,0,0,0,0,0,3088,0,2,40894472,0,512,91391,0,0,-1,-1
86828,Not Just a Troll's Bane,,61726,0,0,-1,5,0,0,0,0,0,0,0,0,0,0,0,3088,0,2,38797320,2,512,86826,86827,91842,-1,-1
86829,A Landmark Moment,,61727,0,0,-1,1,0,0,0,0,0,0,0,0,0,0,0,3088,0,2,37748744,4,512,86830,86831,0,-1,-1
86830,A True Horde of Dark Horde,,61728,0,0,-1,0,0,0,0,0,0,0,0,0,0,0,0,3088,0,2,38797320,4202496,512,86828,0,0,-1,-1
86831,Warriors Without a Warlord,,61729,0,0,-1,0,0,0,0,0,0,0,0,0,0,0,0,3088,0,2,38797320,4202496,512,86828,0,0,-1,-1
86832,A Worthy Forge,,61730,0,0,-1,0,0,0,0,0,0,0,0,61731,0,0,0,3088,0,2,55574536,4202496,512,91726,0,0,-1,-1
86833,A Bulwark Remade,,61731,0,0,-1,0,0,0,0,0,0,0,0,0,0,0,0,3088,0,2,37748744,8196,524800,91726,0,0,-1,-1
86837,Meet at the Sunwell,,61735,0,0,-1,0,0,0,0,0,0,0,0,0,0,0,0,3088,0,2,40894472,4194304,512,89193,0,0,-1,-1
86838,Renewal for the Weary,,61736,0,0,-1,0,0,0,0,0,0,0,0,0,237811,0,0,3088,0,2,309461000,4194304,512,86837,0,0,-1,-1
86839,Relics of Light's Hope,,61737,0,0,-1,0,0,0,0,0,0,0,0,0,0,0,0,3088,0,2,40894472,8192,512,86838,0,0,-1,-1
86840,Flickering Hope,,61738,0,0,-1,0,0,0,0,0,0,0,0,0,0,0,0,3088,0,2,40894472,4202496,512,86839,0,0,-1,-1
86841,Relics of Paladins Past,,61739,0,0,-1,0,0,0,0,0,0,0,0,0,0,0,0,3088,0,2,40894472,4202496,512,86840,0,0,-1,-1
86842,Scarlet Power,,61740,0,0,-1,1,0,0,0,0,0,0,0,0,0,0,0,3088,0,2,36700168,4202496,512,86840,86841,0,-1,-1
86843,Light Miswielded,,61741,0,0,-1,0,0,0,0,0,0,0,0,0,0,0,0,3088,0,2,40894472,8192,512,86842,0,0,-1,-1
86844,Light Repurposed,,61742,0,0,-1,0,0,0,0,0,0,0,0,0,0,0,0,3088,0,2,40894472,8192,512,86842,0,0,-1,-1
86845,The Sunwalker Path,,61743,0,0,-1,0,0,0,0,0,0,0,0,0,0,0,0,3088,0,2,40894472,8192,512,86902,0,0,-1,-1
86846,Resupplying Our Suppliers,,61744,0,0,-1,0,0,0,0,0,0,0,0,0,0,0,0,3088,0,2,40894472,0,512,86845,0,0,-1,-1
86869,Phase Diving: Shan'dorah Saboteurs,,61768,137876,0,-1,0,0,0,0,0,0,0,0,0,0,45668,109,3008,0,3,41484544,8192,0,0,0,0,-1,-1
86872,Phase Diving: Experimental Extermination,,61770,137876,0,-1,0,0,0,0,0,0,0,0,0,0,45670,109,3008,0,3,41484544,8192,0,0,0,0,-1,-1
86874,Culling the Light,,61772,137402,0,-1,0,0,0,0,0,0,0,0,0,0,0,0,3087,0,3,37289984,0,0,0,0,0,-1,-1
86902,Relinquishing Relics,,61800,0,0,-1,1,0,0,0,0,0,0,0,0,0,0,0,3088,0,2,37748744,4194304,512,86843,86844,0,-1,-1
86903,The Arcantina,,61801,0,0,-1,0,0,0,0,0,0,0,0,0,248131,0,0,3088,0,2,309461000,4194304,1049088,86833,0,0,-1,-1
86909,Unrestful Spirits,,61807,0,0,-1,0,0,0,0,0,0,0,0,0,0,3785,0,3087,0,2,41484288,8192,512,0,0,0,-1,-1
86938,Void Perforations,,61836,142958,0,-1,0,0,0,0,0,0,0,0,0,0,49791,109,3098,0,3,37290240,0,512,0,0,0,-1,-1
86939,Twilight's Wedge,,61837,142958,0,-1,0,0,0,0,0,0,0,0,0,235663,49792,109,3098,0,3,37290240,0,512,0,0,0,-1,-1
86941,Elemental Infusion,,61839,142958,0,-1,0,0,0,0,0,0,0,0,0,0,49793,109,3098,0,3,37290240,0,512,0,0,0,-1,-1
86943,Drilling Down,,61841,129748,0,-1,0,0,0,0,0,0,0,0,0,0,45708,115,2888,0,3,37290240,0,0,0,0,0,-1,-1
86945,Shadowed Supplies,,61843,142958,0,-1,0,0,0,0,0,0,0,0,0,0,49794,109,3098,0,3,37290240,0,512,0,0,0,-1,-1
86947,"Tiny, Expensive, and Deadly",,61845,129748,0,-1,0,0,0,0,0,0,0,0,0,0,45709,115,2888,0,3,37290240,0,0,0,0,0,-1,-1
86948,Twilight Bonds,,61846,142958,0,-1,0,0,0,0,0,0,0,0,0,0,49795,109,3098,0,3,37290240,0,512,0,0,0,-1,-1
86949,Loyal Crewmates,,61847,129748,0,-1,0,0,0,0,0,0,0,0,0,0,45710,115,2888,0,3,37290240,0,0,0,0,0,-1,-1
86951,"Ascended, Descending",,61848,142958,0,-1,0,0,0,0,0,0,0,0,0,0,49796,109,3098,0,3,37290240,0,512,0,0,0,-1,-1
86952,Approach the Croach,,61849,129748,0,-1,0,0,0,0,0,0,0,0,0,0,45711,115,2888,0,3,37290240,0,0,0,0,0,-1,-1
86957,Drakgor's Revenge,,61851,142958,0,-1,0,0,0,0,0,0,0,0,0,0,49797,109,3098,0,3,37290240,0,512,0,0,0,-1,-1
86959,Bloodeye Prisoners,,61853,142958,0,-1,0,0,0,0,0,0,0,0,0,0,49798,109,3098,0,3,37290240,0,512,0,0,0,-1,-1
86996,Dark Places,,61888,0,0,-1,0,0,0,0,0,0,0,0,0,0,0,0,3084,0,3,36700160,0,0,86536,0,0,-1,-1
87001,Warrant: Shatterpulse,,64886,139388,0,-1,131073,0,0,0,0,0,0,0,0,0,0,0,3008,0,2,40960000,8192,268435976,87405,90807,0,-1,-1
87007,Gallagio Garbage,,61894,0,0,-1,0,0,0,0,0,0,0,0,0,0,0,0,2860,0,3,37295104,0,8,0,0,0,-1,-1
87308,Twilight's Dawn,,62190,142958,0,-1,0,0,0,0,0,0,0,0,0,0,0,284,3098,0,2,36732936,0,520,0,0,0,-1,-1
87327,A Challenger's Resilience,,62207,134280,0,-1,0,0,0,0,0,0,0,0,0,0,0,282,2888,0,2,36700160,0,268435969,0,0,0,-1,-1
87342,Honor the Flame,Honor the Bonfire in the Isle of Dorn.,62217,9484,0,-1,0,0,0,0,0,0,0,0,0,0,0,0,394,0,2,2097152,0,512,0,0,0,-1,-1
87343,Warrant: Hollowbane,,64884,139388,0,-1,131073,0,0,0,0,0,0,0,0,0,0,0,3008,0,2,7405568,8192,268435976,87001,90807,0,-1,-1
87344,A Key Threat,,64299,145662,0,-1,0,0,0,0,0,0,0,0,0,0,0,0,3008,0,2,40894464,8192,268435976,0,0,0,-1,-1
87345,Warrant: Xy'vox the Twisted,,64887,139388,0,-1,65536,0,0,0,0,0,0,0,0,0,0,0,3008,0,2,39911424,8192,268435976,90807,0,0,-1,-1
87348,Tracking Quest,,62220,0,0,-1,0,0,0,0,0,0,0,0,0,0,0,0,3008,0,3,37848072,8192,0,0,0,0,-1,-1
87350,Abundance: Loaknit Den,,0,136693,0,-1,0,0,0,0,0,0,0,0,0,0,0,0,3321,0,3,36765768,0,270848,0,0,0,-1,-1
87351,Tracking Quest,,62221,0,0,-1,0,0,0,0,0,0,0,0,0,0,0,0,0,0,3,36766728,0,0,0,0,0,-1,-1
87354,"Reshanor, the Untethered",,62224,137876,0,-1,0,0,0,0,0,0,0,0,0,0,0,289,3009,0,3,37323072,0,8,0,0,0,-1,-1
87355,Honor the Flame,Honor the Bonfire in Hallowfall.,62225,9484,0,-1,0,0,0,0,0,0,0,0,0,0,0,0,394,0,2,2097152,0,512,0,0,0,-1,-1
87356,Honor the Flame,Honor the Bonfire in Azj-Kahet.,62226,9484,0,-1,0,0,0,0,0,0,0,0,0,0,0,0,394,0,2,2097152,0,512,0,0,0,-1,-1
87357,Honor the Flame,Honor the Bonfire in the Ringing Deeps.,62227,9484,0,-1,0,0,0,0,0,0,0,0,0,0,0,0,394,0,2,2097152,0,512,0,0,0,-1,-1
87375,Tracking Quest,,62241,0,0,-1,0,0,0,0,0,0,0,0,0,0,0,0,0,0,3,36766728,0,0,0,0,0,-1,-1
87546,Warrant: Purple Peat,,64885,139388,0,-1,131073,0,0,0,0,0,0,0,0,0,0,0,3008,0,2,40960000,8192,268435976,87345,90807,0,-1,-1
87569,Legally Mandated Break,,62415,0,0,-1,0,0,0,0,0,0,0,0,0,0,0,0,2888,0,3,41484288,8192,268447752,0,0,0,-1,-1
87582,Delves: Site of Madness,,62428,135171,0,-1,0,0,0,0,0,0,0,0,0,0,0,288,2888,0,2,36700424,0,512,0,0,0,-1,-1
87583,Delves: The Sluice Contains the Juice,,62429,135171,0,-1,0,0,0,0,0,0,0,0,0,0,0,288,2888,0,2,36700424,0,512,0,0,0,-1,-1
87588,Bash that Trash,,62434,0,0,-1,0,0,0,0,0,0,0,0,0,0,0,0,2888,0,3,41484288,0,268447752,0,0,0,-1,-1
87759,Encapsulated Void,,62477,139380,0,-1,0,0,0,0,0,0,0,0,0,0,49745,113,3313,0,3,6881536,8192,512,0,0,0,-1,-1
88679,Encountering the Unexpected,,63395,139380,0,-1,0,0,0,0,0,0,0,0,0,0,49751,113,3313,0,3,6881536,8192,512,0,0,0,-1,-1
88771,Loaknit Alphas!,,0,136693,0,-1,0,0,0,0,0,0,0,0,0,0,0,0,3321,0,3,41484288,8192,512,0,0,0,-1,-1
88772,Mammoth Remnants!,,0,136693,0,-1,0,0,0,0,0,0,0,0,0,0,0,0,3321,0,3,41484288,8192,512,0,0,0,-1,-1
88774,Out of Energy,,63458,137876,0,-1,0,0,0,0,0,0,0,0,0,0,46223,109,3008,0,3,41484544,8192,0,0,0,0,-1,-1
88804,Defeat the Mineraw!,,0,136693,0,-1,0,0,0,0,0,0,0,0,0,0,0,0,3321,0,3,41484288,8192,512,0,0,0,-1,-1
88818,Void Sweeper,,63482,137876,0,-1,0,0,0,0,0,0,0,0,0,0,46237,109,3008,0,3,41484544,8192,0,0,0,0,-1,-1
88902,Phase Diving: Restless Souls,,63564,137876,0,-1,0,0,0,0,0,0,0,0,0,0,46279,109,3008,0,3,41484544,8192,0,0,0,0,-1,-1
88904,Phase Diving: It Could Be Anything,,63566,137876,0,-1,0,0,0,0,0,0,0,0,0,0,46282,109,3008,0,3,41484544,8192,0,0,0,0,-1,-1
88992,Envisioned Mastery,,63651,139380,0,-1,0,0,0,0,0,0,0,0,0,0,49748,113,3313,0,3,6881536,8192,512,0,0,0,-1,-1
89018,Loyal Customer: Silver,,63677,132350,0,-1,0,0,0,0,0,0,0,0,0,0,0,0,2832,0,0,39845888,8320,520,0,0,0,-1,-1
89241,Up and Up,,63897,137876,0,-1,0,0,0,0,0,0,0,0,0,0,46627,113,2888,0,3,6881536,8192,0,0,0,0,-1,-1
89251,Running Hot!,,63906,132358,0,-1,0,0,0,0,0,0,0,0,0,0,0,0,2832,0,0,39845888,8320,520,0,0,0,-1,-1
89252,Need a Jump?,,63907,132352,0,-1,0,0,0,0,0,0,0,0,0,0,0,0,2832,0,0,39845888,8320,520,0,0,0,-1,-1
89267,Mysterious Entity,,63916,139380,0,-1,0,0,0,0,0,0,0,0,0,0,49744,113,3313,0,3,6881536,8192,512,0,0,0,-1,-1
89274,The Ugly Mirror,,63923,137876,0,-1,0,0,0,0,0,0,0,0,0,0,46761,109,3008,0,3,41484544,8192,0,0,0,0,-1,-1
89288,Phase Diving: Riftbreaker Tza'akir,,63937,137876,0,-1,0,0,0,0,0,0,0,0,0,0,46764,109,3008,0,3,41484544,8192,0,0,0,0,-1,-1
89289,Favor of the Court,,63938,142445,0,-1,0,0,0,0,0,0,0,0,0,0,0,0,3321,0,2,573603840,0,512,0,0,0,-1,-1
89291,Phase Diving: Oath-Breaker Desamirah,,63940,137876,0,-1,0,0,0,0,0,0,0,0,0,0,46765,109,3008,0,3,41484544,8192,0,0,0,0,-1,-1
89293,Special Assignment: Overshadowed,,63942,137876,0,-1,0,0,0,0,0,0,0,0,0,0,46766,286,3008,0,3,41484544,8192,0,91193,0,0,-1,-1
89294,Special Assignment: Aligned Views,,63943,137876,0,-1,0,0,0,0,0,0,0,0,0,0,46767,286,3008,0,3,41484544,8192,0,91203,0,0,-1,-1
89338,Gathering Plowshares,,63988,0,0,-1,1,0,0,0,0,0,0,0,0,0,0,0,3088,0,2,40894472,0,512,86846,91000,0,-1,-1
89347,Overcoming the Unknown: Rage-Riddled Drifter,,63997,139380,0,-1,0,0,0,0,0,0,0,0,0,0,49749,278,3313,0,3,6881536,8192,512,0,0,0,-1,-1
89377,Undercover Hunt,,64024,139380,0,-1,0,0,0,0,0,0,0,0,0,0,49746,113,3313,0,3,6881536,8192,0,0,0,0,-1,-1
89440,Protecting the Flank,,64090,137464,0,-1,0,0,0,0,0,0,0,0,0,0,0,0,3592,0,3,34275328,0,268435968,86807,0,0,-1,-1
89441,Clear the Decks,,64091,138053,0,-1,0,0,0,0,0,0,0,0,0,0,0,0,3592,0,3,34275328,0,268435968,0,0,0,-1,-1
89476,Infinite Research,,0,137527,0,-1,0,0,0,0,0,0,0,0,0,0,0,284,3382,0,3,104333312,0,4203016,0,0,0,-1,-1
89490,Warrant: Arcana-Monger So'zer,,64882,139388,0,-1,131073,0,0,0,0,0,0,0,0,0,0,0,3008,0,2,39911424,8192,268435976,87343,90807,0,-1,-1
89569,Necrohexxer Raz'ka,,64215,0,0,-1,0,0,0,0,0,0,0,0,0,0,0,0,4282,0,3,34149632,0,8,0,0,0,-1,-1
89570,The Snapping Scourge,,64216,0,0,-1,0,0,0,0,0,0,0,0,0,0,0,0,4282,0,3,34149632,0,8,0,0,0,-1,-1
89571,Skullcrusher Harak,,64217,0,0,-1,0,0,0,0,0,0,0,0,0,0,0,0,4282,0,3,34149632,0,8,0,0,0,-1,-1
89572,Elder Oaktalon,,64218,0,0,-1,0,0,0,0,0,0,0,0,0,0,0,0,4282,0,3,34149632,0,8,0,0,0,-1,-1
89573,Depthborn Eelamental,,64219,0,0,-1,0,0,0,0,0,0,0,0,0,0,0,0,4282,0,3,34149632,0,8,0,0,0,-1,-1
89575,Lightwood Borer,,64221,0,0,-1,0,0,0,0,0,0,0,0,0,0,0,0,4281,0,3,34149632,0,8,0,0,0,-1,-1
89577,Unleashed Tempest,,64223,0,0,-1,0,0,0,0,0,0,0,0,0,0,0,0,4281,0,3,34149632,0,8,0,0,0,-1,-1
89578,Spinefrill,,64224,0,0,-1,0,0,0,0,0,0,0,0,0,0,0,0,4281,0,3,34149632,0,8,0,0,0,-1,-1
89579,Oophaga,,64225,0,0,-1,0,0,0,0,0,0,0,0,0,0,0,0,4281,0,3,34149632,0,8,0,0,0,-1,-1
89580,Tiny Vermin,,64226,0,0,-1,0,0,0,0,0,0,0,0,0,0,0,0,4281,0,3,34149632,0,8,0,0,0,-1,-1
89581,Voidtouched Crustacean,,64227,0,0,-1,0,0,0,0,0,0,0,0,0,0,0,0,4281,0,3,34149632,0,8,0,0,0,-1,-1
89583,The Devouring Invader,,64228,0,0,-1,0,0,0,0,0,0,0,0,0,0,0,0,4281,0,3,34149632,0,8,0,0,0,-1,-1
90128,Miscreant Baras!,,0,136693,0,-1,0,0,0,0,0,0,0,0,0,0,0,0,3321,0,3,41484288,8192,512,0,0,0,-1,-1
90467,Tales of the Sky,,64321,148400,0,-1,0,0,0,0,0,0,0,0,0,0,0,0,3087,0,2,40894472,8192,512,0,0,0,-1,-1
90488,M.A.G.N.O.,,64342,0,0,-1,0,0,0,0,0,0,0,0,0,0,0,0,2860,0,3,34178048,0,8,0,0,0,-1,-1
90489,Giovante,,64343,0,0,-1,0,0,0,0,0,0,0,0,0,0,0,0,2860,0,3,34178048,0,8,0,0,0,-1,-1
90490,Voltstrike,,64344,0,0,-1,0,0,0,0,0,0,0,0,0,0,0,0,2860,0,3,34178048,0,8,0,0,0,-1,-1
90491,Scrapchewer,,64345,0,0,-1,0,0,0,0,0,0,0,0,0,0,0,0,2860,0,3,34178048,0,8,0,0,0,-1,-1
90492,Darkfuse Precipitant,,64346,0,0,-1,0,0,0,0,0,0,0,0,0,0,0,0,2860,0,3,34178048,0,8,0,0,0,-1,-1
90533,Go Get Orweyna!,,64611,148399,0,-1,0,0,0,0,0,0,0,0,0,0,0,0,3087,0,2,41025544,0,1049088,0,0,0,-1,-1
90536,The Tale of Wey'nan's Ward,,64614,136537,0,-1,0,0,0,0,0,0,0,0,0,0,0,0,3087,0,3,41484352,8192,12800,0,0,0,-1,-1
90583,Shadowhowl,,64664,0,0,-1,0,0,0,0,0,0,0,0,0,0,0,0,2860,0,3,34149376,0,8,0,0,0,-1,-1
90584,Xarran the Binder,,64665,0,0,-1,0,0,0,0,0,0,0,0,0,0,0,0,2860,0,3,34149376,0,8,0,0,0,-1,-1
90585,Sha'ryth the Cursed,,64666,0,0,-1,0,0,0,0,0,0,0,0,0,0,0,0,2860,0,3,34149376,0,8,0,0,0,-1,-1
90586,Korgorath the Ravager,,64667,0,0,-1,0,0,0,0,0,0,0,0,0,0,0,0,2860,0,3,34149376,0,8,0,0,0,-1,-1
90587,"""Chowdar""",,64668,0,0,-1,0,0,0,0,0,0,0,0,0,0,0,0,2860,0,3,34149376,0,8,0,0,0,-1,-1
90588,Morgil the Netherspawn,,64669,0,0,-1,0,0,0,0,0,0,0,0,0,0,0,0,2860,0,3,34149376,0,8,0,0,0,-1,-1
90589,The Nightreaver,,64670,0,0,-1,0,0,0,0,0,0,0,0,0,0,0,0,2860,0,3,34149376,0,8,0,0,0,-1,-1
90590,Prototype Mk-V,,64671,0,0,-1,0,0,0,0,0,0,0,0,0,0,0,0,2860,0,3,34149376,0,8,0,0,0,-1,-1
90591,Revenant of the Wasteland,,64672,0,0,-1,0,0,0,0,0,0,0,0,0,0,0,0,2860,0,3,34149376,0,8,0,0,0,-1,-1
90592,Stalker of the Wastes,,64673,0,0,-1,0,0,0,0,0,0,0,0,0,0,0,0,2860,0,3,34149376,0,8,0,0,0,-1,-1
90593,Urmag,,64674,0,0,-1,0,0,0,0,0,0,0,0,0,0,0,0,2860,0,3,34149376,0,8,0,0,0,-1,-1
90594,Maw of the Sands,,64675,0,0,-1,0,0,0,0,0,0,0,0,0,0,0,0,2860,0,3,34178048,0,8,0,0,0,-1,-1
90595,Orith the Dreadful,,64676,0,0,-1,0,0,0,0,0,0,0,0,0,0,0,0,2860,0,3,34178048,0,8,0,0,0,-1,-1
90596,Ixthar the Unblinking,,64677,0,0,-1,0,0,0,0,0,0,0,0,0,0,0,0,2860,0,3,34178048,0,8,0,0,0,-1,-1
90663,Stealing What is Ours,,64744,138496,0,-1,0,0,0,0,0,0,0,0,0,0,0,0,3008,0,2,39845896,8192,520,0,0,0,-1,-1
90672,Xarran the Binder,,64753,0,0,-1,0,0,0,0,0,0,0,0,0,0,0,0,2860,0,3,34178048,128,8,0,0,0,-1,-1
90673,Sha'ryth the Cursed,,64754,0,0,-1,0,0,0,0,0,0,0,0,0,0,0,0,2860,0,3,34178048,128,8,0,0,0,-1,-1
90674,Shadowhowl,,64755,0,0,-1,0,0,0,0,0,0,0,0,0,0,0,0,2860,0,3,34178048,128,8,0,0,0,-1,-1
90675,Korgorath the Ravager,,64756,0,0,-1,0,0,0,0,0,0,0,0,0,0,0,0,2860,0,3,34178048,128,8,0,0,0,-1,-1
90676,"""Chowdar""",,64757,0,0,-1,0,0,0,0,0,0,0,0,0,0,0,0,2860,0,3,34178048,128,8,0,0,0,-1,-1
90677,Morgil the Netherspawn,,64758,0,0,-1,0,0,0,0,0,0,0,0,0,0,0,0,2860,0,3,34178048,128,8,0,0,0,-1,-1
90678,The Nightreaver,,64759,0,0,-1,0,0,0,0,0,0,0,0,0,0,0,0,2860,0,3,34178048,128,8,0,0,0,-1,-1
90679,Prototype Mk-V,,64760,0,0,-1,0,0,0,0,0,0,0,0,0,0,0,0,2860,0,3,34178048,128,8,0,0,0,-1,-1
90680,Revenant of the Wasteland,,64761,0,0,-1,0,0,0,0,0,0,0,0,0,0,0,0,2860,0,3,34178048,128,8,0,0,0,-1,-1
90681,Stalker of the Wastes,,64762,0,0,-1,0,0,0,0,0,0,0,0,0,0,0,0,2860,0,3,34178048,128,8,0,0,0,-1,-1
90682,Urmag,,64763,0,0,-1,0,0,0,0,0,0,0,0,0,0,0,0,2860,0,3,34178048,128,8,0,0,0,-1,-1
90683,Maw of the Sands,,64764,0,0,-1,0,0,0,0,0,0,0,0,0,0,0,0,2860,0,3,34178048,128,8,0,0,0,-1,-1
90684,Orith the Dreadful,,64765,0,0,-1,0,0,0,0,0,0,0,0,0,0,0,0,2860,0,3,34178048,128,8,0,0,0,-1,-1
90685,Ixthar the Unblinking,,64766,0,0,-1,0,0,0,0,0,0,0,0,0,0,0,0,2860,0,3,34178048,128,8,0,0,0,-1,-1
90687,Shatterpulse,,64768,0,0,-1,0,0,0,0,0,0,0,0,0,0,0,0,2860,0,3,34178048,0,8,0,0,0,-1,-1
90688,Shatterpulse,,64769,0,0,-1,0,0,0,0,0,0,0,0,0,0,0,0,2860,0,3,34178048,128,8,0,0,0,-1,-1
90689,Hollowbane,,64770,0,0,-1,0,0,0,0,0,0,0,0,0,0,0,0,2860,0,3,34178048,0,8,0,0,0,-1,-1
90691,Hollowbane,,64772,0,0,-1,0,0,0,0,0,0,0,0,0,0,0,0,2860,0,3,34178048,128,8,0,0,0,-1,-1
90692,Purple Peat,,64773,0,0,-1,0,0,0,0,0,0,0,0,0,0,0,0,2860,0,3,34178048,0,8,0,0,0,-1,-1
90693,Purple Peat,,64774,0,0,-1,0,0,0,0,0,0,0,0,0,0,0,0,2860,0,3,34178048,128,8,0,0,0,-1,-1
90694,Xy'vox the Twisted,,64775,0,0,-1,0,0,0,0,0,0,0,0,0,0,0,0,2860,0,3,34178048,0,8,0,0,0,-1,-1
90695,Xy'vox the Twisted,,64776,0,0,-1,0,0,0,0,0,0,0,0,0,0,0,0,2860,0,3,34178048,128,8,0,0,0,-1,-1
90696,Arcana-Monger Iz'zer,,64777,0,0,-1,0,0,0,0,0,0,0,0,0,0,0,0,2860,0,3,34178048,0,8,0,0,0,-1,-1
90697,Arcana-Monger Iz'zer,,64778,0,0,-1,0,0,0,0,0,0,0,0,0,0,0,0,2860,0,3,34178048,128,8,0,0,0,-1,-1
90698,Grubber,,64779,0,0,-1,0,0,0,0,0,0,0,0,0,0,0,0,2860,0,3,34178048,0,8,0,0,0,-1,-1
90699,Grubber,,64780,0,0,-1,0,0,0,0,0,0,0,0,0,0,0,0,2860,0,3,34178048,128,8,0,0,0,-1,-1
90725,Tracking Quest,,64802,0,0,-1,0,0,0,0,0,0,0,0,0,0,0,0,3008,0,3,33559816,0,8,0,0,0,-1,-1
90729,Win-Win Situation,,64803,137876,0,-1,131073,0,0,0,0,0,0,0,0,0,0,0,3008,0,2,39845888,8192,520,90663,90725,0,-1,-1
90733,The Listener,,64806,146720,0,-1,0,0,0,0,0,0,0,0,0,0,0,0,3087,0,2,36700168,0,524800,0,0,0,-1,-1
90734,In the Name of the Goddess,,64807,146721,0,-1,0,0,0,0,0,0,0,0,0,0,0,0,3087,0,2,36700168,0,512,90733,0,0,-1,-1
90741,Once More Into the Rift,,64814,146722,0,-1,0,0,0,0,0,0,0,0,0,0,0,0,3087,0,2,40894472,4194304,524800,90740,0,0,-1,-1
90747,The Wrong Bluecephalus,,64820,137876,0,-1,131073,0,0,0,0,0,0,0,0,0,0,0,3008,0,2,39845888,8192,520,90729,90725,0,-1,-1
90769,A Blue for You,,64838,137876,0,-1,0,0,0,0,0,0,0,0,0,0,0,0,3008,0,2,40894464,8192,520,90770,0,0,-1,-1
90770,The Grift,,64839,137876,0,-1,131073,0,0,0,0,0,0,0,0,0,0,0,3008,0,2,39845888,8192,520,90773,90725,0,-1,-1
90773,Meat My Business,,64841,137876,0,-1,131073,0,0,0,0,0,0,0,0,0,0,0,3008,0,2,39845888,8192,520,90747,90725,0,-1,-1
90805,Sundereth the Caller,,64873,0,0,-1,0,0,0,0,0,0,0,0,0,0,0,0,4284,0,3,34149632,0,8,0,0,0,-1,-1
90849,Light Show,,64921,137464,0,-1,0,0,0,0,0,0,0,0,0,0,0,0,3592,0,3,34275328,0,268435968,86807,0,0,-1,-1
90889,Tale of the Echoes of Sai'alyo,,64959,140215,0,-1,0,0,0,0,0,0,0,0,0,0,0,0,3087,0,3,41484288,8192,8704,0,0,0,-1,-1
90957,Initiation Day,,65023,148993,0,-1,0,0,0,0,0,0,0,0,0,0,0,0,863,0,2,40894464,8192,520,0,0,0,-1,-1
90958,Roots Above All,,65024,0,0,-1,0,0,0,0,0,0,0,0,0,0,0,0,863,0,2,40894464,8192,9437704,90957,0,0,-1,-1
90959,Traditional Duties,,65025,0,0,-1,0,0,0,0,0,0,0,0,0,0,0,0,863,0,2,40894464,8192,520,90958,0,0,-1,-1
90960,"My Story, My Legacy",,65026,0,0,-1,0,0,0,0,0,0,0,0,0,0,0,0,863,0,2,40894464,8192,520,90959,0,0,-1,-1
90961,Stranger in a New Land,,65027,0,0,-1,0,0,0,0,0,0,0,0,0,0,0,0,863,0,2,40894464,8192,520,90960,0,0,-1,-1
90962,Stormarion Assault,,65028,150461,0,-1,0,0,0,0,0,0,0,0,0,0,0,136,4311,0,3,37847368,8256,268435976,0,0,0,-1,-1
90995,The Future of The Fel Hammer,,65060,0,0,2048,0,0,0,0,0,0,0,0,0,0,0,0,3380,0,2,577765376,10496,268435976,89418,0,0,-1,-1
90999,Quest Tracking,,65064,0,0,-1,0,0,0,0,0,0,0,0,0,0,0,0,0,0,3,36701184,0,8,0,0,0,-1,-1
91000,A Humble Servant,,65065,0,0,-1,0,0,0,0,0,0,0,0,0,0,0,0,3088,0,2,40894472,0,512,86845,0,0,-1,-1
91040,Vexatious Vilebranch,,65102,140183,0,-1,0,0,0,0,0,0,0,0,0,0,0,0,3086,0,3,37290240,0,33280,0,0,0,-1,-1
91047,Eruundi,,65109,0,0,-1,0,0,0,0,0,0,0,0,0,0,0,0,4284,0,3,34149632,0,8,0,0,0,-1,-1
91048,Tremora,,65110,0,0,-1,0,0,0,0,0,0,0,0,0,0,0,0,4284,0,3,34149632,0,8,0,0,0,-1,-1
91050,Territorial Voidscythe,,65112,0,0,-1,0,0,0,0,0,0,0,0,0,0,0,0,4284,0,3,34149632,0,8,0,0,0,-1,-1
91051,Nightbrood,,65113,0,0,-1,0,0,0,0,0,0,0,0,0,0,0,0,4284,0,3,34149632,0,8,0,0,0,-1,-1
91061,Infinite Chaos,,65121,140308,0,-1,0,0,0,0,0,0,0,0,0,246808,0,282,4468,0,2,305135624,0,520,0,0,0,-1,-1
91072,The Decaying Diamondback,,65129,0,0,-1,0,0,0,0,0,0,0,0,0,0,0,0,4281,0,3,34149632,0,8,0,0,0,-1,-1
91073,Ash'an the Empowered,,65130,0,0,-1,0,0,0,0,0,0,0,0,0,0,0,0,4281,0,3,34149632,0,8,0,0,0,-1,-1
91093,More Than Just a Phase,,65150,146031,0,-1,0,0,0,0,0,0,0,0,0,0,0,0,4159,0,2,36733192,0,512,89345,0,0,-1,-1
91174,Mrrlokk,,65231,0,0,-1,0,0,0,0,0,0,0,0,0,0,0,0,4282,0,3,34149632,0,8,0,0,0,-1,-1
91194,Malek'ta the Jaws of Oblivion,,65251,0,0,-1,0,0,0,0,0,0,0,0,0,0,0,0,2860,0,3,34149632,0,8,0,0,0,-1,-1
91195,"Heka'tamos, the Elemental Disjunction",,65252,0,0,-1,0,0,0,0,0,0,0,0,0,0,0,0,2860,0,3,34149632,0,8,0,0,0,-1,-1
91207,Prey: Apex Predator,,65261,141752,0,-1,0,0,0,0,0,0,0,0,0,0,50714,295,5224,0,3,41484544,8192,0,0,0,0,-1,-1
91273,Tracking Quest,,65327,0,0,-1,0,0,0,0,0,0,0,0,0,0,0,0,0,0,3,36701184,128,8,0,0,0,-1,-1
91275,Malek'ta,,65329,0,0,-1,0,0,0,0,0,0,0,0,0,0,0,0,2860,0,3,34149376,0,8,0,0,0,-1,-1
91276,Heka'tamos,,65330,0,0,-1,0,0,0,0,0,0,0,0,0,0,0,0,2860,0,3,34149376,0,8,0,0,0,-1,-1
91286,Korgoth the Hungerer,,65339,0,0,-1,0,0,0,0,0,0,0,0,0,0,0,0,2860,0,3,34178048,0,8,0,0,0,-1,-1
91287,Soroth Miasmawrath,,65340,0,0,-1,0,0,0,0,0,0,0,0,0,0,0,0,2860,0,3,34178048,0,8,0,0,0,-1,-1
91289,The Harvester,,65342,0,0,-1,0,0,0,0,0,0,0,0,0,0,0,0,2860,0,3,34178048,0,8,0,0,0,-1,-1
91290,The Wallbreaker,,65343,0,0,-1,0,0,0,0,0,0,0,0,0,0,0,0,2860,0,3,34178048,0,8,0,0,0,-1,-1
91293,Sthaarbs,,65346,0,0,-1,0,0,0,0,0,0,0,0,0,0,0,0,2860,0,3,34178048,0,8,0,0,0,-1,-1
91297,Loafloret Saptors!,,0,136693,0,-1,0,0,0,0,0,0,0,0,0,0,0,0,3321,0,3,41484288,8192,512,0,0,0,-1,-1
91299,Loafloret Blossoms!,,0,136693,0,-1,0,0,0,0,0,0,0,0,0,0,0,0,3321,0,3,41484288,8192,512,0,0,0,-1,-1
91300,Runaway Potatoads!,,0,136693,0,-1,0,0,0,0,0,0,0,0,0,0,0,0,3321,0,3,41484288,8192,512,0,0,0,-1,-1
91302,Abundance: Abundant Grove,,0,142116,0,-1,0,0,0,0,0,0,0,0,0,0,0,0,3321,0,3,36765768,0,270848,0,0,0,-1,-1
91309,Korgoth the Hungerer,,65353,0,0,-1,0,0,0,0,0,0,0,0,0,0,0,0,2860,0,3,34178048,128,8,0,0,0,-1,-1
91310,Soroth Miasmawrath,,65354,0,0,-1,0,0,0,0,0,0,0,0,0,0,0,0,2860,0,3,34178048,128,8,0,0,0,-1,-1
91311,The Harvester,,65355,0,0,-1,0,0,0,0,0,0,0,0,0,0,0,0,2860,0,3,34178048,128,8,0,0,0,-1,-1
91312,The Wallbreaker,,65356,0,0,-1,0,0,0,0,0,0,0,0,0,0,0,0,2860,0,3,34178048,128,8,0,0,0,-1,-1
91375,The Silence at Fungara Village,,65400,148418,0,-1,0,0,0,0,0,0,0,0,65401,0,0,0,3087,0,2,40894472,8192,512,0,0,0,-1,-1
91390,Special Assignment: What Remains of a Temple Broken,,65415,139380,0,-1,0,0,0,0,0,0,0,0,0,0,48927,286,4568,0,3,41484608,8192,512,94865,0,0,-1,-1
91391,Still Scouting,,65416,0,0,-1,5,0,0,0,0,0,0,0,0,0,0,0,3088,0,2,37748744,4194304,512,86823,86824,86825,-1,-1
91395,Tracking Quest,,65418,0,0,-1,0,0,0,0,0,0,0,0,0,0,0,0,0,0,3,36701184,128,8,0,0,0,-1,-1
91419,Elemental Dominance,,65440,139380,0,-1,0,0,0,0,0,0,0,0,0,0,49750,113,3313,0,3,6881536,8192,512,0,0,0,-1,-1
91423,[DO NOT USE],,65444,0,0,-1,0,0,0,0,0,0,0,0,0,0,0,0,2860,0,3,34178048,128,8,0,0,0,-1,-1
91427,Mausoloa Desecrations!,,0,136693,0,-1,0,0,0,0,0,0,0,0,0,0,0,0,3321,0,3,41484288,8192,512,0,0,0,-1,-1
91429,Mausoloa Sarcophagi!,,0,136693,0,-1,0,0,0,0,0,0,0,0,0,0,0,0,3321,0,3,41484288,8192,512,0,0,0,-1,-1
91430,Runaway Limbs!,,0,136693,0,-1,0,0,0,0,0,0,0,0,0,0,0,0,3321,0,3,41484288,8192,512,0,0,0,-1,-1
91431,Sthaarbs,,65446,0,0,-1,0,0,0,0,0,0,0,0,0,0,0,0,2860,0,3,34178048,128,8,0,0,0,-1,-1
91433,Korgoth the Hungerer,,65448,0,0,-1,0,0,0,0,0,0,0,0,0,0,0,0,2860,0,3,34178048,128,8,0,0,0,-1,-1
91434,Soroth Miasmawrath,,65449,0,0,-1,0,0,0,0,0,0,0,0,0,0,0,0,2860,0,3,34178048,128,8,0,0,0,-1,-1
91435,The Harvester,,65450,0,0,-1,0,0,0,0,0,0,0,0,0,0,0,0,2860,0,3,34178048,128,8,0,0,0,-1,-1
91436,The Wallbreaker,,65451,0,0,-1,0,0,0,0,0,0,0,0,0,0,0,0,2860,0,3,34178048,128,8,0,0,0,-1,-1
91457,Abundance: Watha'nan Crypts,,0,145016,0,-1,0,0,0,0,0,0,0,0,0,0,0,0,3321,0,3,36765768,0,270848,0,0,0,-1,-1
91458,Prey: Endurance Hunter,,65471,141752,0,-1,0,0,0,0,0,0,0,0,0,0,50716,295,5224,0,3,41484544,8192,0,0,0,0,-1,-1
91468,Tracking Quest,,65480,0,0,-1,0,0,0,0,0,0,0,0,0,0,0,0,2860,0,3,34149376,128,8,0,0,0,-1,-1
91469,Tracking Quest,,65481,0,0,-1,0,0,0,0,0,0,0,0,0,0,0,0,2860,0,3,34149376,0,8,0,0,0,-1,-1
91470,Tracking Quest,,65482,0,0,-1,0,0,0,0,0,0,0,0,0,0,0,0,2860,0,3,34149376,0,8,0,0,0,-1,-1
91471,Tracking Quest,,65483,0,0,-1,0,0,0,0,0,0,0,0,0,0,0,0,2860,0,3,34149376,0,8,0,0,0,-1,-1
91472,Tracking Quest,,65484,0,0,-1,0,0,0,0,0,0,0,0,0,0,0,0,2860,0,3,34149376,0,8,0,0,0,-1,-1
91473,Tracking Quest,,65485,0,0,-1,0,0,0,0,0,0,0,0,0,0,0,0,2860,0,3,34149376,0,8,0,0,0,-1,-1
91474,Tracking Quest,,65486,0,0,-1,0,0,0,0,0,0,0,0,0,0,0,0,2860,0,3,34149376,0,8,0,0,0,-1,-1
91475,Abundance: Abundant Voidburrow,,0,142285,0,-1,0,0,0,0,0,0,0,0,0,0,0,0,3321,0,3,3211336,0,270848,0,0,0,-1,-1
91476,Behind Enemy Lines,,65489,139942,0,-1,0,0,0,0,0,0,0,0,0,0,0,62,3228,0,2,40370176,8320,520,0,0,0,-1,-1
91477,Behind Enemy Lines II,,65490,139947,0,-1,0,0,0,0,0,0,0,0,0,0,0,62,3228,0,2,40370176,8320,520,0,0,0,-1,-1
91478,Behind Enemy Lines III,,65491,139951,0,-1,0,0,0,0,0,0,0,0,0,0,0,62,3228,0,2,40370176,8320,520,0,0,0,-1,-1
91479,Behind Enemy Lines IV,,65492,139954,0,-1,0,0,0,0,0,0,0,0,0,0,0,62,3228,0,2,40370176,8320,520,0,0,0,-1,-1
91480,Behind Enemy Lines V,,65493,139956,0,-1,0,0,0,0,0,0,0,0,0,0,0,62,3228,0,2,40370176,8320,520,0,0,0,-1,-1
91490,Dousing Teldrassil,,65502,139380,0,-1,0,0,0,0,0,0,0,0,0,0,48603,109,4567,0,3,41484544,0,0,0,0,0,-1,-1
91492,The Tale of Aln'hara's Bloom,,65503,142260,0,-1,0,0,0,0,0,0,0,0,0,0,0,0,3087,0,3,41484288,8192,8704,0,0,0,-1,-1
91501,Loanite Boulders!,,0,136693,0,-1,0,0,0,0,0,0,0,0,0,0,0,0,3321,0,3,41484288,8192,512,0,0,0,-1,-1
91502,Loanite Seams!,,0,136693,0,-1,0,0,0,0,0,0,0,0,0,0,0,0,3321,0,3,41484288,8192,512,0,0,0,-1,-1
91503,Runaway Crystals!,,0,136693,0,-1,0,0,0,0,0,0,0,0,0,0,0,0,3321,0,3,41484288,8192,512,0,0,0,-1,-1
91506,Tale of the First Shul'ka and the Flame,,65514,142995,0,-1,0,0,0,0,0,0,0,0,0,0,0,0,3087,0,3,41484288,8192,8704,0,0,0,-1,-1
91507,The Tale of Russula,,65515,144203,0,-1,0,0,0,0,0,0,0,0,0,0,0,0,3087,0,3,41484288,8192,8704,0,0,0,-1,-1
91508,Tale of Rootways and Wardens,,65516,143244,0,-1,0,0,0,0,0,0,0,0,0,0,0,0,3087,0,3,41484288,8192,8704,0,0,0,-1,-1
91509,The Tale of a Stone Falls from the Sky,,65517,143705,0,-1,0,0,0,0,0,0,0,0,0,0,0,0,3087,0,3,41484288,8192,8704,0,0,0,-1,-1
91523,Prey: Concealed Threat,,65532,141752,0,-1,0,0,0,0,0,0,0,0,0,0,50715,295,5224,0,3,41484544,0,0,0,0,0,-1,-1
91555,Defenders of the Vale,,65561,139380,0,-1,0,0,0,0,0,0,0,0,0,0,48604,109,4567,0,3,41484544,0,0,0,0,0,-1,-1
91582,Pruning the Lattice,,65588,139380,0,-1,0,0,0,0,0,0,0,0,0,0,48605,109,4567,0,3,41484544,0,0,0,0,0,-1,-1
91590,Prey: Concealed Threat,,65596,141755,0,-1,0,0,0,0,0,0,0,0,0,0,50706,295,5224,0,3,41484544,0,0,0,0,0,-1,-1
91591,Prey: Concealed Threat,,65597,141754,0,-1,0,0,0,0,0,0,0,0,0,0,50709,295,5224,0,3,41484544,0,0,0,0,0,-1,-1
91592,Prey: Concealed Threat,,65598,141753,0,-1,0,0,0,0,0,0,0,0,0,0,50712,295,5224,0,3,41484544,0,0,0,0,0,-1,-1
91594,Prey: Endurance Hunter,,65599,141755,0,-1,0,0,0,0,0,0,0,0,0,0,50707,295,5224,0,3,41484544,8192,0,0,0,0,-1,-1
91595,Prey: Endurance Hunter,,65600,141754,0,-1,0,0,0,0,0,0,0,0,0,0,50710,295,5224,0,3,41484544,8192,0,0,0,0,-1,-1
91596,Prey: Endurance Hunter,,65601,141753,0,-1,0,0,0,0,0,0,0,0,0,0,50713,295,5224,0,3,41484544,8192,0,0,0,0,-1,-1
91601,Prey: Apex Predator,,65606,141755,0,-1,0,0,0,0,0,0,0,0,0,0,50705,295,5224,0,3,41484544,8192,0,0,0,0,-1,-1
91602,Prey: Apex Predator,,65607,141754,0,-1,0,0,0,0,0,0,0,0,0,0,50708,295,5224,0,3,41484544,8192,0,0,0,0,-1,-1
91604,Prey: Apex Predator,,65609,141753,0,-1,0,0,0,0,0,0,0,0,0,0,50711,295,5224,0,3,41484544,8192,0,0,0,0,-1,-1
91612,Infinite Research,,0,142406,0,-1,0,0,0,0,0,0,0,0,0,0,0,284,3382,0,3,104333312,0,4203016,0,0,0,-1,-1
91613,Infinite Research Promotion: Timely Assistant,,65612,142407,0,-1,0,0,0,0,0,0,0,0,0,0,0,0,3426,0,0,36700160,128,520,0,0,0,-1,-1
91627,Saltheril's Haven,,65616,142555,0,-1,0,0,0,0,0,0,0,0,0,0,0,282,4569,0,2,40894464,0,512,0,0,0,-1,-1
91631,Epoch Progress,,65620,142443,0,-1,0,0,0,0,0,0,0,0,0,0,0,0,3382,0,0,36700160,0,520,0,0,0,-1,-1
91632,The End of an Epoch Journey,,65621,145399,0,-1,0,0,0,0,0,0,0,0,0,0,0,0,3563,0,0,36700160,0,520,0,0,0,-1,-1
91634,Poacher Rav'ik,,65623,0,0,-1,0,0,0,0,0,0,0,0,0,0,0,0,4281,0,3,34149632,0,8,0,0,0,-1,-1
91640,Tracking Quest,,65629,0,0,-1,0,0,0,0,0,0,0,0,0,0,0,0,0,0,3,36701184,128,8,0,0,0,-1,-1
91642,Tracking Quest,,65631,0,0,-1,0,0,0,0,0,0,0,0,0,0,0,0,0,0,3,36701184,128,8,0,0,0,-1,-1
91643,Tracking Quest,,65632,0,0,-1,0,0,0,0,0,0,0,0,0,0,0,0,0,0,3,36701184,128,8,0,0,0,-1,-1
91644,Windy Hills,,65633,0,0,-1,0,0,0,0,0,0,0,0,0,0,48710,283,3313,0,3,37289984,0,512,0,0,0,-1,-1
91645,Tracking Quest,,65634,0,0,-1,0,0,0,0,0,0,0,0,0,0,0,0,0,0,3,36701184,128,8,0,0,0,-1,-1
91646,Tracking Quest,,65635,0,0,-1,0,0,0,0,0,0,0,0,0,0,0,0,0,0,3,36701184,128,8,0,0,0,-1,-1
91647,Tracking Quest,,65636,0,0,-1,0,0,0,0,0,0,0,0,0,0,0,0,0,0,3,36701184,128,8,0,0,0,-1,-1
91648,Tracking Quest,,65637,0,0,-1,0,0,0,0,0,0,0,0,0,0,0,0,0,0,3,36701184,128,8,0,0,0,-1,-1
91649,Tracking Quest,,65638,0,0,-1,0,0,0,0,0,0,0,0,0,0,0,0,0,0,3,36701184,128,8,0,0,0,-1,-1
91686,Tracking Quest,,65675,0,0,-1,0,0,0,0,0,0,0,0,0,0,0,0,0,0,3,36701184,128,8,0,0,0,-1,-1
91687,Tracking Quest,,65676,0,0,-1,0,0,0,0,0,0,0,0,0,0,0,0,0,0,3,36701184,128,8,0,0,0,-1,-1
91699,Tracking Quest,,65686,0,0,-1,0,0,0,0,0,0,0,0,0,0,0,0,0,0,3,36701184,0,8,0,0,0,-1,-1
91700,Darkness Unmade,,65687,139380,0,-1,0,0,0,0,0,0,0,0,0,0,0,1,4311,0,2,40927240,8192,268435968,0,0,0,-1,-1
91726,Unstoppable Force,,65713,0,0,-1,0,0,0,0,0,0,0,0,0,0,0,0,3088,0,2,37748744,4,512,86829,0,0,-1,-1
91759,Don't Bring That Here,,65742,142958,0,-1,0,0,0,0,0,0,0,0,0,0,49799,109,3098,0,3,37290240,0,512,0,0,0,-1,-1
91776,Wildhammer and Free,,65757,142958,0,-1,0,0,0,0,0,0,0,0,0,0,49800,109,3098,0,3,41484544,0,512,0,0,0,-1,-1
91778,Too Deep and Too Dark,,65759,142958,0,-1,0,0,0,0,0,0,0,0,0,0,49801,109,3098,0,3,37290240,0,512,0,0,0,-1,-1
91779,Combat Training for Cultists,,65760,142958,0,-1,0,0,0,0,0,0,0,0,0,0,49802,109,3098,0,3,37290240,0,512,0,0,0,-1,-1
91785,Ensporcelled,,65766,139380,0,-1,0,0,0,0,0,0,0,0,0,0,48606,109,4567,0,3,41484544,0,0,0,0,0,-1,-1
91787,The Journey Ends,,65767,0,0,-1,0,0,0,0,0,0,0,0,0,0,0,0,3088,0,2,41025544,4202496,512,86903,0,0,-1,-1
91789,Apocron,,65817,143176,0,-1,0,0,0,0,0,0,0,0,0,0,48873,144,335,0,3,37290304,0,268435456,0,0,0,-1,-1
91790,Brutallus,,65820,143176,0,-1,0,0,0,0,0,0,0,0,0,0,48872,144,335,0,3,37290304,0,268435456,0,0,0,-1,-1
91791,Malificus,,65819,143176,0,-1,0,0,0,0,0,0,0,0,0,0,48871,144,335,0,3,37290304,0,268435456,0,0,0,-1,-1
91792,Si'vash,,65818,143176,0,-1,0,0,0,0,0,0,0,0,0,0,48870,144,335,0,3,37290304,0,268435456,0,0,0,-1,-1
91795,Disrupt the Call,,65771,142958,0,-1,0,0,0,0,0,0,0,0,0,0,0,284,3098,0,2,36732936,0,520,0,0,0,-1,-1
91796,Special Assignment: Ours Once More!,,65772,139380,0,-1,0,0,0,0,0,0,0,0,0,0,48928,286,4568,0,3,41484544,8192,512,94866,0,0,-1,-1
91798,Fish Of The Day,,65774,139380,0,-1,0,0,0,0,0,0,0,0,0,0,48930,109,4568,0,3,37290240,0,0,0,0,0,-1,-1
91799,Trial of Flight,,65775,139380,0,-1,0,0,0,0,0,0,0,0,0,0,48931,109,4568,0,3,37290240,8192,0,0,0,0,-1,-1
91800,Heirlooming Danger,,65776,139380,0,-1,0,0,0,0,0,0,0,0,0,0,48932,109,4568,0,3,37290240,0,0,0,0,0,-1,-1
91801,Twilight's Bane,,65777,139380,0,-1,0,0,0,0,0,0,0,0,0,0,48934,109,4568,0,3,37290240,0,0,0,0,0,-1,-1
91802,The Best Bites are Bog Bugs,,65778,139380,0,-1,0,0,0,0,0,0,0,0,0,0,48935,109,4568,0,3,37290240,0,0,0,0,0,-1,-1
91803,Marsh Menace,,65779,139380,0,-1,0,0,0,0,0,0,0,0,0,0,48936,109,4568,0,3,37290240,0,0,0,0,0,-1,-1
91804,Fish for the Fire,,65780,139380,0,-1,0,0,0,0,0,0,0,0,0,0,48937,109,4568,0,3,37290240,0,0,0,0,0,-1,-1
91805,Boughs in the Burrows,,65781,139380,0,-1,0,0,0,0,0,0,0,0,0,0,48938,109,4568,0,3,37290240,0,0,0,0,0,-1,-1
91806,Big Game Hunting,,65782,139380,0,-1,0,0,0,0,0,0,0,0,0,0,48939,109,4568,0,3,37290240,0,0,0,0,0,-1,-1
91807,Breaking Branches,,65783,139380,0,-1,0,0,0,0,0,0,0,0,0,0,48940,109,4568,0,3,37290240,0,0,0,0,0,-1,-1
91808,Resource Recovery,,65784,139380,0,-1,0,0,0,0,0,0,0,0,0,238962,48926,109,4568,0,3,41484544,0,0,0,0,0,-1,-1
91809,Sea Speed,,65785,139380,0,-1,0,0,0,0,0,0,0,0,0,0,48941,109,4568,0,3,37290240,0,0,0,0,0,-1,-1
91810,Blistereel Boar Buffet,,65786,139380,0,-1,0,0,0,0,0,0,0,0,0,0,48942,109,4568,0,3,41484544,0,0,0,0,0,-1,-1
91811,A Scorched Mirror,,65787,139380,0,-1,0,0,0,0,0,0,0,0,0,0,48943,109,4568,0,3,41484544,0,0,0,0,0,-1,-1
91841,Tracking Quest,,65821,0,0,-1,0,0,0,0,0,0,0,0,0,0,0,0,3322,0,3,36701184,0,8,0,0,0,-1,-1
91844,Infinite Research Promotion: Honorary Chronographer,,65824,143302,0,-1,0,0,0,0,0,0,0,0,0,0,0,0,3426,0,0,36700160,128,520,91613,0,0,-1,-1
91845,Infinite Research Promotion: Senior Executive Chronographer,,65825,143303,0,-1,0,0,0,0,0,0,0,0,0,0,0,0,3426,0,0,36700160,128,520,91844,0,0,-1,-1
91846,Infinite Research Promotion: Principal Chronoquery Investigator,,65826,143304,0,-1,0,0,0,0,0,0,0,0,0,0,0,0,3426,0,0,36700160,128,520,91845,0,0,-1,-1
91847,Infinite Research,,0,143305,0,-1,0,0,0,0,0,0,0,0,0,0,0,284,3382,0,3,104333312,0,4203016,0,0,0,-1,-1
91848,Infinite Research,,0,143306,0,-1,0,0,0,0,0,0,0,0,0,0,0,284,3382,0,3,104333312,0,4203016,0,0,0,-1,-1
91849,Infinite Research,,0,143307,0,-1,0,0,0,0,0,0,0,0,0,0,0,284,3382,0,3,104333312,0,4203016,0,0,0,-1,-1
91927,Ooze Booting,,65884,139380,0,-1,0,0,0,0,0,0,0,0,0,0,48607,109,4567,0,3,41484544,0,0,0,0,0,-1,-1
91928,What's For Lunch?,,65885,147656,0,-1,131073,0,0,0,0,0,0,0,0,0,0,0,4311,0,2,39846144,8192,268435968,54781,91931,0,-1,-1
91929,What's For Lunch?,,65886,147656,0,-1,131073,0,0,0,0,0,0,0,0,0,0,0,4311,0,2,39846144,8192,268435968,91928,91931,0,-1,-1
91930,The Abundant Lands,,65887,139380,0,-1,0,0,0,0,0,0,0,0,0,0,0,282,3321,0,2,40894472,0,520,0,0,0,-1,-1
91932,The Abundant Awakening,,65889,140165,0,-1,0,0,0,0,0,0,0,0,0,0,0,282,3321,0,2,40894472,8192,520,91930,0,0,-1,-1
91933,The Abundant Honor,,65890,140165,0,-1,0,0,0,0,0,0,0,0,0,252608,0,282,3321,0,2,36700168,0,520,91932,0,0,-1,-1
91937,Portraits in the Vale,,65893,139380,0,-1,0,0,0,0,0,0,0,0,0,0,49009,109,4567,0,3,40435968,8192,512,0,0,0,-1,-1
91966,Saltheril's Soiree,,65925,0,0,-1,0,0,0,0,0,0,0,0,0,0,0,0,3321,0,3,37294080,0,0,89290,0,0,-1,-1
91970,WANTED: Gelatonius,,65929,148400,0,-1,0,0,0,0,0,0,0,0,0,0,49077,1,5915,0,2,40894472,8192,268435968,0,0,0,-1,-1
91980,WANTED: Hellebora's Thorn,,65939,148400,0,-1,0,0,0,0,0,0,0,0,0,0,49078,1,5915,0,2,40894472,8192,268435968,0,0,0,-1,-1
91981,To Poison and to Heal,,65940,139380,0,-1,0,0,0,0,0,0,0,0,0,0,48608,109,4567,0,3,37290240,0,0,0,0,0,-1,-1
91982,WANTED: Toadshade's Petals,,65941,148400,0,-1,0,0,0,0,0,0,0,0,0,0,49079,1,5915,0,2,40894472,8192,268435968,0,0,0,-1,-1
91998,WANTED: Muckmire's Choking Vines,,65957,148400,0,-1,0,0,0,0,0,0,0,0,0,0,49080,1,5915,0,2,40894472,8192,268435968,0,0,0,-1,-1
92012,WANTED: Gorebarb's Pincers,,65971,148400,0,-1,0,0,0,0,0,0,0,0,0,0,49082,1,5915,0,2,40894472,8192,268435968,0,0,0,-1,-1
92013,WANTED: Dionaea's Thorntusks,,65972,148400,0,-1,0,0,0,0,0,0,0,0,0,0,49083,1,5915,0,2,40894472,8192,268435968,0,0,0,-1,-1
92018,x.x Testing (YGR),,65977,0,0,-1,0,0,0,0,0,0,0,0,0,0,0,286,3008,0,3,41484288,8192,0,0,0,0,-1,-1
92034,Thorm'belan,,65990,139380,0,-1,0,0,0,0,0,0,0,0,0,0,49063,289,4907,0,3,41484608,8192,520,0,0,0,-1,-1
92062,Tending the Roots,,66018,139380,0,-1,0,0,0,0,0,0,0,0,0,0,48609,109,4567,0,3,41484544,8192,512,0,0,0,-1,-1
92063,Special Assignment: A Hunter's Regret,,66019,155068,0,-1,0,0,0,0,0,0,0,0,0,0,48623,286,4567,0,3,41484544,8192,512,94390,0,0,-1,-1
92085,Claw Enforcement,,66040,153758,0,-1,0,0,0,0,0,0,0,0,0,0,49065,109,4567,0,3,41484544,8192,512,0,0,0,-1,-1
92086,A Taste of Accord,,66041,139380,0,-1,0,0,0,0,0,0,0,0,0,0,49066,109,4567,0,3,41484544,8192,512,0,0,0,-1,-1
92105,"Papers, Please!",,66060,139380,0,-1,0,0,0,0,0,0,0,0,0,0,49345,109,4569,0,3,40435968,8192,0,0,0,0,-1,-1
92119,Bitterbloom Burn Down,,66071,139380,0,-1,0,0,0,0,0,0,0,0,0,0,48610,109,4567,0,3,40435968,8192,512,0,0,0,-1,-1
92120,To Understand Magic,,66072,139380,0,-1,0,0,0,0,0,0,0,0,0,0,49842,109,4569,0,3,40435968,8192,0,0,0,0,-1,-1
92121,The Great Outdoors,,66073,139380,0,-1,0,0,0,0,0,0,0,0,0,0,49574,109,4569,0,3,40435968,8192,0,0,0,0,-1,-1
92122,Beneath the Sunsails,,66074,139380,0,-1,0,0,0,0,0,0,0,0,0,0,49112,109,4569,0,3,40435968,8192,512,0,0,0,-1,-1
92123,Cragpine,,66075,139380,0,-1,0,0,0,0,0,0,0,0,0,0,49114,289,4281,0,3,37290304,0,8,0,0,0,-1,-1
92136,Infusion of Hope,,66119,0,0,-1,1,0,0,0,0,0,0,0,61800,0,0,0,3088,0,2,57671688,4202496,512,86843,86844,0,-1,-1
92138,Mobilize! Enlist! Recruit!,,66121,139380,0,-1,0,0,0,0,0,0,0,0,0,0,49157,109,4569,0,3,41615616,8192,512,0,0,0,-1,-1
92139,Special Assignment: Shade and Claw,,66122,155068,0,-1,0,0,0,0,0,0,0,0,0,0,49123,286,4569,0,3,41484544,8192,512,95435,0,0,-1,-1
92140,Uprooting Efforts,,66123,139380,0,-1,0,0,0,0,0,0,0,0,0,0,49121,109,4569,0,3,41484544,8192,0,0,0,0,-1,-1
92141,Classic Threats,,66124,139380,0,-1,0,0,0,0,0,0,0,0,0,0,49122,109,4569,0,3,41484544,8192,0,0,0,0,-1,-1
92143,Arcane Reallocation,,66126,139380,0,-1,0,0,0,0,0,0,0,0,0,269606,49209,109,4569,0,3,41484544,8192,0,0,0,0,-1,-1
92144,No Squatters,,66127,139380,0,-1,0,0,0,0,0,0,0,0,0,0,49278,109,4569,0,3,41484544,8192,0,0,0,0,-1,-1
92145,Special Assignment: The Grand Magister's Drink,,66128,155068,0,-1,0,0,0,0,0,0,0,0,0,0,49636,286,4569,0,3,41484544,8192,512,92848,0,0,-1,-1
92146,Containment Zone,,66129,139380,0,-1,0,0,0,0,0,0,0,0,0,0,49342,109,4569,0,3,41484544,8192,0,0,0,0,-1,-1
92149,Death to Twilight,,66132,139380,0,-1,0,0,0,0,0,0,0,0,0,0,49124,111,4569,0,3,41484544,8192,0,0,0,0,-1,-1
92150,A Breeze Through Fairbreeze,,66133,153037,0,-1,0,0,0,0,0,0,0,0,0,0,49125,109,4569,0,3,41484544,8192,0,0,0,0,-1,-1
92152,Battling the Bloom,,66135,139380,0,-1,0,0,0,0,0,0,0,0,0,0,49127,109,4569,0,3,41484544,8192,0,0,0,0,-1,-1
92153,The Moon at Twilight,,66136,139380,0,-1,0,0,0,0,0,0,0,0,0,0,49128,109,4569,0,3,41484544,8192,0,0,0,0,-1,-1
92160,Hatchling Havoc,,66143,139380,0,-1,0,0,0,0,0,0,0,0,0,0,49129,109,4569,0,3,41484544,8192,0,0,0,0,-1,-1
92162,A Refined Potadpalate,,66145,152897,0,-1,0,0,0,0,0,0,0,0,0,0,48625,109,4569,0,3,41484544,0,0,0,0,0,-1,-1
92184,Potadpole Wrangling,,66167,139380,0,-1,0,0,0,0,0,0,0,0,0,0,48616,109,4567,0,3,40435968,8192,512,0,0,0,-1,-1
92195,Come On Down,,66179,139380,0,-1,0,0,0,0,0,0,0,0,0,0,49224,109,4569,0,3,41484544,8192,512,0,0,0,-1,-1
92364,Sun Support,,66338,139380,0,-1,0,0,0,0,0,0,0,0,0,250854,49253,109,4569,0,3,41484544,8192,512,0,0,0,-1,-1
92365,Creating Defenses,,66339,139380,0,-1,0,0,0,0,0,0,0,0,0,0,0,0,4311,0,2,40894472,8192,268435968,0,0,0,-1,-1
92407,Hidey-Hole,,66379,139380,0,-1,0,0,0,0,0,0,0,0,0,251284,50661,0,4311,0,2,40894472,8192,268435968,0,0,0,-1,-1
92447,Abyss Anglers,,0,144909,0,-1,0,0,0,0,0,0,0,0,0,0,0,0,3321,0,3,36765768,0,8704,0,0,0,-1,-1
92546,Encroaching Predators,,66504,139380,0,-1,0,0,0,0,0,0,0,0,0,0,49452,109,3321,0,3,37290240,0,0,0,0,0,-1,-1
92549,Void From Above,,66506,139380,0,-1,0,0,0,0,0,0,0,0,0,0,49454,109,3321,0,3,37290240,0,0,0,0,0,-1,-1
92555,Honor the Flame,Honor the Bonfire in Tranquillien in Eversong Woods.,66512,9484,0,-1,0,0,0,0,0,0,0,0,0,0,0,0,394,0,2,2097152,0,520,0,0,0,-1,-1
92556,Honor the Flame,Honor the Bonfire in Silvermoon.,66513,9484,0,-1,0,0,0,0,0,0,0,0,0,0,0,0,394,0,2,2097152,0,520,0,0,0,-1,-1
92557,Honor the Flame,Honor the Bonfire in Zul'Aman.,66514,9484,0,-1,0,0,0,0,0,0,0,0,0,0,0,0,394,0,2,2097152,0,520,0,0,0,-1,-1
92558,Honor the Flame,Honor the Bonfire in Voidstorm,66515,9484,0,-1,0,0,0,0,0,0,0,0,0,0,0,0,394,0,2,2097152,0,520,0,0,0,-1,-1
92559,Honor the Flame,Honor the Bonfire in Harandar.,66516,9484,0,-1,0,0,0,0,0,0,0,0,0,0,0,0,394,0,2,2097152,0,520,0,0,0,-1,-1
92560,Lu'ashal,,66517,139379,0,-1,0,0,0,0,0,0,0,0,0,0,49484,289,4907,0,3,37290304,0,8,0,0,0,-1,-1
92566,Armies of Darkness,,66522,139380,0,-1,0,0,0,0,0,0,0,0,0,0,49529,109,3321,0,3,37290240,0,0,0,0,0,-1321907123,1427461461
92571,Armies of Darkness,,66524,139380,0,-1,0,0,0,0,0,0,0,0,0,0,49529,109,3321,0,3,37290240,0,0,0,0,0,1309324210,-1440044374
92576,Dominating The Domanaar,,66528,139380,0,-1,0,0,0,0,0,0,0,0,0,0,49537,109,3321,0,3,37290240,0,0,0,0,0,-1,-1
92582,Apply to Roots,,66534,139380,0,-1,0,0,0,0,0,0,0,0,0,0,48612,109,4567,0,3,37290240,0,0,0,0,0,-1,-1
92583,Fungicide,,66535,139380,0,-1,0,0,0,0,0,0,0,0,0,0,48622,109,4567,0,3,37290240,8192,0,0,0,0,-1,-1
92636,Predaxas,,66598,139380,0,-1,0,0,0,0,0,0,0,0,0,0,49633,289,4907,0,3,41484608,8192,520,0,0,0,-1,-1
92641,Bloodying the Plain,,66603,145914,0,-1,0,0,0,0,0,0,0,0,0,0,0,0,3084,0,3,37289984,0,0,0,0,0,-1,-1
92714,Tracking Quest,,66674,0,0,-1,0,0,0,0,0,0,0,0,0,0,0,0,3322,0,3,36701184,128,8,0,0,0,-1,-1
92715,By Invitation Only?,,66675,152747,0,-1,0,0,0,0,0,0,0,0,66697,0,20689,0,623,0,2,36700160,0,512,0,0,0,1309324210,-1440044374
92731,Artificing Aggression,,66688,146118,0,-1,0,0,0,0,0,0,0,0,0,0,49592,109,3321,0,3,40435968,0,0,0,0,0,-1,-1
92746,The Twist of the Stormfields,,66703,139380,0,-1,0,0,0,0,0,0,0,0,0,0,49604,109,3321,0,3,40435968,0,0,0,0,0,-1,-1
92845,By Invitation Only?,,66793,152747,0,-1,0,0,0,0,0,0,0,0,66799,0,20689,0,623,0,2,36700160,0,512,0,0,0,-1321907123,1427461461
92945,The Power of Anguish,,66888,0,0,-1,0,0,0,0,0,0,0,0,0,0,0,282,3321,0,2,36700160,4194304,520,92926,0,0,-1,-1
92954,Maisara Caverns: Master of Souls,,66897,0,0,-1,1,0,0,0,0,0,0,0,0,0,0,81,5071,0,2,40894472,4202496,512,92953,92951,0,-1,-1
93013,Special Assignment: Push Back the Light,,66956,155068,0,-1,0,0,0,0,0,0,0,0,0,0,49834,286,4567,0,3,41484544,8192,512,94391,0,0,-1,-1
93046,Nestled Belongings,,66980,139380,0,-1,0,0,0,0,0,0,0,0,0,0,49864,109,4567,0,3,41484544,8192,512,0,0,0,-1,-1
93047,Butchery Basics,,66981,146358,0,-1,0,0,0,0,0,0,0,0,0,0,0,0,3086,0,2,36700168,0,512,0,0,0,-1,-1
93048,Got No Rhythm,,66982,146358,0,-1,0,0,0,0,0,0,0,0,0,0,0,0,3086,0,2,40894472,8192,512,0,0,0,-1,-1
93049,Homework Support,,66983,146358,0,-1,0,0,0,0,0,0,0,0,0,0,0,0,3086,0,2,36700168,0,512,0,0,0,-1,-1
93050,Altar History,,66984,146345,0,-1,0,0,0,0,0,0,0,0,0,267005,0,0,3086,0,2,40894472,0,512,0,0,0,-1,-1
93051,The Final Exam,,66985,146358,0,-1,0,0,0,0,0,0,0,0,0,0,0,0,3086,0,2,36700168,0,512,0,0,0,-1,-1
93053,Cleaning the Den,,66986,152895,0,-1,0,0,0,0,0,0,0,0,0,0,49861,109,4567,0,3,41484544,8192,512,0,0,0,-1,-1
93067,Tracking Quest,,66998,0,0,-1,0,0,0,0,0,0,0,0,0,0,0,0,3322,0,3,36701184,128,8,0,0,0,-1,-1
93071,Rotten to the Core,,66999,139380,0,-1,0,0,0,0,0,0,0,0,0,0,48614,109,4567,0,3,41484544,8192,512,0,0,0,-1,-1
93130,Quest Tracking,,67057,0,0,-1,0,0,0,0,0,0,0,0,0,0,0,0,0,0,3,36701184,0,8,0,0,0,-1,-1
93144,Quest Tracking,,67071,0,0,-1,5,0,0,0,0,0,0,0,0,0,0,0,0,0,3,40895488,8192,8,93130,93145,93146,-1,-1
93145,Quest Tracking,,67072,0,0,-1,0,0,0,0,0,0,0,0,0,0,0,0,0,0,3,36701184,0,8,0,0,0,-1,-1
93146,Quest Tracking,,67073,0,0,-1,0,0,0,0,0,0,0,0,0,0,0,0,0,0,3,36701184,0,8,0,0,0,-1,-1
93244,Special Assignment: Agents of the Shield,,67164,155068,0,-1,0,0,0,0,0,0,0,0,0,0,49606,286,3321,0,3,41615616,8192,512,94795,0,0,-1,-1
93397,Gnawing Hunger,,67269,139380,0,-1,0,0,0,0,0,0,0,0,0,0,49594,109,3321,0,3,41484544,8192,512,0,0,0,-1,-1
93423,Sparks of War: Eversong Woods,,67293,147396,0,-1,0,0,0,0,0,0,0,0,0,0,49990,0,3313,0,2,35651592,2105344,776,0,0,0,-1,-1
93424,Sparks of War: Zul'Aman,,67294,147396,0,-1,0,0,0,0,0,0,0,0,0,0,49991,0,3313,0,2,35651592,2105344,776,0,0,0,-1,-1
93425,Sparks of War: Harandar,,67295,147396,0,-1,0,0,0,0,0,0,0,0,0,0,49992,0,3313,0,2,35651592,2105344,776,0,0,0,-1,-1
93426,Sparks of War: Voidstorm,,67296,147396,0,-1,0,0,0,0,0,0,0,0,0,0,49993,0,3313,0,2,35651592,2105344,776,0,0,0,-1,-1
93432,Swords to Plowshares,,67302,146345,0,-1,0,0,0,0,0,0,0,0,0,0,0,0,3086,0,2,40894472,8192,512,93440,0,0,-1,-1
93433,"Shrine, Sealed, Delivered",,67303,146345,0,-1,0,0,0,0,0,0,0,0,0,0,0,0,3086,0,2,40894472,8192,512,93440,0,0,-1,-1
93435,Four Instigators,,67304,0,0,-1,1,0,0,0,0,0,0,0,0,0,0,0,3086,0,2,40894472,8192,512,93432,93433,0,-1,-1
93436,"Hex the Innocent, Disrupt the Guilty",,67305,0,0,-1,1,0,0,0,0,0,0,0,0,259967,0,0,3086,0,2,40894472,8192,512,93432,93433,0,-1,-1
93437,In Their Own Blood,,67306,146345,0,-1,1,0,0,0,0,0,0,0,0,0,0,0,3086,0,2,40894472,8192,512,93435,93436,0,-1,-1
93438,Special Assignment: Precision Excision,,67307,155068,0,-1,0,0,0,0,0,0,0,0,0,0,49593,286,3321,0,3,41484544,8192,512,94743,0,0,-1,-1
93440,Personal History,,67309,146345,0,-1,0,0,0,0,0,0,0,0,67302,0,0,0,3086,0,2,40894472,8192,512,0,0,0,-1,-1
93470,Tracking Quest,,67338,0,0,-1,0,0,0,0,0,0,0,0,0,0,0,0,0,0,3,36701184,128,8,0,0,0,-1,-1
93471,Tracking Quest,,67339,0,0,-1,0,0,0,0,0,0,0,0,0,0,0,0,0,0,3,36701184,128,8,0,0,0,-1,-1
93472,Tracking Quest,,67340,0,0,-1,0,0,0,0,0,0,0,0,0,0,0,0,0,0,3,36701184,128,8,0,0,0,-1,-1
93473,Tracking Quest,,67341,0,0,-1,0,0,0,0,0,0,0,0,0,0,0,0,0,0,3,36701184,128,8,0,0,0,-1,-1
93474,Tracking Quest,,67342,0,0,-1,0,0,0,0,0,0,0,0,0,0,0,0,0,0,3,36701184,128,8,0,0,0,-1,-1
93475,Tracking Quest,,67343,0,0,-1,0,0,0,0,0,0,0,0,0,0,0,0,0,0,3,36701184,128,8,0,0,0,-1,-1
93476,Tracking Quest,,67344,0,0,-1,0,0,0,0,0,0,0,0,0,0,0,0,0,0,3,36701184,128,8,0,0,0,-1,-1
93478,Tracking Quest,,67346,0,0,-1,0,0,0,0,0,0,0,0,0,0,0,0,0,0,3,36701184,128,8,0,0,0,-1,-1
93479,Tracking Quest,,67347,0,0,-1,0,0,0,0,0,0,0,0,0,0,0,0,0,0,3,36701184,128,8,0,0,0,-1,-1
93480,Tracking Quest,,67348,0,0,-1,0,0,0,0,0,0,0,0,0,0,0,0,0,0,3,36701184,128,8,0,0,0,-1,-1
93481,Tracking Quest,,67349,0,0,-1,0,0,0,0,0,0,0,0,0,0,0,0,0,0,3,36701184,128,8,0,0,0,-1,-1
93482,Tracking Quest,,67350,0,0,-1,0,0,0,0,0,0,0,0,0,0,0,0,0,0,3,36701184,128,8,0,0,0,-1,-1
93483,Tracking Quest,,67351,0,0,-1,0,0,0,0,0,0,0,0,0,0,0,0,0,0,3,36701184,128,8,0,0,0,-1,-1
93484,Tracking Quest,,67352,0,0,-1,0,0,0,0,0,0,0,0,0,0,0,0,0,0,3,36701184,128,8,0,0,0,-1,-1
93485,Tracking Quest,,67353,0,0,-1,0,0,0,0,0,0,0,0,0,0,0,0,0,0,3,36701184,128,8,0,0,0,-1,-1
93486,Tracking Quest,,67354,0,0,-1,0,0,0,0,0,0,0,0,0,0,0,0,0,0,3,36701184,128,8,0,0,0,-1,-1
93487,Tracking Quest,,67355,0,0,-1,0,0,0,0,0,0,0,0,0,0,0,0,0,0,3,36701184,128,8,0,0,0,-1,-1
93488,Tracking Quest,,67356,0,0,-1,0,0,0,0,0,0,0,0,0,0,0,0,0,0,3,36701184,128,8,0,0,0,-1,-1
93489,Tracking Quest,,67357,0,0,-1,0,0,0,0,0,0,0,0,0,0,0,0,0,0,3,36701184,128,8,0,0,0,-1,-1
93490,Tracking Quest,,67358,0,0,-1,0,0,0,0,0,0,0,0,0,0,0,0,0,0,3,36701184,128,8,0,0,0,-1,-1
93491,Tracking Quest,,67359,0,0,-1,0,0,0,0,0,0,0,0,0,0,0,0,0,0,3,36701184,128,8,0,0,0,-1,-1
93501,The Season Starts: Midnight,,67369,142972,0,-1,0,0,0,0,0,0,0,0,0,0,0,282,3313,0,2,40894472,0,512,90806,0,0,-1,-1
93507,Disrupting the Void,,67375,139380,0,-1,0,0,0,0,0,0,0,0,0,0,49597,109,4311,0,3,3735808,0,0,0,0,0,-1,-1
93511,A Missing Member,,67379,0,0,-1,0,0,0,0,0,0,0,0,0,0,0,0,3313,0,2,573571080,0,512,93501,0,0,-1,-1
93517,Otherworldly Intelligence,,67383,139380,0,-1,0,0,0,0,0,0,0,0,0,0,49598,109,3321,0,3,37290240,0,0,0,0,0,-1,-1
93524,Trench Run,,67388,139380,0,-1,0,0,0,0,0,0,0,0,0,0,49607,109,3321,0,3,37290240,0,0,0,0,0,-1,-1
93525,Nulling Nullaeus,,67389,0,0,-1,0,0,0,0,0,0,0,0,0,0,0,0,3313,0,2,36700168,0,512,93511,0,0,-1,-1
93554,Tracking Quest,,67418,0,0,-1,0,0,0,0,0,0,0,0,0,0,0,0,0,0,3,36701184,128,8,0,0,0,-1,-1
93556,Tracking Quest,,67420,0,0,-1,0,0,0,0,0,0,0,0,0,0,0,0,0,0,3,36701184,128,8,0,0,0,-1,-1
93557,Tracking Quest,,67421,0,0,-1,0,0,0,0,0,0,0,0,0,0,0,0,0,0,3,36701184,128,8,0,0,0,-1,-1
93558,Tracking Quest,,67422,0,0,-1,0,0,0,0,0,0,0,0,0,0,0,0,0,0,3,36701184,128,8,0,0,0,-1,-1
93559,Tracking Quest,,67423,0,0,-1,0,0,0,0,0,0,0,0,0,0,0,0,0,0,3,36701184,128,8,0,0,0,-1,-1
93569,Exaliburn,,67432,0,0,-1,0,0,0,0,0,0,0,0,0,0,0,265,3321,0,3,3735552,8192,8,0,0,0,-1,-1
93571,Dispersing Shadows,,67434,139380,0,-1,0,0,0,0,0,0,0,0,0,0,49599,109,3321,0,3,41484544,8192,512,0,0,0,-1,-1
93573,Deciphering Darkness,,67436,139380,0,-1,0,0,0,0,0,0,0,0,0,0,49602,109,3321,0,3,41484544,8192,512,0,0,0,-1,-1
93575,Maisara Caverns: Maisara Hungers,,67438,146360,0,-1,0,0,0,0,0,0,0,0,0,0,0,81,3086,0,2,36700424,0,512,0,0,0,-1,-1
93577,Captured Instinct,,67440,139380,0,-1,0,0,0,0,0,0,0,0,0,0,49603,109,3321,0,3,40435968,8192,512,0,0,0,-1,-1
93578,Where Shadows Gather,,67441,139380,0,-1,0,0,0,0,0,0,0,0,0,0,49601,109,3321,0,3,41484544,8192,512,0,0,0,-1,-1
93579,Path of Purgation,,67442,139380,0,-1,0,0,0,0,0,0,0,0,0,0,49600,109,3321,0,3,41484544,8192,512,0,0,0,-1,-1
93593,A Call to Battle,,67455,34190,0,-1,0,0,0,0,0,0,0,0,0,0,0,0,4240,0,2,35684424,8388608,514,0,0,0,-1,-1
93595,A Call to Delves,,67457,127918,0,-1,0,0,0,0,0,0,0,0,0,0,0,0,4240,0,2,35684360,0,514,90806,0,0,-1,-1
93598,Emissary of War,,67458,65125,0,-1,0,0,0,0,0,0,0,0,0,0,0,81,4240,0,2,35684360,0,514,0,0,0,-1,-1
93599,The Very Best,,67459,34192,0,-1,0,0,0,0,0,0,0,0,0,0,0,0,4240,0,2,35684424,2176,514,0,0,0,-1,-1
93600,The Arena Calls,,67460,34193,0,-1,0,0,0,0,0,0,0,0,0,0,0,0,4240,0,2,35684424,8388608,512,0,0,0,-1,-1
93605,The World Awaits,,67465,44419,0,-1,0,0,0,0,0,0,0,0,0,0,0,0,4240,0,2,35684360,0,514,90806,0,0,-1,-1
93651,The Blinding Vale: Lightbloom Roots,,67509,148145,0,-1,0,0,0,0,0,0,0,0,0,0,0,81,3086,0,2,36700424,0,512,0,0,0,-1,-1
93687,Taste True Power,,67544,148249,0,-1,0,0,0,0,0,0,0,0,0,0,0,282,3313,0,0,40894464,8320,512,0,0,0,-1,-1
93744,Unity Against the Void,,67601,149827,0,-1,0,0,0,0,0,0,0,0,0,0,50434,284,4240,0,3,104333312,0,4202496,0,0,0,-1,-1
93751,Windrunner Spire,,67608,149827,0,-1,0,0,0,0,0,0,0,0,0,0,50436,81,4240,0,2,36700424,0,520,0,0,0,-1,-1
93752,Murder Row,,67609,149827,0,-1,0,0,0,0,0,0,0,0,0,0,50437,81,4240,0,2,36700424,0,520,0,0,0,-1,-1
93753,Magisters' Terrace,,67610,149827,0,-1,0,0,0,0,0,0,0,0,0,0,50438,81,4240,0,2,36700424,0,520,0,0,0,-1,-1
93754,Maisara Caverns,,67611,149827,0,-1,0,0,0,0,0,0,0,0,0,0,50439,81,4240,0,2,36700424,0,520,0,0,0,-1,-1
93755,Den of Nalorakk,,67612,149827,0,-1,0,0,0,0,0,0,0,0,0,0,50440,81,4240,0,2,36700424,0,520,0,0,0,-1,-1
93756,The Blinding Vale,,67613,149827,0,-1,0,0,0,0,0,0,0,0,0,0,50441,81,4240,0,2,36700424,0,520,0,0,0,-1,-1
93757,Voidscar Arena,,67614,149827,0,-1,0,0,0,0,0,0,0,0,0,0,50442,81,4240,0,2,36700424,0,520,0,0,0,-1,-1
93758,Nexus-Point Xenas,,67615,149827,0,-1,0,0,0,0,0,0,0,0,0,0,50443,81,4240,0,2,36700424,0,520,0,0,0,-1,-1
93792,Blessings of the Loa,,67646,150612,0,-1,0,0,0,0,0,0,0,0,0,0,0,282,3086,0,2,40894472,0,512,0,0,0,-1,-1
93850,Windrunner Spire: Haunting Melodies,,67700,153417,0,-1,0,0,0,0,0,0,0,0,0,0,0,81,3085,0,2,40894728,0,512,0,0,0,-1,-1
93884,Bilemaw the Gluttonous,,67733,0,0,-1,0,0,0,0,0,0,0,0,0,0,0,0,4284,0,3,34149632,0,8,0,0,0,-1,-1
93895,Ravengerus,,67737,0,0,-1,0,0,0,0,0,0,0,0,0,0,0,0,4281,0,3,34149632,0,8,0,0,0,-1,-1
93896,Far'thana the Mad,,67738,0,0,-1,0,0,0,0,0,0,0,0,0,0,0,0,4281,0,3,34149632,0,8,0,0,0,-1,-1
93904,Defying Gravity,,67745,139380,0,-1,1,0,0,0,0,0,0,0,0,0,49596,109,3321,0,3,7930112,8192,512,0,0,0,-1,-1
93905,Ongoing Stoppage,,67746,139380,0,-1,0,0,0,0,0,0,0,0,0,0,49595,109,3321,0,3,41484544,8192,512,0,0,0,-1,-1
93934,Queen o' War,,67769,0,0,-1,0,0,0,0,0,0,0,0,0,0,0,0,4284,0,3,37295360,0,8,0,0,0,-1,-1
93944,Aeonelle Blackstar,,67779,0,0,-1,0,0,0,0,0,0,0,0,0,0,0,0,4284,0,3,34149632,0,8,0,0,0,-1,-1
93946,Bane of the Vilebloods,,67781,0,0,-1,0,0,0,0,0,0,0,0,0,0,0,0,4284,0,3,34149632,0,8,0,0,0,-1,-1
93947,Lotus Darkblossom,,67782,0,0,-1,0,0,0,0,0,0,0,0,0,0,0,0,4284,0,3,34149632,0,8,0,0,0,-1,-1
93953,Rakshur the Bonegrinder,,67788,0,0,-1,0,0,0,0,0,0,0,0,0,0,0,0,4284,0,3,34149632,0,8,0,0,0,-1,-1
93966,Screammaxa the Matriarch,,67797,0,0,-1,0,0,0,0,0,0,0,0,0,0,0,0,4284,0,3,34149632,0,8,0,0,0,-1,-1
94005,Stellar Stash,,67829,0,0,-1,0,0,0,0,0,0,0,0,0,0,0,265,3084,0,3,34144256,0,8,0,0,0,-1,-1
94210,Feathering the Nest,,67877,0,0,-1,0,0,0,0,0,0,0,0,0,0,0,282,4285,0,2,37224448,4194432,524808,91969,0,0,-1,-1
94361,The Abundant Life,,67878,140165,0,-1,0,0,0,0,0,0,0,0,0,0,0,0,3321,0,2,40894472,8192,520,91933,0,0,-1,-1
94379,This Old Hearth,,67893,149690,0,-1,0,0,0,0,0,0,0,0,0,0,0,282,4285,0,2,36700160,4194432,524808,94210,0,0,-1,-1
94385,Void Assaults: Eversong Woods,,67899,149634,0,-1,0,0,0,0,0,0,0,0,0,0,49149,0,3321,0,2,36700424,0,512,0,0,0,-1,-1
94386,Void Assaults: Zul'Aman,,67900,154898,0,-1,0,0,0,0,0,0,0,0,0,0,49277,0,3321,0,2,36700424,0,512,0,0,0,-1,-1
94389,Tracking Quest,,67903,0,0,-1,0,0,0,0,0,0,0,0,0,0,0,0,0,0,3,36701184,0,8,0,0,0,-1,-1
94394,Tracking Quest,,67908,0,0,-1,0,0,0,0,0,0,0,0,0,0,0,0,0,0,3,36701184,0,8,0,0,0,-1,-1
94395,Tracking Quest,,67909,0,0,-1,0,0,0,0,0,0,0,0,0,0,0,0,0,0,3,36701184,0,8,0,0,0,-1,-1
94397,Tracking Quest,,67911,0,0,-1,0,0,0,0,0,0,0,0,0,0,0,0,0,0,3,36701184,0,8,0,0,0,-1,-1
94398,Tracking Quest,,67912,0,0,-1,0,0,0,0,0,0,0,0,0,0,0,0,0,0,3,36701184,0,8,0,0,0,-1,-1
94417,Crests of the Dawn,,67927,142396,0,-1,0,0,0,0,0,0,0,0,0,0,0,282,3313,0,2,40894792,0,520,94430,0,0,-1,-1
94418,Crest Transmutation,,67928,142396,0,-1,0,0,0,0,0,0,0,0,0,0,0,282,3313,0,2,40894792,0,520,94432,0,0,-1,-1
94425,Bleed the Spire,,67935,150739,0,-1,0,0,0,0,0,0,0,0,0,0,49605,111,3321,0,3,41484544,8192,0,0,0,0,-1,-1
94430,Adventuring Gear,,67941,142396,0,-1,0,0,0,0,0,0,0,0,0,0,0,282,3313,0,2,40894728,0,520,0,0,0,-1,-1
94432,Veteran Equipment,,67943,142396,0,-1,0,0,0,0,0,0,0,0,0,0,0,282,3313,0,2,40894728,0,520,94417,0,0,-1,-1
94444,Choose a Path,,67955,149832,0,-1,131073,0,0,0,0,0,0,0,0,0,0,0,863,0,2,40894472,8192,520,90961,94445,0,524288,0
94445,Choose a Path,,67956,149833,0,-1,131073,0,0,0,0,0,0,0,0,0,0,0,863,0,2,40894472,8192,520,90961,94444,0,1048576,0
94474,The Great Vault,,67980,149994,0,-1,0,0,0,0,0,0,0,0,0,0,0,0,4240,0,2,37748736,8192,520,0,0,0,-1,-1
94506,Tracking Quest,,68007,0,0,-1,0,0,0,0,0,0,0,0,0,0,0,0,2860,0,3,34149376,128,8,0,0,0,-1,-1
94507,Tracking Quest,,68008,0,0,-1,0,0,0,0,0,0,0,0,0,0,0,0,2860,0,3,34149376,0,8,0,0,0,-1,-1
94508,Tracking Quest,,68009,0,0,-1,0,0,0,0,0,0,0,0,0,0,0,0,2860,0,3,34149376,0,8,0,0,0,-1,-1
94509,Tracking Quest,,68010,0,0,-1,0,0,0,0,0,0,0,0,0,0,0,0,2860,0,3,34149376,0,8,0,0,0,-1,-1
94510,Tracking Quest,,68011,0,0,-1,0,0,0,0,0,0,0,0,0,0,0,0,2860,0,3,34149376,0,8,0,0,0,-1,-1
94511,Tracking Quest,,68012,0,0,-1,0,0,0,0,0,0,0,0,0,0,0,0,2860,0,3,34149376,0,8,0,0,0,-1,-1
94512,Tracking Quest,,68013,0,0,-1,0,0,0,0,0,0,0,0,0,0,0,0,2860,0,3,34149376,0,8,0,0,0,-1,-1
94513,Tracking Quest,,68014,0,0,-1,0,0,0,0,0,0,0,0,0,0,0,0,2860,0,3,34149376,0,8,0,0,0,-1,-1
94514,Tracking Quest,,68015,0,0,-1,0,0,0,0,0,0,0,0,0,0,0,0,2860,0,3,34149376,0,8,0,0,0,-1,-1
94515,Tracking Quest,,68016,0,0,-1,0,0,0,0,0,0,0,0,0,0,0,0,2860,0,3,34149376,0,8,0,0,0,-1,-1
94516,Tracking Quest,,68017,0,0,-1,0,0,0,0,0,0,0,0,0,0,0,0,2860,0,3,34149376,0,8,0,0,0,-1,-1
94517,Tracking Quest,,68018,0,0,-1,0,0,0,0,0,0,0,0,0,0,0,0,2860,0,3,34149376,0,8,0,0,0,-1,-1
94518,Tracking Quest,,68019,0,0,-1,0,0,0,0,0,0,0,0,0,0,0,0,2860,0,3,34149376,0,8,0,0,0,-1,-1
94536,Tracking Quest,,68036,0,0,-1,0,0,0,0,0,0,0,0,0,0,0,0,0,0,3,33555464,128,8,0,0,0,-1,-1
94537,Tracking Quest,,68037,0,0,-1,0,0,0,0,0,0,0,0,0,0,0,0,0,0,3,33555464,128,8,0,0,0,-1,-1
94538,Tracking Quest,,68038,0,0,-1,0,0,0,0,0,0,0,0,0,0,0,0,0,0,3,33555464,128,8,0,0,0,-1,-1
94539,Tracking Quest,,68039,0,0,-1,0,0,0,0,0,0,0,0,0,0,0,0,0,0,3,33555464,128,8,0,0,0,-1,-1
94540,Tracking Quest,,68040,0,0,-1,0,0,0,0,0,0,0,0,0,0,0,0,0,0,3,33555464,128,8,0,0,0,-1,-1
94541,Tracking Quest,,68041,0,0,-1,0,0,0,0,0,0,0,0,0,0,0,0,0,0,3,33555464,128,8,0,0,0,-1,-1
94542,Tracking Quest,,68042,0,0,-1,0,0,0,0,0,0,0,0,0,0,0,0,0,0,3,33555464,128,8,0,0,0,-1,-1
94543,Tracking Quest,,68043,0,0,-1,0,0,0,0,0,0,0,0,0,0,0,0,0,0,3,33555464,128,8,0,0,0,-1,-1
94544,Tracking Quest,,68044,0,0,-1,0,0,0,0,0,0,0,0,0,0,0,0,0,0,3,33555464,128,8,0,0,0,-1,-1
94545,Tracking Quest,,68045,0,0,-1,0,0,0,0,0,0,0,0,0,0,0,0,0,0,3,33555464,128,8,0,0,0,-1,-1
94546,Tracking Quest,,68046,0,0,-1,0,0,0,0,0,0,0,0,0,0,0,0,0,0,3,33555464,128,8,0,0,0,-1,-1
94547,Tracking Quest,,68047,0,0,-1,0,0,0,0,0,0,0,0,0,0,0,0,0,0,3,33555464,128,8,0,0,0,-1,-1
94548,Tracking Quest,,68048,0,0,-1,0,0,0,0,0,0,0,0,0,0,0,0,0,0,3,33555464,128,8,0,0,0,-1,-1
94549,Tracking Quest,,68049,0,0,-1,0,0,0,0,0,0,0,0,0,0,0,0,0,0,3,33555464,128,8,0,0,0,-1,-1
94550,Tracking Quest,,68050,0,0,-1,0,0,0,0,0,0,0,0,0,0,0,0,0,0,3,33555464,128,8,0,0,0,-1,-1
94551,Tracking Quest,,68051,0,0,-1,0,0,0,0,0,0,0,0,0,0,0,0,0,0,3,33555464,128,8,0,0,0,-1,-1
94552,Tracking Quest,,68052,0,0,-1,0,0,0,0,0,0,0,0,0,0,0,0,0,0,3,33555464,128,8,0,0,0,-1,-1
94553,Tracking Quest,,68053,0,0,-1,0,0,0,0,0,0,0,0,0,0,0,0,0,0,3,33555464,128,8,0,0,0,-1,-1
94554,Tracking Quest,,68054,0,0,-1,0,0,0,0,0,0,0,0,0,0,0,0,0,0,3,33555464,128,8,0,0,0,-1,-1
94555,Tracking Quest,,68055,0,0,-1,0,0,0,0,0,0,0,0,0,0,0,0,0,0,3,33555464,128,8,0,0,0,-1,-1
94575,Snail Mail - Peacebloom,,68073,150400,0,-1,0,0,0,0,0,0,0,0,0,0,0,82,4285,0,3,41484288,8192,8,0,0,0,-1,-1
94581,Stand Your Ground,,68077,150460,0,-1,0,0,0,0,0,0,0,0,0,0,50546,109,4311,0,3,37814592,8256,520,0,0,0,-1,-1
94583,Snail Mail - Silverleaf,,68079,150434,0,-1,0,0,0,0,0,0,0,0,0,0,0,82,4285,0,3,41484288,8192,8,0,0,0,-1,-1
94584,Snail Mail - Black Lotus,,68080,150435,0,-1,0,0,0,0,0,0,0,0,0,0,0,82,4285,0,3,41484288,8192,8,0,0,0,-1,-1
94585,Snail Mail - Zin'anthid,,68081,150436,0,-1,0,0,0,0,0,0,0,0,0,0,0,82,4285,0,3,41484288,8192,8,0,0,0,-1,-1
94586,Snail Mail - Earthroot and Mage Royal,,68082,150437,0,-1,0,0,0,0,0,0,0,0,0,0,0,82,4285,0,3,41484288,8192,8,0,0,0,-1,-1
94587,Snail Mail - Rotting Sagefish,,68083,150438,0,-1,0,0,0,0,0,0,0,0,0,0,0,82,4285,0,3,41484288,8192,8,0,0,0,-1,-1
94588,Snail Mail - Just Laundered Clothes,,68084,150439,0,-1,0,0,0,0,0,0,0,0,0,0,0,82,4285,0,3,41484288,8192,8,0,0,0,-1,-1
94589,Snail Mail - Zesty,,68085,150440,0,-1,0,0,0,0,0,0,0,0,0,0,0,82,4285,0,3,41484288,8192,8,0,0,0,-1,-1
94590,Snail Mail - Citrusy,,68086,150441,0,-1,0,0,0,0,0,0,0,0,0,0,0,82,4285,0,3,41484288,8192,8,0,0,0,-1,-1
94591,Snail Mail - Recently Time Dilated,,68087,150442,0,-1,0,0,0,0,0,0,0,0,0,0,0,82,4285,0,3,41484288,8192,8,0,0,0,-1,-1
94592,Snail Mail - Cookies,,68088,150443,0,-1,0,0,0,0,0,0,0,0,0,0,0,82,4285,0,3,41484288,8192,8,0,0,0,-1,-1
94593,Snail Mail - Minty,,68089,150444,0,-1,0,0,0,0,0,0,0,0,0,0,0,82,4285,0,3,41484288,8192,8,0,0,0,-1,-1
94594,Snail Mail - Herbal,,68090,150445,0,-1,0,0,0,0,0,0,0,0,0,0,0,82,4285,0,3,41484288,8192,8,0,0,0,-1,-1
94595,Snail Mail - Earthy,,68091,150446,0,-1,0,0,0,0,0,0,0,0,0,0,0,82,4285,0,3,41484288,8192,8,0,0,0,-1,-1
94596,Snail Mail - Woody,,68092,150447,0,-1,0,0,0,0,0,0,0,0,0,0,0,82,4285,0,3,41484288,8192,8,0,0,0,-1,-1
94597,Snail Mail - Musky,,68093,150448,0,-1,0,0,0,0,0,0,0,0,0,0,0,82,4285,0,3,41484288,8192,8,0,0,0,-1,-1
94598,Snail Mail - Vanilla,,68094,150449,0,-1,0,0,0,0,0,0,0,0,0,0,0,82,4285,0,3,41484288,8192,8,0,0,0,-1,-1
94599,Snail Mail - Stranglekelp,,68095,150450,0,-1,0,0,0,0,0,0,0,0,0,0,0,82,4285,0,3,41484288,8192,8,0,0,0,-1,-1
94600,Snail Mail - Tiger Lily,,68096,150451,0,-1,0,0,0,0,0,0,0,0,0,0,0,82,4285,0,3,41484288,8192,8,0,0,0,-1,-1
94601,Snail Mail - Mycobloom,,68097,150452,0,-1,0,0,0,0,0,0,0,0,0,0,0,82,4285,0,3,41484288,8192,8,0,0,0,-1,-1
94602,Snail Mail - Blindweed,,68098,150453,0,-1,0,0,0,0,0,0,0,0,0,0,0,82,4285,0,3,41484288,8192,8,0,0,0,-1,-1
94603,Snail Mail - Bubble Poppy,,68099,150454,0,-1,0,0,0,0,0,0,0,0,0,0,0,82,4285,0,3,41484288,8192,8,0,0,0,-1,-1
94604,Snail Mail - Wet Dog,,68100,150455,0,-1,0,0,0,0,0,0,0,0,0,0,0,82,4285,0,3,41484288,8192,8,0,0,0,-1,-1
94605,Snail Mail - Freshly Manured Field,,68101,150456,0,-1,0,0,0,0,0,0,0,0,0,0,0,82,4285,0,3,41484288,8192,8,0,0,0,-1,-1
94606,Snail Mail - Peony,,68102,150457,0,-1,0,0,0,0,0,0,0,0,0,0,0,82,4285,0,3,41484288,8192,8,0,0,0,-1,-1
94607,Snail Mail - Kafa,,68103,150458,0,-1,0,0,0,0,0,0,0,0,0,0,0,82,4285,0,3,41484288,8192,8,0,0,0,-1,-1
94622,Work It,,68113,0,0,-1,0,0,0,0,0,0,0,0,0,0,22303,0,877,0,2,3145736,0,520,0,0,0,-1,-1
94623,Building the Voidforge,,68114,142233,0,-1,0,0,0,0,0,0,0,0,0,0,0,282,6157,0,2,36700168,8322,520,0,0,0,-1,-1
94625,An Elementary Voidcore,,0,150653,0,-1,131073,0,0,0,0,0,0,0,0,0,0,282,4240,0,2,36700168,0,520,94623,94675,0,-1,-1
94627,Tracking Quest,,68118,0,0,-1,0,0,0,0,0,0,0,0,0,0,0,0,0,0,3,36701184,0,8,0,0,0,-1,-1
94630,Work It,,68120,0,0,-1,0,0,0,0,0,0,0,0,0,0,22303,0,877,0,2,3145736,0,520,0,0,0,-1,-1
94631,Tracking Quest,,68121,0,0,-1,0,0,0,0,0,0,0,0,0,0,0,0,0,0,3,36701184,0,8,0,0,0,-1,-1
94632,Tracking Quest,,68122,0,0,-1,0,0,0,0,0,0,0,0,0,0,0,0,0,0,3,36701184,0,8,0,0,0,-1,-1
94633,Tracking Quest,,68123,0,0,-1,0,0,0,0,0,0,0,0,0,0,0,0,0,0,3,36701184,0,8,0,0,0,-1,-1
94635,Work It,,68125,0,0,-1,0,0,0,0,0,0,0,0,0,0,22303,0,877,0,2,3145736,0,520,0,0,0,-1,-1
94636,Work It,,68126,0,0,-1,0,0,0,0,0,0,0,0,0,0,22303,0,877,0,2,3145736,0,520,0,0,0,-1,-1
94637,Work It,,68127,0,0,-1,0,0,0,0,0,0,0,0,0,0,22303,0,877,0,2,3145736,0,520,0,0,0,-1,-1
94640,Snail Mail - Writhebark,,68130,150400,0,-1,0,0,0,0,0,0,0,0,0,0,0,82,4285,0,3,41484288,8192,8,0,0,0,-1,-1
94641,Snail Mail - Cedarwood,,68131,150434,0,-1,0,0,0,0,0,0,0,0,0,0,0,82,4285,0,3,41484288,8192,8,0,0,0,-1,-1
94642,Snail Mail - Fire Leaf,,68132,150435,0,-1,0,0,0,0,0,0,0,0,0,0,0,82,4285,0,3,41484288,8192,8,0,0,0,-1,-1
94643,Snail Mail - Roasted Ham,,68133,150436,0,-1,0,0,0,0,0,0,0,0,0,0,0,82,4285,0,3,41484288,8192,8,0,0,0,-1,-1
94644,Snail Mail - Fjarnskaggl,,68134,150437,0,-1,0,0,0,0,0,0,0,0,0,0,0,82,4285,0,3,41484288,8192,8,0,0,0,-1,-1
94645,Snail Mail - Cinnamon,,68135,150438,0,-1,0,0,0,0,0,0,0,0,0,0,0,82,4285,0,3,41484288,8192,8,0,0,0,-1,-1
94646,Snail Mail - Clove,,68136,150439,0,-1,0,0,0,0,0,0,0,0,0,0,0,82,4285,0,3,41484288,8192,8,0,0,0,-1,-1
94647,Snail Mail - Nutmeg,,68137,150440,0,-1,0,0,0,0,0,0,0,0,0,0,0,82,4285,0,3,41484288,8192,8,0,0,0,-1,-1
94648,Snail Mail - Dreamfoil,,68138,150441,0,-1,0,0,0,0,0,0,0,0,0,0,0,82,4285,0,3,41484288,8192,8,0,0,0,-1,-1
94649,Snail Mail - Seven Day Old Sweat,,68139,150442,0,-1,0,0,0,0,0,0,0,0,0,0,0,82,4285,0,3,41484288,8192,8,0,0,0,-1,-1
94650,Snail Mail - Coconut,,68140,150443,0,-1,0,0,0,0,0,0,0,0,0,0,0,82,4285,0,3,41484288,8192,8,0,0,0,-1,-1
94651,Snail Mail - Honey,,68141,150444,0,-1,0,0,0,0,0,0,0,0,0,0,0,82,4285,0,3,41484288,8192,8,0,0,0,-1,-1
94652,Snail Mail - Just-Rained,,68142,150445,0,-1,0,0,0,0,0,0,0,0,0,0,0,82,4285,0,3,41484288,8192,8,0,0,0,-1,-1
94653,Snail Mail - Foxflower,,68143,150446,0,-1,0,0,0,0,0,0,0,0,0,0,0,82,4285,0,3,41484288,8192,8,0,0,0,-1,-1
94654,Snail Mail - Apple,,68144,150447,0,-1,0,0,0,0,0,0,0,0,0,0,0,82,4285,0,3,41484288,8192,8,0,0,0,-1,-1
94655,Snail Mail - Peachy,,68145,150448,0,-1,0,0,0,0,0,0,0,0,0,0,0,82,4285,0,3,41484288,8192,8,0,0,0,-1,-1
94656,Snail Mail - Soapy,,68146,150449,0,-1,0,0,0,0,0,0,0,0,0,0,0,82,4285,0,3,41484288,8192,8,0,0,0,-1,-1
94657,Snail Mail - Dewy Mold,,68147,150450,0,-1,0,0,0,0,0,0,0,0,0,0,0,82,4285,0,3,41484288,8192,8,0,0,0,-1,-1
94658,Snail Mail - Scent of the Wind,,68148,150451,0,-1,0,0,0,0,0,0,0,0,0,0,0,82,4285,0,3,41484288,8192,8,0,0,0,-1,-1
94659,Snail Mail - Nerubian Hootch Wine,,68149,150452,0,-1,0,0,0,0,0,0,0,0,0,0,0,82,4285,0,3,41484288,8192,8,0,0,0,-1,-1
94660,Snail Mail - Bouquet of Fungi,,68150,150453,0,-1,0,0,0,0,0,0,0,0,0,0,0,82,4285,0,3,41484288,8192,8,0,0,0,-1,-1
94661,Snail Mail - Crushed up Granite,,68151,150454,0,-1,0,0,0,0,0,0,0,0,0,0,0,82,4285,0,3,41484288,8192,8,0,0,0,-1,-1
94662,Snail Mail - Caramel,,68152,150455,0,-1,0,0,0,0,0,0,0,0,0,0,0,82,4285,0,3,41484288,8192,8,0,0,0,-1,-1
94663,Snail Mail - Chocolatey,,68153,150456,0,-1,0,0,0,0,0,0,0,0,0,0,0,82,4285,0,3,41484288,8192,8,0,0,0,-1,-1
94664,Snail Mail - Caviar,,68154,150457,0,-1,0,0,0,0,0,0,0,0,0,0,0,82,4285,0,3,41484288,8192,8,0,0,0,-1,-1
94665,Snail Mail - Fresh-Cut Grass,,68155,150458,0,-1,0,0,0,0,0,0,0,0,0,0,0,82,4285,0,3,41484288,8192,8,0,0,0,-1,-1
94673,Tracking Quest,,68163,0,0,-1,0,0,0,0,0,0,0,0,0,0,0,0,0,0,3,36701184,0,8,0,0,0,-1,-1
94674,Tracking Quest,,68164,0,0,-1,0,0,0,0,0,0,0,0,0,0,0,0,0,0,3,36701184,0,8,0,0,0,-1,-1
94675,Voidforge Reforged,,68165,150728,0,-1,0,0,0,0,0,0,0,0,0,0,0,282,3320,0,0,36700160,128,520,0,0,0,-1,-1
94735,Work It,,68223,0,0,-1,0,0,0,0,0,0,0,0,0,0,22303,0,877,0,2,3145736,0,520,0,0,0,-1,-1
94736,Work It,,68224,0,0,-1,0,0,0,0,0,0,0,0,0,0,22303,0,877,0,2,3145736,0,520,0,0,0,-1,-1
94738,Work It,,68226,0,0,-1,0,0,0,0,0,0,0,0,0,0,22303,0,877,0,2,3145736,0,520,0,0,0,-1,-1
94790,Research Console: Exploring the Void,,68265,139380,0,-1,0,0,0,0,0,0,0,0,0,0,0,0,3321,0,2,36732928,0,268436232,93970,0,0,-1,-1
94810,Tracking Quest - Local 17,,68282,0,0,-1,0,0,0,0,0,0,0,0,0,0,0,0,0,0,3,36701184,128,8,0,0,0,-1,-1
94815,HIDDEN QUEST - Special Assignment: The Grand Magister's Drink [DNT],,68284,0,0,-1,0,0,0,0,0,0,0,0,0,0,0,265,3321,0,3,37289984,0,8200,0,0,0,-1,-1
94908,Tracking Quest,,68349,0,0,-1,0,0,0,0,0,0,0,0,0,0,0,0,0,0,3,36766728,0,8,0,0,0,-1,-1
94951,Tracking Quest,,68386,0,0,-1,0,0,0,0,0,0,0,0,0,0,0,0,0,0,3,36766728,0,8,0,0,0,-1,-1
94966,Tracking Quest,,68399,0,0,-1,0,0,0,0,0,0,0,0,0,0,0,0,0,0,3,36766728,0,8,0,0,0,-1,-1
94976,Tracking Quest,,68408,0,0,-1,0,0,0,0,0,0,0,0,0,0,0,0,0,0,3,36766728,0,8,0,0,0,-1,-1
94990,Tracking Quest,,68421,0,0,-1,0,0,0,0,0,0,0,0,0,0,0,0,0,0,3,36766728,0,8,0,0,0,-1,-1
94991,Tracking Quest,,68422,0,0,-1,0,0,0,0,0,0,0,0,0,0,0,0,0,0,3,36766728,0,8,0,0,0,-1,-1
95005,Tracking Quest,,68436,0,0,-1,0,0,0,0,0,0,0,0,0,0,0,0,0,0,3,40895488,0,8,0,0,0,-1,-1
95007,Tracking Quest,,68438,0,0,-1,0,0,0,0,0,0,0,0,0,0,0,0,0,0,3,36766728,0,8,0,0,0,-1,-1
95009,Doing the Dash,,68439,0,0,-1,0,0,0,0,0,0,0,0,0,0,50704,0,877,0,2,33554440,0,1536,0,0,0,1309324210,-1440044374
95045,Tracking Quest,,68465,0,0,-1,0,0,0,0,0,0,0,0,0,0,0,0,0,0,3,40895488,0,8,0,0,0,-1,-1
95046,Tracking Quest,,68466,0,0,-1,0,0,0,0,0,0,0,0,0,0,0,0,0,0,3,40895488,0,8,0,0,0,-1,-1
95054,Tracking Quest,,68473,0,0,-1,0,0,0,0,0,0,0,0,0,0,0,0,0,0,3,33621000,0,0,0,0,0,-1,-1
95091,Tracking Quest,,68493,0,0,-1,0,0,0,0,0,0,0,0,0,0,0,0,0,0,3,36701184,128,8,0,0,0,-1,-1
95146,Tracking Quest,,68534,0,0,-1,0,0,0,0,0,0,0,0,0,0,0,0,0,0,3,36766728,0,8,0,0,0,-1,-1
95175,Anchoring the Defense,,68563,0,0,-1,0,0,0,0,0,0,0,0,0,0,0,0,4311,0,2,37749064,8256,268435976,92365,0,0,-1,-1
95268,"New Tools, New Heights",,68631,0,0,-1,0,0,0,0,0,0,0,0,0,269668,0,282,4240,0,2,36700160,130,520,94675,0,0,-1,-1
95269,Feeding the Nilhammer,,0,152650,0,-1,131073,0,0,0,0,0,0,0,0,269668,0,282,4240,0,2,36700168,2,520,95268,95271,0,-1,-1
95271,The Ascendant Nilhammer,,68633,152651,0,-1,0,0,0,0,0,0,0,0,0,0,0,282,4240,0,0,36700160,128,520,0,0,0,-1,-1
95279,Nebulous Voidcores: Gold,,0,152680,0,-1,0,0,0,0,0,0,0,0,0,0,0,0,3320,0,0,36700160,32768,268435976,94675,0,0,-1,-1
95290,Nebulous Voidcores: Voidlight Marl,,0,152680,0,-1,0,0,0,0,0,0,0,0,0,0,0,0,3320,0,0,36700160,32768,268435976,94675,0,0,-1,-1
95304,Nebulous Voidcores: Veteran Dawncrest,,0,152680,0,-1,0,0,0,0,0,0,0,0,0,0,0,0,3320,0,0,36700160,32768,268435976,94675,0,0,-1,-1
95308,Tracking Quest,,68667,0,0,-1,0,0,0,0,0,0,0,0,0,0,0,0,3322,0,3,36701184,0,8,0,0,0,-1,-1
95324,The War Beyond the Roots,,68682,152749,0,-1,0,0,0,0,0,0,0,0,0,0,0,282,3321,0,2,36700168,128,512,0,0,0,-1,-1
95373,A Nebulous Endeavour,,68718,0,0,-1,0,0,0,0,0,0,0,0,0,0,0,282,3320,0,2,36700160,128,520,94675,0,0,-1,-1
95392,One Friend is Plenty,,68738,153034,0,-1,0,0,0,0,0,0,0,0,0,0,51174,296,3321,0,3,37290240,8192,268435456,0,0,0,-1,-1
95393,Caver Savior,,68739,153034,0,-1,0,0,0,0,0,0,0,0,0,0,51175,296,3321,0,3,41484544,8192,268435456,0,0,0,-1,-1
95394,Aberration Liberation,,68740,153034,0,-1,0,0,0,0,0,0,0,0,0,0,51176,296,3321,0,3,37290240,0,268435456,0,0,0,-1,-1
95395,Until it is Done,,68741,153034,0,-1,0,0,0,0,0,0,0,0,0,0,51177,296,3321,0,3,41484544,0,268435456,0,0,0,-1,-1
95396,Tainted Ritual,,68742,153034,0,-1,0,0,0,0,0,0,0,0,0,0,51178,296,3321,0,3,37290240,0,268435456,0,0,0,-1,-1
95397,Cold Reception,,68743,153034,0,-1,0,0,0,0,0,0,0,0,0,0,51179,296,3321,0,3,37290240,0,268435456,0,0,0,-1,-1
95398,Dissent and Divide,,68744,153034,0,-1,0,0,0,0,0,0,0,0,0,0,51180,296,3321,0,3,41484544,0,268435456,0,0,0,-1,-1
95399,Shadowy Strategies,,68745,153034,0,-1,0,0,0,0,0,0,0,0,0,0,51181,296,3321,0,3,41484544,0,268435456,0,0,0,-1,-1
95400,Solid Cold,,68746,153034,0,-1,0,0,0,0,0,0,0,0,0,0,51182,296,3321,0,3,37290240,0,268435456,0,0,0,-1,-1
95401,Junction Dysfunction,,68747,153034,0,-1,0,0,0,0,0,0,0,0,0,0,51183,296,3321,0,3,37290240,0,268435456,0,0,0,-1,-1
95402,Ignoble Gas Collector,,68748,153034,0,-1,0,0,0,0,0,0,0,0,0,0,51184,296,3321,0,3,37290240,0,268435456,0,0,0,-1,-1
95403,A Lingering Echo,,68749,153034,0,-1,0,0,0,0,0,0,0,0,0,0,51185,296,3321,0,3,37290240,0,268435456,0,0,0,-1,-1
95404,Freeze Range Eggs,,68750,153034,0,-1,0,0,0,0,0,0,0,0,0,0,51186,296,3321,0,3,37290240,0,268435456,0,0,0,-1,-1
95413,Community Engagement,,68759,153576,0,-1,0,0,0,0,0,0,0,0,0,0,0,0,4240,0,2,36798472,128,512,0,0,0,-1,-1
95416,Going Postal,,68762,153684,0,-1,0,0,0,0,0,0,0,0,0,0,0,0,4240,0,2,36732936,2097280,512,0,0,0,-1,-1
95438,Lost Animals,,70379,153685,0,-1,0,0,0,0,0,0,0,0,0,0,0,0,4240,0,2,36732936,2097280,512,0,0,0,-1,-1
95440,Housewarming,,68784,153683,0,-1,0,0,0,0,0,0,0,0,0,0,0,1,4240,0,2,36798536,128,512,0,0,0,-1,-1
95450,Tracking Quest,,68794,0,0,-1,0,0,0,0,0,0,0,0,0,0,0,0,0,0,3,40895488,0,8,0,0,0,-1,-1
95549,Raising Magical Alarms,,68886,155203,0,-1,0,0,0,0,0,0,0,0,0,271094,0,0,4240,0,2,305135872,128,520,0,0,0,-1,-1
95550,Thin Their Ranks,,68887,155185,0,-1,0,0,0,0,0,0,0,0,0,0,0,0,4240,0,2,36700416,128,520,0,0,0,-1,-1
95552,Dark Obelisk Investigation,,68889,154642,0,-1,0,0,0,0,0,0,0,0,0,0,0,0,4240,0,2,36700416,128,520,0,0,0,-1,-1
95553,Manifested Density,,68890,155192,0,-1,0,0,0,0,0,0,0,0,0,0,0,0,4240,0,2,36700416,128,520,0,0,0,-1,-1
95572,Thunder Pains,,68909,153034,0,-1,0,0,0,0,0,0,0,0,0,0,51477,283,3321,0,3,37290240,0,0,0,0,0,-1,-1
95575,Forest Mana Spores,,68912,158245,0,-1,0,0,0,0,0,0,0,0,0,0,51484,296,3321,0,3,37290240,0,268435456,0,0,0,-1,-1
95815,Downhill Jam,,69278,156004,0,-1,0,0,0,0,0,0,0,0,0,0,51672,283,3321,0,3,41484544,0,8,0,0,0,-1,-1
95933,Traces in the Dark,,69388,154550,0,-1,0,0,0,0,0,0,0,0,0,0,0,0,3321,0,2,37748736,8192,268435976,0,0,0,-1,-1
96000,Skiff Joyride,,69453,158245,0,-1,0,0,0,0,0,0,0,0,0,0,51537,296,3321,0,3,37290240,0,268435456,0,0,0,-1,-1
96048,The Time to Strike,,69490,160137,0,-1,0,0,0,0,0,0,0,0,0,0,0,282,3321,0,2,40894472,4202496,524808,0,0,0,-1,-1
96210,Scrubbing Troubles,,69640,158245,0,-1,0,0,0,0,0,0,0,0,0,0,52039,296,3321,0,3,37290240,0,268435456,0,0,0,-1,-1
96214,Tracking Quest,,69643,0,0,-1,0,0,0,0,0,0,0,0,0,0,0,0,0,0,3,36701184,128,8,0,0,0,-1,-1
96215,Tracking Quest,,69644,0,0,-1,0,0,0,0,0,0,0,0,0,0,0,0,0,0,3,36701184,128,8,0,0,0,-1,-1
96217,Sporadic Power Drain,,69646,158245,0,-1,0,0,0,0,0,0,0,0,0,0,52050,296,3321,0,3,37290240,0,268435456,0,0,0,-1,-1
96223,The Magisters' Call,,69654,160138,0,-1,0,0,0,0,0,0,0,0,0,0,0,282,3313,0,2,40894728,8192,512,0,0,0,-1,-1
96268,Marsh Mana Spores,,69698,158245,0,-1,0,0,0,0,0,0,0,0,0,0,52079,296,3321,0,3,37290240,0,268435456,0,0,0,-1,-1
96269,Steal Devourer Research,,69699,158245,0,-1,0,0,0,0,0,0,0,0,0,0,52083,283,3321,0,3,41484544,0,0,0,0,0,-1,-1
96272,Mashing Mushroom Mana Machines,,69701,158245,0,-1,0,0,0,0,0,0,0,0,0,0,52082,296,3321,0,3,37290240,0,268435968,0,0,0,-1,-1
96293,Mush-Vroom!,,69721,158245,0,-1,0,0,0,0,0,0,0,0,0,0,52108,296,3321,0,3,37290240,0,268435968,0,0,0,-1,-1
96295,A Pertinent Punishment,,69723,155771,0,-1,0,0,0,0,0,0,0,0,0,0,51289,289,3321,0,3,37323072,8192,268435976,0,0,0,-1,-1
96388,Joining the Abyss Anglers,,69801,150769,0,-1,0,0,0,0,0,0,0,0,0,0,0,282,3321,0,2,36700168,0,512,0,0,0,-1,-1
96400,Lingering Corruption,,69813,153034,0,-1,0,0,0,0,0,0,0,0,0,0,52163,296,3321,0,3,41484544,0,268435456,0,0,0,-1,-1
96432,Power Overload,,69845,158245,0,-1,0,0,0,0,0,0,0,0,0,0,52178,296,3321,0,3,37290240,0,268435456,0,0,0,-1,-1
96433,Not the Mama,,69846,153034,0,-1,0,0,0,0,0,0,0,0,0,0,52174,283,3321,0,3,37290240,0,0,0,0,0,-1,-1
96463,Trap Springers,,69873,158245,0,-1,0,0,0,0,0,0,0,0,0,0,52198,283,3321,0,3,41484544,0,0,0,0,0,-1,-1
96472,The Nexus-Captain,,69879,0,0,-1,0,0,0,0,0,0,0,0,0,0,0,1,3321,0,2,40894536,8192,520,96054,0,0,-1,-1
96496,The Road Not Taken Twice,,69901,156540,0,-1,0,0,0,0,0,0,0,0,0,0,0,0,3321,0,2,40894472,8320,512,0,0,0,-1,-1
96497,Spatial Reasoning,,69902,156541,0,-1,0,0,0,0,0,0,0,0,0,0,0,0,3321,0,2,40894728,8320,520,0,0,0,-1,-1
96522,"Oh Captain, Die Captain!",,69927,156576,0,-1,0,0,0,0,0,0,0,0,0,0,51372,289,3321,0,3,37323072,8192,268435976,0,0,0,-1,-1
96547,Weaken Their Forces,,69954,158245,0,-1,0,0,0,0,0,0,0,0,0,0,52312,296,3321,0,3,37290240,0,268435456,0,0,0,-1,-1
96548,High Spore,,69955,158245,0,-1,0,0,0,0,0,0,0,0,0,0,52314,283,3321,0,3,37290240,0,0,0,0,0,-1,-1
96552,Tracking Quest,,69959,0,0,-1,0,0,0,0,0,0,0,0,0,0,0,0,0,0,3,36766728,0,8,0,0,0,-1,-1
96553,Tracking Quest,,69960,0,0,-1,0,0,0,0,0,0,0,0,0,0,0,0,0,0,3,36766728,0,8,0,0,0,-1,-1
96554,Tracking Quest,,69961,0,0,-1,0,0,0,0,0,0,0,0,0,0,0,0,0,0,3,36766728,0,8,0,0,0,-1,-1
96555,Tracking Quest,,69962,0,0,-1,0,0,0,0,0,0,0,0,0,0,0,0,0,0,3,36766728,0,8,0,0,0,-1,-1
96556,Tracking Quest,,69963,0,0,-1,0,0,0,0,0,0,0,0,0,0,0,0,0,0,3,36766728,0,8,0,0,0,-1,-1
96557,Flying Debris,,69964,158245,0,-1,0,0,0,0,0,0,0,0,0,0,52318,296,3321,0,3,37290240,0,268435456,0,0,0,-1,-1
96600,Crypt Culling,,70004,158245,0,-1,0,0,0,0,0,0,0,0,0,0,52352,296,3321,0,3,37290240,0,268435968,0,0,0,-1,-1
96611,Storm Mitigation,,70010,153034,0,-1,0,0,0,0,0,0,0,0,0,0,52188,283,3321,0,3,41484544,0,268435456,0,0,0,-1,-1
96617,Storm Mitigation,,70016,153034,0,-1,0,0,0,0,0,0,0,0,0,0,52360,283,3321,0,3,41484544,0,268435456,0,0,0,-1,-1
96618,Storm Mitigation,,70017,153034,0,-1,0,0,0,0,0,0,0,0,0,0,52363,283,3321,0,3,41484544,0,268435456,0,0,0,-1,-1
96623,Capsized Compost,,70019,158245,0,-1,0,0,0,0,0,0,0,0,0,0,52377,296,3321,0,3,37290304,0,268435456,0,0,0,-1,-1
96650,Subdue the Spore Storm,,70039,158245,0,-1,0,0,0,0,0,0,0,0,0,0,52393,283,3321,0,3,41484544,0,268435456,0,0,0,-1,-1
96651,Subdue the Spore Storm,,70040,158245,0,-1,0,0,0,0,0,0,0,0,0,0,52394,283,3321,0,3,41484544,0,268435456,0,0,0,-1,-1
96660,Wreckage Tendril Sling,,70044,158245,0,-1,0,0,0,0,0,0,0,0,0,0,52358,283,3321,0,3,37290240,0,0,0,0,0,-1,-1
96668,Subdue the Spore Storm,,70051,158245,0,-1,0,0,0,0,0,0,0,0,0,0,52406,283,3321,0,3,41484544,0,268435456,0,0,0,-1,-1
96688,Sporeforge Tendril Sling,,70070,158245,0,-1,0,0,0,0,0,0,0,0,0,0,52418,283,3321,0,3,37290240,0,0,0,0,0,-1,-1
96689,Staging Grounds Tendril Sling,,70071,158245,0,-1,0,0,0,0,0,0,0,0,0,0,52419,283,3321,0,3,37290240,0,0,0,0,0,-1,-1
96691,Command Point Tendril Sling,,70072,158245,0,-1,0,0,0,0,0,0,0,0,0,0,52420,283,3321,0,3,37290240,0,0,0,0,0,-1,-1
96693,Nexus Port Tendril Sling,,70074,158245,0,-1,0,0,0,0,0,0,0,0,0,0,52421,283,3321,0,3,37290240,0,0,0,0,0,-1,-1
96695,Holding Pens Tendril Sling,,70076,158245,0,-1,0,0,0,0,0,0,0,0,0,0,52422,283,3321,0,3,37290240,0,0,0,0,0,-1,-1
96696,Base Camp Tendril Sling,,70077,158245,0,-1,0,0,0,0,0,0,0,0,0,0,52423,283,3321,0,3,37290240,0,0,0,0,0,-1,-1
96697,Extraction Coast Tendril Sling,,70078,158245,0,-1,0,0,0,0,0,0,0,0,0,0,52424,283,3321,0,3,37290240,0,0,0,0,0,-1,-1
96698,Marsh Tendril Sling,,70079,158245,0,-1,0,0,0,0,0,0,0,0,0,0,52425,283,3321,0,3,37290240,0,0,0,0,0,-1,-1
96699,Mushroom Top Tendril Sling,,70080,158245,0,-1,0,0,0,0,0,0,0,0,0,0,52426,283,3321,0,3,37290240,0,0,0,0,0,-1,-1
96725,Sparks of War: Val,,70106,147396,0,-1,0,0,0,0,0,0,0,0,0,0,50638,0,3313,0,2,35651592,2105344,776,0,0,0,-1,-1
96726,Sparks of War: Naigtal,,70107,147396,0,-1,0,0,0,0,0,0,0,0,0,0,50639,0,3313,0,2,35651592,2105344,776,0,0,0,-1,-1
96746,Sporefall: Rotmire,,70125,0,0,-1,0,0,0,0,0,0,0,0,0,0,0,297,6116,0,2,40894536,8192,512,0,0,0,-1,-1
96809,Exterior Manaforge Translocator,,70187,157951,0,-1,0,0,0,0,0,0,0,0,0,0,0,0,3321,0,2,40894472,8320,520,0,0,0,-1,-1
96941,A Pertinent Punishment,,70311,158242,0,-1,0,0,0,0,0,0,0,0,0,0,51289,289,3313,0,3,37323072,8192,268435976,0,0,0,-1,-1
96942,"Oh Captain, Die Captain!",,70312,158244,0,-1,0,0,0,0,0,0,0,0,0,0,51372,289,3313,0,3,37323072,8192,268435976,0,0,0,-1,-1
97031,Vilaldoun Valediction,,70387,158455,0,-1,0,0,0,0,0,0,0,0,0,0,0,0,3321,0,2,40894464,8192,512,0,0,0,-1,-1
97088,So Much More To Do,,70437,158770,0,-1,0,0,0,0,0,0,0,0,0,0,0,284,3321,0,3,104333312,0,4202504,0,0,0,-1,-1
97089,So Much More To Do,,70437,158788,0,-1,0,0,0,0,0,0,0,0,0,0,0,284,3313,0,3,104333312,0,4202504,0,0,0,-1,-1
97215,A Secondary Strike,,70535,159111,0,-1,0,0,0,0,0,0,0,0,0,0,0,0,3321,0,2,40894472,4202496,524800,0,0,0,-1,-1
97256,Knocking Off the Top (Heroic),,70576,159231,0,-1,0,0,0,0,0,0,0,0,0,0,0,0,3313,0,2,36700488,0,512,0,0,0,-1,-1
