ID,Name_lang,Description_lang,ReputationIndex,ParentFactionID,Expansion,FriendshipRepID,Flags,ParagonFactionID,RenownFactionID,RenownCurrencyID,ReputationClassMask[0],ReputationClassMask[1],ReputationClassMask[2],ReputationClassMask[3],ReputationFlags[0],ReputationFlags[1],ReputationFlags[2],ReputationFlags[3],ReputationBase[0],ReputationBase[1],ReputationBase[2],ReputationBase[3],ReputationMax[0],ReputationMax[1],ReputationMax[2],ReputationMax[3],ParentFactionMod[0],ParentFactionMod[1],ParentFactionCap[0],ParentFactionCap[1],ReputationRaceMasks0[0],ReputationRaceMasks0[1],ReputationRaceMasks1[0],ReputationRaceMasks1[1],ReputationRaceMasks2[0],ReputationRaceMasks2[1],ReputationRaceMasks3[0],ReputationRaceMasks3[1]
1,人類(玩家),,-1,0,0,0,0,0,0,0,0,0,0,0,0,0,0,0,0,0,0,0,0,0,0,0,1,1,5,5,0,0,0,0,0,0,0,0
2,獸人(玩家),,-1,0,0,0,0,0,0,0,0,0,0,0,0,0,0,0,0,0,0,0,0,0,0,0,1,1,5,5,0,0,0,0,0,0,0,0
3,矮人(玩家),,-1,0,0,0,0,0,0,0,0,0,0,0,0,0,0,0,0,0,0,0,0,0,0,0,1,1,5,5,0,0,0,0,0,0,0,0
4,夜精靈(玩家),,-1,0,0,0,0,0,0,0,0,0,0,0,0,0,0,0,0,0,0,0,0,0,0,0,1,1,5,5,0,0,0,0,0,0,0,0
5,不死族(玩家),,-1,0,0,0,0,0,0,0,0,0,0,0,0,0,0,0,0,0,0,0,0,0,0,0,1,1,5,5,0,0,0,0,0,0,0,0
6,牛頭人(玩家),,-1,0,0,0,0,0,0,0,0,0,0,0,0,0,0,0,0,0,0,0,0,0,0,0,1,1,5,5,0,0,0,0,0,0,0,0
7,生物,,-1,0,0,0,0,0,0,0,0,0,0,0,0,0,0,0,0,0,0,0,0,0,0,0,1,1,5,5,0,0,0,0,0,0,0,0
8,地精(玩家),,-1,0,0,0,0,0,0,0,0,0,0,0,0,0,0,0,0,0,0,0,0,0,0,0,1,1,5,5,0,0,0,0,0,0,0,0
9,食人妖(玩家),,-1,0,0,0,0,0,0,0,0,0,0,0,0,0,0,0,0,0,0,0,0,0,0,0,1,1,5,5,0,0,0,0,0,0,0,0
14,怪物,,-1,0,0,0,0,0,0,0,0,0,0,0,0,0,0,0,0,0,0,0,0,0,0,0,1,1,5,5,0,0,0,0,0,0,0,0
15,迪菲亞兄弟會,,-1,0,0,0,0,0,0,0,0,0,0,0,0,0,0,0,0,0,0,0,0,0,0,0,1,1,5,5,0,0,0,0,0,0,0,0
16,河爪豺狼人,,-1,0,0,0,0,0,0,0,0,0,0,0,0,0,0,0,0,0,0,0,0,0,0,0,1,1,5,5,0,0,0,0,0,0,0,0
17,赤脊山豺狼人,,-1,0,0,0,0,0,0,0,0,0,0,0,0,0,0,0,0,0,0,0,0,0,0,0,1,1,5,5,0,0,0,0,0,0,0,0
18,影皮豺狼人,,-1,0,0,0,0,0,0,0,0,0,0,0,0,0,0,0,0,0,0,0,0,0,0,0,1,1,5,5,0,0,0,0,0,0,0,0
19,魚人,,-1,0,0,0,0,0,0,0,0,0,0,0,0,0,0,0,0,0,0,0,0,0,0,0,1,1,5,5,0,0,0,0,0,0,0,0
20,不死族(天譴軍團),,-1,0,0,0,0,0,0,0,0,0,0,0,0,0,0,0,0,0,0,0,0,0,0,0,1,1,5,5,0,0,0,0,0,0,0,0
21,藏寶海灣,身為黑水強盜的大財主里維加茲，掌控這座繁榮的沿海城市。血帆海盜們不共戴天的仇敵，同時也是熱砂企業的一部份。,1,169,0,0,0,0,0,0,0,0,0,0,64,0,0,0,500,0,0,0,42000,0,0,0,1,0.5,7,5,-1,-1,0,0,0,0,0,0
22,蜘蛛,,-1,0,0,0,0,0,0,0,0,0,0,0,0,0,0,0,0,0,0,0,0,0,0,0,1,1,5,5,0,0,0,0,0,0,0,0
23,野豬,,-1,0,0,0,0,0,0,0,0,0,0,0,0,0,0,0,0,0,0,0,0,0,0,0,1,1,5,5,0,0,0,0,0,0,0,0
24,狼人,,-1,0,0,0,0,0,0,0,0,0,0,0,0,0,0,0,0,0,0,0,0,0,0,0,1,1,5,5,0,0,0,0,0,0,0,0
25,狗頭人,,-1,0,0,0,0,0,0,0,0,0,0,0,0,0,0,0,0,0,0,0,0,0,0,0,1,1,5,5,0,0,0,0,0,0,0,0
26,血頂食人妖,,-1,0,0,0,0,0,0,0,0,0,0,0,0,0,0,0,0,0,0,0,0,0,0,0,1,1,5,5,0,0,0,0,0,0,0,0
27,劈顱食人妖,,-1,0,0,0,0,0,0,0,0,0,0,0,0,0,0,0,0,0,0,0,0,0,0,0,1,1,5,5,0,0,0,0,0,0,0,0
28,獵物,,-1,0,0,0,0,0,0,0,0,0,0,0,0,0,0,0,0,0,0,0,0,0,0,0,1,1,5,5,0,0,0,0,0,0,0,0
29,狼人,,-1,0,0,0,0,0,0,0,0,0,0,0,0,0,0,0,0,0,0,0,0,0,0,0,1,1,5,5,0,0,0,0,0,0,0,0
30,叛變的迪菲亞盜賊,,-1,0,0,0,0,0,0,0,0,0,0,0,0,0,0,0,0,0,0,0,0,0,0,0,1,1,5,5,0,0,0,0,0,0,0,0
31,友方,,-1,0,0,0,0,0,0,0,0,0,0,0,0,0,0,0,0,0,0,0,0,0,0,0,1,1,5,5,0,0,0,0,0,0,0,0
32,穴居怪,,-1,0,0,0,0,0,0,0,0,0,0,0,0,0,0,0,0,0,0,0,0,0,0,0,1,1,5,5,0,0,0,0,0,0,0,0
33,霜鬃食人妖,,-1,0,0,0,0,0,0,0,0,0,0,0,0,0,0,0,0,0,0,0,0,0,0,0,1,1,5,5,0,0,0,0,0,0,0,0
34,黑石族獸人,,-1,0,0,0,0,0,0,0,0,0,0,0,0,0,0,0,0,0,0,0,0,0,0,0,1,1,5,5,0,0,0,0,0,0,0,0
35,壞人,,-1,0,0,0,0,0,0,0,0,0,0,0,0,0,0,0,0,0,0,0,0,0,0,0,1,1,5,5,0,0,0,0,0,0,0,0
36,犧牲品,,-1,0,0,0,0,0,0,0,0,0,0,0,0,0,0,0,0,0,0,0,0,0,0,0,1,1,5,5,0,0,0,0,0,0,0,0
37,熊,,-1,0,0,0,0,0,0,0,0,0,0,0,0,0,0,0,0,0,0,0,0,0,0,0,1,1,5,5,0,0,0,0,0,0,0,0
38,巨魔,,-1,0,0,0,0,0,0,0,0,0,0,0,0,0,0,0,0,0,0,0,0,0,0,0,1,1,5,5,0,0,0,0,0,0,0,0
39,庫森的雇傭兵,,-1,0,0,0,0,0,0,0,0,0,0,0,0,0,0,0,0,0,0,0,0,0,0,0,1,1,5,5,0,0,0,0,0,0,0,0
40,衛隊,,-1,0,0,0,0,0,0,0,0,0,0,0,0,0,0,0,0,0,0,0,0,0,0,0,1,1,5,5,0,0,0,0,0,0,0,0
41,荊棘谷地精,,-1,0,0,0,0,0,0,0,0,0,0,0,0,0,0,0,0,0,0,0,0,0,0,0,1,1,5,5,0,0,0,0,0,0,0,0
42,迅猛龍,,-1,0,0,0,0,0,0,0,0,0,0,0,0,0,0,0,0,0,0,0,0,0,0,0,1,1,5,5,0,0,0,0,0,0,0,0
43,石化蜥蜴,,-1,0,0,0,0,0,0,0,0,0,0,0,0,0,0,0,0,0,0,0,0,0,0,0,1,1,5,5,0,0,0,0,0,0,0,0
44,綠龍軍團,,-1,0,0,0,0,0,0,0,0,0,0,0,0,0,0,0,0,0,0,0,0,0,0,0,1,1,5,5,0,0,0,0,0,0,0,0
45,失落者,,-1,0,0,0,0,0,0,0,0,0,0,0,0,0,0,0,0,0,0,0,0,0,0,0,1,1,5,5,0,0,0,0,0,0,0,0
46, 鍛造 - 護甲鍛造,,29,0,0,0,0,0,0,0,0,0,0,0,4,0,0,0,0,0,0,0,3000,0,0,0,1,1,5,5,-1,-1,0,0,0,0,0,0
47,鐵爐堡,本座聯盟首都乃丹莫洛矮人之驕傲。國王麥格尼的家鄉。,20,469,0,0,0,0,0,0,0,0,0,0,273,6,17,0,3100,-42000,4000,0,42000,-42000,42000,0,1,0.25,4,7,-1321909175,0,1309324210,-1440044374,2052,0,0,0
48,黑鐵矮人,,-1,0,0,0,0,0,0,0,0,0,0,0,0,0,0,0,0,0,0,0,0,0,0,0,1,1,5,5,0,0,0,0,0,0,0,0
49,暮色森林守夜人,,-1,0,0,0,0,0,0,0,0,0,0,0,0,0,0,0,0,0,0,0,0,0,0,0,1,1,5,5,0,0,0,0,0,0,0,0
50,紅龍軍團,,-1,0,0,0,0,0,0,0,0,0,0,0,0,0,0,0,0,0,0,0,0,0,0,0,1,1,5,5,0,0,0,0,0,0,0,0
51,蘚皮豺狼人,,-1,0,0,0,0,0,0,0,0,0,0,0,0,0,0,0,0,0,0,0,0,0,0,0,1,1,5,5,0,0,0,0,0,0,0,0
52,獸人，魔化龍喉氏族,,-1,0,0,0,0,0,0,0,0,0,0,0,0,0,0,0,0,0,0,0,0,0,0,0,1,1,5,5,0,0,0,0,0,0,0,0
53,瘋狂地精,,-1,0,0,0,0,0,0,0,0,0,0,0,0,0,0,0,0,0,0,0,0,0,0,0,1,1,5,5,0,0,0,0,0,0,0,0
54,諾姆瑞根,諾姆瑞根原本的居民，現在離鄉背井居於新地精區並與聯盟為伍。,18,469,0,0,0,0,0,0,0,0,0,0,273,6,17,0,3100,-42000,4000,0,42000,-42000,42000,0,1,0.25,4,7,-1321923571,0,1309324210,-1440044374,16448,0,0,0
55,豹,,-1,0,0,0,0,0,0,0,0,0,0,0,0,0,0,0,0,0,0,0,0,0,0,0,1,1,5,5,0,0,0,0,0,0,0,0
56,血色十字軍,,-1,0,0,0,0,0,0,0,0,0,0,0,0,0,0,0,0,0,0,0,0,0,0,0,1,1,5,5,0,0,0,0,0,0,0,0
57,爛皮豺狼人,,-1,0,0,0,0,0,0,0,0,0,0,0,0,0,0,0,0,0,0,0,0,0,0,0,1,1,5,5,0,0,0,0,0,0,0,0
58,猩猩,,-1,0,0,0,0,0,0,0,0,0,0,0,0,0,0,0,0,0,0,0,0,0,0,0,1,1,5,5,0,0,0,0,0,0,0,0
59,瑟銀兄弟會,瑟銀兄弟會的矮人們集中了最為卓越的工匠手藝。也愛好解開黑石山的神秘面紗。,4,1118,0,0,0,0,0,0,0,0,0,0,16,0,0,0,0,0,0,0,42000,0,0,0,0,0,5,5,-1,-1,0,0,0,0,0,0
60,納迦,,-1,0,0,0,0,0,0,0,0,0,0,0,0,0,0,0,0,0,0,0,0,0,0,0,1,1,5,5,0,0,0,0,0,0,0,0
61,達拉然,,-1,0,0,0,0,0,0,0,0,0,0,0,0,0,0,0,0,0,0,0,0,0,0,0,1,1,5,5,0,0,0,0,0,0,0,0
62,棄靈,,-1,0,0,0,0,0,0,0,0,0,0,0,0,0,0,0,0,0,0,0,0,0,0,0,1,1,5,5,0,0,0,0,0,0,0,0
63,暗吼,,-1,0,0,0,0,0,0,0,0,0,0,0,0,0,0,0,0,0,0,0,0,0,0,0,1,1,5,5,0,0,0,0,0,0,0,0
64,小劣魔,,-1,0,0,0,0,0,0,0,0,0,0,0,0,0,0,0,0,0,0,0,0,0,0,0,1,1,5,5,0,0,0,0,0,0,0,0
65,熊怪,,-1,0,0,0,0,0,0,0,0,0,0,0,0,0,0,0,0,0,0,0,0,0,0,0,1,1,5,5,0,0,0,0,0,0,0,0
66,部落友軍,,-1,0,0,0,0,0,0,0,0,0,0,0,0,0,0,0,0,0,0,0,0,0,0,0,1,1,5,5,0,0,0,0,0,0,0,0
67,部落,,12,1118,0,0,0,0,0,0,0,0,0,0,25,14,0,0,3500,-42000,0,0,42000,-42000,0,0,0,0,5,5,1309324210,-1440044374,-1321907123,1427461461,0,0,0,0
68,幽暗城,希瓦娜斯‧風行者領導著被遺忘者，將主城建立在羅德隆廢墟的地下深處，而他們和部落間的同盟僅是虛有其表。,17,67,0,0,0,0,0,0,0,0,0,0,273,6,17,17,500,-42000,4000,3100,42000,-42000,42000,42000,1,0.25,4,7,1309323682,0,-1321907123,1427461461,16,0,512,0
69,達納蘇斯,本座聯盟主城居住著夜精靈，位於泰達希爾島上，由月之女祭司泰蘭妲‧語風所統治。,21,469,0,0,0,0,0,0,0,0,0,0,273,6,17,0,3100,-42000,4000,0,42000,-42000,42000,0,1,0.25,4,7,-1321907131,0,1309324210,-1440044374,8,0,0,0
70,辛迪加,人類首要的犯罪集團。活動範圍於奧特蘭克山脈與希爾斯布萊德丘陵。,6,1118,0,0,0,0,0,0,0,0,0,0,2,0,0,0,-10000,0,0,0,0,0,0,0,0,0,5,5,-1,-1,0,0,0,0,0,0
71,希爾斯布萊德民兵,,-1,0,0,0,0,0,0,0,0,0,0,0,0,0,0,0,0,0,0,0,0,0,0,0,1,1,5,5,0,0,0,0,0,0,0,0
72,暴風城,人類勢力的最後其中一座堡壘，這座聯盟首都年輕且睿智的國王安杜因‧烏瑞恩所治理。,19,469,0,0,0,0,0,0,0,0,0,0,273,6,17,0,3100,-42000,4000,0,42000,-42000,42000,0,1,0.25,4,7,825576524,0,1309324210,-1440044374,-2147483647,0,0,0
73,惡魔,,-1,0,0,0,0,0,0,0,0,0,0,0,0,0,0,0,0,0,0,0,0,0,0,0,1,1,5,5,0,0,0,0,0,0,0,0
74,元素生物,,-1,0,0,0,0,0,0,0,0,0,0,0,0,0,0,0,0,0,0,0,0,0,0,0,1,1,5,5,0,0,0,0,0,0,0,0
75,靈魂,,-1,0,0,0,0,0,0,0,0,0,0,0,0,0,0,0,0,0,0,0,0,0,0,0,1,1,5,5,0,0,0,0,0,0,0,0
76,奧格瑪,由索爾建立的這座部落城市，是眾多自豪的杜洛塔獸人氏族的家園。,14,67,0,0,0,0,0,0,0,0,0,0,273,6,17,17,3100,-42000,4000,500,42000,-42000,42000,42000,1,0.25,4,7,1309315488,0,-1321907123,1427461461,8194,0,528,0
77,寶物,,-1,0,0,0,0,0,0,0,0,0,0,0,0,0,0,0,0,0,0,0,0,0,0,0,1,1,5,5,0,0,0,0,0,0,0,0
78,泥嘴豺狼人,,-1,0,0,0,0,0,0,0,0,0,0,0,0,0,0,0,0,0,0,0,0,0,0,0,1,1,5,5,0,0,0,0,0,0,0,0
79,希爾斯布萊德，南海鎮,,-1,0,0,0,0,0,0,0,0,0,0,0,0,0,0,0,0,0,0,0,0,0,0,0,1,1,5,5,0,0,0,0,0,0,0,0
80,黑龍軍團,,-1,0,0,0,0,0,0,0,0,0,0,0,0,0,0,0,0,0,0,0,0,0,0,0,1,1,5,5,0,0,0,0,0,0,0,0
81,雷霆崖,貝恩‧血蹄在神聖的部落首都，帶領著他驕傲的牛頭人。,16,67,0,0,0,0,0,0,0,0,0,0,273,6,17,17,3100,-42000,500,4000,42000,-42000,42000,42000,1,0.25,4,7,1175105922,0,-1321907123,1427461461,528,0,134217760,0
82,枯木食人妖,,-1,0,0,0,0,0,0,0,0,0,0,0,0,0,0,0,0,0,0,0,0,0,0,0,1,1,5,5,0,0,0,0,0,0,0,0
83,製皮 - 元素,,23,0,0,0,0,0,0,0,0,0,0,0,4,0,0,0,2999,0,0,0,3000,0,0,0,1,1,5,5,-1,-1,0,0,0,0,0,0
84,剃鬃野豬人,,-1,0,0,0,0,0,0,0,0,0,0,0,0,0,0,0,0,0,0,0,0,0,0,0,1,1,5,5,0,0,0,0,0,0,0,0
85,刺背野豬人,,-1,0,0,0,0,0,0,0,0,0,0,0,0,0,0,0,0,0,0,0,0,0,0,0,1,1,5,5,0,0,0,0,0,0,0,0
86,製皮 - 龍鱗,,22,0,0,0,0,0,0,0,0,0,0,0,4,0,0,0,2999,0,0,0,3000,0,0,0,1,1,5,5,-1,-1,0,0,0,0,0,0
87,血帆海盜,這些嗜血的海盜是公海裡許多商人的禍害。同時也是藏寶海灣不共戴天的仇敵。,0,1118,0,0,0,0,0,0,0,0,0,0,2,0,0,0,-6500,0,0,0,42000,0,0,0,0,0,5,5,-1,-1,0,0,0,0,0,0
88,黑澗深淵,,-1,0,0,0,0,0,0,0,0,0,0,0,0,0,0,0,0,0,0,0,0,0,0,0,1,1,5,5,0,0,0,0,0,0,0,0
89,龍蝦人,,-1,0,0,0,0,0,0,0,0,0,0,0,0,0,0,0,0,0,0,0,0,0,0,0,1,1,5,5,0,0,0,0,0,0,0,0
90,科卡爾半人馬,,-1,0,0,0,0,0,0,0,0,0,0,0,0,0,0,0,0,0,0,0,0,0,0,0,1,1,5,5,0,0,0,0,0,0,0,0
91,加拉克半人馬,,-1,0,0,0,0,0,0,0,0,0,0,0,0,0,0,0,0,0,0,0,0,0,0,0,1,1,5,5,0,0,0,0,0,0,0,0
92,吉爾吉斯半人馬,這群半人馬定居在淒涼之地的南部。是瑪格拉姆半人馬的世仇。,2,1118,0,0,0,0,0,0,0,0,0,0,2,0,0,0,2000,0,0,0,42000,0,0,0,0,0,5,5,-1,-1,0,0,0,0,0,0
93,瑪格拉姆半人馬,這群半人馬定居在淒涼之地的東部。是吉爾吉斯半人馬的世仇。,3,1118,0,0,0,0,0,0,0,0,0,0,2,0,0,0,2000,0,0,0,42000,0,0,0,0,0,5,5,-1,-1,0,0,0,0,0,0
94,瑪洛迪,,-1,0,0,0,0,0,0,0,0,0,0,0,0,0,0,0,0,0,0,0,0,0,0,0,1,1,5,5,0,0,0,0,0,0,0,0
108,塞拉摩人類,,-1,0,0,0,0,0,0,0,0,0,0,0,0,0,0,0,0,0,0,0,0,0,0,0,1,1,5,5,0,0,0,0,0,0,0,0
109,剃刀沼澤野豬人,,-1,0,0,0,0,0,0,0,0,0,0,0,0,0,0,0,0,0,0,0,0,0,0,0,1,1,5,5,0,0,0,0,0,0,0,0
110,剃鬃野豬人,,-1,0,0,0,0,0,0,0,0,0,0,0,0,0,0,0,0,0,0,0,0,0,0,0,1,1,5,5,0,0,0,0,0,0,0,0
111,"Quilboar, Deathshead",,-1,0,0,0,0,0,0,0,0,0,0,0,0,0,0,0,0,0,0,0,0,0,0,0,1,1,5,5,0,0,0,0,0,0,0,0
128,敵人,,-1,0,0,0,0,0,0,0,0,0,0,0,0,0,0,0,0,0,0,0,0,0,0,0,1,1,5,5,0,0,0,0,0,0,0,0
148,小動物,,-1,0,0,0,0,0,0,0,0,0,0,0,0,0,0,0,0,0,0,0,0,0,0,0,1,1,5,5,0,0,0,0,0,0,0,0
168,守望堡商隊,,-1,0,0,0,0,0,0,0,0,0,0,0,0,0,0,0,0,0,0,0,0,0,0,0,1,1,5,5,0,0,0,0,0,0,0,0
169,熱砂企業,,10,1118,0,0,0,0,0,0,0,0,0,0,12,0,0,0,500,0,0,0,42000,0,0,0,0,0,5,5,-1,-1,0,0,0,0,0,0
189,聯盟,,-1,0,0,0,0,0,0,0,0,0,0,0,0,0,0,0,0,0,0,0,0,0,0,0,1,1,5,5,0,0,0,0,0,0,0,0
209,守望堡,,-1,0,0,0,0,0,0,0,0,0,0,0,0,0,0,0,0,0,0,0,0,0,0,0,1,1,5,5,0,0,0,0,0,0,0,0
229,哀嚎洞穴,,-1,0,0,0,0,0,0,0,0,0,0,0,0,0,0,0,0,0,0,0,0,0,0,0,1,1,5,5,0,0,0,0,0,0,0,0
249,異種蠍,,-1,0,0,0,0,0,0,0,0,0,0,0,0,0,0,0,0,0,0,0,0,0,0,0,1,1,5,5,0,0,0,0,0,0,0,0
269,銀月倖存者,,-1,0,0,0,0,0,0,0,0,0,0,0,0,0,0,0,0,0,0,0,0,0,0,0,1,1,5,5,0,0,0,0,0,0,0,0
270,贊達拉部族,食人妖已在尤亞姆巴島上努力招募幫手，對抗復活的血神以及祖爾格拉布的阿塔萊祭司。,51,1118,0,0,0,0,0,0,0,0,0,0,16,0,0,0,0,0,0,0,42000,0,0,0,0,0,5,5,-1,-1,0,0,0,0,0,0
289, 鍛造 - 武器鍛造,,30,0,0,0,0,0,0,0,0,0,0,0,4,0,0,0,0,0,0,0,3000,0,0,0,1,1,5,5,-1,-1,0,0,0,0,0,0
309,蠍子,,-1,0,0,0,0,0,0,0,0,0,0,0,0,0,0,0,0,0,0,0,0,0,0,0,1,1,5,5,0,0,0,0,0,0,0,0
310,蝙蝠,,-1,0,0,0,0,0,0,0,0,0,0,0,0,0,0,0,0,0,0,0,0,0,0,0,1,1,5,5,0,0,0,0,0,0,0,0
311,泰坦,,-1,0,0,0,0,0,0,0,0,0,0,0,0,0,0,0,0,0,0,0,0,0,0,0,1,1,5,5,0,0,0,0,0,0,0,0
329,監工費蘇勒,,-1,0,0,0,0,0,0,0,0,0,0,0,0,0,0,0,0,0,0,0,0,0,0,0,1,1,5,5,0,0,0,0,0,0,0,0
349,拉文霍德,這個小偷與刺客公會，只歡迎身懷非凡卓越本事的人加入。辛迪加的世仇。,5,1118,0,0,0,0,0,0,0,0,0,0,0,0,0,0,0,0,0,0,42000,0,0,0,0,0,5,5,-1,-1,0,0,0,0,0,0
369,加基森,熱砂企業的首都，同時身為哥布林最出名的工程師、鍊金師和商人之都。,7,169,0,0,0,0,0,0,0,0,0,0,64,0,0,0,500,0,0,0,42000,0,0,0,1,0.5,7,5,-1,-1,0,0,0,0,0,0
389,諾姆瑞根蟲,,-1,0,0,0,0,0,0,0,0,0,0,0,0,0,0,0,0,0,0,0,0,0,0,0,1,1,5,5,0,0,0,0,0,0,0,0
409,鷹身人,,-1,0,0,0,0,0,0,0,0,0,0,0,0,0,0,0,0,0,0,0,0,0,0,0,1,1,5,5,0,0,0,0,0,0,0,0
429,燃刃,,-1,0,0,0,0,0,0,0,0,0,0,0,0,0,0,0,0,0,0,0,0,0,0,0,1,1,5,5,0,0,0,0,0,0,0,0
449,暗影蛛絲盜獵者,,-1,0,0,0,0,0,0,0,0,0,0,0,0,0,0,0,0,0,0,0,0,0,0,0,1,1,5,5,0,0,0,0,0,0,0,0
450,灼熱蜘蛛,,-1,0,0,0,0,0,0,0,0,0,0,0,0,0,0,0,0,0,0,0,0,0,0,0,1,1,5,5,0,0,0,0,0,0,0,0
469,聯盟,,11,1118,0,0,0,0,0,0,0,0,0,0,25,14,0,0,3300,-42000,0,0,42000,-42000,0,0,0,0,5,5,-1321907123,1427461461,1309324210,-1440044374,0,0,0,0
470,棘齒城,隸屬於熱砂企業的一部份。這座哥布林城提供那些在貧瘠之地從事貨物交易與服務的商人一座中立的庇護所。,9,169,0,0,0,0,0,0,0,0,0,0,64,0,0,0,500,0,0,0,42000,0,0,0,1,0.5,7,5,-1,-1,0,0,0,0,0,0
489,黑鐵酒吧哥布林老闆,,-1,0,0,0,0,0,0,0,0,0,0,0,0,0,0,0,0,0,0,0,0,0,0,0,1,1,5,5,0,0,0,0,0,0,0,0
509,阿拉索聯軍,阿拉索聯軍試圖替他們在暴風城的贊助者取回他們在阿拉希盆地所失去的土地。,53,891,0,0,0,0,0,0,0,0,0,0,16,2,0,0,0,-42000,0,0,42000,-42000,0,0,0,0,5,5,-1321907123,1427461461,1309324210,-1440044374,0,0,0,0
510,污染者,污染者想幫部落尋求阿拉希盆地珍稀的資源。,52,892,0,0,0,0,0,0,0,0,0,0,16,2,0,0,0,-42000,0,0,42000,-42000,0,0,0,0,5,5,1309324210,-1440044374,-1321907123,1427461461,0,0,0,0
511,巨人,,-1,0,0,0,0,0,0,0,0,0,0,0,0,0,0,0,0,0,0,0,0,0,0,0,1,1,5,5,0,0,0,0,0,0,0,0
529,銀色黎明,專門保護艾澤拉斯免受天譴軍團威脅的組織。銀色黎明的大本營就在東瘟疫之地和西瘟疫之地。,13,1118,0,0,0,0,0,0,0,0,0,0,0,0,0,0,200,0,0,0,42000,0,0,0,0,0,5,5,-1,-1,0,0,0,0,0,0
530,暗矛食人妖,流亡的食人妖部族加入了索爾和部落的行列。他們現在以杜洛塔為家，並與獸人同盟為伍。,15,67,0,0,0,0,0,0,0,0,0,0,273,6,17,17,3100,-42000,500,4000,42000,-42000,42000,42000,1,0.25,4,7,235581730,0,-1321907123,1427461461,528,0,1073741952,0
531,青銅龍軍團,,-1,0,0,0,0,0,0,0,0,0,0,0,0,0,0,0,0,0,0,0,0,0,0,0,1,1,5,5,0,0,0,0,0,0,0,0
532,藍龍軍團,,-1,0,0,0,0,0,0,0,0,0,0,0,0,0,0,0,0,0,0,0,0,0,0,0,1,1,5,5,0,0,0,0,0,0,0,0
549,製皮 - 部族,,24,0,0,0,0,0,0,0,0,0,0,0,4,0,0,0,2999,0,0,0,3000,0,0,0,1,1,5,5,-1,-1,0,0,0,0,0,0
550,工程學 - 哥布林,,26,0,0,0,0,0,0,0,0,0,0,0,4,0,0,0,2999,0,0,0,3000,0,0,0,1,1,5,5,-1,-1,0,0,0,0,0,0
551,工程學 - 地精,,25,0,0,0,0,0,0,0,0,0,0,0,4,0,0,0,2999,0,0,0,3000,0,0,0,1,1,5,5,-1,-1,0,0,0,0,0,0
569,鍛造 - 錘類鍛造,,33,0,0,0,0,0,0,0,0,0,0,0,4,0,0,0,0,0,0,0,3000,0,0,0,1,1,5,5,-1,-1,0,0,0,0,0,0
570,鍛造 - 斧類鍛造,,31,0,0,0,0,0,0,0,0,0,0,0,4,0,0,0,0,0,0,0,3000,0,0,0,1,1,5,5,-1,-1,0,0,0,0,0,0
571,鍛造 - 劍類鍛造,,32,0,0,0,0,0,0,0,0,0,0,0,4,0,0,0,0,0,0,0,3000,0,0,0,1,1,5,5,-1,-1,0,0,0,0,0,0
572,邪枝食人妖,,-1,0,0,0,0,0,0,0,0,0,0,0,0,0,0,0,0,0,0,0,0,0,0,0,1,1,5,5,0,0,0,0,0,0,0,0
573,南海掠劫者,,-1,0,0,0,0,0,0,0,0,0,0,0,0,0,0,0,0,0,0,0,0,0,0,0,1,1,5,5,0,0,0,0,0,0,0,0
574,凱爾達隆,,34,0,0,0,0,0,0,0,0,0,0,0,4,0,0,0,0,0,0,0,42000,0,0,0,1,1,5,5,-1,-1,0,0,0,0,0,0
575,未墮落的熊怪,,-1,0,0,0,0,0,0,0,0,0,0,0,0,0,0,0,0,0,0,0,0,0,0,0,1,1,5,5,0,0,0,0,0,0,0,0
576,木喉要塞,身為最後一個尚未墮落的熊怪部族，木喉還在尋求保護心智的方法以終結同胞的受難。,35,1118,0,0,0,0,0,0,0,0,0,0,0,0,0,0,-2900,0,0,0,42000,0,0,0,0,0,5,5,-1,-1,0,0,0,0,0,0
577,永望鎮,熱砂企業的哥布林經營這座貿易商埠區，位在冬泉谷主要貿易道路的十字路口上。,28,169,0,0,0,0,0,0,0,0,0,0,64,0,0,0,500,0,0,0,42000,0,0,0,1,0.5,7,5,-1,-1,0,0,0,0,0,0
589,冬刃豹訓練師,這個孤寂的夜精靈小團隊提升並訓練了冬泉谷區域的冬刃豹。,27,1118,0,0,0,0,0,0,0,0,0,0,6,0,0,0,-42000,0,0,0,-42000,42000,0,0,0,0,5,5,1309324210,-1440044374,-1321907123,1427461461,0,0,0,0
609,塞納里奧議會,塞納里奧議會的德魯伊是大自然的守護神，將寧靜的月光林地當成自己的家。,36,1118,0,0,0,0,0,0,7167,1024,0,0,16,16,0,0,0,2000,0,0,42000,42000,0,0,0,0,5,5,-1,-1,-877133656,0,0,0,0,0
629,碎矛食人妖,,-1,0,0,0,0,0,0,0,0,0,0,0,0,0,0,0,0,0,0,0,0,0,0,0,1,1,5,5,0,0,0,0,0,0,0,0
630,暴掠龍訓練師,,-1,0,0,0,0,0,0,0,0,0,0,0,0,0,0,0,0,0,0,0,0,0,0,0,1,1,5,5,0,0,0,0,0,0,0,0
649,管理者埃克索圖斯,,-1,0,0,0,0,0,0,0,0,0,0,0,0,0,0,0,0,0,0,0,0,0,0,0,1,1,5,5,0,0,0,0,0,0,0,0
669,禿鷹,,-1,0,0,0,0,0,0,0,0,0,0,0,0,0,0,0,0,0,0,0,0,0,0,0,1,1,5,5,0,0,0,0,0,0,0,0
670,貓,,-1,0,0,0,0,0,0,0,0,0,0,0,0,0,0,0,0,0,0,0,0,0,0,0,1,1,5,5,0,0,0,0,0,0,0,0
671,螃蟹,,-1,0,0,0,0,0,0,0,0,0,0,0,0,0,0,0,0,0,0,0,0,0,0,0,1,1,5,5,0,0,0,0,0,0,0,0
672,鱷魚,,-1,0,0,0,0,0,0,0,0,0,0,0,0,0,0,0,0,0,0,0,0,0,0,0,1,1,5,5,0,0,0,0,0,0,0,0
673,土狼,,-1,0,0,0,0,0,0,0,0,0,0,0,0,0,0,0,0,0,0,0,0,0,0,0,1,1,5,5,0,0,0,0,0,0,0,0
674,貓頭鷹,,-1,0,0,0,0,0,0,0,0,0,0,0,0,0,0,0,0,0,0,0,0,0,0,0,1,1,5,5,0,0,0,0,0,0,0,0
675,蠍子,,-1,0,0,0,0,0,0,0,0,0,0,0,0,0,0,0,0,0,0,0,0,0,0,0,1,1,5,5,0,0,0,0,0,0,0,0
676,陸行鳥,,-1,0,0,0,0,0,0,0,0,0,0,0,0,0,0,0,0,0,0,0,0,0,0,0,1,1,5,5,0,0,0,0,0,0,0,0
677,烏龜,,-1,0,0,0,0,0,0,0,0,0,0,0,0,0,0,0,0,0,0,0,0,0,0,0,1,1,5,5,0,0,0,0,0,0,0,0
678,風蛇,,-1,0,0,0,0,0,0,0,0,0,0,0,0,0,0,0,0,0,0,0,0,0,0,0,1,1,5,5,0,0,0,0,0,0,0,0
679,訓練假人,,-1,0,0,0,0,0,0,0,0,0,0,0,0,0,0,0,0,0,0,0,0,0,0,0,1,1,5,5,0,0,0,0,0,0,0,0
689,黑龍軍團 - 誘餌,,-1,0,0,0,0,0,0,0,0,0,0,0,0,0,0,0,0,0,0,0,0,0,0,0,1,1,5,5,0,0,0,0,0,0,0,0
709,戰場中立方,,-1,0,0,0,0,0,0,0,0,0,0,0,0,0,0,0,0,0,0,0,0,0,0,0,1,1,5,5,0,0,0,0,0,0,0,0
729,霜狼氏族,霜狼氏族設法從奧特蘭克山谷驅逐雷矛遠征隊營地的矮人。,41,892,0,0,0,0,0,0,0,0,0,0,16,6,0,0,0,-42000,0,0,42000,-42000,0,0,0,0,5,5,1309324210,-1440044374,-1321907123,1427461461,0,0,0,0
730,雷矛衛隊,雷矛矮人以奧特蘭克山谷為家，與霜狼獸人對峙著。,40,891,0,0,0,0,0,0,0,0,0,0,16,6,0,0,0,-42000,0,0,42000,-42000,0,0,0,0,5,5,-1321907123,1427461461,1309324210,-1440044374,0,0,0,0
749,海達希亞水元素,這些元素以艾薩拉東邊的島嶼為家，是拉格納羅斯軍隊不共戴天的仇敵。,42,1118,0,0,0,0,0,0,0,0,0,0,0,0,0,0,0,0,0,0,42000,0,0,0,0,0,5,5,-1,-1,0,0,0,0,0,0
750,薩弗隆火焰之王,,-1,0,0,0,0,0,0,0,0,0,0,0,0,0,0,0,0,0,0,0,0,0,0,0,1,1,5,5,0,0,0,0,0,0,0,0
769,吉茲洛克的假人,,-1,0,0,0,0,0,0,0,0,0,0,0,0,0,0,0,0,0,0,0,0,0,0,0,1,1,5,5,0,0,0,0,0,0,0,0
770,吉茲洛克的符咒,,-1,0,0,0,0,0,0,0,0,0,0,0,0,0,0,0,0,0,0,0,0,0,0,0,1,1,5,5,0,0,0,0,0,0,0,0
771,吉茲洛克,,-1,0,0,0,0,0,0,0,0,0,0,0,0,0,0,0,0,0,0,0,0,0,0,0,1,1,5,5,0,0,0,0,0,0,0,0
789,莫洛加,,-1,0,0,0,0,0,0,0,0,0,0,0,0,0,0,0,0,0,0,0,0,0,0,0,1,1,5,5,0,0,0,0,0,0,0,0
790,聯盟靈魂嚮導,,-1,0,0,0,0,0,0,0,0,0,0,0,0,0,0,0,0,0,0,0,0,0,0,0,1,1,5,5,0,0,0,0,0,0,0,0
809,辛德拉,曾經強大一時的殘存精靈居住在厄運之槌，在神秘領域裡卻仍保有智慧和博學見識。,44,1118,0,0,0,0,0,0,0,0,0,0,16,0,0,0,0,0,0,0,42000,0,0,0,0,0,5,5,-1,-1,0,0,0,0,0,0
829,巨魔（隊長克羅卡斯）,,-1,0,0,0,0,0,0,0,0,0,0,0,0,0,0,0,0,0,0,0,0,0,0,0,1,1,5,5,0,0,0,0,0,0,0,0
849,部落靈魂嚮導,,-1,0,0,0,0,0,0,0,0,0,0,0,0,0,0,0,0,0,0,0,0,0,0,0,1,1,5,5,0,0,0,0,0,0,0,0
869,加德納爾,,-1,0,0,0,0,0,0,0,0,0,0,0,0,0,0,0,0,0,0,0,0,0,0,0,1,1,5,5,0,0,0,0,0,0,0,0
889,戰歌先遣騎,戰歌氏族的兇猛獸人，於戰歌峽谷中與銀翼哨兵彼此對峙。,46,892,0,0,0,0,0,0,0,0,0,0,16,6,0,0,0,-42000,0,0,42000,-42000,0,0,0,0,7,7,1309324210,-1440044374,-1321907123,1427461461,0,0,0,0
890,銀翼哨兵,梣谷的強硬防衛者，於戰歌峽谷戰爭中與戰歌先遣騎彼此對峙。,45,891,0,0,0,0,0,0,0,0,0,0,16,6,0,0,0,-42000,0,0,42000,-42000,0,0,0,0,7,7,-1321907123,1427461461,1309324210,-1440044374,0,0,0,0
891,聯盟部隊,,47,1118,0,0,0,0,0,0,0,0,0,0,24,14,0,0,0,-42000,0,0,42000,-42000,0,0,0,0,5,5,-1321907123,1427461461,1309324210,-1440044374,0,0,0,0
892,部落軍隊,,48,1118,0,0,0,0,0,0,0,0,0,0,24,14,0,0,0,-42000,0,0,42000,-42000,0,0,0,0,5,5,1309324210,-1440044374,-1321907123,1427461461,0,0,0,0
893,惡齒食人妖,,-1,0,0,0,0,0,0,0,0,0,0,0,0,0,0,0,0,0,0,0,0,0,0,0,1,1,5,5,0,0,0,0,0,0,0,0
909,暗月馬戲團,坐落於神秘島嶼的馬戲團，獻上不可思議又非凡的表演。只有每個月的第一週能一探究竟。,50,1118,0,0,0,0,0,0,0,0,0,0,16,0,0,0,0,0,0,0,42000,0,0,0,0,0,5,5,-1,-1,0,0,0,0,0,0
910,諾茲多姆的子嗣,青銅龍軍團的後裔是時間的守護者，對凡人種族漠不關心。,54,1118,0,0,0,0,0,0,0,0,0,0,0,0,0,0,-42000,0,0,0,42000,0,0,0,0,0,5,5,-1,-1,0,0,0,0,0,0
911,銀月城,奎爾薩拉斯的首都，血精靈的家園。雖然阿薩斯對太陽之井的攻擊幾乎毀了銀月城，但它仍再次成為一個繁榮的城市。,55,67,0,0,0,0,0,0,0,0,0,0,273,6,17,17,400,-42000,4000,3100,42000,-42000,42000,42000,1,0.25,4,7,1309323682,0,-1321907123,1427461461,512,0,16,0
912,卡林多聯軍,,-1,0,0,0,0,0,0,0,0,0,0,0,0,0,0,0,0,0,0,0,0,0,0,0,1,1,5,5,0,0,0,0,0,0,0,0
914,玩家，血精靈,,-1,0,0,0,0,0,0,0,0,0,0,0,0,0,0,0,0,0,0,0,0,0,0,0,1,1,5,5,0,0,0,0,0,0,0,0
915,克蘇恩軍隊,,-1,0,0,0,0,0,0,0,0,0,0,0,0,0,0,0,0,0,0,0,0,0,0,0,1,1,5,5,0,0,0,0,0,0,0,0
916,異種攻擊者,,-1,0,0,0,0,0,0,0,0,0,0,0,0,0,0,0,0,0,0,0,0,0,0,0,1,1,5,5,0,0,0,0,0,0,0,0
917,鐵爐堡兵團,,-1,0,0,0,0,0,0,0,0,0,0,0,0,0,0,0,0,0,0,0,0,0,0,0,1,1,5,5,0,0,0,0,0,0,0,0
918,RC 敵人,,-1,0,0,0,0,0,0,0,0,0,0,0,0,0,0,0,0,0,0,0,0,0,0,0,1,1,5,5,0,0,0,0,0,0,0,0
919,RC 物件,,-1,0,0,0,0,0,0,0,0,0,0,0,0,0,0,0,0,0,0,0,0,0,0,0,1,1,5,5,0,0,0,0,0,0,0,0
920,紅色,,-1,0,0,0,0,0,0,0,0,0,0,0,0,0,0,0,0,0,0,0,0,0,0,0,1,1,5,5,0,0,0,0,0,0,0,0
921,藍色,,-1,0,0,0,0,0,0,0,0,0,0,0,0,0,0,0,0,0,0,0,0,0,0,0,1,1,5,5,0,0,0,0,0,0,0,0
922,安寧地,安寧地曾是個高等精靈的城鎮，在天譴軍團入侵奎爾薩拉斯時被放棄。被遺忘者和那些試圖驅趕天譴軍團的血精靈又重新控制了此地。,56,980,0,0,0,0,0,0,0,0,0,0,16,6,0,0,0,-42000,0,0,42000,-42000,0,0,0,0,5,5,1309324210,-1440044374,-1321907123,1427461461,0,0,0,0
923,遠行者,,-1,0,0,0,0,0,0,0,0,0,0,0,0,0,0,0,0,0,0,0,0,0,0,0,1,1,5,5,0,0,0,0,0,0,0,0
925,逐日者,,-1,0,0,0,0,0,0,0,0,0,0,0,0,0,0,0,0,0,0,0,0,0,0,0,1,1,5,5,0,0,0,0,0,0,0,0
926,博學者的公會,,-1,0,0,0,0,0,0,0,0,0,0,0,0,0,0,0,0,0,0,0,0,0,0,0,1,1,5,5,0,0,0,0,0,0,0,0
927,玩家，德萊尼,,-1,0,0,0,0,0,0,0,0,0,0,0,0,0,0,0,0,0,0,0,0,0,0,0,1,1,5,5,0,0,0,0,0,0,0,0
928,天譴入侵者,,-1,0,0,0,0,0,0,0,0,0,0,0,0,0,0,0,0,0,0,0,0,0,0,0,1,1,5,5,0,0,0,0,0,0,0,0
929,血槌氏族,,-1,469,0,0,0,0,0,0,0,0,0,0,0,0,0,0,0,0,0,0,0,0,0,0,0,0,3,3,0,0,0,0,0,0,0,0
930,艾克索達,那艘將德萊尼帶到艾澤拉斯的那魯飛船。雖然它已擱淺在藍謎島，但它仍像這支高尚種族的家園一樣。,49,469,0,0,0,0,0,0,0,0,0,0,273,6,17,0,3100,-42000,4000,0,42000,-42000,42000,0,1,0.25,4,7,-1858779059,0,1309324210,-1440044374,536871936,0,0,0
932,奧多爾,曾由費倫帶領的古老德萊尼祭司，奧多爾目前由高階女祭司伊莎納領導。他們服從撒塔斯城中名為薩塔的那魯。與占卜者彼此敵對。,58,936,0,0,0,0,0,0,0,0,0,0,80,80,80,0,0,3500,-3500,0,42000,42000,42000,0,-1.1,1,7,7,-541066753,0,536871936,0,512,0,0,0
933,聯合團,由「奈薩斯王子」哈拉瑪德率領，聯合團是一個由以太族走私者、商人和小偷組成的鬆散企業，試圖在外域獲取他們的利益。,60,980,0,0,0,0,0,0,0,0,0,0,16,0,0,0,0,0,0,0,42000,0,0,0,0,0,7,7,-1,-1,0,0,0,0,0,0
934,占卜者,『先知』沃藍索，帶領反對凱爾薩斯奪權的血精靈們。他們加入了撒塔斯城的那魯。和奧多爾彼此敵視。,62,936,0,0,0,0,0,0,0,0,0,0,80,80,80,0,0,-3500,3500,0,42000,42000,42000,0,-1.1,1,7,7,-541066753,0,536871936,0,512,0,0,0
935,薩塔,薩塔由一群強大的那魯所組成，統治著重建的撒塔斯城。在奧多爾與占卜者的協助下對抗著伊利丹和燃燒軍團。,39,936,0,0,0,0,0,0,0,0,0,0,16,0,0,0,0,0,0,0,42000,0,0,0,0.5,0,4,3,-1,-1,0,0,0,0,0,0
936,撒塔斯城,,59,980,0,0,0,0,0,0,0,0,0,0,28,0,0,0,0,0,0,0,42000,0,0,0,0,0,7,7,-1,-1,0,0,0,0,0,0
937,食人妖，森林,,-1,0,0,0,0,0,0,0,0,0,0,0,0,0,0,0,0,0,0,0,0,0,0,0,1,1,5,5,0,0,0,0,0,0,0,0
938,歐曼奈,,-1,0,0,0,0,0,0,0,0,0,0,0,0,0,0,0,0,0,0,0,0,0,0,0,1,1,5,5,0,0,0,0,0,0,0,0
940,洛薩之子,,-1,0,0,0,0,0,0,0,0,0,0,0,0,0,0,0,0,0,0,0,0,0,0,0,1,1,5,5,0,0,0,0,0,0,0,0
941,瑪格哈,這個由棕色皮膚獸人所組成的孤寂團隊躲過了惡魔的腐化。他們在外域面臨了巨大改變但也保留了傳統生活方式。,61,980,0,0,0,0,0,0,0,0,0,0,16,6,0,0,-500,-42000,0,0,42000,-42000,0,0,0,0,5,5,1309324210,-1440044374,-1321907123,1427461461,0,0,0,0
942,塞納里奧遠征隊,一批由塞納里奧議會派至外域研究倖存生命形態的探勘團隊。塞納里奧遠征隊在黑暗之門敞開後便快速擴大並獲得自治權。,64,980,0,0,0,0,0,0,0,0,0,0,16,0,0,0,0,0,0,0,42000,0,0,0,0,0,5,5,-1,-1,0,0,0,0,0,0
943,魔獄獸人,,-1,0,0,0,0,0,0,0,0,0,0,0,0,0,0,0,0,0,0,0,0,0,0,0,1,1,5,5,0,0,0,0,0,0,0,0
944,魔獄獸人鬼魂,,-1,0,0,0,0,0,0,0,0,0,0,0,0,0,0,0,0,0,0,0,0,0,0,0,1,1,5,5,0,0,0,0,0,0,0,0
945,洛薩之子鬼魂,,-1,0,0,0,0,0,0,0,0,0,0,0,0,0,0,0,0,0,0,0,0,0,0,0,1,1,5,5,0,0,0,0,0,0,0,0
946,榮譽堡,殘存的洛薩之子，聯盟中首批來到外域的老兵，已經穩固的堅守著地獄火前哨站。目前已和暴風城與鐵爐堡的軍隊匯流。,38,980,0,0,0,0,0,0,0,0,0,0,16,0,0,0,0,-42000,0,0,42000,-42000,0,0,0,0,5,5,-1321907123,1427461461,1309324210,-1440044374,0,0,0,0
947,索爾瑪,遠征隊通過了黑暗之門，索爾在地獄火半島建造了一個要塞。索爾瑪在外域擔任很多部落活動的指揮官。,37,980,0,0,0,0,0,0,0,0,0,0,16,0,0,0,0,-42000,0,0,42000,-42000,0,0,0,0,5,5,1309324210,-1440044374,-1321907123,1427461461,0,0,0,0
948,Test Faction 2,,86,949,0,0,0,0,0,0,0,0,0,0,8,0,0,0,0,0,0,0,42000,0,0,0,1,1,5,5,58732543,0,0,0,0,0,0,0
949,Test Faction 1,,85,0,0,184,0,0,0,0,0,0,0,0,24,0,0,0,0,0,0,0,62000,0,0,0,1,1,5,5,-1,-1,0,0,0,0,0,0
950,ToWoW - Flag,,-1,0,0,0,0,0,0,0,0,0,0,0,0,0,0,0,0,0,0,0,0,0,0,0,1,1,5,5,0,0,0,0,0,0,0,0
951,ToWoW - Flag Trigger Alliance（DND）,,-1,0,0,0,0,0,0,0,0,0,0,0,0,0,0,0,0,0,0,0,0,0,0,0,1,1,5,5,0,0,0,0,0,0,0,0
952,Test Faction 3,,87,948,0,0,0,0,0,0,0,0,0,0,0,0,0,0,0,0,0,0,42000,0,0,0,1,1,5,5,-1,-1,0,0,0,0,0,0
954,ToWoW - Flag Trigger Horde（DND）,,-1,0,0,0,0,0,0,0,0,0,0,0,0,0,0,0,0,0,0,0,0,0,0,0,1,1,5,5,0,0,0,0,0,0,0,0
955,破碎者,,-1,0,0,0,0,0,0,0,0,0,0,0,0,0,0,0,0,0,0,0,0,0,0,0,1,1,5,5,0,0,0,0,0,0,0,0
956,以太皇族,,-1,0,0,0,0,0,0,0,0,0,0,0,0,0,0,0,0,0,0,0,0,0,0,0,1,1,5,5,0,0,0,0,0,0,0,0
957,元素，地,,-1,0,0,0,0,0,0,0,0,0,0,0,0,0,0,0,0,0,0,0,0,0,0,0,1,1,5,5,0,0,0,0,0,0,0,0
958,戰鬥機器人,,-1,0,0,0,0,0,0,0,0,0,0,0,0,0,0,0,0,0,0,0,0,0,0,0,1,1,5,5,0,0,0,0,0,0,0,0
959,善良行動者,,-1,0,0,0,0,0,0,0,0,0,0,0,0,0,0,0,0,0,0,0,0,0,0,0,1,1,5,5,0,0,0,0,0,0,0,0
960,邪惡行動者,,-1,0,0,0,0,0,0,0,0,0,0,0,0,0,0,0,0,0,0,0,0,0,0,0,1,1,5,5,0,0,0,0,0,0,0,0
961,靜松熊怪,,-1,0,0,0,0,0,0,0,0,0,0,0,0,0,0,0,0,0,0,0,0,0,0,0,1,1,5,5,0,0,0,0,0,0,0,0
962,瘋狂的梟獸,,-1,0,0,0,0,0,0,0,0,0,0,0,0,0,0,0,0,0,0,0,0,0,0,0,1,1,5,5,0,0,0,0,0,0,0,0
963,聯盟西洋棋,,-1,0,0,0,0,0,0,0,0,0,0,0,0,0,0,0,0,0,0,0,0,0,0,0,1,1,5,5,0,0,0,0,0,0,0,0
964,部落西洋棋,,-1,0,0,0,0,0,0,0,0,0,0,0,0,0,0,0,0,0,0,0,0,0,0,0,1,1,5,5,0,0,0,0,0,0,0,0
965,怪盜史霸,,-1,0,0,0,0,0,0,0,0,0,0,0,0,0,0,0,0,0,0,0,0,0,0,0,1,1,5,5,0,0,0,0,0,0,0,0
966,怪盜史霸黨羽,,-1,0,0,0,0,0,0,0,0,0,0,0,0,0,0,0,0,0,0,0,0,0,0,0,1,1,5,5,0,0,0,0,0,0,0,0
967,紫羅蘭之眼,祈倫托為了監視麥迪文和他的行動而成立的一支秘密派別。,63,980,0,0,0,0,0,0,0,0,0,0,16,0,0,0,0,0,0,0,42000,0,0,0,0,0,5,5,-1,-1,0,0,0,0,0,0
968,太陽之鷹,,-1,0,0,0,0,0,0,0,0,0,0,0,0,0,0,0,0,0,0,0,0,0,0,0,1,1,5,5,0,0,0,0,0,0,0,0
969,阿古斯之手,,-1,0,0,0,0,0,0,0,0,0,0,0,0,0,0,0,0,0,0,0,0,0,0,0,1,1,5,5,0,0,0,0,0,0,0,0
970,斯博格爾,孢子人是外域土生土長的蘑菇人種族，大部份的人都崇尚和平。他們的家園位在贊格沼澤的南方沼澤。,65,980,0,0,0,0,0,0,0,0,0,0,0,0,0,0,-2500,0,0,0,42000,0,0,0,0,0,5,5,-1,-1,0,0,0,0,0,0
971,真菌巨人,,-1,0,0,0,0,0,0,0,0,0,0,0,0,0,0,0,0,0,0,0,0,0,0,0,1,1,5,5,0,0,0,0,0,0,0,0
972,孢子蝙蝠,,-1,0,0,0,0,0,0,0,0,0,0,0,0,0,0,0,0,0,0,0,0,0,0,0,1,1,5,5,0,0,0,0,0,0,0,0
973,怪物，掠奪者,,-1,0,0,0,0,0,0,0,0,0,0,0,0,0,0,0,0,0,0,0,0,0,0,0,1,1,5,5,0,0,0,0,0,0,0,0
974,怪物，犧牲者,,-1,0,0,0,0,0,0,0,0,0,0,0,0,0,0,0,0,0,0,0,0,0,0,0,1,1,5,5,0,0,0,0,0,0,0,0
975,虛無異象,,-1,0,0,0,0,0,0,0,0,0,0,0,0,0,0,0,0,0,0,0,0,0,0,0,1,1,5,5,0,0,0,0,0,0,0,0
976,海加爾防衛者,,-1,0,0,0,0,0,0,0,0,0,0,0,0,0,0,0,0,0,0,0,0,0,0,0,1,1,5,5,0,0,0,0,0,0,0,0
977,海加爾入侵者,,-1,0,0,0,0,0,0,0,0,0,0,0,0,0,0,0,0,0,0,0,0,0,0,0,1,1,5,5,0,0,0,0,0,0,0,0
978,卡爾奈,德萊尼語中的『得救者』。這些破碎者逃離各方奴役他們的魔爪，並且在納葛蘭建立他們的家園，找尋新的命運。,66,980,0,0,0,0,0,0,0,0,0,0,16,0,0,0,-1200,-42000,0,0,42000,-42000,0,0,0,0,5,5,-1321907123,1427461461,1309324210,-1440044374,0,0,0,0
979,陶土議會，舊世界,,-1,0,0,0,0,0,0,0,0,0,0,0,0,0,0,0,0,0,0,0,0,0,0,0,1,1,5,5,0,0,0,0,0,0,0,0
980,燃燒的遠征,,43,0,1,0,0,0,0,0,0,0,0,0,4120,0,0,0,0,0,0,0,0,0,0,0,0,0,5,5,-1,-1,0,0,0,0,0,0
981,阿拉卡,,-1,0,0,0,0,0,0,0,0,0,0,0,0,0,0,0,0,0,0,0,0,0,0,0,1,1,5,5,0,0,0,0,0,0,0,0
982,贊格沼澤旌旗（聯盟）,,-1,0,0,0,0,0,0,0,0,0,0,0,0,0,0,0,0,0,0,0,0,0,0,0,1,1,5,5,0,0,0,0,0,0,0,0
983,贊格沼澤旌旗（部落）,,-1,0,0,0,0,0,0,0,0,0,0,0,0,0,0,0,0,0,0,0,0,0,0,0,1,1,5,5,0,0,0,0,0,0,0,0
984,贊格沼澤旌旗（中立）,,-1,0,0,0,0,0,0,0,0,0,0,0,0,0,0,0,0,0,0,0,0,0,0,0,1,1,5,5,0,0,0,0,0,0,0,0
985,時光之穴 - 索爾,,-1,0,0,0,0,0,0,0,0,0,0,0,0,0,0,0,0,0,0,0,0,0,0,0,1,1,5,5,0,0,0,0,0,0,0,0
986,時光之穴 - 敦霍爾德,,-1,0,0,0,0,0,0,0,0,0,0,0,0,0,0,0,0,0,0,0,0,0,0,0,1,1,5,5,0,0,0,0,0,0,0,0
987,時光之穴 - 南海鎮衛兵,,-1,0,0,0,0,0,0,0,0,0,0,0,0,0,0,0,0,0,0,0,0,0,0,0,1,1,5,5,0,0,0,0,0,0,0,0
988,暗影議會藏身處,,-1,0,0,0,0,0,0,0,0,0,0,0,0,0,0,0,0,0,0,0,0,0,0,0,1,1,5,5,0,0,0,0,0,0,0,0
989,時光守望者,時光守望者是諾茲多姆精挑細選來看守時光之穴的青銅龍群。,67,980,0,0,0,0,0,0,0,0,0,0,16,0,0,0,0,0,0,0,42000,0,0,0,0,0,5,5,-1,-1,0,0,0,0,0,0
990,流沙之鱗,青銅龍軍團神秘的成員，由索芮朵蜜所領導，諾茲多姆的首位配偶。,57,980,0,0,0,0,0,0,0,0,0,0,16,0,0,0,0,0,0,0,42000,0,0,0,0,0,5,5,-1,-1,0,0,0,0,0,0
991,黑暗之門防衛者，聯盟,,-1,0,0,0,0,0,0,0,0,0,0,0,0,0,0,0,0,0,0,0,0,0,0,0,1,1,5,5,0,0,0,0,0,0,0,0
992,黑暗之門防衛者，部落,,-1,0,0,0,0,0,0,0,0,0,0,0,0,0,0,0,0,0,0,0,0,0,0,0,1,1,5,5,0,0,0,0,0,0,0,0
993,黑暗之門攻擊者，軍團,,-1,0,0,0,0,0,0,0,0,0,0,0,0,0,0,0,0,0,0,0,0,0,0,0,1,1,5,5,0,0,0,0,0,0,0,0
994,煽動觸發器,用於『煽動者』黑心事件。,-1,0,0,0,0,0,0,0,0,0,0,0,0,0,0,0,0,0,0,0,0,0,0,0,1,1,5,5,0,0,0,0,0,0,0,0
995,煽動觸發器 2,用於『煽動者』黑心事件。,-1,0,0,0,0,0,0,0,0,0,0,0,0,0,0,0,0,0,0,0,0,0,0,0,1,1,5,5,0,0,0,0,0,0,0,0
996,煽動觸發器 3,用於『煽動者』黑心事件。,-1,0,0,0,0,0,0,0,0,0,0,0,0,0,0,0,0,0,0,0,0,0,0,0,1,1,5,5,0,0,0,0,0,0,0,0
997,煽動觸發器 4,用於『煽動者』黑心事件。,-1,0,0,0,0,0,0,0,0,0,0,0,0,0,0,0,0,0,0,0,0,0,0,0,1,1,5,5,0,0,0,0,0,0,0,0
998,煽動觸發器 5,用於『煽動者』黑心事件。,-1,0,0,0,0,0,0,0,0,0,0,0,0,0,0,0,0,0,0,0,0,0,0,0,1,1,5,5,0,0,0,0,0,0,0,0
999,法力怪物,,-1,0,0,0,0,0,0,0,0,0,0,0,0,0,0,0,0,0,0,0,0,0,0,0,1,1,5,5,0,0,0,0,0,0,0,0
1000,卡德加的僕從,,-1,0,0,0,0,0,0,0,0,0,0,0,0,0,0,0,0,0,0,0,0,0,0,0,1,1,5,5,0,0,0,0,0,0,0,0
1001,劍刃氏族,,-1,0,0,0,0,0,0,0,0,0,0,0,0,0,0,0,0,0,0,0,0,0,0,0,1,1,5,5,0,0,0,0,0,0,0,0
1002,以太皇族,,-1,0,0,0,0,0,0,0,0,0,0,0,0,0,0,0,0,0,0,0,0,0,0,0,1,1,5,5,0,0,0,0,0,0,0,0
1003,護國者,,-1,0,0,0,0,0,0,0,0,0,0,0,0,0,0,0,0,0,0,0,0,0,0,0,1,1,5,5,0,0,0,0,0,0,0,0
1004,秘法殲滅者（DNR）,,-1,0,0,0,0,0,0,0,0,0,0,0,0,0,0,0,0,0,0,0,0,0,0,0,1,1,5,5,0,0,0,0,0,0,0,0
1005,友善，隱藏,,68,0,0,0,0,0,0,0,-1,0,0,0,20,0,0,0,3000,0,0,0,30000,0,0,0,1,1,5,5,-1,-1,0,0,0,0,0,0
1006,肯瑞瓦 - 德崔克,,-1,0,0,0,0,0,0,0,0,0,0,0,0,0,0,0,0,0,0,0,0,0,0,0,1,1,5,5,0,0,0,0,0,0,0,0
1007,肯瑞瓦 - 貝爾瑪拉,,-1,0,0,0,0,0,0,0,0,0,0,0,0,0,0,0,0,0,0,0,0,0,0,0,1,1,5,5,0,0,0,0,0,0,0,0
1008,肯瑞瓦 - 盧瑞斯,,-1,0,0,0,0,0,0,0,0,0,0,0,0,0,0,0,0,0,0,0,0,0,0,0,1,1,5,5,0,0,0,0,0,0,0,0
1009,肯瑞瓦 - 考林,,-1,0,0,0,0,0,0,0,0,0,0,0,0,0,0,0,0,0,0,0,0,0,0,0,1,1,5,5,0,0,0,0,0,0,0,0
1010,伊利丹的僕人,,-1,0,0,0,0,0,0,0,0,0,0,0,0,0,0,0,0,0,0,0,0,0,0,0,1,1,5,5,0,0,0,0,0,0,0,0
1011,陰鬱城,撒塔斯的難民來自於不同背景和種族。而助人的義舉總是在陰鬱城居民之間迅速流傳。,69,936,0,0,0,0,0,0,-1,0,0,0,16,0,0,0,0,0,0,0,42000,0,0,0,0,0,3,3,-1,-1,0,0,0,0,0,0
1012,灰舌死亡誓言者,灰舌是眾所皆知的破碎者部族精英，正式地與伊利丹結盟。死亡誓言者是阿卡瑪最信任的副官，同時參與他們領袖的秘密活動。,70,980,0,0,0,0,0,0,0,0,0,0,16,0,0,0,0,0,0,0,42000,0,0,0,0,0,3,3,-1,-1,0,0,0,0,0,0
1013,暗月的靈魂 1,,-1,0,0,0,0,0,0,0,0,0,0,0,0,0,0,0,0,0,0,0,0,0,0,0,1,1,5,5,0,0,0,0,0,0,0,0
1014,暗月的靈魂 2,,-1,0,0,0,0,0,0,0,0,0,0,0,0,0,0,0,0,0,0,0,0,0,0,0,1,1,5,5,0,0,0,0,0,0,0,0
1015,虛空之翼,這支不尋常的龍族血裔源於死亡之翼的黑龍軍團，並受到虛空獨特的能量所影響。如今，他們試著在父親毀滅天性的陰影下認清自己。,71,980,0,0,0,0,0,0,-1,0,0,0,2,0,0,0,-42000,0,0,0,42000,0,0,0,0,0,5,5,-1,-1,0,0,0,0,0,0
1016,巨龍教團,,-1,0,0,0,0,0,0,0,0,0,0,0,0,0,0,0,0,0,0,0,0,0,0,0,1,1,5,5,0,0,0,0,0,0,0,0
1017,樹人,,-1,0,0,0,0,0,0,0,0,0,0,0,0,0,0,0,0,0,0,0,0,0,0,0,1,1,5,5,0,0,0,0,0,0,0,0
1018,李奧薩拉斯惡魔 I,,-1,0,0,0,0,0,0,0,0,0,0,0,0,0,0,0,0,0,0,0,0,0,0,0,1,1,5,5,0,0,0,0,0,0,0,0
1019,李奧薩拉斯惡魔 II,,-1,0,0,0,0,0,0,0,0,0,0,0,0,0,0,0,0,0,0,0,0,0,0,0,1,1,5,5,0,0,0,0,0,0,0,0
1020,李奧薩拉斯惡魔 III,,-1,0,0,0,0,0,0,0,0,0,0,0,0,0,0,0,0,0,0,0,0,0,0,0,1,1,5,5,0,0,0,0,0,0,0,0
1021,李奧薩拉斯惡魔 IV,,-1,0,0,0,0,0,0,0,0,0,0,0,0,0,0,0,0,0,0,0,0,0,0,0,1,1,5,5,0,0,0,0,0,0,0,0
1022,李奧薩拉斯惡魔 V,,-1,0,0,0,0,0,0,0,0,0,0,0,0,0,0,0,0,0,0,0,0,0,0,0,1,1,5,5,0,0,0,0,0,0,0,0
1023,阿薩羅斯,,-1,0,0,0,0,0,0,0,0,0,0,0,0,0,0,0,0,0,0,0,0,0,0,0,1,1,5,5,0,0,0,0,0,0,0,0
1024,剝石者,,-1,0,0,0,0,0,0,0,0,0,0,0,0,0,0,0,0,0,0,0,0,0,0,0,1,1,5,5,0,0,0,0,0,0,0,0
1025,剝皮獵人,,-1,0,0,0,0,0,0,0,0,0,0,0,0,0,0,0,0,0,0,0,0,0,0,0,1,1,5,5,0,0,0,0,0,0,0,0
1026,影月遮蔽處,,-1,0,0,0,0,0,0,0,0,0,0,0,0,0,0,0,0,0,0,0,0,0,0,0,1,1,5,5,0,0,0,0,0,0,0,0
1027,軍團通報器,,-1,0,0,0,0,0,0,0,0,0,0,0,0,0,0,0,0,0,0,0,0,0,0,0,1,1,5,5,0,0,0,0,0,0,0,0
1028,鴉林長者,,-1,0,0,0,0,0,0,0,0,0,0,0,0,0,0,0,0,0,0,0,0,0,0,0,1,1,5,5,0,0,0,0,0,0,0,0
1029,西洋棋，合適的西洋棋,,-1,0,0,0,0,0,0,0,0,0,0,0,0,0,0,0,0,0,0,0,0,0,0,0,1,1,5,5,0,0,0,0,0,0,0,0
1030,黑暗神廟大門 - 伊利達瑞,,-1,0,0,0,0,0,0,0,0,0,0,0,0,0,0,0,0,0,0,0,0,0,0,0,1,1,5,5,0,0,0,0,0,0,0,0
1031,薩塔禦天者,一支由撒塔斯城召集的空軍軍隊，專門對付接近外域最高範圍的威脅。,72,936,0,0,0,0,0,0,-1,0,0,0,16,0,0,0,0,0,0,0,42000,0,0,0,0,0,5,5,-1,-1,0,0,0,0,0,0
1032,52區,,-1,0,0,0,0,0,0,0,0,0,0,0,0,0,0,0,0,0,0,0,0,0,0,0,1,1,5,5,0,0,0,0,0,0,0,0
1033,瑪翼夫,,-1,0,0,0,0,0,0,0,0,0,0,0,0,0,0,0,0,0,0,0,0,0,0,0,1,1,5,5,0,0,0,0,0,0,0,0
1034,司凱堤斯暗影阿拉卡,,-1,0,0,0,0,0,0,0,0,0,0,0,0,0,0,0,0,0,0,0,0,0,0,0,1,1,5,5,0,0,0,0,0,0,0,0
1035,司凱堤斯阿拉卡,,-1,0,0,0,0,0,0,0,0,0,0,0,0,0,0,0,0,0,0,0,0,0,0,0,1,1,5,5,0,0,0,0,0,0,0,0
1036,龍喉敵人,,-1,0,0,0,0,0,0,0,0,0,0,0,0,0,0,0,0,0,0,0,0,0,0,0,1,1,5,5,0,0,0,0,0,0,0,0
1037,聯盟先鋒,聯盟在北裂境的聯軍是由驍勇遠征軍主導，但也包含了各種平民組成的團體，例如探險者協會。,88,1097,0,0,0,0,0,0,0,0,0,0,136,6,0,0,0,0,0,0,42000,0,0,0,0,0,5,5,-1321907123,1427461461,1309324210,-1440044374,0,0,0,0
1038,歐格利拉,歐格利拉有知識的居民都住在劍刃山脈西邊，鄰近頂尖水晶讓他們超越了野蠻的巨魔天性。,73,980,0,0,0,0,0,0,0,0,0,0,16,0,0,0,0,0,0,0,42000,0,0,0,0,0,5,5,-1,-1,0,0,0,0,0,0
1039,劫毀者,,-1,0,0,0,0,0,0,0,0,0,0,0,0,0,0,0,0,0,0,0,0,0,0,0,1,1,5,5,0,0,0,0,0,0,0,0
1040,REUSE,,-1,0,0,0,0,0,0,0,0,0,0,0,0,0,0,0,0,0,0,0,0,0,0,0,1,1,5,5,0,0,0,0,0,0,0,0
1041,狂亂,,-1,0,0,0,0,0,0,0,0,0,0,0,0,0,0,0,0,0,0,0,0,0,0,0,1,1,5,5,0,0,0,0,0,0,0,0
1042,禦天者敵人,,-1,0,0,0,0,0,0,0,0,0,0,0,0,0,0,0,0,0,0,0,0,0,0,0,1,1,5,5,0,0,0,0,0,0,0,0
1043,臭鼬，喇叭花,,-1,0,0,0,0,0,0,0,0,0,0,0,0,0,0,0,0,0,0,0,0,0,0,0,1,1,5,5,0,0,0,0,0,0,0,0
1044,塞拉摩叛逃者,,-1,0,0,0,0,0,0,0,0,0,0,0,0,0,0,0,0,0,0,0,0,0,0,0,1,1,5,5,0,0,0,0,0,0,0,0
1045,維酷人,,-1,0,0,0,0,0,0,0,0,0,0,0,0,0,0,0,0,0,0,0,0,0,0,0,1,1,5,5,0,0,0,0,0,0,0,0
1046,北海海賊,,-1,0,0,0,0,0,0,0,0,0,0,0,0,0,0,0,0,0,0,0,0,0,0,0,1,1,5,5,0,0,0,0,0,0,0,0
1047,巨牙海民,,-1,0,0,0,0,0,0,0,0,0,0,0,0,0,0,0,0,0,0,0,0,0,0,0,1,1,5,5,0,0,0,0,0,0,0,0
1048,UNUSED,,-1,0,0,0,0,0,0,0,0,0,0,0,0,0,0,0,0,0,0,0,0,0,0,0,1,1,5,5,0,0,0,0,0,0,0,0
1049,食人妖，阿曼尼,,-1,0,0,0,0,0,0,0,0,0,0,0,0,0,0,0,0,0,0,0,0,0,0,0,1,1,5,5,0,0,0,0,0,0,0,0
1050,驍勇遠征軍,聯盟在北裂境的主要軍隊，致力對抗天譴軍團並且統合於瓦里安‧烏瑞恩國王的指揮之下。,74,1037,0,0,0,0,0,0,0,0,0,0,16,6,0,0,0,-42000,0,0,42000,-42000,0,0,0.5,0.5,7,7,-1321907123,1427461461,1309324210,-1440044374,0,0,0,0
1051,UNUSED,,-1,0,0,0,0,0,0,0,0,0,0,0,0,0,0,0,0,0,0,0,0,0,0,0,1,1,5,5,0,0,0,0,0,0,0,0
1052,部落遠征軍,部落在北裂境的聯合部隊，由戰歌進攻部隊擔任先鋒。,75,1097,0,0,0,0,0,0,0,0,0,0,152,0,0,0,0,-42000,0,0,42000,-42000,0,0,0,0,5,5,1309324210,-1440044374,-1321907123,1427461461,0,0,0,0
1053,鎮西衛,,-1,0,0,0,0,0,0,0,0,0,0,0,0,0,0,0,0,0,0,0,0,0,0,0,1,1,5,5,0,0,0,0,0,0,0,0
1054,斑點獅鷲獸,,-1,0,0,0,0,0,0,0,0,0,0,0,0,0,0,0,0,0,0,0,0,0,0,0,1,1,5,5,0,0,0,0,0,0,0,0
1055,被馴服的瘟疫獵犬,,-1,0,0,0,0,0,0,0,0,0,0,0,0,0,0,0,0,0,0,0,0,0,0,0,1,1,5,5,0,0,0,0,0,0,0,0
1056,維酷人（先靈1）,,-1,0,0,0,0,0,0,0,0,0,0,0,0,0,0,0,0,0,0,0,0,0,0,0,1,1,5,5,0,0,0,0,0,0,0,0
1057,維酷人（先靈2）,,-1,0,0,0,0,0,0,0,0,0,0,0,0,0,0,0,0,0,0,0,0,0,0,0,1,1,5,5,0,0,0,0,0,0,0,0
1058,維酷人（先靈3）,,-1,0,0,0,0,0,0,0,0,0,0,0,0,0,0,0,0,0,0,0,0,0,0,0,1,1,5,5,0,0,0,0,0,0,0,0
1059,奪取旗幟 - 旗幟 - 聯盟,,-1,0,0,0,0,0,0,0,0,0,0,0,0,0,0,0,0,0,0,0,0,0,0,0,1,1,5,5,0,0,0,0,0,0,0,0
1060,Test,,-1,0,0,0,0,0,0,0,0,0,0,0,0,0,0,0,0,0,0,0,0,0,0,0,1,1,5,5,0,0,0,0,0,0,0,0
1061,維酷人,,-1,0,0,0,0,0,0,0,0,0,0,0,0,0,0,0,0,0,0,0,0,0,0,0,1,1,5,5,0,0,0,0,0,0,0,0
1062,維酷鬥士,,-1,0,0,0,0,0,0,0,0,0,0,0,0,0,0,0,0,0,0,0,0,0,0,0,1,1,5,5,0,0,0,0,0,0,0,0
1063,瓦爾加德戰鬥連隊,,-1,0,0,0,0,0,0,0,0,0,0,0,0,0,0,0,0,0,0,0,0,0,0,0,1,1,5,5,0,0,0,0,0,0,0,0
1064,坦卡族,這群堅毅的民族是牛頭人的遠親，在他們往北遷移時也成為了部落軍隊最有價值的斥候。,76,1052,0,0,0,0,0,0,0,0,0,0,16,6,0,0,0,-42000,0,0,42000,-42000,0,0,0.5,0.5,7,7,1309324210,-1440044374,-1321907123,1427461461,0,0,0,0
1065,怪物，地區強迫回應1,,-1,0,0,0,0,0,0,0,0,0,0,0,0,0,0,0,0,0,0,0,0,0,0,0,1,1,5,5,0,0,0,0,0,0,0,0
1066,怪物，地區強迫回應2,,-1,0,0,0,0,0,0,0,0,0,0,0,0,0,0,0,0,0,0,0,0,0,0,0,1,1,5,5,0,0,0,0,0,0,0,0
1067,復仇之手,肩負著希瓦娜斯‧風行者命令的被遺忘者，要為了幽暗城對阿薩斯展開復仇，他們將會散佈最新菌種的致命瘟疫。,77,1052,0,0,0,0,0,0,0,0,0,0,16,0,0,0,0,-42000,0,0,42000,-42000,0,0,0.5,0.5,7,7,1309324210,-1440044374,-1321907123,1427461461,0,0,0,0
1068,探險者協會,這個組織透過收集泰坦神器想要揭開矮人種族起源的秘密。而最近的研究將他們引領到北裂境的許多考古據點。,78,1037,0,0,0,0,0,0,0,0,0,0,16,6,0,0,0,-42000,0,0,42000,-42000,0,0,0.5,0.5,7,7,-1321907123,1427461461,1309324210,-1440044374,0,0,0,0
1069,山羊競速強化道具 DND,,-1,0,0,0,0,0,0,0,0,0,0,0,0,0,0,0,0,0,0,0,0,0,0,0,1,1,5,5,0,0,0,0,0,0,0,0
1070,山羊競速陷阱 DND,,-1,0,0,0,0,0,0,0,0,0,0,0,0,0,0,0,0,0,0,0,0,0,0,0,1,1,5,5,0,0,0,0,0,0,0,0
1071,克瑞格的松鼠,測試用,-1,0,0,0,0,0,0,0,0,0,0,0,0,0,0,0,0,0,0,0,0,0,0,0,1,1,5,5,0,0,0,0,0,0,0,0
1072,[DNT] AC Major Faction Child Renown Test,,407,2503,9,0,0,0,0,0,0,0,0,0,0,0,0,0,0,0,0,0,42000,0,0,0,0,0,0,0,0,0,0,0,0,0,0,0
1073,卡魯耶克,巨牙海民是一群堅毅但愛好和平的種族，靠著捕魚和獵鯨為生。他們的聚落最近受到了猛烈的攻擊，他們歡迎任何能夠提供協助的盟友。,79,1097,0,0,0,0,0,0,0,0,0,0,16,0,0,0,0,0,0,0,42000,0,0,0,0,0,5,5,-1,-1,0,0,0,0,0,0
1074,節日 - 水桶,,-1,0,0,0,0,0,0,0,0,0,0,0,0,0,0,0,0,0,0,0,0,0,0,0,1,1,5,5,0,0,0,0,0,0,0,0
1075,節日 - 通稱,,-1,0,0,0,0,0,0,0,0,0,0,0,0,0,0,0,0,0,0,0,0,0,0,0,1,1,5,5,0,0,0,0,0,0,0,0
1076,鐵矮人,,-1,0,0,0,0,0,0,0,0,0,0,0,0,0,0,0,0,0,0,0,0,0,0,0,1,1,5,5,0,0,0,0,0,0,0,0
1077,破碎之日進攻部隊,撒塔斯城在太陽之井對凱爾薩斯王子計畫的最後一擊。,80,936,0,0,0,0,0,0,0,0,0,0,16,0,0,0,0,0,0,0,42000,0,0,0,0,0,5,5,-1,-1,0,0,0,0,0,0
1078,對戰小寵物,,-1,0,0,0,0,0,0,0,0,0,0,0,0,0,0,0,0,0,0,0,0,0,0,0,1,1,5,5,0,0,0,0,0,0,0,0
1079,冬鰭魚人,,-1,0,0,0,0,0,0,0,0,0,0,0,0,0,0,0,0,0,0,0,0,0,0,0,1,1,5,5,0,0,0,0,0,0,0,0
1080,友善，強制反應1,,-1,0,0,0,0,0,0,0,0,0,0,0,0,0,0,0,0,0,0,0,0,0,0,0,1,1,5,5,0,0,0,0,0,0,0,0
1081,目標，強制反應,,-1,0,0,0,0,0,0,0,0,0,0,0,0,0,0,0,0,0,0,0,0,0,0,0,1,1,5,5,0,0,0,0,0,0,0,0
1083,REUSE,,-1,0,0,0,0,0,0,0,0,0,0,0,0,0,0,0,0,0,0,0,0,0,0,0,1,1,5,5,0,0,0,0,0,0,0,0
1084,海汐維酷人,,-1,0,0,0,0,0,0,0,0,0,0,0,0,0,0,0,0,0,0,0,0,0,0,0,1,1,5,5,0,0,0,0,0,0,0,0
1085,戰歌進攻部隊,卡爾洛斯‧地獄吼指揮著部落的主要遠征部隊，他們將深入北裂境並且面對阿薩斯與天譴軍團的大軍。,81,1052,0,0,0,0,0,0,0,0,0,0,6,16,0,0,-42000,0,0,0,-42000,42000,0,0,0.5,0.5,7,7,-1321907123,1427461461,1309324210,-1440044374,0,0,0,0
1086,盜獵者,,-1,0,0,0,0,0,0,0,0,0,0,0,0,0,0,0,0,0,0,0,0,0,0,0,1,1,5,5,0,0,0,0,0,0,0,0
1087,節日怪物,,-1,0,0,0,0,0,0,0,0,0,0,0,0,0,0,0,0,0,0,0,0,0,0,0,1,1,5,5,0,0,0,0,0,0,0,0
1088,紅牙熊怪,,-1,0,0,0,0,0,0,0,0,0,0,0,0,0,0,0,0,0,0,0,0,0,0,0,1,1,5,5,0,0,0,0,0,0,0,0
1089,霜掌熊怪,,-1,0,0,0,0,0,0,0,0,0,0,0,0,0,0,0,0,0,0,0,0,0,0,0,1,1,5,5,0,0,0,0,0,0,0,0
1090,祈倫托,統治達拉然的大法師與諸多法師。為了對抗藍龍軍團與天譴軍團的持續威脅，他們將整座城市傳送至北裂境的中心。,84,1097,0,0,0,0,0,0,8063,8063,128,128,16,16,16,16,0,0,3000,3000,42000,42000,42000,42000,0,0,5,5,-1321907123,1427461461,1309324210,-1440044374,-1321907123,1427461461,1309324210,-1440044374
1091,龍眠協調者,藍龍軍團對所有的凡人魔法使用者採取了激烈而暴力的手段，其他的龍群在紅龍軍團的領導下與他們剛愎任性的同類展開戰鬥。,83,1097,0,0,0,0,0,0,0,0,0,0,16,0,0,0,0,0,0,0,42000,0,0,0,0,0,5,5,-1,-1,0,0,0,0,0,0
1092,阿茲歐-奈幽,,-1,0,0,0,0,0,0,0,0,0,0,0,0,0,0,0,0,0,0,0,0,0,0,0,1,1,5,5,0,0,0,0,0,0,0,0
1093,REUSE,,-1,0,0,0,0,0,0,0,0,0,0,0,0,0,0,0,0,0,0,0,0,0,0,0,1,1,5,5,0,0,0,0,0,0,0,0
1094,白銀誓盟,一群激進好戰的高等精靈，強烈地反對血精靈加入祈倫托。他們集結在凡蕾莎‧風行者的旌旗之下，並且加入了北裂境的聯盟部隊。,90,1037,0,0,0,0,0,0,0,0,0,0,16,6,0,0,0,-42000,0,0,42000,-42000,0,0,0.5,0.5,7,7,-1321907123,1427461461,1309324210,-1440044374,0,0,0,0
1095,灰白之丘陷捕者,,-1,0,0,0,0,0,0,0,0,0,0,0,0,0,0,0,0,0,0,0,0,0,0,0,1,1,5,5,0,0,0,0,0,0,0,0
1096,REUSE,,-1,0,0,0,0,0,0,0,0,0,0,0,0,0,0,0,0,0,0,0,0,0,0,0,1,1,5,5,0,0,0,0,0,0,0,0
1097,巫妖王之怒,,89,0,2,0,0,0,0,0,0,0,0,0,4104,0,0,0,0,0,0,0,0,0,0,0,0,0,5,5,-1,-1,0,0,0,0,0,0
1098,黯刃騎士團,曾經隸屬於巫妖王的死亡騎士如今掙脫了他的掌控，集結在大領主達瑞安‧莫格萊尼的旌旗之下起身對抗巫妖王。,91,1097,0,0,0,0,0,0,32,8159,0,0,16,16,0,0,3200,0,0,0,42000,42000,0,0,1,1,5,5,0,0,0,0,0,0,0,0
1099,憤怒之門天譴軍,,-1,0,0,0,0,0,0,0,0,0,0,0,0,0,0,0,0,0,0,0,0,0,0,0,1,1,5,5,0,0,0,0,0,0,0,0
1100,憤怒之門聯盟部隊,,-1,0,0,0,0,0,0,0,0,0,0,0,0,0,0,0,0,0,0,0,0,0,0,0,1,1,5,5,0,0,0,0,0,0,0,0
1101,憤怒之門部落部隊,,-1,0,0,0,0,0,0,0,0,0,0,0,0,0,0,0,0,0,0,0,0,0,0,0,1,1,5,5,0,0,0,0,0,0,0,0
1102,奪取旗幟 - 旗幟 - 部落,,-1,0,0,0,0,0,0,0,0,0,0,0,0,0,0,0,0,0,0,0,0,0,0,0,1,1,5,5,0,0,0,0,0,0,0,0
1103,奪取旗幟 - 旗幟 - 中立,,-1,0,0,0,0,0,0,0,0,0,0,0,0,0,0,0,0,0,0,0,0,0,0,0,1,1,5,5,0,0,0,0,0,0,0,0
1104,狂心部族,剛猛的獾狼怪部族被天譴軍驅離了家園，流亡到休拉薩盆地並希望能定居於此。好鬥的天性讓他們與被稱為神諭者的戈洛克產生衝突。,92,1117,0,0,0,0,0,0,0,0,0,0,16,0,0,0,0,0,0,0,42000,0,0,0,-2.2,1,7,7,-1,-1,0,0,0,0,0,0
1105,神諭者,休拉薩盆地的戈洛克是種兩棲生物，自視為此地泰坦科技的守護者（儘管他們對那些了解甚少）。他們正與獾狼怪進行一場領土爭奪戰。,93,1117,0,0,0,0,0,0,0,0,0,0,16,0,0,0,0,0,0,0,42000,0,0,0,-2.2,1,7,7,-1,-1,0,0,0,0,0,0
1106,銀白十字軍,由提里奧‧弗丁所率領，銀白十字軍結合了重整的白銀之手騎士團與銀色黎明，成為對抗巫妖王部隊的一支勁旅。,94,1097,0,0,0,0,0,0,0,0,0,0,16,0,0,0,0,0,0,0,42000,0,0,0,0,0,5,5,-1,-1,0,0,0,0,0,0
1107,食人妖，德拉克瑞,,-1,0,0,0,0,0,0,0,0,0,0,0,0,0,0,0,0,0,0,0,0,0,0,0,1,1,5,5,0,0,0,0,0,0,0,0
1108,CoT 阿薩斯,,-1,0,0,0,0,0,0,0,0,0,0,0,0,0,0,0,0,0,0,0,0,0,0,0,1,1,5,5,0,0,0,0,0,0,0,0
1109,CoT 斯坦索姆市民,,-1,0,0,0,0,0,0,0,0,0,0,0,0,0,0,0,0,0,0,0,0,0,0,0,1,1,5,5,0,0,0,0,0,0,0,0
1110,CoT 天譴軍團,,-1,0,0,0,0,0,0,0,0,0,0,0,0,0,0,0,0,0,0,0,0,0,0,0,1,1,5,5,0,0,0,0,0,0,0,0
1111,芙蕾雅,,-1,0,0,0,0,0,0,0,0,0,0,0,0,0,0,0,0,0,0,0,0,0,0,0,1,1,5,5,0,0,0,0,0,0,0,0
1112,Mount - Taxi - Alliance,,-1,0,0,0,0,0,0,0,0,0,0,0,0,0,0,0,0,0,0,0,0,0,0,0,1,1,5,5,0,0,0,0,0,0,0,0
1113,Mount - Taxi - Horde,,-1,0,0,0,0,0,0,0,0,0,0,0,0,0,0,0,0,0,0,0,0,0,0,0,1,1,5,5,0,0,0,0,0,0,0,0
1114,Mount - Taxi - Neutral,,-1,0,0,0,0,0,0,0,0,0,0,0,0,0,0,0,0,0,0,0,0,0,0,0,1,1,5,5,0,0,0,0,0,0,0,0
1115,元素，水,,-1,0,0,0,0,0,0,0,0,0,0,0,0,0,0,0,0,0,0,0,0,0,0,0,1,1,5,5,0,0,0,0,0,0,0,0
1116,元素，空氣,,-1,0,0,0,0,0,0,0,0,0,0,0,0,0,0,0,0,0,0,0,0,0,0,0,1,1,5,5,0,0,0,0,0,0,0,0
1117,休拉薩盆地,,95,1097,0,0,0,0,0,0,0,0,0,0,12,0,0,0,0,0,0,0,42000,0,0,0,0,0,5,5,-1,-1,0,0,0,0,0,0
1118,艾澤拉斯,,96,0,0,0,0,0,0,0,0,0,0,0,4104,0,0,0,0,0,0,0,0,0,0,0,0,0,5,5,-1,-1,0,0,0,0,0,0
1119,霍迪爾之子,風暴群山的冰霜巨人是一群好戰的種族，並且定居在丹尼弗蘭。,97,1097,0,0,0,0,0,0,0,0,0,0,0,0,0,0,-42000,0,0,0,42000,0,0,0,0,0,5,5,-1,-1,0,0,0,0,0,0
1120,鐵巨人,,-1,0,0,0,0,0,0,0,0,0,0,0,0,0,0,0,0,0,0,0,0,0,0,0,1,1,5,5,0,0,0,0,0,0,0,0
1121,冰霜維酷人,,-1,0,0,0,0,0,0,0,0,0,0,0,0,0,0,0,0,0,0,0,0,0,0,0,1,1,5,5,0,0,0,0,0,0,0,0
1122,風暴群山土靈,,-1,0,0,0,0,0,0,0,0,0,0,0,0,0,0,0,0,0,0,0,0,0,0,0,1,1,5,5,0,0,0,0,0,0,0,0
1123,怪物裁判,,-1,0,0,0,0,0,0,0,0,0,0,0,0,0,0,0,0,0,0,0,0,0,0,0,1,1,5,5,0,0,0,0,0,0,0,0
1124,奪日者,部落在傳統上受拒於達拉然，但他們靠著大法師埃薩‧奪日者的努力得以進入城市。追隨者們高舉他的旗幟並看守著被稱為奪日者聖堂的城區。,98,1052,0,0,0,0,0,0,0,0,0,0,16,6,0,0,0,-42000,0,0,42000,-42000,0,0,0.5,0.5,7,7,1309324210,-1440044374,-1321907123,1427461461,0,0,0,0
1125,海茲競技,,-1,0,0,0,0,0,0,0,0,0,0,0,0,0,0,0,0,0,0,0,0,0,0,0,1,1,5,5,0,0,0,0,0,0,0,0
1126,霜誕矮人,這支神秘的種族是一群定居在風暴群山的冰霜矮人。他們近來對探險者協會的成員伸出友誼之手並歡迎聯盟成員來到他們的領地。,99,1037,0,0,0,0,0,0,0,0,0,0,16,0,0,0,0,-42000,0,0,42000,-42000,0,0,0.5,0.5,7,7,-1321907123,1427461461,1309324210,-1440044374,0,0,0,0
1128,暮光之錘,,-1,0,0,0,0,0,0,0,0,0,0,0,0,0,0,0,0,0,0,0,0,0,0,0,1,1,5,5,0,0,0,0,0,0,0,0
1129,熊怪，黑木,,-1,0,0,0,0,0,0,0,0,0,0,0,0,0,0,0,0,0,0,0,0,0,0,0,1,1,5,5,0,0,0,0,0,0,0,0
1130,雄鹿，黑海岸,,-1,0,0,0,0,0,0,0,0,0,0,0,0,0,0,0,0,0,0,0,0,0,0,0,1,1,5,5,0,0,0,0,0,0,0,0
1131,熊，黑海岸,,-1,0,0,0,0,0,0,0,0,0,0,0,0,0,0,0,0,0,0,0,0,0,0,0,1,1,5,5,0,0,0,0,0,0,0,0
1132,月巡虎，黑海岸,,-1,0,0,0,0,0,0,0,0,0,0,0,0,0,0,0,0,0,0,0,0,0,0,0,1,1,5,5,0,0,0,0,0,0,0,0
1133,污水企業聯合,污水企業聯合在無情的貿易親王加里維克斯運籌帷幄之下，成為凱贊島上最具實力的貿易公司。他們在污水港的總部控制了整個南海的交易往來。,105,67,0,0,0,0,0,0,0,0,0,0,273,6,0,0,3100,-42000,0,0,42000,-42000,0,0,1,0.25,4,7,1309324210,-1440044374,-1321907123,1427461461,0,0,0,0
1134,吉爾尼斯,吉爾尼斯人是由倖存者組成的國度。他們築起高牆，與人類社會隔絕，但如今不得不面對來自內部的新興威脅。,106,469,0,0,0,0,0,0,0,0,0,0,273,6,17,0,0,-42000,3000,0,42000,-42000,42000,0,1,0.25,4,7,-1324004275,0,1309324210,-1440044374,2097152,0,0,0
1135,陶土議會,聚集了艾澤拉斯上最強大的薩滿，企圖尋求維持這世上元素勢力的平衡點。他們目前把心思都放在修復和穩定死亡之翼重返世間這段大災變期間所造成的創傷。,110,1162,0,0,0,0,0,0,0,0,0,0,16,0,0,0,0,0,0,0,42000,0,0,0,0,0,5,5,-1,-1,0,0,0,0,0,0
1136,安寧地皈依者,,100,0,0,0,0,0,0,0,0,0,0,0,4,0,0,0,0,0,0,0,42000,0,0,0,0,0,0,0,-1,-1,0,0,0,0,0,0
1137,冬刃豹皈依者,,101,0,0,0,0,0,0,0,-1,0,0,0,4,0,0,0,0,0,0,0,42000,0,0,0,0,0,0,0,-1,-1,0,0,0,0,0,0
1138,浩劫與重生，新中立聲望,,-1,0,0,0,0,0,0,0,0,0,0,0,0,0,0,0,0,0,0,0,0,0,0,0,1,1,0,0,0,0,0,0,0,0,0,0
1142,瑪格拉姆殘存者,,-1,0,0,0,0,0,0,0,0,0,0,0,0,0,0,0,0,0,0,0,0,0,0,0,0,0,0,0,0,0,0,0,0,0,0,0
1143,吉爾吉斯之子,,-1,0,0,0,0,0,0,0,0,0,0,0,0,0,0,0,0,0,0,0,0,0,0,0,0,0,0,0,0,0,0,0,0,0,0,0
1144,REUSE,,-1,0,0,0,0,0,0,0,0,0,0,0,0,0,0,0,0,0,0,0,0,0,0,0,0,0,0,0,0,0,0,0,0,0,0,0
1145,仇視所有,,-1,0,0,0,0,0,0,0,0,0,0,0,0,0,0,0,0,0,0,0,0,0,0,0,0,0,0,0,0,0,0,0,0,0,0,0
1152,玩家，哥布林,,-1,0,0,0,0,0,0,0,0,0,0,0,0,0,0,0,0,0,0,0,0,0,0,0,1,1,5,5,0,0,0,0,0,0,0,0
1153,玩家，狼人,,-1,0,0,0,0,0,0,0,0,0,0,0,0,0,0,0,0,0,0,0,0,0,0,0,1,1,5,5,0,0,0,0,0,0,0,0
1154,白銀誓盟皈依者,,102,0,0,0,0,0,0,0,0,0,0,0,4,0,0,0,0,0,0,0,42000,0,0,0,0,0,0,0,-1,-1,0,0,0,0,0,0
1155,奪日者皈依者,,103,0,0,0,0,0,0,0,0,0,0,0,4,0,0,0,0,0,0,0,42000,0,0,0,0,0,0,0,-1,-1,0,0,0,0,0,0
1156,灰燼裁決軍,在提里奧‧弗丁和達瑞安‧莫格萊尼的協議下，銀白十字軍和黯刃騎士團放下他們的歧見，一同進攻冰冠城塞，直到巫妖王被殺死。,104,1097,0,0,0,0,0,0,0,0,0,0,16,0,0,0,0,0,0,0,42000,0,0,0,0,0,0,0,-1,-1,0,0,0,0,0,0
1157,俾格米,,-1,0,0,0,0,0,0,0,0,0,0,0,0,0,0,0,0,0,0,0,0,0,0,0,0,0,0,0,0,0,0,0,0,0,0,0
1158,海加爾守護者,塞納里奧議會和他們的綠龍軍團盟友並肩面對著拉格納羅斯的元素大軍以及暮光之錘，希望能避開這場即將帶給海加爾山的毀滅。,113,1162,0,0,0,0,0,0,0,0,0,0,16,0,0,0,0,0,0,0,42000,0,0,0,0,0,0,0,-1,-1,0,0,0,0,0,0
1159,奪取旗幟 - 旗幟 - 聯盟 2,,-1,0,0,0,0,0,0,0,0,0,0,0,0,0,0,0,0,0,0,0,0,0,0,0,1,1,5,5,0,0,0,0,0,0,0,0
1160,奪取旗幟 - 旗幟 - 部落 2,,-1,0,0,0,0,0,0,0,0,0,0,0,0,0,0,0,0,0,0,0,0,0,0,0,1,1,5,5,0,0,0,0,0,0,0,0
1161,恐怖圖騰,,-1,0,0,0,0,0,0,0,0,0,0,0,0,0,0,0,0,0,0,0,0,0,0,0,0,0,0,0,0,0,0,0,0,0,0,0
1162,浩劫與重生,,111,0,3,0,0,0,0,0,0,0,0,0,4104,0,0,0,0,0,0,0,0,0,0,0,0,0,0,0,-1,-1,0,0,0,0,0,0
1168,公會,公會聲望代表的是你個人對公會的地位級別，同時也是購買公會獎勵的限制條件。你獲得公會經驗值的時候，同時會獲得公會聲望。,114,1169,0,0,2,0,0,0,0,0,0,0,528,0,0,0,0,0,0,0,42000,0,0,0,0,0,0,0,-1,-1,0,0,0,0,0,0
1169,公會,,115,0,0,0,0,0,0,0,0,0,0,0,4120,0,0,0,0,0,0,0,0,0,0,0,0,0,0,0,-1,-1,0,0,0,0,0,0
1171,瑟拉贊恩,由瑟拉贊恩及名為石領主的後代一起統治的地深之源乃為地之元素界域。瑟拉贊恩目睹死亡之翼及其追隨者對她的國度造成了多大破壞，自此之後對外來者一律抱持著敵意。,116,1162,0,0,0,0,0,0,0,0,0,0,64,0,0,0,-42000,0,0,0,42000,0,0,0,0,0,0,0,-1,-1,0,0,0,0,0,0
1172,龍喉氏族,這支遊蕩不定的獸人氏族曾由死亡之翼在背後支持，目的是要奴役包括雅立史卓莎在內的所有紅龍。現今定居在暮光高地的龍喉氏族其人數和實力不如從前。,117,1162,0,0,0,0,0,0,0,0,0,0,16,0,0,0,0,-42000,0,0,42000,-42000,0,0,0,0,0,0,1309324210,-1440044374,-1321907123,1427461461,0,0,0,0
1173,蘭姆卡韓,半人半虎的蘭姆卡韓人是奧丹姆守護者托維爾的後代子嗣。雖然他們身體由石頭轉成肉身，不過保護泰坦秘密仍是其世世代代不變的傳統。,118,1162,0,0,0,0,0,0,0,0,0,0,16,0,0,0,0,0,0,0,42000,0,0,0,0,0,0,0,-1,-1,0,0,0,0,0,0
1174,蠻錘氏族,蠻錘矮人因他們近乎魯莽的勇氣，以及無人能出其右的獅鷲獸駕馭技巧而為人所知。由於黑鐵詛咒之故，蠻錘矮人失去了家園格瑞姆巴托，在那之後他們四散居住在暮光高地。,119,1162,0,0,0,0,0,0,0,0,0,0,16,4,0,0,0,-42000,0,0,42000,-42000,0,0,0,0,0,0,-1321907123,1427461461,1309324210,-1440044374,0,0,0,0
1177,巴拉丁鐵衛,曾由雷吉納德‧巴拉丁公爵二世所率領的這支勇猛軍隊，與托巴拉德的島上要塞有相當歷史的淵源。為了驅逐部落入侵者以及控制住這座具有戰略意義的島嶼，他們決定加入聯盟。,122,1162,0,0,0,0,0,0,0,0,0,0,0,6,0,0,0,-42000,0,0,42000,-42000,0,0,0,0,0,0,-1321907123,1427461461,1309324210,-1440044374,0,0,0,0
1178,地獄吼先鋒,地獄吼先鋒是一支精英部落軍團，軍團主體由卡爾洛斯親自挑選出的各職精兵所構成。他命令這支軍隊拿下托巴拉德，只許成功不許失敗。,123,1162,0,0,0,0,0,0,0,0,0,0,6,16,0,0,-42000,0,0,0,-42000,42000,0,0,0,0,0,0,-1321907123,1427461461,1309324210,-1440044374,0,0,0,0
1179,泥漿,,-1,0,0,0,0,0,0,0,0,0,0,0,0,0,0,0,0,0,0,0,0,0,0,0,1,1,5,5,0,0,0,0,0,0,0,0
1181,友善，新,,-1,0,0,0,0,0,0,0,0,0,0,0,0,0,0,0,0,0,0,0,0,0,0,0,1,1,0,0,0,0,0,0,0,0,0,0
1189,K3,,-1,0,0,0,0,0,0,0,0,0,0,0,0,0,0,0,0,0,0,0,0,0,0,0,1,1,5,5,0,0,0,0,0,0,0,0
1204,海加爾復仇者,被炎魔帶來的毀滅觸怒後，塞納里奧議會搶得先機，將拉格納羅斯驅回火源之界的心臟地帶。,127,1162,0,0,0,0,0,0,0,0,0,0,16,0,0,0,0,0,0,0,42000,0,0,0,0,0,0,0,-1,-1,0,0,0,0,0,0
1216,尚羲學院,受人敬重的尚羲大師在將近三代的時間中，培育出許許多多的熊貓人英雄投入冒險生涯。,131,1245,0,0,0,0,0,0,0,0,0,0,81,0,0,0,3000,0,0,0,42000,0,0,0,0,0,0,0,58720256,0,0,0,0,0,0,0
1228,森林猴人,活潑好動、個性兇猛，但是相對來說壽命也不長的猴人種族。,144,1245,0,0,0,0,0,0,0,0,0,0,2,2,0,0,-42000,-42000,0,0,42000,-42000,0,0,0,0,5,5,1309324210,-1440044374,-1321907123,1427461461,0,0,0,0
1233,時光之穴永恆之井 - 伊利丹,,-1,0,0,0,0,0,0,0,0,0,0,0,0,0,0,0,0,0,0,0,0,0,0,0,1,1,0,0,0,0,0,0,0,0,0,0
1234,時光之穴永恆之井 - 高等精靈,,-1,0,0,0,0,0,0,0,0,0,0,0,0,0,0,0,0,0,0,0,0,0,0,0,1,1,0,0,0,0,0,0,0,0,0,0
1235,時光之穴永恆之井 - 伊利丹（潛行）,,-1,0,0,0,0,0,0,0,0,0,0,0,0,0,0,0,0,0,0,0,0,0,0,0,1,1,0,0,0,0,0,0,0,0,0,0
1237,時光之穴永恆之井 - 惡魔,,-1,0,0,0,0,0,0,0,0,0,0,0,0,0,0,0,0,0,0,0,0,0,0,0,1,1,0,0,0,0,0,0,0,0,0,0
1240,時光之穴永恆之井 - 惡魔球,,-1,0,0,0,0,0,0,0,0,0,0,0,0,0,0,0,0,0,0,0,0,0,0,0,0,0,0,0,0,0,0,0,0,0,0,0
1241,時光之穴永恆之井 - 獵人潛獵者,,-1,0,0,0,0,0,0,0,0,0,0,0,0,0,0,0,0,0,0,0,0,0,0,0,1,1,0,0,0,0,0,0,0,0,0,0
1242,珠鰭錦魚人,一群保守、做事有條不紊的魚人種族。,143,1245,0,0,0,0,0,0,-1,0,0,0,16,2,0,0,0,-42000,0,0,42000,-42000,0,0,0,0,0,0,-1321907123,1427461461,1309324210,-1440044374,0,0,0,0
1243,猴人,高貴又活潑的猴人部落種族。,-1,1245,0,0,0,0,0,0,2047,0,0,0,2,0,0,0,-42000,0,0,0,42000,0,0,0,0,0,0,0,1309324210,-1440044374,0,0,0,0,0,0
1245,潘達利亞之謎,,145,0,4,0,0,0,0,0,0,0,0,0,4104,0,0,0,0,0,0,0,0,0,0,0,0,0,0,0,-1,-1,0,0,0,0,0,0
1249,玩家，第四部資料片中立陣營,,-1,0,0,0,0,0,0,0,0,0,0,0,0,0,0,0,0,0,0,0,0,0,0,0,1,1,5,5,0,0,0,0,0,0,0,0
1252,煞,潘達利亞大陸的邪惡之靈。,-1,0,0,0,0,0,0,0,0,0,0,0,0,0,0,0,0,0,0,0,0,0,0,0,0,0,0,0,0,0,0,0,0,0,0,0
1253,玉蛟寺守護者,,-1,0,0,0,0,0,0,0,0,0,0,0,0,0,0,0,0,0,0,0,0,0,0,0,0,0,0,0,0,0,0,0,0,0,0,0
1265,辛德拉,曾經強大一時的殘存精靈居住在厄運之槌，在神秘領域裡卻仍保有智慧和博學見識。,-1,1118,0,0,0,0,0,0,0,0,0,0,0,0,0,0,0,0,0,0,0,0,0,0,1,1,5,5,0,0,0,0,0,0,0,0
1268,魔古,魔古在這片土地的歷史悠久，憎恨所有顗覦王位的其他種族，當然也包括了新興的熊貓人。,-1,1245,0,0,0,0,0,0,0,0,0,0,0,0,0,0,0,0,0,0,0,0,0,0,1,1,0,0,0,0,0,0,0,0,0,0
1269,金蓮會,潘達利亞的神秘組織，意圖一勞永逸地解決掉魔古族這個問題。,167,1245,0,0,1,0,0,0,0,0,0,0,16,0,0,0,0,0,0,0,42000,0,0,0,0,0,0,0,-1,-1,0,0,0,0,0,0
1270,影潘,身為在潘達利亞寺廟的幕後保護者，為影潘染上一層神秘的色彩。,182,1245,0,0,1,0,0,0,0,0,0,0,16,0,0,0,0,0,0,0,42000,0,0,0,0,0,0,0,-1,-1,0,0,0,0,0,0
1271,雲蛟衛,玉蛟寺守護者,154,1245,0,0,1,0,0,0,-1,0,0,0,16,0,0,0,3000,0,0,0,42000,0,0,0,0,0,0,0,-1,-1,0,0,0,0,0,0
1272,耕者工會,耕者都是一些愛好和平但非常有生產力的熊貓人，他們辛勤的在大地上耕耘，並用豐碩的收穫來滿足人民對食物的需求。,171,1245,0,0,1,0,0,0,-1,0,0,0,152,0,0,0,0,0,0,0,42000,0,0,0,0,0,0,0,-1,-1,0,0,0,0,0,0
1273,『酒鬼』酒骨,要找酒骨很容易。找到在風暴烈酒酒坊可以買到的那種酒，最便宜的那種，接下來就可以找到他了。,156,1272,0,21,0,0,0,0,0,0,0,0,16,0,0,0,0,0,0,0,42000,0,0,0,0,0,0,0,-1,-1,0,0,0,0,0,0
1275,艾拉,艾拉立志要成為一位偉大的釀造者，不過對她而言這條路還很漫長!,158,1272,0,17,0,0,0,0,0,0,0,0,16,0,0,0,0,0,0,0,42000,0,0,0,0,0,0,0,-1,-1,0,0,0,0,0,0
1276,老丘爪,老丘爪是這附近最精明的養雞農。,159,1272,0,22,0,0,0,0,0,0,0,0,16,0,0,0,0,0,0,0,42000,0,0,0,0,0,0,0,-1,-1,0,0,0,0,0,0
1277,奇奇,只要是跟羊有關的問題，問奇奇就對了。,160,1272,0,16,0,0,0,0,0,0,0,0,16,0,0,0,0,0,0,0,42000,0,0,0,0,0,0,0,-1,-1,0,0,0,0,0,0
1278,阿秀,個性剛烈且驕傲的農地保衛者，當你需要一臂之力時，她一定會來幫忙。,161,1272,0,23,0,0,0,0,0,0,0,0,16,0,0,0,0,0,0,0,42000,0,0,0,0,0,0,0,-1,-1,0,0,0,0,0,0
1279,好漢‧泥爪,好漢‧泥爪是名受人敬重的耕者工會領袖，身上肩負著許多責任。,162,1272,0,20,0,0,0,0,0,0,0,0,16,0,0,0,0,0,0,0,42000,0,0,0,0,0,0,0,-1,-1,0,0,0,0,0,0
1280,蒂娜‧泥爪,蒂娜‧泥爪喜愛享受生活中發生的點點滴滴。,163,1272,0,24,0,0,0,0,0,0,0,0,16,0,0,0,0,0,0,0,42000,0,0,0,0,0,0,0,-1,-1,0,0,0,0,0,0
1281,吉娜‧泥爪,管理半丘市集的工作讓吉娜‧泥爪這位女性感受到壓力!,164,1272,0,19,0,0,0,0,0,0,0,0,16,0,0,0,0,0,0,0,42000,0,0,0,0,0,0,0,-1,-1,0,0,0,0,0,0
1282,小魚‧跌蘆,小魚‧跌蘆所發現的，不只是聚落所遺忘的歷史，更是關於這片土地的歷史。,165,1272,0,18,0,0,0,0,0,0,0,0,16,0,0,0,0,0,0,0,42000,0,0,0,0,0,0,0,-1,-1,0,0,0,0,0,0
1283,農夫老豐,農夫老豐在中央平原培育最大的蔬果!,166,1272,0,2,0,0,0,0,0,0,0,0,16,0,0,0,0,0,0,0,42000,0,0,0,0,0,0,0,-1,-1,0,0,0,0,0,0
1286,紅鶴守護者,,-1,0,0,0,0,0,0,0,0,0,0,0,0,0,0,0,0,0,0,0,0,0,0,0,0,0,0,0,0,0,0,0,0,0,0,0
1302,釣手隊,釣手隊是個由熊貓人漁夫所組成的團體，目標在於餵飽他們的族人，還有增長釣魚知識。,172,1245,0,0,1,0,0,0,0,0,0,0,152,0,0,0,0,0,0,0,42000,0,0,0,0,0,0,0,-1,-1,0,0,0,0,0,0
1336,螳族,貪婪的螳螂人出沒於螳螂荒原和悚然荒野之中，會消滅路上所遇到的一切事物。,-1,1245,0,0,0,0,0,0,0,0,0,0,0,0,0,0,0,0,0,0,0,0,0,0,1,1,0,0,0,0,0,0,0,0,0,0
1337,卡拉西,雖然其他螳族皆已墮落，但這些螳螂人長老議會的成員並不受這些腐化以及瘋狂所影響。他們試圖和潘達利亞的其他種族攜手努力，讓他們女皇恢復昔日的光榮。,181,1245,0,0,1,0,0,0,0,0,0,0,16,0,0,0,0,0,0,0,42000,0,0,0,0,0,0,0,-1,-1,0,0,0,0,0,0
1338,葛薩恩魔古,,-1,0,0,0,0,0,0,0,0,0,0,0,0,0,0,0,0,0,0,0,0,0,0,0,0,0,0,0,0,0,0,0,0,0,0,0
1339,哈薩科魔古,,-1,0,0,0,0,0,0,0,0,0,0,0,0,0,0,0,0,0,0,0,0,0,0,0,0,0,0,0,0,0,0,0,0,0,0,0
1340,卡傑許魔古,,-1,0,0,0,0,0,0,0,0,0,0,0,0,0,0,0,0,0,0,0,0,0,0,0,0,0,0,0,0,0,0,0,0,0,0,0
1341,聖獸天尊,這些勇敢的熊貓人守護著潘達利亞的寺廟，抵抗煞的邪惡魔爪。,183,1245,0,0,1,0,0,0,0,0,0,0,16,0,0,0,0,0,0,0,42000,0,0,0,0,0,0,0,-1,-1,0,0,0,0,0,0
1345,博學行者,為看管著潘達利亞秘密的學者，這群勇敢的靈魂在大陸漫遊，希望能夠深入了解歷史。,184,1245,0,0,1,0,0,0,0,0,0,0,16,0,0,0,0,0,0,0,42000,0,0,0,0,0,0,0,-1,-1,0,0,0,0,0,0
1351,釀酒大師,這群氣節高尚的熊貓人保護著傳承下來的釀造秘方，不把重現昔日烈酒所要面臨的困難放在眼裡。,186,1245,0,0,1,0,0,0,0,0,0,0,0,0,0,0,0,0,0,0,42000,0,0,0,0,0,0,0,-1,-1,0,0,0,0,0,0
1352,火金熊貓人,由膽識高超的紀‧火爪所率領的火金熊貓人行事快速，為了自身所相信的事物而戰時出手更加迅捷。,187,67,0,0,0,0,0,0,0,0,0,0,273,6,0,0,3100,-42000,0,0,42000,-42000,0,0,1,0.25,4,7,1309324210,-1440044374,-1321907123,1427461461,0,0,0,0
1353,土水熊貓人,由忠誠堅定的艾莎‧雲詠領導的土水熊貓人，以沉著思考與理性行動為信條。,188,469,0,0,0,0,0,0,0,0,0,0,273,6,17,0,3100,-42000,3000,0,42000,-42000,42000,0,1,0.25,4,7,-1324004275,0,1309324210,-1440044374,2097152,0,0,0
1357,糯米,5.0烹飪 - 這是用來為糯米升級的隱藏聲望。,191,0,0,25,0,0,0,0,0,0,0,0,4,0,0,0,0,0,0,0,42000,0,0,0,0,0,0,0,-1,-1,0,0,0,0,0,0
1358,納特‧帕格,納特是位經驗老道的漁夫，熱愛各地美酒，在他暴躁的外表下其實隱藏著樂意傳授經驗的熱情。,192,1302,0,26,0,0,0,0,0,0,0,0,16,0,0,0,0,0,0,0,42000,0,0,0,0,0,0,0,-1,-1,0,0,0,0,0,0
1359,黑龍王子,黑龍王子怒西昂是黑龍族中的最後一位倖存者。只要能贏得他的信任，協助他完成他的目標，就能獲得豐厚的獎勵，他因為這點而著名。,193,1245,0,0,0,0,0,0,-1,0,0,0,16,0,0,0,2800,0,0,0,42000,0,0,0,0,0,0,0,-1,-1,0,0,0,0,0,0
1364,友善，強制反應2,,-1,0,0,0,0,0,0,0,0,0,0,0,0,0,0,0,0,0,0,0,0,0,0,0,1,1,5,5,0,0,0,0,0,0,0,0
1366,友善，強制反應,,-1,0,0,0,0,0,0,0,0,0,0,0,0,0,0,0,0,0,0,0,0,0,0,0,1,1,5,5,0,0,0,0,0,0,0,0
1367,友善，強制反應,,-1,0,0,0,0,0,0,0,0,0,0,0,0,0,0,0,0,0,0,0,0,0,0,0,1,1,5,5,0,0,0,0,0,0,0,0
1368,友善，強制反應,,-1,0,0,0,0,0,0,0,0,0,0,0,0,0,0,0,0,0,0,0,0,0,0,0,1,1,5,5,0,0,0,0,0,0,0,0
1369,友善，強制反應,,-1,0,0,0,0,0,0,0,0,0,0,0,0,0,0,0,0,0,0,0,0,0,0,0,1,1,5,5,0,0,0,0,0,0,0,0
1370,友善，強制反應7,,-1,0,0,0,0,0,0,0,0,0,0,0,0,0,0,0,0,0,0,0,0,0,0,0,1,1,5,5,0,0,0,0,0,0,0,0
1371,坡東村,,-1,0,0,0,0,0,0,0,0,0,0,0,0,0,0,0,0,0,0,0,0,0,0,0,0,0,0,0,0,0,0,0,0,0,0,0
1372,甘露村,,-1,0,0,0,0,0,0,0,0,0,0,0,0,0,0,0,0,0,0,0,0,0,0,0,0,0,0,0,0,0,0,0,0,0,0,0
1374,鬥陣競技場（第一季）,鬥陣競技場的第一季賽事是潘達利亞戰役期間舉辦的。,197,892,0,171,0,0,0,0,0,0,0,0,16,0,0,0,0,0,0,0,9000,0,0,0,0,0,0,0,1309324210,-1440044374,0,0,0,0,0,0
1375,制霸先鋒軍,這是部落派往潘達利亞的軍隊，駐紮在喀撒朗蠻荒的制霸岬。,198,1245,0,0,1,0,0,0,0,0,0,0,144,2,0,0,0,-42000,0,0,42000,-42000,0,0,0,0,0,0,1309324210,-1440044374,-1321907123,1427461461,0,0,0,0
1376,鐵壁特遣行動,這是聯盟派往潘達利亞的軍隊，駐紮在喀撒朗蠻荒的雄獅灘。,199,1245,0,0,1,0,0,0,0,0,0,0,144,2,0,0,0,-42000,0,0,42000,-42000,0,0,0,0,0,0,-1321907123,1427461461,1309324210,-1440044374,0,0,0,0
1387,祈倫托先遣軍,由珍娜的怒火所發動的祈倫托先遣軍，打算為了聯盟的榮耀奪下雷王島!,207,1245,0,0,1,0,0,0,0,0,0,0,144,2,0,0,3000,-42000,0,0,42000,-42000,0,0,0,0,0,0,-1321907123,1427461461,1309324210,-1440044374,0,0,0,0
1388,奪日者先鋒軍,被逐出達拉然的奪日者先鋒軍，力圖從雷王島的廢墟中取得強大的魔古神器，並且在部落一旦陷入混亂時穩固自己的未來。,208,1245,0,0,1,0,0,0,0,0,0,0,144,2,0,0,3000,-42000,0,0,42000,-42000,0,0,0,0,0,0,1309324210,-1440044374,-1321907123,1427461461,0,0,0,0
1416,阿卡瑪之信,阿卡瑪先是目睹伊利丹敗在自身的墮落，接著又在大災變後經歷了術士侵略黑暗神廟的事件，因此對術士抱持著不信任的態度。,221,1245,4,0,0,0,0,0,-1,0,0,0,0,0,0,0,500,0,0,0,1000,0,0,0,1,1,0,0,-1,-1,0,0,0,0,0,0
1419,畢茲摩鬥陣俱樂部（第一季）,鬥陣俱樂部的第一季賽事是潘達利亞戰役期間舉辦的。,220,891,0,172,0,0,0,0,0,0,0,0,16,0,0,0,0,0,0,0,9000,0,0,0,0,0,0,0,-1321907123,1427461461,0,0,0,0,0,0
1433,怪物，強迫反應為強制中立,,227,0,0,0,0,0,0,0,-1,0,0,0,20,0,0,0,100,0,0,0,100,0,0,0,0,0,0,0,-1,-1,0,0,0,0,0,0
1435,影潘之襲,這些英勇的影潘戰士為了殲滅雷霆王座裡的邪惡而勇闖其中，並且為了過去雷王統治之下千百年的奴隸生涯伸張正義。,228,1245,0,0,0,0,0,0,-1,0,0,0,16,0,0,0,0,0,0,0,42000,0,0,0,0,0,0,0,-1,-1,0,0,0,0,0,0
1440,暗矛反抗軍,沃金公開表示，要反抗卡爾洛斯‧地獄吼。在聯盟與部落軍力的幫助下，他開始儲存物資，準備對奧格瑪發動攻擊。,229,1245,0,72,0,0,0,0,0,0,0,0,16,0,0,0,0,0,0,0,10000,0,0,0,0,0,0,0,-1,-1,0,0,0,0,0,0
1443,柯爾克隆,,-1,0,0,0,0,0,0,0,0,0,0,0,0,0,0,0,0,0,0,0,0,0,0,0,0,0,0,0,0,0,0,0,0,0,0,0
1444,德拉諾之霸,,230,0,5,0,0,0,0,0,0,0,0,0,4120,0,0,0,0,0,0,0,0,0,0,0,0,0,0,0,-1,-1,0,0,0,0,0,0
1445,霜狼獸人,霜火峰的霜狼獸人十分重視家庭和團體的關係，而且個個都是威猛的戰士，有本事面對德拉諾殘酷無情的生存環境。,231,1444,0,0,0,0,0,0,0,0,0,0,16,2,0,0,3000,-42000,0,0,42000,-42000,0,0,0,0,0,0,1309324210,-1440044374,-1321907123,1427461461,0,0,0,0
1447,暗矛食人妖,,-1,0,0,0,0,0,0,0,0,0,0,0,0,0,0,0,0,0,0,0,0,0,0,0,0,0,0,0,0,0,0,0,0,0,0,0
1457,Forelings,,-1,0,0,0,0,0,0,0,0,0,0,0,0,0,0,0,0,0,0,0,0,0,0,0,1,1,5,5,0,0,0,0,0,0,0,0
1483,Foreling-Eaters,,-1,0,0,0,0,0,0,0,0,0,0,0,0,0,0,0,0,0,0,0,0,0,0,0,1,1,5,5,0,0,0,0,0,0,0,0
1491,時光行者,時光行者保衛時光之道，以免有人在青銅龍軍團化為凡俗之軀後趁虛而入。時光行者的成員大多是曾與時間看守者合作過的冒險家或學者。,-1,0,0,0,0,0,0,0,0,0,0,0,0,0,0,0,0,0,0,0,0,0,0,0,0,0,0,0,0,0,0,0,0,0,0,0
1492,紹昊大帝,紹昊是熊貓人一族失落已久的皇帝，他是一名值得敬重的歷史人物。,241,1245,0,0,0,0,0,0,-1,0,0,0,16,0,0,0,0,0,0,0,42000,0,0,0,0,0,0,0,-1,-1,0,0,0,0,0,0
1496,霜火巨魔,霜火峰的巨魔雖然不怎麼有趣，但是卻很愛爭辯吵架。,-1,1444,0,0,0,0,0,0,0,0,0,0,0,0,0,0,0,0,0,0,0,0,0,0,1,1,0,0,0,0,0,0,0,0,0,0
1500,火紅幽靈,你被歐朵斯的力量腐化而陷入狂怒，不分敵友瘋狂攻擊。,-1,0,0,0,0,0,0,0,0,0,0,0,0,0,0,0,0,0,0,0,0,0,0,0,0,0,0,0,0,0,0,0,0,0,0,0
1508,影月獸人,,-1,0,0,0,0,0,0,0,0,0,0,0,0,0,0,0,0,0,0,0,0,0,0,0,0,0,0,0,0,0,0,0,0,0,0,0
1509,蒼白獸人,,-1,0,0,0,0,0,0,0,0,0,0,0,0,0,0,0,0,0,0,0,0,0,0,0,0,0,0,0,0,0,0,0,0,0,0,0
1514,魯克馬爾擁護者,恐怖的神靈魯克馬爾的崇拜者，企圖用敵人的鮮血染紅整個世界。,-1,0,0,0,0,0,0,0,0,0,0,0,0,0,0,0,0,0,0,0,0,0,0,0,1,1,0,0,0,0,0,0,0,0,0,0
1515,阿拉卡流亡者,阿拉卡流亡者在暗處不斷努力，追求更光明的未來。,247,1444,0,0,0,0,0,0,0,0,0,0,16,0,0,0,0,0,0,0,42000,0,0,0,0,0,0,0,-1,-1,0,0,0,0,0,0
1520,影月流亡者,,205,1444,0,0,0,0,0,0,0,0,0,0,20,0,0,0,0,0,0,0,0,0,0,0,1,1,0,0,0,0,0,0,0,0,0,0
1521,暗影議會,,-1,0,0,0,0,0,0,0,0,0,0,0,0,0,0,0,0,0,0,0,0,0,0,0,0,0,0,0,0,0,0,0,0,0,0,0
1591,德萊尼，德拉諾,,-1,0,0,0,0,0,0,0,0,0,0,0,0,0,0,0,0,0,0,0,0,0,0,0,0,0,0,0,0,0,0,0,0,0,0,0
1617,源生者,,-1,0,0,0,0,0,0,0,0,0,0,0,0,0,0,0,0,0,0,0,0,0,0,0,0,0,0,0,0,0,0,0,0,0,0,0
1618,破源者,,-1,0,0,0,0,0,0,0,0,0,0,0,0,0,0,0,0,0,0,0,0,0,0,0,0,0,0,0,0,0,0,0,0,0,0,0
1623,鋼鐵部落,德拉諾眾多獸人氏族組成的聯合組織，領導者是葛羅瑪許‧地獄吼。,-1,1245,0,0,0,0,0,0,0,0,0,0,0,0,0,0,0,0,0,0,0,0,0,0,1,1,0,0,0,0,0,0,0,0,0,0
1665,薩格萊,加入暗影議會，為追求力量而不顧犧牲一切的德萊尼人。,-1,0,0,0,0,0,0,0,0,0,0,0,0,0,0,0,0,0,0,0,0,0,0,0,0,0,0,0,0,0,0,0,0,0,0,0
1674,德拉諾孢子,,-1,0,0,0,0,0,0,0,0,0,0,0,0,0,0,0,0,0,0,0,0,0,0,0,0,0,0,0,0,0,0,0,0,0,0,0
1679,土豚行動,,251,1444,0,0,0,0,0,0,0,0,0,0,4,0,0,0,0,0,0,0,10000,0,0,0,0,0,0,0,0,0,0,0,0,0,0,0
1680,天槌,天槌巨魔喜歡穿寬外袍和看競技場決鬥。,-1,1444,0,0,0,0,0,0,0,0,0,0,0,0,0,0,0,0,0,0,0,0,0,0,1,1,0,0,0,0,0,0,0,0,0,0
1681,沃金之矛,部落在艾斯蘭的部隊，駐紮在戰爭之矛。,252,892,0,0,0,0,0,0,0,0,0,0,16,18,0,0,0,-42000,0,0,42000,-42000,0,0,0,0,0,0,1309324210,-1440044374,-1321907123,1427461461,0,0,0,0
1682,烏瑞恩先鋒,聯盟在艾斯蘭的部隊，駐紮暴風之盾。,253,891,0,0,0,0,0,0,0,0,0,0,16,18,0,0,0,-42000,0,0,42000,-42000,0,0,0,0,0,0,-1321907123,1427461461,1309324210,-1440044374,0,0,0,0
1687,格古隆德戈倫,,-1,0,0,0,0,0,0,0,0,0,0,0,0,0,0,0,0,0,0,0,0,0,0,0,0,0,0,0,0,0,0,0,0,0,0,0
1690,鬥陣競技場（第2季）,在德拉諾的征戰期間，由部落所舉辦的鬥陣俱樂部第二季。,136,892,0,212,0,0,0,0,0,0,0,0,16,0,0,0,0,0,0,0,7000,0,0,0,1,1,0,0,1309324210,-1440044374,0,0,0,0,0,0
1691,畢茲摩鬥陣俱樂部（第2季）,德拉諾的征戰期間，由聯盟所舉辦的鬥陣俱樂部第二季。,135,891,0,210,0,0,0,0,0,0,0,0,16,0,0,0,0,0,0,0,7000,0,0,0,1,1,0,0,-1321907123,1427461461,0,0,0,0,0,0
1708,獰笑骷髏獸人,獰笑骷髏獸人定居在德拉諾最為偏遠危險的地方，以瘋狂的笑聲蔑視他們每天所面對的滅絕危機。,107,1444,0,0,0,0,0,0,0,0,0,0,16,2,0,0,3000,-42000,0,0,42000,-42000,0,0,0,0,0,0,1309324210,-1440044374,-1321907123,1427461461,0,0,0,0
1710,撒塔斯守軍,撒塔斯城的守軍努力要奪回他們遭到背叛而失陷的首都。,121,1444,0,0,0,0,0,0,0,0,0,0,16,2,0,0,0,-42000,0,0,42000,-42000,0,0,0,0,0,0,-1321907123,1427461461,1309324210,-1440044374,0,0,0,0
1711,熱砂保護協會,熱砂保護協會的哥布林希望從納葛蘭巨魔的手中保護珍希的古物，然後再將它們賣給出價最高的收藏家。,124,1444,0,0,0,0,0,0,0,0,0,0,16,0,0,0,0,0,0,0,42000,0,0,0,0,0,5,5,-1,-1,0,0,0,0,0,0
1712,GarInvasion_IronHorde,,125,1444,0,0,0,0,0,0,0,0,0,0,1028,0,0,0,0,0,0,0,42000,0,0,0,0,0,0,0,-1,-1,0,0,0,0,0,0
1713,GarInvasion_ShadowCouncil,,126,1444,0,0,0,0,0,0,0,0,0,0,1028,0,0,0,0,0,0,0,42000,0,0,0,0,0,0,0,-1,-1,0,0,0,0,0,0
1714,GarInvasion_Ogres,,128,1444,0,0,0,0,0,0,0,0,0,0,1028,0,0,0,0,0,0,0,42000,0,0,0,0,0,0,0,-1,-1,0,0,0,0,0,0
1715,GarInvasion_Primals,,129,1444,0,0,0,0,0,0,0,0,0,0,1028,0,0,0,0,0,0,0,42000,0,0,0,0,0,0,0,-1,-1,0,0,0,0,0,0
1716,GarInvasion_Breakers,,132,1444,0,0,0,0,0,0,0,0,0,0,1028,0,0,0,0,0,0,0,42000,0,0,0,0,0,0,0,-1,-1,0,0,0,0,0,0
1717,GarInvasion_ThunderLord,,133,1444,0,0,0,0,0,0,0,0,0,0,1028,0,0,0,0,0,0,0,42000,0,0,0,0,0,0,0,-1,-1,0,0,0,0,0,0
1718,GarInvasion_Shadowmoon,,134,1444,0,0,0,0,0,0,0,0,0,0,1028,0,0,0,0,0,0,0,42000,0,0,0,0,0,0,0,-1,-1,0,0,0,0,0,0
1731,主教議會,在五位強大主教的領導之下，德萊尼人在蠻荒的德拉諾過著興盛繁榮的生活。,254,1444,0,0,0,0,0,0,0,0,0,0,16,2,0,0,3000,-42000,0,0,42000,-42000,0,0,0,0,0,0,-1321907123,1427461461,1309324210,-1440044374,0,0,0,0
1732,熱砂德拉諾遠征隊,德拉諾的商機無窮無盡，而且競爭對手趨近於零。,138,1444,0,0,0,0,0,0,-1,0,0,0,4,0,0,0,0,0,0,0,0,0,0,0,1,1,0,0,-1,-1,0,0,0,0,0,0
1733,德爾瓦‧鐵拳,你的個人保鏢，駐紮在你的兵營裡。你可以邀請德爾瓦和你一同外出戰鬥，藉此培養你們的友情。,255,1735,0,164,0,0,0,0,0,0,0,0,16,0,0,0,0,0,0,0,20000,0,0,0,0,0,0,0,-1321907123,1427461461,0,0,0,0,0,0
1735,兵營保鏢,駐紮在你兵營裡的保鏢。,242,1444,0,0,0,0,0,0,0,0,0,0,0,0,0,0,0,0,0,0,0,0,0,0,0,0,0,0,0,0,0,0,0,0,0,0
1736,托爾瑪克,你的個人保鏢，駐紮在你的兵營裡。你可以邀請托爾瑪克和你一同外出戰鬥，藉此培養你們的友情。,243,1735,0,160,0,0,0,0,0,0,0,0,16,0,0,0,0,0,0,0,20000,0,0,0,0,0,0,0,-1,-1,0,0,0,0,0,0
1737,魔爪祭司艾夏歐,你的個人保鏢，駐紮在你的兵營裡。你可以邀請艾夏歐和你一同外出戰鬥，藉此培養你們的友情。,244,1735,0,166,0,0,0,0,0,0,0,0,16,0,0,0,0,0,0,0,20000,0,0,0,0,0,0,0,-1,-1,0,0,0,0,0,0
1738,防衛者伊蘿娜,你的個人保鏢，駐紮在你的兵營裡。你可以邀請伊蘿娜和你一同外出戰鬥，藉此培養你們的友情。,245,1735,0,162,0,0,0,0,0,0,0,0,16,0,0,0,0,0,0,0,20000,0,0,0,0,0,0,0,-1321907123,1427461461,0,0,0,0,0,0
1739,薇薇安妮,你的個人保鏢，駐紮在你的兵營裡。你可以邀請薇薇安妮和你一同外出戰鬥，藉此培養你們的友情。,246,1735,0,165,0,0,0,0,0,0,0,0,16,0,0,0,0,0,0,0,20000,0,0,0,0,0,0,0,1309324210,-1440044374,0,0,0,0,0,0
1740,愛伊達‧明曦,你的個人保鏢，駐紮在你的兵營裡。你可以邀請愛伊達和你一同外出戰鬥，藉此培養你們的友情。,248,1735,0,163,0,0,0,0,0,0,0,0,16,0,0,0,0,0,0,0,20000,0,0,0,0,0,0,0,1309324210,-1440044374,0,0,0,0,0,0
1741,雷歐拉杰,你的個人保鏢，駐紮在你的兵營裡。你可以邀請雷歐拉杰和你一同外出戰鬥，藉此培養你們的友情。,137,1735,0,167,0,0,0,0,0,0,0,0,16,0,0,0,0,0,0,0,20000,0,0,0,0,0,0,0,-1,-1,0,0,0,0,0,0
1746,納葛蘭古羅,,-1,0,0,0,0,0,0,0,0,0,0,0,0,0,0,0,0,0,0,0,0,0,0,0,0,0,0,0,0,0,0,0,0,0,0,0
1747,大競技場寶藏,,-1,0,0,0,0,0,0,0,0,0,0,0,0,0,0,0,0,0,0,0,0,0,0,0,1,1,5,5,0,0,0,0,0,0,0,0
1756,LVA_Looters,,-1,0,0,0,0,0,0,0,0,0,0,0,0,0,0,0,0,0,0,0,0,0,0,0,0,0,0,0,0,0,0,0,0,0,0,0
1757,LVA_Preservers,,-1,0,0,0,0,0,0,0,0,0,0,0,0,0,0,0,0,0,0,0,0,0,0,0,0,0,0,0,0,0,0,0,0,0,0,0
1758,LVA_Naturalists,,-1,0,0,0,0,0,0,0,0,0,0,0,0,0,0,0,0,0,0,0,0,0,0,0,0,0,0,0,0,0,0,0,0,0,0,0
1759,LVA_Machines,,-1,0,0,0,0,0,0,0,0,0,0,0,0,0,0,0,0,0,0,0,0,0,0,0,0,0,0,0,0,0,0,0,0,0,0,0
1760,天槌鬥士,天槌巨魔喜歡穿寬外袍和看競技場決鬥。,-1,1444,0,0,0,0,0,0,0,0,0,0,0,0,0,0,0,0,0,0,0,0,0,0,1,1,0,0,0,0,0,0,0,0,0,0
1786,燃燒軍團入侵者,不知從何而來，力量無與倫比的惡魔。,-1,0,0,0,0,0,0,0,0,0,0,0,0,0,0,0,0,0,0,0,0,0,0,0,0,0,0,0,0,0,0,0,0,0,0,0
1815,吉爾尼斯倖存者,,140,1834,0,0,0,0,0,0,0,0,0,0,4,0,0,0,0,0,0,0,42000,0,0,0,0,0,0,0,-1,-1,0,0,0,0,0,0
1828,高嶺部族,高嶺部族的人口逐年減少，再加上卓格巴的威脅日益嚴重，迫使他們必須尋求新的盟友來捍衛家園。,141,1834,0,0,0,2085,0,0,0,0,0,0,16,17,0,0,0,3000,0,0,42000,42000,0,0,0,0,5,5,-138412033,0,134217728,0,0,0,0,0
1833,無冕者,再問下去，就只能讓你死了。,-1,1834,0,0,0,0,0,0,0,0,0,0,0,0,0,0,0,0,0,0,0,0,0,0,1,1,0,0,0,0,0,0,0,0,0,0
1834,軍臨天下,,146,0,6,0,0,0,0,0,0,0,0,0,4120,0,0,0,0,0,0,0,0,0,0,0,0,0,0,0,-1,-1,0,0,0,0,0,0
1847,預言者之手,伊芮爾將剩餘的主教組織起來，以費倫之名號召聖戰。他們在塔南森林建立了據點，目標是推翻古爾丹。,147,1444,0,0,0,0,0,0,0,0,0,0,16,2,0,0,3000,-42000,0,0,42000,-42000,0,0,0,0,0,0,-1321907123,1427461461,1309324210,-1440044374,0,0,0,0
1848,沃金獵頭者,大酋長沃金為了保護艾澤拉斯，必須要在德拉諾取得決定性的勝利。他集結了精英的勇士，在塔南森林建立據點，目標是推翻古爾丹。,148,1444,0,0,0,0,0,0,0,0,0,0,16,2,0,0,3000,-42000,0,0,42000,-42000,0,0,0,0,0,0,1309324210,-1440044374,-1321907123,1427461461,0,0,0,0
1849,覺醒者衛隊,歷經殘酷可怕的內戰紛爭之後，這些倖存的阿拉卡人希望收集頂尖文物能協助他們和平地重建阿拉卡文明。,149,1444,0,0,0,0,0,0,0,0,0,0,16,0,0,0,0,0,0,0,42000,0,0,0,0,0,5,5,-1,-1,0,0,0,0,0,0
1850,劍齒潛獵者,塔南森林危機四伏的荒野吸引了來自艾澤拉斯與德拉諾的高手獵人。唯有將自己也變成野獸，才有可能擊敗蟄伏在塔南森林的野獸。,150,1444,0,0,0,0,0,0,0,0,0,0,16,0,0,0,0,0,0,0,42000,0,0,0,0,0,5,5,-1,-1,0,0,0,0,0,0
1859,夜落精靈,這些被流放的精靈在失去夜井的法力後深受其苦。他們反對自己的人民投效燃燒軍團，希望能透過作戰來做一些補償。,151,1834,0,0,0,2089,0,0,0,0,0,0,16,16,17,0,0,0,42000,0,42000,42000,42000,0,0,0,5,5,-1321907123,1427461461,1242215346,0,67108864,0,0,0
1860,秘法飢渴（薩莉瑟拉）,首席秘法師薩莉瑟拉,152,1859,0,181,0,0,0,0,0,0,0,0,20,0,0,0,1,0,0,0,200,0,0,0,0,0,0,0,-1,-1,0,0,0,0,0,0
1861,Arcane Thirst（Silgryn） DEPRECATED,DEPRECATED,153,1859,0,182,0,0,0,0,0,0,0,0,20,0,0,0,0,0,0,0,42000,0,0,0,0,0,0,0,-1,-1,0,0,0,0,0,0
1862,秘法飢渴（歐庫雷斯）,首席傳送師歐庫雷斯,155,1859,0,183,0,0,0,0,0,0,0,0,20,0,0,0,1,0,0,0,200,0,0,0,0,0,0,0,-1,-1,0,0,0,0,0,0
1883,織夢者,德魯伊和他們在維爾薩拉的盟友自遠古就一直在守護著翡翠夢境。,157,1834,0,0,0,2088,0,0,0,0,0,0,16,0,0,0,0,0,0,0,42000,0,0,0,0,0,5,5,-1,-1,0,0,0,0,0,0
1888,詹德維克維酷人,,168,1834,0,0,0,0,0,0,-1,0,0,0,6,0,0,0,-42000,0,0,0,42000,0,0,0,0,0,0,0,-1,-1,0,0,0,0,0,0
1894,看守者,看守者鐵獄被古爾丹率領的燃燒軍團惡魔攻破之後，殘存的少數看守者決心要重建牢獄，追捕脫逃在外的可怕怪物。,169,1834,0,0,0,2090,0,0,0,0,0,0,16,0,0,0,0,0,0,0,42000,0,0,0,0,0,5,5,-1,-1,0,0,0,0,0,0
1899,月之守衛,The Night Time is the Right Time [PH],176,1834,0,0,0,0,0,0,0,0,0,0,16,0,0,0,0,0,0,0,42000,0,0,0,0,0,5,5,-1,-1,0,0,0,0,0,0
1900,法隆迪斯廷衛,幽靈般的法隆迪斯廷衛和其盟友，在受詛咒的艾蘇納島嶼上對抗毫不留情的入侵者。,177,1834,0,0,0,2087,0,0,0,0,0,0,16,0,0,0,0,0,0,0,42000,0,0,0,0,0,5,5,-1,-1,0,0,0,0,0,0
1905,幻夢之林德魯伊,,-1,0,0,0,0,0,0,0,0,0,0,0,0,0,0,0,0,0,0,0,0,0,0,0,0,0,0,0,0,0,0,0,0,0,0,0
1910,卓格巴,,-1,0,0,0,0,0,0,0,0,0,0,0,0,0,0,0,0,0,0,0,0,0,0,0,0,0,0,0,0,0,0,0,0,0,0,0
1911,科瓦迪爾鬼魂,,-1,0,0,0,0,0,0,0,0,0,0,0,0,0,0,0,0,0,0,0,0,0,0,0,0,0,0,0,0,0,0,0,0,0,0,0
1912,科瓦迪爾,,-1,0,0,0,0,0,0,0,0,0,0,0,0,0,0,0,0,0,0,0,0,0,0,0,0,0,0,0,0,0,0,0,0,0,0,0
1913,夜裔,,-1,0,0,0,0,0,0,0,0,0,0,0,0,0,0,0,0,0,0,0,0,0,0,0,0,0,0,0,0,0,0,0,0,0,0,0
1914,凋萎者,,-1,0,0,0,0,0,0,0,0,0,0,0,0,0,0,0,0,0,0,0,0,0,0,0,0,0,0,0,0,0,0,0,0,0,0,0
1919,秘法飢渴（薇兒塔）,秘法師薇兒塔,178,1859,0,185,0,0,0,0,0,0,0,0,20,0,0,0,1,0,0,0,200,0,0,0,0,0,0,0,-1,-1,0,0,0,0,0,0
1920,月之守衛,,-1,0,0,0,0,0,0,0,0,0,0,0,0,0,0,0,0,0,0,0,0,0,0,0,0,0,0,0,0,0,0,0,0,0,0,0
1947,伊利達瑞,精靈立誓對抗燃燒軍團，不計任何代價。,195,1834,0,0,0,0,0,0,2048,6143,0,0,20,20,0,0,3000,0,0,0,42000,42000,0,0,1,1,0,0,0,0,0,0,0,0,0,0
1948,華爾拉亞,這些是被歐丁選上的戰士，他們立誓效忠，不論生死。,196,1834,0,0,0,2086,0,0,0,0,0,0,16,16,0,0,0,0,0,0,42000,42000,0,0,0,0,5,5,-1321907123,1427461461,1309324210,-1440044374,0,0,0,0
1953,夢魘,,-1,0,0,0,0,0,0,0,0,0,0,0,0,0,0,0,0,0,0,0,0,0,0,0,0,0,0,0,0,0,0,0,0,0,0,0
1962,夜裔居民,,-1,0,0,0,0,0,0,0,0,0,0,0,0,0,0,0,0,0,0,0,0,0,0,0,0,0,0,0,0,0,0,0,0,0,0,0
1975,咒術師瑪苟斯,瑪苟斯以前是祈倫托的學徒，現在潛心釣魚紓解生活壓力。,200,1834,0,193,0,0,0,0,0,0,0,0,16,0,0,0,0,0,0,0,42000,0,0,0,0,0,0,0,-1,-1,0,0,0,0,0,0
1984,第一應援者,歐莉珊拉和安潔利奎在達拉然這座漂浮的城市中治療傷者、病患及身負致命重創的人。她們也販賣醫療補給品供有需要的旅行者購買。,201,1834,0,195,0,0,0,0,0,0,0,0,0,0,0,0,0,0,0,0,0,0,0,0,1,1,0,0,0,0,0,0,0,0,0,0
1989,月之守衛,,142,1834,0,0,0,0,0,0,0,0,0,0,4,0,0,0,42000,0,0,0,42000,0,0,0,0,0,0,0,-1,-1,0,0,0,0,0,0
2010,鬥陣競技場（第三季）,破碎群島戰役期間，由部落所舉辦的鬥陣俱樂部第三季。,206,892,0,340,0,0,0,0,0,0,0,0,16,0,0,0,0,0,0,0,7000,0,0,0,1,1,0,0,1309324210,-1440044374,0,0,0,0,0,0
2011,畢茲摩鬥陣俱樂部（第三季）,破碎群島戰役期間，由聯盟所舉辦的鬥陣俱樂部第三季。,209,891,0,339,0,0,0,0,0,0,0,0,16,0,0,0,0,0,0,0,7000,0,0,0,1,1,0,0,-1321907123,1427461461,0,0,0,0,0,0
2012,夜裔反抗軍,,-1,0,0,0,0,0,0,0,0,0,0,0,0,0,0,0,0,0,0,0,0,0,0,0,0,0,0,0,0,0,0,0,0,0,0,0
2018,復仇之爪,半神艾維娜的盟友，破碎群島飛翼生物的保護者。,211,1834,0,0,2,0,0,0,0,0,0,0,16,0,0,0,0,0,0,0,42000,0,0,0,0,0,5,5,-1,-1,0,0,0,0,0,0
2040,復仇之爪,半神艾維娜的盟友，破碎群島飛翼生物的保護者。,-1,1834,0,0,0,0,0,0,0,0,0,0,0,0,0,0,0,0,0,0,0,0,0,0,1,1,5,5,0,0,0,0,0,0,0,0
2045,軍團之殞部隊,為了在薩格拉斯之墓和破碎海岸擊退燃燒軍團，所有職業組職決定聯合起來一起奮戰。,212,1834,0,0,0,2091,0,0,0,0,0,0,16,0,0,0,3000,0,0,0,42000,0,0,0,0,0,5,5,-1,-1,0,0,0,0,0,0
2063,Arne Test - Paragon Reputation Stormwind,人類勢力的最後其中一座堡壘，這座聯盟首都由歸來的國王瓦里安‧烏瑞恩所治理。,214,0,0,0,0,2062,0,0,0,0,0,0,276,6,20,4,3100,-42000,4000,0,42000,-42000,42000,0,1,0.25,4,7,0,0,0,0,0,0,0,0
2085,高嶺部族（典範）,高嶺部族的人口逐年減少，再加上卓格巴的威脅日益嚴重，迫使他們必須尋求新的盟友來捍衛家園。,235,1834,0,0,0,0,0,0,0,0,0,0,16,0,0,0,0,0,0,0,42000,0,0,0,0,0,5,5,-1,-1,0,0,0,0,0,0
2086,華爾拉亞（典範）,這些是被歐丁選上的戰士，他們立誓效忠，不論生死。,236,1834,0,0,0,0,0,0,0,0,0,0,16,16,0,0,0,0,0,0,42000,42000,0,0,0,0,5,5,-1321907123,1427461461,1309324210,-1440044374,0,0,0,0
2087,法隆迪斯廷衛（典範）,幽靈般的法隆迪斯廷衛和其盟友，在受詛咒的艾蘇納島嶼上對抗毫不留情的入侵者。,237,1834,0,0,0,0,0,0,0,0,0,0,16,0,0,0,0,0,0,0,42000,0,0,0,0,0,5,5,-1,-1,0,0,0,0,0,0
2088,織夢者（典範）,德魯伊和他們在維爾薩拉的盟友自遠古就一直在守護著翡翠夢境。,238,1834,0,0,0,0,0,0,0,0,0,0,16,0,0,0,0,0,0,0,42000,0,0,0,0,0,5,5,-1,-1,0,0,0,0,0,0
2089,夜落精靈（典範）,這些被流放的精靈在失去夜井的法力後深受其苦。他們反對自己的人民投效燃燒軍團，希望能透過作戰來做一些補償。,239,1834,0,0,0,0,0,0,0,0,0,0,16,16,0,0,0,0,0,0,42000,42000,0,0,0,0,5,5,-1321907123,1427461461,1309324210,-1440044374,0,0,0,0
2090,看守者（典範）,看守者鐵獄被古爾丹率領的燃燒軍團惡魔攻破之後，殘存的少數看守者決心要重建牢獄，追捕脫逃在外的可怕怪物。,240,1834,0,0,0,0,0,0,0,0,0,0,16,0,0,0,0,0,0,0,42000,0,0,0,0,0,5,5,-1,-1,0,0,0,0,0,0
2091,軍團之殞部隊（典範）,為了在薩格拉斯之墓和破碎海岸擊退燃燒軍團，所有職業組職決定聯合起來一起奮戰。,249,1834,0,0,0,0,0,0,0,0,0,0,16,0,0,0,0,0,0,0,42000,0,0,0,0,0,5,5,-1,-1,0,0,0,0,0,0
2097,『水之守衛者』伊莉西亞,艾蘇納王家水池的古老守衛者。,256,1834,0,199,0,0,0,0,0,0,0,0,16,0,0,0,0,0,0,0,42000,0,0,0,0,0,0,0,-1,-1,0,0,0,0,0,0
2098,守護者蕾奈,維爾薩拉的魚類看守者。,257,1834,0,204,0,0,0,0,0,0,0,0,16,0,0,0,0,0,0,0,42000,0,0,0,0,0,0,0,-1,-1,0,0,0,0,0,0
2099,阿庫爾‧河角,掌管河流以及河中的魚。,258,1834,0,200,0,0,0,0,0,0,0,0,16,0,0,0,0,0,0,0,42000,0,0,0,0,0,0,0,-1,-1,0,0,0,0,0,0
2100,柯爾賓,這隻烏鴉有明亮、充滿智慧的眼睛，非常喜歡魚。,259,1834,0,208,0,0,0,0,0,0,0,0,16,0,0,0,0,0,0,0,42000,0,0,0,0,0,0,0,-1,-1,0,0,0,0,0,0
2101,夏蕾斯,住在瀑布附近的神秘凋萎者。,260,1834,0,206,0,0,0,0,0,0,0,0,16,0,0,0,0,0,0,0,42000,0,0,0,0,0,0,0,-1,-1,0,0,0,0,0,0
2102,英普斯,英普斯原本住在很遠的地方，被召喚過來。現在為了回家，只好努力收集貝殼，希望能做出「魔法傳送門」。,261,1834,0,202,0,0,0,0,0,0,0,0,16,0,0,0,0,0,0,0,42000,0,0,0,0,0,0,0,-1,-1,0,0,0,0,0,0
2103,贊達拉帝國,贊達拉是艾澤拉斯最古老的帝國，而強大的贊達拉食人妖和令人畏懼的羅亞交易，擁有在無盡之海上無人能敵的海軍。,262,2104,0,0,0,2378,0,0,0,0,0,0,16,6,17,0,0,-42000,9000,0,42000,-42000,42000,0,0,0,0,0,235582386,0,-1321907123,1427461461,1073741824,0,0,0
2104,決戰艾澤拉斯,,263,0,7,0,0,0,0,0,0,0,0,0,4104,0,0,0,0,0,0,0,0,0,0,0,0,0,0,0,-1,-1,0,0,0,0,0,0
2105,納茲曼,,-1,0,0,0,0,0,0,0,0,0,0,0,0,0,0,0,0,0,0,0,0,0,0,0,0,0,0,0,0,0,0,0,0,0,0,0
2111,贊達拉恐龍,,264,2104,0,0,0,0,0,0,0,0,0,0,6,2,0,0,-42000,-42000,0,0,-42000,42000,0,0,0,0,0,0,-1321907123,1427461461,1309324210,-1440044374,0,0,0,0
2120,庫爾提拉斯 - 提拉加德,艾澤拉斯最厲害的海員都在庫爾提拉斯這個海島之國。,266,2160,0,0,0,0,0,0,0,0,0,0,20,6,20,0,0,-42000,9000,0,42000,-42000,42000,0,1,0,7,0,825576525,0,1309324210,-1440044374,-2147483648,0,0,0
2121,無盡之海私掠者,無盡之海的自由之人，他們只對自己人效忠。,-1,0,0,0,0,0,0,0,0,0,0,0,0,0,0,0,0,0,0,0,0,0,0,0,0,0,0,0,0,0,0,0,0,0,0,0
2122,鐵潮劫掠者,一群以提拉加德海灣自由港為根據地的殘酷海盜。,-1,0,0,0,0,0,0,0,0,0,0,0,0,0,0,0,0,0,0,0,0,0,0,0,0,0,0,0,0,0,0,0,0,0,0,0
2135,克羅米,克羅諾穆（大家通常叫她克羅米）是活躍且平易近人的青銅龍。提升跟她的關係，就能強化克羅米在「克羅米之死」事件中的力量。,265,1834,0,209,0,0,0,0,0,0,0,0,16,0,0,0,0,0,0,0,15100,0,0,0,0,0,0,0,-1,-1,0,0,0,0,0,0
2155,鮮血食人妖,,-1,0,0,0,0,0,0,0,0,0,0,0,0,0,0,0,0,0,0,0,0,0,0,0,0,0,0,0,0,0,0,0,0,0,0,0
2156,塔蘭姬的遠征隊,塔蘭姬公主和她的盟友一同保護贊達拉抵抗鮮血食人妖的侵略。,267,2104,0,0,0,2380,0,0,0,0,0,0,16,2,0,0,0,-42000,0,0,42000,-42000,0,0,0,0,0,0,1309324210,-1440044374,-1321907123,1427461461,0,0,0,0
2157,榮勛軍團,部落軍隊中的特殊軍種，負責干擾聯盟在庫爾提拉斯的行動。,268,2104,0,0,0,2385,0,0,0,0,0,0,16,2,0,0,3000,-42000,0,0,42000,-42000,0,0,0,0,0,0,1309324210,-1440044374,-1321907123,1427461461,0,0,0,0
2158,沃魯敦人,沃魯敦人由放逐者和拾荒者所組成，當他們利用沙的知識來繁榮茁壯的時候，其他人只能乾枯死亡。,269,2104,0,0,0,2382,0,0,0,0,0,0,16,20,17,0,0,-3000,9000,0,42000,-3000,42000,0,0,0,0,0,1309320114,0,-1321907123,1427461461,4096,0,0,0
2159,第七軍團,聯盟軍隊中的精英特種部隊，目前負責干擾部落在贊達拉的行動。,270,2104,0,0,0,2384,0,0,0,0,0,0,16,2,0,0,3000,-42000,0,0,42000,-42000,0,0,0,0,0,0,-1321907123,1427461461,1309324210,-1440044374,0,0,0,0
2160,普勞德摩爾海軍府,顯赫的普勞德摩爾家族是海上的霸主，號令著全艾澤拉斯最精銳的海軍。數十年來他們坐鎮波拉勒斯，領導著庫爾提拉斯。,271,2104,0,0,0,2379,0,0,0,0,0,0,16,2,17,0,0,-42000,9000,0,42000,-42000,42000,0,0,0,0,0,825576525,0,1309324210,-1440044374,-2147483648,0,0,0
2161,燼火會,燼火會這個古老的庫爾提拉斯權力再度崛起，以知識指引武器，要消滅巫術的威脅。,272,2104,0,0,0,2383,0,0,0,0,0,0,16,2,0,0,0,-42000,0,0,42000,-42000,0,0,0,0,0,0,-1321907123,1427461461,1309324210,-1440044374,0,0,0,0
2162,風暴守望,斯陀頌恩谷地是農夫、工匠、士兵和神秘浪潮賢者的家園，風暴守望打算收復此地以鞏固他們在庫爾提拉斯的勢力。,273,2104,0,0,0,2381,0,0,0,0,0,0,16,2,0,0,0,-42000,0,0,42000,-42000,0,0,0,0,0,0,-1321907123,1427461461,1309324210,-1440044374,0,0,0,0
2163,托爾托追尋者,托爾托追尋者環遊世界，利用他們龐大的財富記錄禁斷的知識並加以保存。,274,2104,0,0,0,2387,0,0,0,0,0,0,16,0,0,0,0,0,0,0,42000,0,0,0,0,0,0,0,-1,-1,0,0,0,0,0,0
2164,艾澤拉斯的勇士,響應麥格尼‧銅鬚的號召，艾澤拉斯的勇士努力拯救逐漸死亡的世界，想辦法治療被薩格拉斯的燃刃所造成的創口。,275,2104,0,0,0,2386,0,0,0,0,0,0,16,0,0,0,0,0,0,0,42000,0,0,0,0,0,0,0,-1,-1,0,0,0,0,0,0
2165,聖光軍團,阿古斯被佔領之後，德萊尼最英勇的戰士跟隨至高那魯瑟拉橫跨星際，展開致力消滅燃燒軍團的永恆戰役。自那時起，其他家園被燃燒的遠征摧毀後，存活下來的受難者也紛紛加入光鑄戰士的行列。,276,1834,0,0,0,2166,0,0,0,0,0,0,16,17,0,0,3000,6000,0,0,42000,42000,0,0,0,0,0,0,-541065217,0,536870912,0,0,0,0,0
2166,聖光軍團（典範）,,277,1834,6,0,0,0,0,0,0,0,0,0,16,0,0,0,0,0,0,0,42000,0,0,0,0,0,5,5,-1,-1,0,0,0,0,0,0
2167,阿古斯守望（典範）,,278,1893,0,0,0,0,0,0,0,0,0,0,16,0,0,0,0,0,0,0,42000,0,0,0,0,0,0,0,-1,-1,0,0,0,0,0,0
2170,阿古斯守望,"雖然燃燒軍團入侵阿古斯時，許多人都奮力反抗，但並不是所有人都成功逃走。
如今新的盟友抵達阿古斯，那些難民與流亡者鼓起勇氣決定團結一致，一同挺身奪回家園。",279,1834,6,0,0,2167,0,0,0,0,0,0,16,17,0,0,0,3000,0,0,42000,42000,0,0,0,0,0,0,-272629761,0,268435456,0,0,0,0,0
2176,"Neutral, Force Reaction 1",,-1,0,0,0,0,0,0,0,0,0,0,0,0,0,0,0,0,0,0,0,0,0,0,0,0,0,0,0,0,0,0,0,0,0,0,0
2177,"Neutral, Force Reaction 2",,-1,0,0,0,0,0,0,0,0,0,0,0,0,0,0,0,0,0,0,0,0,0,0,0,0,0,0,0,0,0,0,0,0,0,0,0
2178,"Neutral, Force Reaction 3",,-1,0,0,0,0,0,0,0,0,0,0,0,0,0,0,0,0,0,0,0,0,0,0,0,0,0,0,0,0,0,0,0,0,0,0,0
2179,"Neutral, Force Reaction 4",,-1,0,0,0,0,0,0,0,0,0,0,0,0,0,0,0,0,0,0,0,0,0,0,0,0,0,0,0,0,0,0,0,0,0,0,0
2185,污鼠會,一支以提拉加德海灣自由港為根據地，「龍蛇混雜」的非傳統種族。,-1,0,0,0,0,0,0,0,0,0,0,0,0,0,0,0,0,0,0,0,0,0,0,0,0,0,0,0,0,0,0,0,0,0,0,0
2186,黑牙惡徒,這群粗暴笨拙的打手從不畏懼戰鬥。是以提拉加德海灣自由港為根據地的海盜幫眾之一。,-1,0,0,0,0,0,0,0,0,0,0,0,0,0,0,0,0,0,0,0,0,0,0,0,0,0,0,0,0,0,0,0,0,0,0,0
2187,分水海寇,這幫狡詐的傭兵劍士和強盜會為出價最高的金主殺人。沒有任務的時候，他們會在提拉加德海灣的自由港停泊。,-1,0,0,0,0,0,0,0,0,0,0,0,0,0,0,0,0,0,0,0,0,0,0,0,0,0,0,0,0,0,0,0,0,0,0,0
2192,艾胥凡貿易公司,基地位在波拉勒斯的船運與製造公司。庫爾提拉斯主城內謠傳這間公司只是個門面，背後實際上是個邪惡的犯罪帝國。,-1,0,0,0,0,0,0,0,0,0,0,0,0,0,0,0,0,0,0,0,0,0,0,0,0,0,0,0,0,0,0,0,0,0,0,0
2218,8.0 Hidden Object - Red,,-1,0,0,0,0,0,0,0,0,0,0,0,0,0,0,0,0,0,0,0,0,0,0,0,1,1,5,5,0,0,0,0,0,0,0,0
2219,8.0 Hidden Object - Withered - Red,,-1,0,0,0,0,0,0,0,0,0,0,0,0,0,0,0,0,0,0,0,0,0,0,0,1,1,5,5,0,0,0,0,0,0,0,0
2220,8.0 Hidden Object - Withered - Blue,,-1,0,0,0,0,0,0,0,0,0,0,0,0,0,0,0,0,0,0,0,0,0,0,0,1,1,5,5,0,0,0,0,0,0,0,0
2221,8.0 Hidden Object - Withered - Green,,-1,0,0,0,0,0,0,0,0,0,0,0,0,0,0,0,0,0,0,0,0,0,0,0,1,1,5,5,0,0,0,0,0,0,0,0
2222,8.0 Hidden Object - Withered - Yellow,,-1,0,0,0,0,0,0,0,0,0,0,0,0,0,0,0,0,0,0,0,0,0,0,0,1,1,5,5,0,0,0,0,0,0,0,0
2227,野獸 - 蜂,,-1,0,0,0,0,0,0,0,0,0,0,0,0,0,0,0,0,0,0,0,0,0,0,0,1,1,5,5,0,0,0,0,0,0,0,0
2228,野獸 - 雪怪,,-1,0,0,0,0,0,0,0,0,0,0,0,0,0,0,0,0,0,0,0,0,0,0,0,1,1,5,5,0,0,0,0,0,0,0,0
2229,"PLAYER, Void Elf",,-1,0,0,0,0,0,0,0,0,0,0,0,0,0,0,0,0,0,0,0,0,0,0,0,1,1,5,5,0,0,0,0,0,0,0,0
2230,"PLAYER, Highmountain Tauren",,-1,0,0,0,0,0,0,0,0,0,0,0,0,0,0,0,0,0,0,0,0,0,0,0,1,1,5,5,0,0,0,0,0,0,0,0
2231,"PLAYER, Nightborne",,-1,0,0,0,0,0,0,0,0,0,0,0,0,0,0,0,0,0,0,0,0,0,0,0,1,1,5,5,0,0,0,0,0,0,0,0
2232,"PLAYER, Lightforged Draenei",,-1,0,0,0,0,0,0,0,0,0,0,0,0,0,0,0,0,0,0,0,0,0,0,0,1,1,5,5,0,0,0,0,0,0,0,0
2233,恐龍訓練 - 翼手龍,,282,2104,0,213,0,0,0,0,-1,0,0,0,4,0,0,0,0,0,0,0,42000,0,0,0,0,0,0,0,-1,-1,0,0,0,0,0,0
2258,雪怪,,-1,0,0,0,0,0,0,0,0,0,0,0,0,0,0,0,0,0,0,0,0,0,0,0,0,0,0,0,0,0,0,0,0,0,0,0
2259,蜂類,,-1,0,0,0,0,0,0,0,0,0,0,0,0,0,0,0,0,0,0,0,0,0,0,0,0,0,0,0,0,0,0,0,0,0,0,0
2264,庫爾提拉斯 - 佐司瓦,艾澤拉斯最厲害的海員都在庫爾提拉斯這個海島之國。,285,2161,0,0,0,0,0,0,0,0,0,0,20,6,0,0,0,-42000,0,0,42000,-42000,0,0,1,0,7,0,-1321907123,1427461461,1309324210,-1440044374,0,0,0,0
2265,庫爾提拉斯 - 斯陀頌恩,艾澤拉斯最厲害的海員都在庫爾提拉斯這個海島之國。,286,2162,0,0,0,0,0,0,0,0,0,0,20,6,0,0,0,-42000,0,0,42000,-42000,0,0,1,0,7,0,-1321907123,1427461461,1309324210,-1440044374,0,0,0,0
2370,恐龍訓練 - 恐角龍,,288,2104,0,315,0,0,0,0,-1,0,0,0,4,0,0,0,0,0,0,0,42000,0,0,0,0,0,0,0,-1,-1,0,0,0,0,0,0
2371,畢茲摩鬥陣俱樂部（第4季）,在庫爾提拉斯戰役期間發生的聯盟鬥陣俱樂部第四賽季。,289,891,0,505,0,0,0,0,0,0,0,0,16,0,0,0,0,0,0,0,7000,0,0,0,1,1,0,0,-1321907123,1427461461,0,0,0,0,0,0
2372,鬥陣競技場（第4季）,在庫爾提拉斯戰役期間發生的部落鬥陣俱樂部第四賽季。,290,892,0,512,0,0,0,0,0,0,0,0,16,0,0,0,0,0,0,0,7000,0,0,0,1,1,0,0,1309324210,-1440044374,0,0,0,0,0,0
2373,破縛者,這些難民長期受到納迦的壓迫，終於團結起來反抗，並且奪回他們的自由。,291,2104,0,0,0,2374,0,0,-1,0,0,0,16,20,0,0,0,0,0,0,42000,0,0,0,0,0,0,0,1309324210,-1440044374,-1321907123,1427461461,0,0,0,0
2374,破縛者（典範）,這些難民長期受到納迦的壓迫，終於團結起來反抗，並且奪回他們的自由。,292,2104,0,0,0,0,0,0,-1,0,0,0,16,20,0,0,0,0,0,0,42000,0,0,0,0,0,0,0,1309324210,-1440044374,-1321907123,1427461461,0,0,0,0
2375,獵手阿卡納,獵手阿卡納是經驗豐富的獵人，具有絕佳的生存技能。,293,2104,0,316,0,0,0,0,-1,0,0,0,4,0,0,0,0,0,0,0,42000,0,0,0,0,0,0,0,-1321907123,1427461461,0,0,0,0,0,0
2376,先知歐里,先知歐里是有智慧的強大薩滿，具有號令元素的力量。,294,2104,0,317,0,0,0,0,-1,0,0,0,4,0,0,0,0,0,0,0,42000,0,0,0,0,0,0,0,-1321907123,1427461461,0,0,0,0,0,0
2377,劍客伊野斬,劍客伊野斬是老練的戰士，深獲安寇恩人民的敬重。,295,2104,0,318,0,0,0,0,-1,0,0,0,4,0,0,0,0,0,0,0,42000,0,0,0,0,0,0,0,-1321907123,1427461461,0,0,0,0,0,0
2378,贊達拉帝國（典範）,贊達拉是艾澤拉斯最古老的帝國，而強大的贊達拉食人妖和令人畏懼的羅亞交易，擁有在無盡之海上無人能敵的海軍。,296,2104,0,0,0,0,0,0,0,0,0,0,16,6,0,0,0,-42000,0,0,42000,-42000,0,0,0,0,0,0,1309324210,-1440044374,-1321907123,1427461461,0,0,0,0
2379,普勞德摩爾海軍府（典範）,顯赫的普勞德摩爾家族是海上的霸主，號令著全艾澤拉斯最精銳的海軍。數十年來他們坐鎮波拉勒斯，領導著庫爾提拉斯。,297,2104,0,0,0,0,0,0,0,0,0,0,16,2,0,0,0,-42000,0,0,42000,-42000,0,0,0,0,0,0,-1321907123,1427461461,1309324210,-1440044374,0,0,0,0
2380,塔蘭姬的遠征隊（典範）,塔蘭姬公主和她的盟友一同保護贊達拉抵抗鮮血食人妖的侵略。,298,2104,0,0,0,0,0,0,0,0,0,0,16,2,0,0,0,-42000,0,0,42000,-42000,0,0,0,0,0,0,1309324210,-1440044374,-1321907123,1427461461,0,0,0,0
2381,風暴守望（典範）,斯陀頌恩谷地是農夫、工匠、士兵和神秘浪潮賢者的家園，風暴守望打算收復此地以鞏固他們在庫爾提拉斯的勢力。,299,2104,0,0,0,0,0,0,0,0,0,0,16,2,0,0,0,-42000,0,0,42000,-42000,0,0,0,0,0,0,-1321907123,1427461461,1309324210,-1440044374,0,0,0,0
2382,沃魯敦人（典範）,沃魯敦人由放逐者和拾荒者所組成，當他們利用沙的知識來繁榮茁壯的時候，其他人只能乾枯死亡。,300,2104,0,0,0,0,0,0,0,0,0,0,16,20,0,0,0,-3000,0,0,42000,-3000,0,0,0,0,0,0,1309324210,-1440044374,-1321907123,1427461461,0,0,0,0
2383,燼火會（典範）,燼火會這個古老的庫爾提拉斯權力再度崛起，以知識指引武器，要消滅巫術的威脅。,301,2104,0,0,0,0,0,0,0,0,0,0,16,2,0,0,0,-42000,0,0,42000,-42000,0,0,0,0,0,0,-1321907123,1427461461,1309324210,-1440044374,0,0,0,0
2384,第七軍團（典範）,聯盟軍隊中的精英特種部隊，目前負責干擾部落在贊達拉的行動。,302,2104,0,0,0,0,0,0,0,0,0,0,16,2,0,0,0,-42000,0,0,42000,-42000,0,0,0,0,0,0,-1321907123,1427461461,1309324210,-1440044374,0,0,0,0
2385,榮勛軍團（典範）,部落軍隊中的特殊軍種，負責干擾聯盟在庫爾提拉斯的行動。,303,2104,0,0,0,0,0,0,0,0,0,0,16,2,0,0,0,-42000,0,0,42000,-42000,0,0,0,0,0,0,1309324210,-1440044374,-1321907123,1427461461,0,0,0,0
2386,艾澤拉斯的勇士（典範）,響應麥格尼‧銅鬚的號召，艾澤拉斯的勇士努力拯救逐漸死亡的世界，想辦法治療被薩格拉斯的燃刃所造成的創口。,304,2104,0,0,0,0,0,0,0,0,0,0,16,0,0,0,0,0,0,0,42000,0,0,0,0,0,0,0,-1,-1,0,0,0,0,0,0
2387,托爾托追尋者（典範）,托爾托追尋者環遊世界，利用他們龐大的財富記錄禁斷的知識並加以保存。,305,2104,0,0,0,0,0,0,0,0,0,0,16,0,0,0,0,0,0,0,42000,0,0,0,0,0,0,0,-1,-1,0,0,0,0,0,0
2388,波恩‧括鰭,部落陣營1,306,2104,0,323,0,0,0,0,-1,0,0,0,4,0,0,0,0,0,0,0,42000,0,0,0,0,0,0,0,1309324210,-1440044374,0,0,0,0,0,0
2389,奈莉‧銳鰭,部落陣營2,307,2104,0,320,0,0,0,0,-1,0,0,0,4,0,0,0,0,0,0,0,42000,0,0,0,0,0,0,0,1309324210,-1440044374,0,0,0,0,0,0
2390,維姆‧鹽心,部落陣營3,308,2104,0,324,0,0,0,0,-1,0,0,0,4,0,0,0,0,0,0,0,42000,0,0,0,0,0,0,0,1309324210,-1440044374,0,0,0,0,0,0
2391,鏽栓反抗軍,鏽栓反抗軍頑強抵抗著機械岡國王和他邪惡的計畫。,309,2104,0,0,0,2392,0,0,0,0,0,0,16,17,0,0,0,9000,0,0,42000,42000,0,0,0,0,0,0,-4210689,0,16384,0,0,0,0,0
2392,鏽栓反抗軍（典範）,鏽栓反抗軍頑強抵抗著機械岡國王和他邪惡的計畫。,310,2104,0,0,0,0,0,0,0,0,0,0,16,0,0,0,0,0,0,0,42000,0,0,0,0,0,0,0,-1,-1,0,0,0,0,0,0
2394,寄居蟹,,-1,0,0,0,0,0,0,0,0,0,0,0,0,0,0,0,0,0,0,0,0,0,0,0,0,0,0,0,0,0,0,0,0,0,0,0
2395,蜜背蜂巢,這種蜜蜂因其不尋常的體型而聞名。雖然牠們才剛來到斯陀頌恩谷地不久，但很快地就讓冒險者和昆蟲狂熱者發現了牠們的存在。,312,2104,0,0,0,0,0,0,-1,-1,0,0,16,20,0,0,0,0,0,0,42000,42000,0,0,1,1,0,0,-1321907123,1427461461,1309324210,-1440044374,0,0,0,0
2396,蜜背雄蜂,,313,0,0,326,0,0,0,0,-1,0,0,0,20,0,0,0,0,0,0,0,42000,0,0,0,1,1,0,0,-1,-1,0,0,0,0,0,0
2397,蜜背女王蜂,,314,0,0,327,0,0,0,0,-1,0,0,0,20,0,0,0,0,0,0,0,42000,0,0,0,1,1,0,0,-1,-1,0,0,0,0,0,0
2398,蜜背採收蜂,,315,0,0,325,0,0,0,0,-1,0,0,0,20,0,0,0,0,0,0,0,42000,0,0,0,1,1,0,0,-1,-1,0,0,0,0,0,0
2400,潮刃安寇恩,潮刃安寇恩是一支古老的深海戰士種族，在最深最危險的各大海域都能見到他們的身影。,317,2104,0,0,0,2401,0,0,-1,0,0,0,16,20,0,0,0,0,0,0,42000,0,0,0,0,0,0,0,-1321907123,1427461461,1309324210,-1440044374,0,0,0,0
2401,潮刃安寇恩（典範）,潮刃安寇恩是一支古老的深海戰士種族，在最深最危險的各大海域都能見到他們的身影。,318,2104,0,0,0,0,0,0,-1,0,0,0,16,20,0,0,0,0,0,0,42000,0,0,0,0,0,0,0,-1321907123,1427461461,1309324210,-1440044374,0,0,0,0
2404,傀儡家族,TBD,-1,0,0,0,0,0,0,0,0,0,0,0,0,0,0,0,0,0,0,0,0,0,0,0,1,1,0,0,0,0,0,0,0,0,0,0
2405,祭儀家族,TBD,-1,0,0,0,0,0,0,0,0,0,0,0,0,0,0,0,0,0,0,0,0,0,0,0,1,1,0,0,0,0,0,0,0,0,0,0
2406,天選者家族,,-1,2414,0,0,0,0,0,0,0,0,0,0,0,0,0,0,0,0,0,0,0,0,0,0,1,1,0,0,0,0,0,0,0,0,0,0
2407,晉升者,艱困完成淨化凡世重擔的琪瑞安，便有資格參加晉升儀式，獲得翅膀並宣誓永遠效忠御靈者。,333,2414,0,0,20,2441,0,0,-1,0,0,0,16,0,0,0,0,0,0,0,42000,0,0,0,0,0,0,0,-1,-1,0,0,0,0,0,0
2408,黑暗琪瑞安,,-1,0,0,0,0,0,0,0,0,0,0,0,0,0,0,0,0,0,0,0,0,0,0,0,0,0,0,0,0,0,0,0,0,0,0,0
2410,不死軍團,統御者在很久以前創立了瑪卓薩斯五大家族，意圖打造終極戰鬥部隊。這支不屈不撓的大軍擁有力量、機智，以及謀略，他們立誓保衛暗影之境，抵抗所有威脅。,332,2414,0,0,20,2440,0,0,-1,0,0,0,16,0,0,0,0,0,0,0,42000,0,0,0,0,0,0,0,-1,-1,0,0,0,0,0,0
2411,石源魔軍團,,-1,0,0,0,0,0,0,0,0,0,0,0,0,0,0,0,0,0,0,0,0,0,0,0,0,0,0,0,0,0,0,0,0,0,0,0
2412,罪殞城,,-1,2414,8,0,0,0,0,0,0,0,0,0,0,0,0,0,0,0,0,0,0,0,0,0,1,1,0,0,0,0,0,0,0,0,0,0
2413,收割者廷衛,經過了戴納瑟斯王統治的無數歲月之後，現在瑞文崔斯的統治權由收割者廷衛共享。這群高貴的汎希爾負責執行救贖傲慢靈魂的神聖使命。,321,2414,0,0,20,2442,0,0,-1,0,0,0,16,0,0,0,0,0,0,0,42000,0,0,0,0,0,0,0,-1,-1,0,0,0,0,0,0
2414,暗影之境,,322,0,8,0,0,0,0,0,0,0,0,0,4104,0,0,0,0,0,0,0,0,0,0,0,0,0,0,0,-1,-1,0,0,0,0,0,0
2415,萊加尼,他們是一群忠於泰坦守衛者「萊」的魔古，負責保護納拉卡煞引擎不受恩若司爪牙的侵襲。,323,2104,0,0,0,2416,0,0,0,0,0,0,16,0,0,0,0,0,0,0,42000,0,0,0,0,0,0,0,-1,-1,0,0,0,0,0,0
2416,萊加尼（典範）,他們是一群忠於泰坦守衛者「萊」的魔古，負責保護納拉卡煞引擎不受恩若司爪牙的侵襲。,324,2104,0,0,0,0,0,0,0,0,0,0,16,0,0,0,0,0,0,0,42000,0,0,0,0,0,0,0,-1,-1,0,0,0,0,0,0
2417,奧丹姆協議者,以托維爾人為首的鬆散同盟。成立的目的是為了保護起源熔爐，不讓它落入邪惡勢力的手中。,325,2104,0,0,0,2418,0,0,0,0,0,0,16,0,0,0,0,0,0,0,42000,0,0,0,0,0,0,0,-1,-1,0,0,0,0,0,0
2418,奧丹姆協議者（典範）,以托維爾人為首的鬆散同盟。成立的目的是為了保護起源熔爐，不讓它落入邪惡勢力的手中。,326,2104,0,0,0,0,0,0,0,0,0,0,16,0,0,0,0,0,0,0,42000,0,0,0,0,0,0,0,-1,-1,0,0,0,0,0,0
2419,恩若司,,-1,0,0,0,0,0,0,0,0,0,0,0,0,0,0,0,0,0,0,0,0,0,0,0,0,0,0,0,0,0,0,0,0,0,0,0
2422,暗夜妖精,曠野獵者中有來自亞登曠野各處的菁英獵手，他們在危急時刻會回應呼喚，效忠凜冬女王。在情況如此乾旱危急時，曠野獵者會做好準備，守護森林。,328,2465,0,0,0,0,0,0,-1,0,0,0,20,0,0,0,0,0,0,0,42000,0,0,0,1,1,7,7,-1,-1,0,0,0,0,0,0
2427,亞基蟲寶寶,,329,2104,0,365,0,0,0,0,-1,0,0,0,4,0,0,0,0,0,0,0,42000,0,0,0,0,0,0,0,-1,-1,0,0,0,0,0,0
2431,Owen Test,,330,0,0,0,0,0,0,0,4095,0,0,0,0,0,0,0,0,0,0,0,0,0,0,0,0,0,0,0,-1325316096,0,1308635136,0,0,0,0,0
2432,維娜里,沒有人比維娜里更瞭解淵喉，如果你能獲得她的青睞，她說不定願意分享一點情報。,331,2414,0,366,20,2474,0,0,-1,0,0,0,16,0,0,0,0,0,0,0,42000,0,0,0,0,0,0,0,-1,-1,0,0,0,0,0,0
2437,托迦司 - 守衛,,-1,0,0,0,0,0,0,0,0,0,0,0,0,0,0,0,0,0,0,0,0,0,0,0,0,0,0,0,0,0,0,0,0,0,0,0
2438,托迦司 - 囚犯,,-1,0,0,0,0,0,0,0,0,0,0,0,0,0,0,0,0,0,0,0,0,0,0,0,0,0,0,0,0,0,0,0,0,0,0,0
2439,誓復者,這些文獻管理員是控罪者的效忠者，他們想要修復並彙整被宮務大臣和他的審判官盟友粉碎的罪孽石。,334,2414,0,0,20,0,0,0,-1,0,0,0,0,0,0,0,0,0,0,0,42000,0,0,0,0,0,0,0,-1,-1,0,0,0,0,0,0
2440,不死軍團（典範）,統御者在很久以前創立了瑪卓薩斯五大家族，意圖打造終極戰鬥部隊。這支不屈不撓的大軍擁有力量、機智，以及謀略，他們立誓保衛暗影之境，抵抗所有威脅。,320,2414,0,0,20,0,0,0,-1,0,0,0,16,0,0,0,0,0,0,0,42000,0,0,0,0,0,0,0,-1,-1,0,0,0,0,0,0
2441,晉升者（典範）,艱困完成淨化凡世重擔的琪瑞安，便有資格參加晉升儀式，獲得翅膀並宣誓永遠效忠御靈者。,335,2414,0,0,20,0,0,0,-1,0,0,0,16,0,0,0,0,0,0,0,42000,0,0,0,0,0,0,0,-1,-1,0,0,0,0,0,0
2442,收割者廷衛（典範）,經過了戴納瑟斯王統治的無數歲月之後，現在瑞文崔斯的統治權由收割者廷衛共享。這群高貴的汎希爾負責執行救贖傲慢靈魂的神聖使命。,336,2414,0,0,20,0,0,0,-1,0,0,0,16,0,0,0,0,0,0,0,42000,0,0,0,0,0,0,0,-1,-1,0,0,0,0,0,0
2444,曠野獵者（典範）,曠野獵者中有來自亞登曠野各處的菁英獵手，他們在危急時刻會回應呼喚，效忠凜冬女王。在情況如此乾旱危急時，曠野獵者會做好準備，守護森林。,338,2414,0,0,20,0,0,0,-1,0,0,0,16,0,0,0,0,0,0,0,42000,0,0,0,0,0,0,0,-1,-1,0,0,0,0,0,0
2445,餘燼宴會,一場新的宴會在瑞文崔斯舉辦，雷納瑟王子想藉此宴會團結暗影之境所有盟友的力量，並且提高他在誓盟的影響力。,339,2414,0,0,0,0,0,0,-1,0,0,0,152,0,0,0,0,0,0,0,42000,0,0,0,0,0,0,0,-1,-1,0,0,0,0,0,0
2446,瓦許女爵,這位不安的納迦領導者隨時都在看著、打量著。,340,2445,0,367,0,0,0,0,-1,0,0,0,16,0,0,0,0,0,0,0,42000,0,0,0,0,0,0,0,-1,-1,0,0,0,0,0,0
2447,月莓女士,月莓女士是暗夜之廷的智囊，足智多謀的她具有相當高的影響力。,341,2445,0,368,0,0,0,0,-1,0,0,0,16,0,0,0,0,0,0,0,42000,0,0,0,0,0,0,0,-1,-1,0,0,0,0,0,0
2448,米卡尼寇斯,米卡尼寇斯是昇靈堡的首席熔爐士，總是在忙著研究改進新的發明。,342,2445,0,370,0,0,0,0,-1,0,0,0,16,0,0,0,0,0,0,0,42000,0,0,0,0,0,0,0,-1,-1,0,0,0,0,0,0
2449,女伯爵,身為瑞文崔斯首屈一指的派對主持人和社交名流，女伯爵對於大眾觀感的影響力無遠弗屆。,343,2445,0,371,0,0,0,0,-1,0,0,0,16,0,0,0,0,0,0,0,42000,0,0,0,0,0,0,0,-1,-1,0,0,0,0,0,0
2450,亞歷山卓斯‧莫格萊尼,灰燼使者一生征戰不已，從未能真正安息。,344,2445,0,372,0,0,0,0,-1,0,0,0,16,0,0,0,0,0,0,0,42000,0,0,0,0,0,0,0,-1,-1,0,0,0,0,0,0
2451,狩獵隊長克芮恩,身為勇猛的戰士，狩獵隊長克芮恩對於繁文縟節毫無耐性。,345,2445,0,373,0,0,0,0,-1,0,0,0,16,0,0,0,0,0,0,0,42000,0,0,0,0,0,0,0,-1,-1,0,0,0,0,0,0
2452,軍政官阿德雷特斯,這名奉行禁慾主義的晉升者總是以工作為重，需要對他下令，才願意稍微放鬆一下，就連在派對上也不例外。,346,2445,0,375,0,0,0,0,-1,0,0,0,16,0,0,0,0,0,0,0,42000,0,0,0,0,0,0,0,-1,-1,0,0,0,0,0,0
2453,倫德與棍臉,努力工作的好表現值得嘉許。在罪殞城的眾多勞工之中，很少有人比倫德和棍臉還要盡心盡力。,347,2445,0,376,0,0,0,0,-1,0,0,0,16,0,0,0,0,0,0,0,42000,0,0,0,0,0,0,0,-1,-1,0,0,0,0,0,0
2454,丘發,丘發和他的朋友是名副其實的「派對動物」。,348,2445,0,377,0,0,0,0,-1,0,0,0,16,0,0,0,0,0,0,0,42000,0,0,0,0,0,0,0,-1,-1,0,0,0,0,0,0
2455,墓穴守衛者凱希爾,墓穴守衛者凱希爾的個性一板一眼，願意為自己相信的理念而戰。,349,2445,0,379,0,0,0,0,-1,0,0,0,16,0,0,0,0,0,0,0,42000,0,0,0,0,0,0,0,-1,-1,0,0,0,0,0,0
2456,艾利歐德樹林長,巨熊艾利歐德是荒野神靈，但她絕非粗俗無禮的原始動物。,350,2445,0,381,0,0,0,0,-1,0,0,0,16,0,0,0,0,0,0,0,42000,0,0,0,0,0,0,0,-1,-1,0,0,0,0,0,0
2457,沃爾大師,沃爾對苦痛劇場的付出是毋庸置疑的。,351,2445,0,382,0,0,0,0,-1,0,0,0,16,0,0,0,0,0,0,0,42000,0,0,0,0,0,0,0,-1,-1,0,0,0,0,0,0
2458,克蕾雅與佩拉苟斯,這對靈魂之絆需要彼此才能發揮出最強的力量，而他們的汎希爾好友也會很高興再見到他們。,352,2445,0,383,0,0,0,0,-1,0,0,0,16,0,0,0,0,0,0,0,42000,0,0,0,0,0,0,0,-1,-1,0,0,0,0,0,0
2459,西卡,這一位優秀的侍者對於昇靈堡的正常運作不可或缺。,353,2445,0,384,0,0,0,0,-1,0,0,0,16,0,0,0,0,0,0,0,42000,0,0,0,0,0,0,0,-1,-1,0,0,0,0,0,0
2460,岩石頭,這位南邊來的耿直朋友負責把守餘燼區的出入。,354,2445,0,385,0,0,0,0,-1,0,0,0,16,0,0,0,0,0,0,0,42000,0,0,0,0,0,0,0,-1,-1,0,0,0,0,0,0
2461,瘟疫設計者瑪利雷斯,雖然他的實驗總是一團亂，但這位瑪卓薩斯的頂尖軟泥科學家永遠能找到解決方案。,355,2445,0,387,0,0,0,0,-1,0,0,0,16,0,0,0,0,0,0,0,42000,0,0,0,0,0,0,0,-1,-1,0,0,0,0,0,0
2462,縫合大師,縫合大師以善於將血肉、白骨與靈魄結合為傀儡而知名，他們因此成為瑪卓薩司的強大盟友。縫合大師脫離狡詐的傀儡家族之後，就居住在屠夫區。,356,2414,0,389,0,0,0,0,-1,0,0,0,16,0,0,0,0,0,0,0,42000,0,0,0,0,0,0,0,-1,-1,0,0,0,0,0,0
2463,瑪拉茲莫斯,瑪拉茲莫斯是個難以置信，類似於蘑菇的生物。它居住在亞登曠野，整合了這個領域的生態系統。你想幫忙的心意讓它敞開了那像是心的部位，讓你有很多事情可以做。,357,2414,0,390,0,0,0,0,-1,0,0,0,20,0,0,0,0,0,0,0,42000,0,0,0,0,0,0,0,-1,-1,0,0,0,0,0,0
2464,暗夜之廷,靈魄乾旱與佐斯特入侵佔據了凜冬女王與曠野獵者大部分的心力，留下暗夜之廷的樹林長保護野性種子，守護自己的林地。,358,2414,0,391,20,0,0,0,-1,0,0,0,16,0,0,0,0,0,0,0,42000,0,0,0,0,0,0,0,-1,-1,0,0,0,0,0,0
2465,曠野獵者,曠野獵者中有來自亞登曠野各處的菁英獵手，他們在危急時刻會回應呼喚，效忠凜冬女王。在情況如此乾旱危急時，曠野獵者會做好準備，守護森林。,359,2414,0,0,20,2444,0,0,-1,0,0,0,16,0,0,0,0,0,0,0,42000,0,0,0,0,0,0,0,-1,-1,0,0,0,0,0,0
2468,科西亞,,-1,0,0,0,0,0,0,0,0,0,0,0,0,0,0,0,0,0,0,0,0,0,0,0,0,0,0,0,0,0,0,0,0,0,0,0
2469,碎形知識,揭開造物的秘密。,360,2414,0,392,0,0,0,0,-1,0,0,0,16,0,0,0,0,0,0,0,15000,0,0,0,0,0,0,0,-1,-1,0,0,0,0,0,0
2470,死亡先鋒軍,暗影之境誓盟的聯合戰力，為了突破統御聖所而集結。,361,2414,0,0,20,2471,0,0,-1,0,0,0,16,0,0,0,0,0,0,0,42000,0,0,0,0,0,0,0,-1,-1,0,0,0,0,0,0
2471,死亡先鋒軍（典範）,暗影之境誓盟的聯合戰力，為了突破統御聖所而集結。,362,2414,0,0,20,0,0,0,-1,0,0,0,16,0,0,0,0,0,0,0,42000,0,0,0,0,0,0,0,-1,-1,0,0,0,0,0,0
2472,博文者寶典,科西亞侍從將畢生都奉獻於研究，鑽研著暗影之境各處的文物。在博文者的率領下，侍從們在淵誓者入侵之後，努力收集散落在科西亞各個地方的文物。,363,2414,0,393,20,2473,0,0,-1,0,0,0,16,0,0,0,0,0,0,0,41000,0,0,0,0,0,0,0,-1,-1,0,0,0,0,0,0
2473,博文者寶典（典範）,科西亞侍從將畢生都奉獻於研究，鑽研著暗影之境各處的文物。在博文者的率領下，侍從們在淵誓者入侵之後，努力收集散落在科西亞各個地方的文物。,364,2414,0,0,20,0,0,0,-1,0,0,0,16,0,0,0,0,0,0,0,42000,0,0,0,0,0,0,0,-1,-1,0,0,0,0,0,0
2474,維娜里（典範）,沒有人比維娜里更瞭解淵喉，如果你能獲得她的青睞，她說不定願意分享一點情報。,365,2414,0,0,20,0,0,0,-1,0,0,0,16,0,0,0,0,0,0,0,42000,0,0,0,0,0,0,0,-1,-1,0,0,0,0,0,0
2478,受啟迪者,受啟迪者曾經是亞商集團的成員，他們放棄追逐利益，轉而為首創者奉獻為榮。只要爭取他們的好感，或許他們就會願意分享他們搜集的知識。,284,2414,0,0,20,2479,0,0,-1,0,0,0,16,0,0,0,0,0,0,0,42000,0,0,0,0,0,0,0,-1,-1,0,0,0,0,0,0
2479,受啟迪者（典範）,受啟迪者曾經是亞商集團的成員，他們放棄追逐利益，轉而為首創者奉獻為榮。只要爭取他們的好感，或許他們就會願意分享他們搜集的知識。,368,2414,0,0,20,0,0,0,-1,0,0,0,16,0,0,0,0,0,0,0,42000,0,0,0,0,0,0,0,-1,-1,0,0,0,0,0,0
2480,自主機,,-1,2414,0,0,0,0,0,0,0,0,0,0,0,0,0,0,0,0,0,0,0,0,0,0,1,1,0,0,0,0,0,0,0,0,0,0
2502,澤瑞斯莫提斯受到引誘的怪物,,-1,0,0,0,0,0,0,0,0,0,0,0,0,0,0,0,0,0,0,0,0,0,0,0,0,0,0,0,0,0,0,0,0,0,0,0
2503,莫魯克半人馬,在雍亞拉平原活動的半人馬氏族，他們會聽從風的呼喚，四處追求獵殺快感。,401,2506,9,0,6,2504,0,2002,-1,0,0,0,16,0,0,0,0,0,0,0,2500,0,0,0,0,0,0,0,-1,-1,0,0,0,0,0,0
2504,莫魯克半人馬（典範）,在雍亞拉平原活動的半人馬氏族，他們會聽從風的呼喚，四處追求獵殺快感。,373,2506,9,0,6,0,0,0,-1,0,0,0,16,0,0,0,0,0,0,0,42000,0,0,0,0,0,0,0,-1,-1,0,0,0,0,0,0
2506,巨龍軍團,,374,0,9,0,0,0,0,0,0,0,0,0,4120,0,0,0,0,0,0,0,0,0,0,0,0,0,0,0,-1,-1,0,0,0,0,0,0
2507,龍鱗遠征隊,這支由探險者協會與聖匣守護者攜手合作的遠征隊，是由一群無懼探險者、學者與工匠所組成，試圖來發掘巨龍群島的許多謎團。,369,2506,9,0,6,2508,0,2021,-1,0,0,0,152,0,0,0,0,0,0,0,2500,0,0,0,0,0,0,0,-1,-1,0,0,0,0,0,0
2508,龍鱗遠征隊（典範）,這支由探險者協會與聖匣守護者攜手合作的遠征隊，是由一群無懼探險者、學者與工匠所組成，試圖來發掘巨龍群島的許多謎團。,375,2506,9,0,6,0,0,0,-1,0,0,0,16,0,0,0,0,0,0,0,42000,0,0,0,0,0,0,0,-1,-1,0,0,0,0,0,0
2509,席卡氏族,,376,2503,9,0,0,0,0,0,-1,0,0,0,2068,0,0,0,0,0,0,0,42000,0,0,0,0,0,0,0,-1,-1,0,0,0,0,0,0
2510,沃卓肯協調者,沃卓肯協調者聚集在他們最古老的城市中。他們是所有龍類一股統一起來的勢力，並且不只保衛他們的島嶼家園，還希望保護整個艾澤拉斯。,377,2506,9,0,6,2552,0,2088,-1,0,0,0,152,0,0,0,0,0,0,0,2500,0,0,0,0,0,0,0,-1,-1,0,0,0,0,0,0
2511,伊斯凱拉巨牙海民,伊斯凱拉巨牙海民已經有好幾個世代在巨龍群島上居住，他們和諧的對待周遭環境，並訴說著那個地方的故事。,378,2506,9,0,6,2551,0,2087,-1,0,0,0,16,0,0,0,0,0,0,0,2500,0,0,0,0,0,0,0,-1,-1,0,0,0,0,0,0
2512,艾拉格氏族,,379,2503,9,0,0,0,0,0,-1,0,0,0,2068,0,0,0,0,0,0,0,42000,0,0,0,0,0,0,0,-1,-1,0,0,0,0,0,0
2513,雍伊爾氏族,,380,2503,9,0,0,0,0,0,-1,0,0,0,2068,0,0,0,0,0,0,0,42000,0,0,0,0,0,0,0,-1,-1,0,0,0,0,0,0
2514,洪荒使者,,-1,0,0,0,0,0,0,0,0,0,0,0,0,0,0,0,0,0,0,0,0,0,0,0,0,0,0,0,0,0,0,0,0,0,0,0
2516,加拉登,,-1,0,0,0,0,0,0,0,0,0,0,0,0,0,0,0,0,0,0,0,0,0,0,0,1,1,0,0,0,0,0,0,0,0,0,0
2517,怒西昂,怒西昂過去一直將目光放在保護艾澤拉斯，但他現在則開始關注黑龍軍團的未來…以及自己的命運。,381,2510,9,396,4,0,0,0,-1,0,0,0,16,0,0,0,0,0,0,0,42000,0,0,0,0,0,0,0,-1,-1,0,0,0,0,0,0
2518,賽柏利安,賽柏利安培育出新一代未受腐化的黑龍，並不計一切代價守護他們。,382,2510,9,397,4,0,0,0,-1,0,0,0,16,0,0,0,0,0,0,0,42000,0,0,0,0,0,0,0,-1,-1,0,0,0,0,0,0
2519,收復者,,-1,0,0,0,0,0,0,0,0,0,0,0,0,0,0,0,0,0,0,0,0,0,0,0,0,0,0,0,0,0,0,0,0,0,0,0
2520,諾庫德氏族,,414,2506,0,0,0,0,0,0,-1,0,0,0,2054,0,0,0,-40000,0,0,0,42000,0,0,0,0,0,0,0,-1,-1,0,0,0,0,0,0
2521,諾庫德氏族（典範）,,384,2506,9,0,0,0,0,0,-1,0,0,0,2068,0,0,0,0,0,0,0,42000,0,0,0,0,0,0,0,-1,-1,0,0,0,0,0,0
2522,蹄萊氏族,,385,2503,9,0,0,0,0,0,-1,0,0,0,2068,0,0,0,0,0,0,0,42000,0,0,0,0,0,0,0,-1,-1,0,0,0,0,0,0
2523,黑爪兵團,由勇敢龍隊指揮官辛德瑞翠絲領導的黑爪兵團，被訓練為黑龍軍團的秘密武器。現今，這些半龍人無論戰局對他們有多不利，他們永遠都可以用他們的技能來扭轉乾坤。,386,67,9,0,0,0,0,0,-1,-1,-1,0,272,2,17,0,0,-42000,3000,0,42000,-42000,42000,0,0,0,0,0,1309291442,0,-1321907123,1427461461,32768,0,0,0
2524,黑曜衛隊,由可靠龍隊指揮官埃祖拉瑟領導的黑曜衛隊，被訓練為黑龍軍團的防禦力量。現今，這些半龍人無論戰局對他們有多不利，他們永遠都可以用他們的技能在最危難的時刻守住陣線。,387,469,9,0,0,0,0,0,-1,-1,-1,0,272,2,273,0,0,-42000,3000,0,42000,-42000,42000,0,0,0,0,0,-1321972659,0,1309324210,-1440044374,65536,0,0,0
2525,元素，火,,-1,0,0,0,0,0,0,0,0,0,0,0,0,0,0,0,0,0,0,0,0,0,0,0,1,1,5,5,0,0,0,0,0,0,0,0
2526,冬毛熊怪,冬毛熊怪的語言似乎沒有人聽得懂。也許未來會有人深入了解這個語言。,411,2506,0,0,0,0,0,0,0,0,0,0,0,0,0,0,-2900,0,0,0,42000,0,0,0,0,0,0,0,-1,-1,0,0,0,0,0,0
2542,烏克赫氏族,,372,2506,0,0,0,0,0,0,-1,0,0,0,2054,0,0,0,-42000,0,0,0,-42000,0,0,0,0,0,0,0,-1,-1,0,0,0,0,0,0
2544,工匠聯盟 - 巨龍群島分部,,402,2510,0,398,4,0,0,0,-1,0,0,0,16,0,0,0,0,0,0,0,42000,0,0,0,0,0,0,0,-1,-1,0,0,0,0,0,0
2550,鈷藍集會,藍龍曾經齊聚在鈷藍集會，用秘法魔法創造出千奇百怪的事物。現在這裡已經落入碎裂火焰軍手中，他們打算用其中的魔法發動戰爭。,408,2510,0,400,4,0,0,0,-1,0,0,0,16,0,0,0,100,0,0,0,42000,0,0,0,0,0,0,0,-1,-1,0,0,0,0,0,0
2551,伊斯凱拉巨牙海民（典範）,伊斯凱拉巨牙海民已經有好幾個世代在巨龍群島上居住，他們和諧的對待周遭環境，並訴說著那個地方的故事。,409,2506,9,0,6,0,0,0,-1,0,0,0,16,0,0,0,0,0,0,0,42000,0,0,0,0,0,0,0,-1,-1,0,0,0,0,0,0
2552,沃卓肯協調者（典範）,沃卓肯協調者聚集在他們最古老的城市中。他們是所有龍類一股統一起來的勢力，並且不只保衛他們的島嶼家園，還希望保護整個艾澤拉斯。,410,2506,9,0,6,0,0,0,-1,0,0,0,16,0,0,0,0,0,0,0,42000,0,0,0,0,0,0,0,-1,-1,0,0,0,0,0,0
2553,索芮朵蜜,索芮朵蜜的時光行者穿梭於時間之道，防止我們的世界誤入不計其數的分歧。當我們的時間線遭受時光攻擊或分崩離析時，索芮朵蜜就是讓一切不至於脫軌的指揮官。,432,2510,9,411,4,0,0,0,-1,0,0,0,16,0,0,0,0,0,0,0,42000,0,0,0,0,0,0,0,-1,-1,0,0,0,0,0,0
2554,托古斯氏族,,412,2503,0,0,0,0,0,0,-1,0,0,0,2052,0,0,0,0,0,0,0,42000,0,0,0,0,0,0,0,-1,-1,0,0,0,0,0,0
2555,凱汗氏族,,413,2506,0,0,0,0,0,0,-1,0,0,0,2054,0,0,0,-6000,0,0,0,42000,0,0,0,0,0,0,0,-1,-1,0,0,0,0,0,0
2564,洛姆鼴鼠人,在巨龍群島的地下、扎拉萊克洞窟的深處，有著鼴鼠人的城鎮洛姆。其中友好的貿易者以他們接待貴賓的方式、嗅探的能力和獨特的以物易物模式聞名。,421,2506,9,0,6,2565,0,2402,-1,0,0,0,16,0,0,0,0,0,0,0,2500,0,0,0,0,0,0,0,-1,-1,0,0,0,0,0,0
2565,洛姆鼴鼠人（典範）,在巨龍群島的地下、扎拉萊克洞窟的深處，有著鼴鼠人的城鎮洛姆。其中友好的貿易者以他們接待貴賓的方式、嗅探的能力和獨特的以物易物模式聞名。,422,2506,9,0,6,0,0,0,-1,0,0,0,16,0,0,0,0,0,0,0,42000,0,0,0,0,0,0,0,-1,-1,0,0,0,0,0,0
2568,葛利姆羅格競速騎師,布莉古爾不會讓滑頭隨便跟人走。你能證明你有資格勝任蝸牛訓練師的工作嗎？,425,2506,0,408,0,0,0,0,-1,0,0,0,16,0,0,0,0,0,0,0,2800,0,0,0,0,0,0,0,-1,-1,0,0,0,0,0,0
2569,地心之戰,,383,0,10,0,0,0,0,0,-1,0,0,0,4120,0,0,0,0,0,0,0,0,0,0,0,0,0,0,0,-1,-1,0,0,0,0,0,0
2570,聖落之地阿拉希,聖落之地遠征隊的阿拉希守衛著巴雷達爾之星，使其免受卡茲阿爾加下方事物的威脅。雖然早已與遠洋的帝國失去了聯繫，但他們憑藉著自己的力量與對聖焰的信仰建立了新家園。,426,2569,10,0,4,2611,0,2901,-1,0,0,0,16,0,0,0,0,0,0,0,2500,0,0,0,0,0,0,0,-1,-1,0,0,0,0,0,0
2574,夢境守望者,一個由不同種族組成的聯軍，準備好要捍衛翡翠夢境，並抵禦所有威脅。,430,2506,9,0,6,2575,0,2653,-1,0,0,0,16,0,0,0,0,0,0,0,2500,0,0,0,0,0,0,0,-1,-1,0,0,0,0,0,0
2575,夢境守望者（典範）,一個由不同種族組成的聯軍，準備好要捍衛翡翠夢境，並抵禦所有威脅。,431,2506,9,0,6,0,0,0,0,0,0,0,0,0,0,0,0,0,0,0,0,0,0,0,0,0,0,0,0,0,0,0,0,0,0,0
2576,火焰德魯伊,,-1,0,0,0,0,0,0,0,0,0,0,0,0,0,0,0,0,0,0,0,0,0,0,0,0,0,0,0,0,0,0,0,0,0,0,0
2590,多恩諾加議會,在議會守衛梅里斯的領導下，多恩諾加議會在根基大廳建立了統治根基，並在其中做出影響多恩島所有土靈的重要決定。,442,2569,10,0,4,2612,0,2900,-1,0,0,0,16,0,0,0,0,0,0,0,2500,0,0,0,0,0,0,0,-1,-1,0,0,0,0,0,0
2593,桶腿的船員,在桶腿船長的麾下，一群自由自在的邊緣人到處惹事生非。,203,0,9,0,38,0,0,2814,-1,0,0,0,16,0,0,0,0,0,0,0,2500,0,0,0,0,0,0,0,-1,-1,0,0,0,0,0,0
2594,深淵集會,鳴響深淵中充滿了許多等待修復的遺忘機械。機語者在發揮敏銳科技力量的同時，狗頭人便搜刮了遺留下來的部件。任何想要探索與重建的人都可以前來幫忙。,444,2569,10,0,6,2613,0,2898,-1,0,0,0,16,0,0,0,0,0,0,0,2500,0,0,0,0,0,0,0,-1,-1,0,0,0,0,0,0
2595,黑夜教團,,-1,2569,10,0,0,0,0,0,0,0,0,0,0,0,0,0,0,0,0,0,0,0,0,0,1,1,0,0,0,0,0,0,0,0,0,0
2596,斷裂絲線（典範）,安蘇芮克女王的混亂統治下不是沒有批評者的。斷裂絲線在幕後巧妙且靜默地執行任務，試圖從內部揭開安蘇芮克女王鐵血統治的面紗。,445,2569,10,0,6,0,0,0,-1,0,0,0,16,0,0,0,0,0,0,0,7500,0,0,0,0,0,0,0,-1,-1,0,0,0,0,0,0
2600,斷裂絲線,安蘇芮克女王的混亂統治下不是沒有批評者的。斷裂絲線在幕後巧妙且靜默地執行任務，試圖從內部揭開安蘇芮克女王鐵血統治的面紗。,446,2569,10,0,6,2596,0,2904,-1,0,0,0,4248,0,0,0,0,0,0,0,2500,0,0,0,0,0,0,0,-1,-1,0,0,0,0,0,0
2601,織絲者,曾為皇家織絲者的寡婦阿拉克娜依現在以她縝密的眼光關照著她過去的家園。有了能由她自由運用的小織蛛與間諜網路，沒有什麼情報能躲過她的注意。,447,2600,10,416,6,2648,0,0,-1,0,0,0,16,0,0,0,0,0,0,0,20000,0,0,0,0,0,0,7,-1,-1,0,0,0,0,0,0
2602,晦影市集,影響蛛絲城晦影市集的生物行為。,-1,2600,10,0,4,0,0,0,0,0,0,0,0,0,0,0,0,0,0,0,0,0,0,0,1,1,0,0,0,0,0,0,0,0,0,0
2604,桶腿的船員（典範）,在桶腿船長的麾下，一群自由自在的邊緣人到處惹事生非。,202,0,9,0,6,0,0,0,-1,0,0,0,16,0,0,0,0,0,0,0,42000,0,0,0,0,0,0,0,-1,-1,0,0,0,0,0,0
2605,將軍,阿努巴札爾曾是阿茲-卡罕特裡最為知名的軍事領袖，如今卻被安蘇芮克最為寵信的一名晉升者取代。令他完全無法接受。,449,2600,10,417,6,2649,0,0,-1,0,0,0,16,0,0,0,0,0,0,0,20000,0,0,0,0,0,0,7,-1,-1,0,0,0,0,0,0
2606,貴族谷,影響蛛絲城貴族谷的生物行為。,-1,2600,10,0,4,0,0,0,0,0,0,0,0,0,0,0,0,0,0,0,0,0,0,0,1,1,0,0,0,0,0,0,0,0,0,0
2607,輔臣,執行官尼茲瑞克是安蘇芮克女王最忠誠的諫官，待在這個職位上的他每天都得提心吊膽。所幸，安蘇芮克還尚未發現他窮極了一生的力量，試圖終結她的統治。,451,2600,10,418,6,2647,0,0,-1,0,0,0,16,0,0,0,0,0,0,0,20000,0,0,0,0,0,0,7,-1,-1,0,0,0,0,0,0
2609,地洞區,影響蛛絲城地洞區的生物行為。,-1,2600,10,0,4,0,0,0,0,0,0,0,0,0,0,0,0,0,0,0,0,0,0,0,1,1,0,0,0,0,0,0,0,0,0,0
2610,阿茲-卡罕提奈幽蟲族（永遠敵對）（隱藏）,影響永遠敵對的奈幽蟲族的生物行為。行動類似怪物，但其他奈幽蟲族不會攻擊（即使對玩家友好也不例外）。適用於大多數的敵對奈幽蟲族。,-1,2600,10,0,0,0,0,0,0,0,0,0,0,0,0,0,0,0,0,0,0,0,0,0,1,1,0,0,0,0,0,0,0,0,0,0
2611,聖落之地阿拉希（典範）,聖落之地遠征隊的阿拉希守衛著巴雷達爾之星，使其免受卡茲阿爾加下方事物的威脅。雖然早已與遠洋的帝國失去了聯繫，但他們憑藉著自己的力量與對聖焰的信仰建立了新家園。,453,2569,10,0,6,0,0,0,-1,0,0,0,16,0,0,0,0,0,0,0,42000,0,0,0,0,0,0,0,-1,-1,0,0,0,0,0,0
2612,多恩諾加議會（神聖楷模）,在議會守衛梅里斯的領導下，多恩諾加議會在根基大廳建立了統治根基，並在其中做出影響多恩島所有土靈的重要決定。,454,2569,10,0,6,0,0,0,-1,0,0,0,16,0,0,0,0,0,0,0,42000,0,0,0,0,0,0,0,-1,-1,0,0,0,0,0,0
2613,深淵集會（神聖楷模）,鳴響深淵中充滿了許多等待修復的遺忘機械。機語者在發揮敏銳科技力量的同時，狗頭人便搜刮了遺留下來的部件。任何想要探索與重建的人都可以前來幫忙。,455,2569,10,0,6,0,0,0,-1,0,0,0,16,0,0,0,0,0,0,0,42000,0,0,0,0,0,0,0,-1,-1,0,0,0,0,0,0
2614,攻城堡,Controls creature behavior in the Siegehold POI of Azj-Kahet.  ONLY USED IN LEVEL UP CAMPAIGN CH 2.,-1,2600,10,0,0,0,0,0,0,0,0,0,0,0,0,0,0,0,0,0,0,0,0,0,1,1,0,0,0,0,0,0,0,0,0,0
2615,艾澤拉斯文庫,來自龍鱗遠征隊的特許學者團，致力於為後代護存古老文物。,457,2507,9,419,4,0,0,0,-1,0,0,0,16,0,0,0,0,0,0,0,42000,0,0,0,0,0,0,0,-1,-1,0,0,0,0,0,0
2616,桶腿痛擊者,,-1,2506,9,0,0,2604,0,2814,0,0,0,0,0,0,0,0,0,0,0,0,0,0,0,0,1,1,0,0,0,0,0,0,0,0,0,0
2635,絲軸,影響蛛絲城絲軸的生物行為。,-1,2600,10,0,4,0,0,0,0,0,0,0,0,0,0,0,0,0,0,0,0,0,0,0,1,1,0,0,0,0,0,0,0,0,0,0
2637,玩家，土靈聯盟,,-1,0,0,0,0,0,0,0,0,0,0,0,0,0,0,0,0,0,0,0,0,0,0,0,1,1,5,5,0,0,0,0,0,0,0,0
2638,玩家，土靈部落,,-1,0,0,0,0,0,0,0,0,0,0,0,0,0,0,0,0,0,0,0,0,0,0,0,1,1,5,5,0,0,0,0,0,0,0,0
2640,布萊恩‧銅鬚,可靠的探究夥伴,448,2569,0,412,6,0,0,0,-1,0,0,0,16,0,0,0,0,0,0,0,9335900,0,0,0,0,0,0,0,-1,-1,0,0,0,0,0,0
2644,探究：第1賽季,,456,2569,10,0,102,0,0,3022,-1,0,0,0,0,0,0,0,0,0,0,0,4200,0,0,0,0,0,0,0,-1,-1,0,0,0,0,0,0
2645,土靈,,467,2590,9,0,4,0,0,0,-1,0,0,0,2068,0,0,0,3000,0,0,0,42000,0,0,0,1,0,7,0,-1,-1,0,0,0,0,0,0
2647,輔臣（典範）,執行官尼茲瑞克是安蘇芮克女王最忠誠的諫官，待在這個職位上的他每天都得提心吊膽。所幸，安蘇芮克還尚未發現他窮極了一生的力量，試圖終結她的統治。,468,2600,0,0,6,0,0,0,-1,0,0,0,16,0,0,0,0,0,0,0,0,0,0,0,0,0,0,0,-1,-1,0,0,0,0,0,0
2648,織絲者（典範）,曾為皇家織絲者的寡婦阿拉克娜依現在以她縝密的眼光關照著她過去的家園。有了能由她自由運用的小織蛛與間諜網路，沒有什麼情報能躲過她的注意。,469,2600,0,0,6,0,0,0,-1,0,0,0,16,0,0,0,0,0,0,0,0,0,0,0,0,0,0,0,-1,-1,0,0,0,0,0,0
2649,將軍（典範）,阿努巴札爾曾是阿茲-卡罕特裡最為知名的軍事領袖，如今卻被安蘇芮克最為寵信的一名晉升者取代。令他完全無法接受。,470,2600,0,0,6,0,0,0,-1,0,0,0,16,0,0,0,0,0,0,0,0,0,0,0,0,0,0,0,-1,-1,0,0,0,0,0,0
2652,暗融強制者,加斯特‧加里維克斯雇用的傭兵，以「保護」幽坑城的人民與資產。,-1,2653,0,0,0,0,0,0,0,0,0,0,0,0,0,0,0,0,0,0,0,0,0,0,1,1,7,5,0,0,0,0,0,0,0,0
2653,幽坑城集團,幽坑城和其他城市不同。這裡不受王權統治，也沒有統治者管理，只有集團。所有人都想成為集團的一份子。這比當王要好多了，因為只有一個人能登上王座。但幽坑城裡有許多集團，而集團又需要夥伴。,478,2569,10,0,6,2667,0,3120,-1,0,0,0,152,0,0,0,0,0,0,0,2500,0,0,0,0,0,7,7,-1,-1,0,0,0,0,0,0
2657,11.2 Ethereum,,-1,2569,10,0,0,0,0,0,0,0,0,0,0,0,0,0,0,0,0,0,0,0,0,0,1,1,0,0,0,0,0,0,0,0,0,0
2658,凱瑞西信託同盟,一個由仲介者和以太族組成、試圖實現不可能目標的集團，他們希望能從吞盡者的魔爪中拯救他們被摧毀的世界。,471,2569,10,0,6,2659,0,3128,-1,0,0,0,16,0,0,0,0,0,0,0,2500,0,0,0,0,0,0,0,-1,-1,0,0,0,0,0,0
2659,凱瑞西信託同盟（典範）,一個由仲介者和以太族組成、試圖實現不可能目標的集團，他們希望能從吞盡者的魔爪中拯救他們被摧毀的世界。,472,2569,9,0,6,0,0,0,-1,0,0,0,16,0,0,0,0,0,0,0,42000,0,0,0,0,0,0,0,-1,-1,0,0,0,0,0,0
2662,[PH] The Power of Friendship,[PH] This is the bucket for all neighborhood visitors who can become friends with the player.,473,2569,0,0,0,0,0,0,-1,0,0,0,152,0,0,0,0,0,0,0,42000,0,0,0,0,0,0,0,-1,-1,0,0,0,0,0,0
2663,米若,米若決定帶著她最好的朋友：羊駝朵朵和點點，以商人的身分環遊世界，前往離她的家鄉「沃魯敦」很遠很遠的地方。,474,2662,0,487,0,0,0,0,-1,0,0,0,16,0,0,0,0,0,0,0,42000,0,0,0,0,0,0,0,-1,-1,0,0,0,0,0,0
2664,弗林‧晴風,弗林曾經是一名海盜船長，在庫爾提拉斯的沿岸以劫掠為生，不過他已經金盆洗手，轉而為聯盟效力（只要有錢拿的話）。,475,2662,0,489,0,0,0,0,-1,0,0,0,16,0,0,0,0,0,0,0,42000,0,0,0,0,0,0,0,-1,-1,0,0,0,0,0,0
2665,莉莉史卓莎,莉莉史卓莎住在巨龍群島的晶紅生命聖殿，但她最有名的事蹟是時不時就會跑出去，造訪有趣的地方。,476,2662,0,488,0,0,0,0,-1,0,0,0,16,0,0,0,0,0,0,0,42000,0,0,0,0,0,0,0,-1,-1,0,0,0,0,0,0
2666,頂誇誇咖啡店,波羅林地當地的咖啡店。,477,2662,0,490,0,0,0,0,-1,0,0,0,16,0,0,0,0,0,0,0,42000,0,0,0,0,0,0,0,-1,-1,0,0,0,0,0,0
2667,幽坑城集團（楷模）,幽坑城和其他城市不同。這裡不受王權統治，也沒有統治者管理，只有集團。所有人都想成為集團的一份子。這比當王要好多了，因為只有一個人能登上王座。但幽坑城裡有許多集團，而集團又需要夥伴。,479,2569,0,0,6,0,0,0,-1,0,0,0,16,0,0,0,0,0,0,0,2500,0,0,0,0,0,7,7,-1,-1,0,0,0,0,0,0
2668,暗融顧問公司（典範）,暗融顧問公司在為加里維克斯辦事時並沒有結交到朋友，但輕易放棄並不是哥布林的傳統。他們帶來了新品牌和新氣象，但這一切都是為了生意，對吧？,480,2653,0,0,6,0,0,0,-1,0,0,0,16,0,0,0,0,0,0,0,42000,0,0,0,0,0,5,5,-1,-1,0,0,0,0,0,0
2669,暗融顧問公司,暗融顧問公司在為加里維克斯辦事時並沒有結交到朋友，但輕易放棄並不是哥布林的傳統。他們帶來了新品牌和新氣象，但這一切都是為了生意，對吧？,481,2653,10,0,6,2668,0,0,-1,0,0,0,16,0,0,0,0,0,0,0,42000,0,0,0,0,0,1,7,-1,-1,0,0,0,0,0,0
2670,風險投資公司（典範）,雖然風險投資公司的名聲不佳，但沒有人的採收、採礦或挖掘速度比他們快。你想找好好先生？那得找讀書會。你想要原料？風險投資公司能一手包辦。,482,2653,0,0,6,0,0,0,-1,0,0,0,16,0,0,0,0,0,0,0,42000,0,0,0,0,0,5,5,-1,-1,0,0,0,0,0,0
2671,風險投資公司,雖然風險投資公司的名聲不佳，但沒有人的採收、採礦或挖掘速度比他們快。你想找好好先生？那得找讀書會。你想要原料？風險投資公司能一手包辦。,483,2653,10,0,6,2670,0,0,-1,0,0,0,16,0,0,0,3000,0,0,0,42000,0,0,0,0,0,3,7,-1,-1,0,0,0,0,0,0
2672,污水企業聯合（楷模）,污水企業聯合經歷過最多風風雨雨，也沒有人比他們更會建造和發明了。不管是城市工程、泳池玩具，甚至是[機密資料]，污水企業的東西都是最好的。,484,2653,0,0,6,0,0,0,-1,0,0,0,16,0,0,0,0,0,0,0,42000,0,0,0,0,0,5,5,-1,-1,0,0,0,0,0,0
2673,污水企業聯合,污水企業聯合經歷過最多風風雨雨，也沒有人比他們更會建造和發明了。不管是城市工程、泳池玩具，甚至是[機密資料]，污水企業的東西都是最好的。,485,2653,10,0,6,2672,0,0,-1,0,0,0,16,0,0,0,3000,0,0,0,42000,0,0,0,0,0,3,7,-1,-1,0,0,0,0,0,0
2674,黑水集團（楷模）,黑水集團是個比較新的集團，他們過去作為海盜以劫掠維生。話雖如此，他們推出的海運和奢華假期服務早已名揚四海。不論貨物，時間或地點，要送到哪裡都可以，更棒的是現在完全合法。,486,2653,0,0,6,0,0,0,-1,0,0,0,16,0,0,0,0,0,0,0,42000,0,0,0,0,0,7,7,-1,-1,0,0,0,0,0,0
2675,黑水集團,黑水集團是個比較新的集團，他們過去作為海盜以劫掠維生。話雖如此，他們推出的海運和奢華假期服務早已名揚四海。不論貨物，時間或地點，要送到哪裡都可以，更棒的是現在完全合法。,487,2653,10,0,6,2674,0,0,-1,0,0,0,16,0,0,0,3000,0,0,0,42000,0,0,0,0,0,3,7,-1,-1,0,0,0,0,0,0
2676,熱砂企業（楷模）,熱砂企業應該是幽坑城裡歷史最悠久也最龐大的集團了。他們遍及各個產業，也把他們的生意拓展到艾澤拉斯各處。隨著近期諾格弗格的崛起，其鍊金事業也闖出了名號。,488,2653,0,0,6,0,0,0,-1,0,0,0,16,0,0,0,0,0,0,0,42000,0,0,0,0,0,5,5,-1,-1,0,0,0,0,0,0
2677,熱砂企業,熱砂企業應該是幽坑城裡歷史最悠久也最龐大的集團了。他們遍及各個產業，也把他們的生意拓展到艾澤拉斯各處。隨著近期諾格弗格的崛起，其鍊金事業也闖出了名號。,489,2653,10,0,6,2676,0,0,-1,0,0,0,16,0,0,0,3000,0,0,0,42000,0,0,0,0,0,3,7,-1,-1,0,0,0,0,0,0
2683,探究：第2賽季,,493,2569,10,0,102,0,0,3130,-1,0,0,0,0,0,0,0,0,0,0,0,4200,0,0,0,0,0,0,0,-1,-1,0,0,0,0,0,0
2684,加樂宮忠誠獎勵俱樂部（楷模）,加樂宮即將易主。屆時，你應該會想支持好的那一方，對吧？那就去交些新朋友，讓加樂宮變得更好吧。,494,2653,10,0,6,0,0,0,-1,0,0,0,16,0,0,0,0,0,0,0,42000,0,0,0,0,0,0,0,-1,-1,0,0,0,0,0,0
2685,加樂宮忠誠獎勵俱樂部,加樂宮即將易主。屆時，你應該會想支持好的那一方，對吧？那就去交些新朋友，讓加樂宮變得更好吧。,495,2653,10,0,6,2684,0,3315,-1,0,0,0,16,0,0,0,0,0,0,0,2500,0,0,0,0,0,7,7,-1,-1,0,0,0,0,0,0
2688,聖焰輝光,當聖落之地遭受威脅，軍隊人數越來越少時，他們發出徵兵令，號召所有能拿起武器的人，聖焰輝光於是成立。歡迎所有盟友加入，一同守護聖落之地。,496,2569,10,0,6,2689,0,3140,-1,0,0,0,16,0,0,0,0,0,0,0,2500,0,0,0,0,0,0,0,-1,-1,0,0,0,0,0,0
2689,聖焰輝光（典範）,當聖落之地遭受威脅，軍隊人數越來越少時，他們發出徵兵令，號召所有能拿起武器的人，聖焰輝光於是成立。歡迎所有盟友加入，一同守護聖落之地。,497,2569,10,0,6,0,0,0,-1,0,0,0,16,0,0,0,0,0,0,0,2500,0,0,0,0,0,0,0,-1,-1,0,0,0,0,0,0
2692,風險投資公司,11.1 NPC/CREATURE ONLY,-1,0,0,0,0,0,0,0,0,0,0,0,0,0,0,0,0,0,0,0,0,0,0,0,1,1,7,7,0,0,0,0,0,0,0,0
2693,探究旅程（第1賽季）,,498,2569,10,0,70,0,0,0,-1,0,0,0,4248,0,0,0,0,0,0,0,2500,0,0,0,0,0,0,0,-1,-1,0,0,0,0,0,0
2695,Test Account Wide Stormwind (DNT),Testing faction-restricted account wide factions (DNT),500,0,0,0,100,0,0,0,0,0,0,0,276,6,20,0,3000,-42000,4000,0,42000,-42000,42000,0,1,0.25,4,7,825576524,0,1309324210,-1440044374,-2147483647,0,0,0
2696,阿曼尼部族,阿曼尼食人妖曾經征服並佔據東部王國廣大土地數千年之久，但在精靈與人類相繼殖民這片土地後，被迫退守至今日的祖阿曼一帶。,501,2698,11,0,6,2705,0,3355,-1,0,0,0,152,0,0,0,0,0,0,0,2500,0,0,0,0,0,0,0,-1,-1,0,0,0,0,0,0
2697,Chase's test faction (DNT),Testing for AVU (DNT),504,469,0,0,244,0,0,0,-1,0,0,0,4,4,4,4,300,0,0,0,40000,0,0,0,1,1,4,7,-1321907123,1427461461,0,0,0,0,0,0
2698,至暗之夜,,503,0,11,0,0,0,0,0,-1,0,0,0,24,0,0,0,0,0,0,0,0,0,0,0,0,0,0,0,-1,-1,0,0,0,0,0,0
2699,奇異點,在恐懼與暴虐交織成的虛無風暴中，能倖存下來者寥寥無幾。由博學者奧姆里克與刃多雷所建的奇異點，庇護著所有願意踏入這片駭人之地，挺身對抗薩拉塔斯的勇者。,502,2698,11,0,6,2725,0,3388,-1,0,0,0,16,0,0,0,0,0,0,0,2500,0,0,0,0,0,0,0,-1,-1,0,0,0,0,0,0
2700,DEPRECATED Fungarian Fighting Ring,,505,2698,11,0,32,0,0,0,-1,0,0,0,20,0,0,0,0,0,0,0,0,0,0,0,0,0,0,0,-1,-1,0,0,0,0,0,0
2704,哈拉提,哈拉提被女神之歌的回音召來哈朗達，他們看守著她的育所，期待有朝一日她會再次歸來。,509,2698,11,0,6,2726,0,3369,-1,0,0,0,16,0,0,0,0,0,0,0,2500,0,0,0,0,0,0,0,-1,-1,0,0,0,0,0,0
2705,阿曼尼部族（典範）,"12.0 Z2 Zul'lAman - Main Faction, Paragon",510,2698,0,0,6,0,0,0,-1,0,0,0,144,0,0,0,0,0,0,0,42000,0,0,0,0,0,4,4,-1,-1,0,0,0,0,0,0
2706,枯木部族,12.0 Z2 Zul'Aman - Amani Sub Faction,-1,2696,0,0,0,0,0,0,0,0,0,0,0,0,0,0,0,0,0,0,0,0,0,0,1,1,4,4,0,0,0,0,0,0,0,0
2709,聖光先鋒,12.0 New Army of the Light,-1,2698,0,0,4,0,0,0,0,0,0,0,0,0,0,0,0,0,0,0,0,0,0,0,1,1,0,0,0,0,0,0,0,0,0,0
2710,銀月城宮廷,透過精巧且睿智的政治手段，宮廷確保了銀月城的光輝能永保閃耀，且獨樹一幟。,515,2698,11,0,6,2727,0,3371,-1,0,0,0,4248,0,0,0,0,0,0,0,2500,0,0,0,0,0,4,4,-1,-1,0,0,0,0,0,0
2711,博學者,銀月城首屈一指的魔法使用者。博學者是天資聰穎的辛多雷，對秘法技藝有著登峰造極的精通能力，其才智亦經歷數百年的研究所打磨。,516,2710,10,497,6,0,0,0,-1,0,0,0,16,0,0,0,0,0,0,0,42000,0,0,0,0,0,4,4,-1,-1,0,0,0,0,0,0
2712,血騎士,銀月城的聖騎士部隊。他們是堅毅的英雄，也是太陽選中的勇士。他們跟隨著莉雅德倫女士衝鋒陷陣，殲滅辛多雷的敵人。,517,2710,10,499,6,0,0,0,-1,0,0,0,16,0,0,0,0,0,0,0,42000,0,0,0,0,0,4,4,-1,-1,0,0,0,0,0,0
2713,遠行者,辛多雷的精英遊俠，過去肩負了守護永歌森林、邊界與曠野的任務。,518,2710,10,498,6,0,0,0,-1,0,0,0,16,0,0,0,0,0,0,0,42000,0,0,0,0,0,4,4,-1,-1,0,0,0,0,0,0
2714,兇殺路之影,陰險。貪婪。但在棘手的情況下卻出奇地有用。你不會聽到太多人提及兇殺路之影，但可以肯定的是，銀月城裡幾乎每個人都曾與他們打過交道。,519,2710,10,500,6,0,0,0,-1,0,0,0,16,0,0,0,0,0,0,0,42000,0,0,0,0,0,4,4,-1,-1,0,0,0,0,0,0
2720,銀月城,12.0 Silvermoon - NPC Faction Only,-1,0,0,0,0,0,0,0,0,0,0,0,0,0,0,0,0,0,0,0,0,0,0,0,0,0,0,0,0,0,0,0,0,0,0,0
2722,探究：第3賽季,,524,2569,10,0,70,0,0,3271,-1,0,0,0,0,0,0,0,0,0,0,0,4200,0,0,0,0,0,0,0,-1,-1,0,0,0,0,0,0
2725,奇異點（典範）,在恐懼與暴虐交織成的虛無風暴中，能倖存下來者寥寥無幾。由博學者奧姆里克與刃多雷所建的奇異點，庇護著所有願意踏入這片駭人之地，挺身對抗薩拉塔斯的勇者。,525,2698,9,0,6,0,0,0,-1,0,0,0,16,0,0,0,0,0,0,0,42000,0,0,0,0,0,0,0,-1,-1,0,0,0,0,0,0
2726,哈拉提（典範）,[DNT] Haranir tribe on haronar,526,2698,9,0,6,0,0,0,-1,0,0,0,16,0,0,0,0,0,0,0,42000,0,0,0,0,0,0,0,-1,-1,0,0,0,0,0,0
2727,銀月城宮廷（典範）,"12.0 Z1 Eversong - Main Faction, Paragon",527,2698,0,0,6,0,0,0,-1,0,0,0,144,0,0,0,0,0,0,0,42000,0,0,0,0,0,4,4,-1,-1,0,0,0,0,0,0
2728,玩家，哈拉尼爾部落,,-1,0,0,0,0,0,0,0,0,0,0,0,0,0,0,0,0,0,0,0,0,0,0,0,1,1,5,5,0,0,0,0,0,0,0,0
2729,玩家，哈拉尼爾聯盟,,-1,0,0,0,0,0,0,0,0,0,0,0,0,0,0,0,0,0,0,0,0,0,0,0,1,1,5,5,0,0,0,0,0,0,0,0
2736,法力熔爐破壞者,雖然凱瑞西信託同盟致力於團結他們瀕死星球上的人民，有些成員卻喜歡更為直接的手段。只要能摧毀薩哈達爾的勢力，法力熔爐破壞者會用上一切手段來達成目標。,530,2569,10,0,6,0,0,3305,-1,0,0,0,16,0,0,0,0,0,0,0,2500,0,0,0,0,0,7,7,-1,-1,0,0,0,0,0,0
2739,探究：寶庫鑰匙裂片轉化,,531,2569,0,0,234,0,0,3028,-1,0,0,0,0,0,0,0,0,0,0,0,100,0,0,0,0,0,0,0,-1,-1,0,0,0,0,0,0
2742,探究：第1賽季,,532,2698,11,0,102,0,0,3317,-1,0,0,0,0,0,0,0,0,0,0,0,4200,0,0,0,0,0,0,0,-1,-1,0,0,0,0,0,0
2744,瓦麗拉‧桑古納爾,可靠的探究夥伴,533,2698,0,501,6,0,0,0,-1,0,0,0,16,0,0,0,0,0,0,0,8989497,0,0,0,0,0,0,0,-1,-1,0,0,0,0,0,0
2764,狩獵：第1賽季,儘管艾澤拉斯面臨各式各樣的威脅，阿斯塔樂‧血誓還是找到了獨一無二的辦法來防守銀月城。,536,2698,11,0,102,0,0,3386,-1,0,0,0,16,0,0,0,0,0,0,0,4000,0,0,0,0,0,0,0,-1,-1,0,0,0,0,0,0
2766,鬥陣競技場,來自各地的許多生物聚集在一起，這些生物會和部落的英雄在血腥的競技場中進行一場又一場的死鬥。,537,892,0,28,0,0,0,0,0,0,0,0,16,0,0,0,0,0,0,0,7000,0,0,0,1,1,0,0,1309324210,-1440044374,0,0,0,0,0,0
2767,畢茲摩鬥陣俱樂部,一群好戰的鬥士從各地聚集了許多生物，這些生物會和聯盟的英雄在血腥的競技場中進行一場又一場的死鬥。,538,891,0,43,0,0,0,0,0,0,0,0,16,0,0,0,0,0,0,0,7000,0,0,0,1,1,0,0,-1321907123,1427461461,0,0,0,0,0,0
2770,殺戮者決鬥會,在虛無風暴的深處，維迪奧斯和齊亞丹之間的鬥爭永不休止。,539,2698,0,0,4,2774,0,0,-1,0,0,0,16,0,0,0,0,0,0,0,42000,0,0,0,0,0,0,0,-1,-1,0,0,0,0,0,0
2771,祖爾賈拉的部隊（典範）,在祖爾賈拉的領導下，影松、枯木、惡齒和阿曼尼士兵團結一致，共同抗敵。這支軍隊進軍阿塔烏特克的盤蛇島，迎戰瑪拉克雷斯和烏拉特克。,540,2698,0,0,6,0,0,0,-1,0,0,0,16,0,0,0,0,0,0,0,42000,0,0,0,0,0,0,0,-1,-1,0,0,0,0,0,0
2772,祖爾賈拉的部隊,在祖爾賈拉的領導下，影松、枯木、惡齒和阿曼尼士兵團結一致，共同抗敵。這支軍隊進軍阿塔烏特克的盤蛇島，迎戰瑪拉克雷斯和烏拉特克。,541,2698,11,0,6,2771,0,3471,-1,0,0,0,16,0,0,0,0,0,0,0,2500,0,0,0,0,0,0,0,-1,-1,0,0,0,0,0,0
2773,托卡船長,托卡船長的船被白色巨蛇吞掉，他的船員則被烏拉特克的詛咒腐化。如果你幫他復仇，他就會分享毒液釣魚的秘訣。,542,2698,9,502,4,0,0,0,-1,0,0,0,16,0,0,0,0,0,0,0,42000,0,0,0,0,0,0,0,-1,-1,0,0,0,0,0,0
2774,殺戮者決鬥會（典範）,在虛無風暴的深處，維迪奧斯和齊亞丹之間的鬥爭永不休止。,543,2698,0,0,4,0,0,0,-1,0,0,0,16,0,0,0,0,0,0,0,42000,0,0,0,0,0,0,0,-1,-1,0,0,0,0,0,0
2775,[DEPRECATED] Ofi the Sly,DEPRECATED,544,2698,9,503,100,0,0,0,-1,0,0,0,20,0,0,0,0,0,0,0,0,0,0,0,0,0,0,0,-1,-1,0,0,0,0,0,0
2776,[DEPRECATED] Untrustworthy Ghost,DEPRECATED,545,2698,9,504,100,0,0,0,-1,0,0,0,20,0,0,0,0,0,0,0,0,0,0,0,0,0,0,0,-1,-1,0,0,0,0,0,0
2780,影松部族,12.0 Z2 Zul'Aman - Amani Sub Faction,-1,2696,0,0,0,0,0,0,0,0,0,0,0,0,0,0,0,0,0,0,0,0,0,0,1,1,4,4,0,0,0,0,0,0,0,0
2781,惡齒部族,12.0 Z2 Zul'Aman - Amani Sub Faction,-1,2696,0,0,0,0,0,0,0,0,0,0,0,0,0,0,0,0,0,0,0,0,0,0,1,1,4,4,0,0,0,0,0,0,0,0
2792,儀式地點,緊隨虛無襲擊而至的混亂讓敵人氣焰囂張，企圖透過黑暗儀式獲取力量。這些充滿強大魔法能量的地點必須被徹底清除。,514,2698,11,0,6,2793,0,3428,-1,0,0,0,4248,0,0,0,0,0,0,0,2500,0,0,0,0,0,4,4,-1,-1,0,0,0,0,0,0
2793,儀式地點（典範）,"12.0.5 Ritual Sites - Feature, Paragon",546,2698,0,0,6,0,0,0,-1,0,0,0,144,0,0,0,0,0,0,0,42000,0,0,0,0,0,4,4,-1,-1,0,0,0,0,0,0
2796,探究：第2賽季,,547,2698,11,0,70,0,0,3464,-1,0,0,0,0,0,0,0,0,0,0,0,4200,0,0,0,0,0,0,0,-1,-1,0,0,0,0,0,0
2808,狩獵者的旅程,儘管艾澤拉斯面臨各式各樣的威脅，阿斯塔樂‧血誓還是找到了獨一無二的辦法來防守銀月城。,548,2698,11,0,70,0,0,3514,-1,0,0,0,16,0,0,0,0,0,0,0,4000,0,0,0,0,0,0,0,-1,-1,0,0,0,0,0,0
2839,探究：第3賽季,,572,2698,11,0,70,0,0,3545,-1,0,0,0,0,0,0,0,0,0,0,0,4200,0,0,0,0,0,0,0,-1,-1,0,0,0,0,0,0
